Jan 12 12:43:54.000 [notice] Tor 0.2.4.22 (git-2ee56e4c2c841a45) opening new log file.
Jan 12 12:43:54.000 [debug] tor_disable_debugger_attach(): Attemping to disable debugger attachment to Tor for unprivileged users.
Jan 12 12:43:54.000 [debug] tor_disable_debugger_attach(): Debugger attachment disabled for unprivileged users.
Jan 12 12:43:54.000 [info] tor_lockfile_lock(): Locking "/users/magesap/TorLatencyNormalizationFiles/ExperimentScripts/tingOnDeter/ting/tor/data/w/lock"
Jan 12 12:43:54.000 [debug] parse_dir_authority_line(): Trusted 100 dirserver at 128.31.0.39:9131 (9695)
Jan 12 12:43:54.000 [debug] parse_dir_authority_line(): Trusted 111 dirserver at 86.59.21.38:80 (847B)
Jan 12 12:43:54.000 [debug] parse_dir_authority_line(): Trusted 102 dirserver at 194.109.206.212:80 (7EA6)
Jan 12 12:43:54.000 [debug] parse_dir_authority_line(): Trusted 16 dirserver at 82.94.251.203:80 (4A0C)
Jan 12 12:43:54.000 [debug] parse_dir_authority_line(): Trusted 100 dirserver at 76.73.17.194:9030 (F397)
Jan 12 12:43:54.000 [debug] parse_dir_authority_line(): Trusted 100 dirserver at 212.112.245.170:80 (F204)
Jan 12 12:43:54.000 [debug] parse_dir_authority_line(): Trusted 100 dirserver at 193.23.244.244:80 (7BE6)
Jan 12 12:43:54.000 [debug] parse_dir_authority_line(): Trusted 100 dirserver at 208.83.223.34:443 (0AD3)
Jan 12 12:43:54.000 [debug] parse_dir_authority_line(): Trusted 100 dirserver at 171.25.193.9:443 (BD6A)
Jan 12 12:43:54.000 [debug] parse_dir_authority_line(): Trusted 100 dirserver at 154.35.32.5:80 (CF6D)
Jan 12 12:43:54.000 [info] or_state_load(): Loaded state from "/users/magesap/TorLatencyNormalizationFiles/ExperimentScripts/tingOnDeter/ting/tor/data/w/state"
Jan 12 12:43:54.000 [debug] circuit_build_times_disabled(): CircuitBuildTime learning is disabled. Consensus=0, Config=1, AuthDir=0, StateFile=0
Jan 12 12:43:54.000 [debug] circuit_build_times_min_timeout(): Bug: circuit_build_times_min_timeout() called, cbtmintimeout is 1500
Jan 12 12:43:54.000 [debug] circuit_build_times_initial_timeout(): Bug: circuit_build_times_initial_timeout() called, cbtinitialtimeout is 60000
Jan 12 12:43:54.000 [debug] circuit_build_times_disabled(): CircuitBuildTime learning is disabled. Consensus=0, Config=1, AuthDir=0, StateFile=0
Jan 12 12:43:54.000 [info] read_file_to_str(): Could not open "/users/magesap/TorLatencyNormalizationFiles/ExperimentScripts/tingOnDeter/ting/tor/data/w/router-stability": No such file or directory
Jan 12 12:43:54.000 [info] cell_ewma_set_scale_factor(): Disabled cell_ewma algorithm because of value in Default value
Jan 12 12:43:54.000 [info] geoip_load_file(): Failed to open GEOIP file /usr/local/share/tor/geoip.  
Jan 12 12:43:54.000 [info] geoip_load_file(): Failed to open GEOIP file /usr/local/share/tor/geoip6.  
Jan 12 12:43:54.000 [info] mark_my_descriptor_dirty(): Decided to publish new relay descriptor: config change
Jan 12 12:43:54.000 [info] crypto_global_init(): OpenSSL version matches version from headers (1000207f: OpenSSL 1.0.2g  1 Mar 2016).
Jan 12 12:43:54.000 [info] crypto_global_init(): NOT using OpenSSL engine support.
Jan 12 12:43:54.000 [info] evaluate_evp_for_aes(): This version of OpenSSL has a known-good EVP counter-mode implementation. Using it.
Jan 12 12:43:54.000 [info] crypto_strongest_rand(): Reading entropy from "/dev/urandom"
Jan 12 12:43:54.000 [info] configure_nameservers(): Parsing resolver configuration in '/etc/resolv.conf'
Jan 12 12:43:54.000 [info] eventdns: Parsing resolv.conf file /etc/resolv.conf
Jan 12 12:43:54.000 [info] eventdns: Added nameserver 192.168.252.1:53 as 0x559468d2a530
Jan 12 12:43:54.000 [info] eventdns: Setting maximum allowed timeouts to 16
Jan 12 12:43:54.000 [info] eventdns: Setting timeout to 10
Jan 12 12:43:54.000 [info] init_keys(): Reading/making identity key "/users/magesap/TorLatencyNormalizationFiles/ExperimentScripts/tingOnDeter/ting/tor/data/w/keys/secret_id_key"...
Jan 12 12:43:54.000 [info] init_keys(): Reading/making onion key "/users/magesap/TorLatencyNormalizationFiles/ExperimentScripts/tingOnDeter/ting/tor/data/w/keys/secret_onion_key"...
Jan 12 12:43:54.000 [info] mark_my_descriptor_dirty(): Decided to publish new relay descriptor: set onion key
Jan 12 12:43:54.000 [info] tor_tls_init(): OpenSSL OpenSSL 1.0.2g  1 Mar 2016 looks like version 0.9.8m or later; I will try SSL_OP to enable renegotiation
Jan 12 12:43:54.000 [debug] resolve_my_address(): Resolved Address to '206.117.25.79'.
Jan 12 12:43:54.000 [info] router_pick_published_address(): Success: chose address '206.117.25.79'.
Jan 12 12:43:54.000 [info] router_rebuild_descriptor(): Rebuilding relay descriptor
Jan 12 12:43:54.000 [debug] parse_addr_policy(): Adding new entry 'reject *6:*'
Jan 12 12:43:54.000 [debug] parse_addr_policy(): Adding new entry 'accept 206.117.25.79:10006'
Jan 12 12:43:54.000 [debug] parse_addr_policy(): Adding new entry 'reject *:*'
Jan 12 12:43:54.000 [debug] parse_addr_policy(): Adding new entry 'reject *:25'
Jan 12 12:43:54.000 [debug] parse_addr_policy(): Adding new entry 'reject *:119'
Jan 12 12:43:54.000 [debug] parse_addr_policy(): Adding new entry 'reject *:135-139'
Jan 12 12:43:54.000 [debug] parse_addr_policy(): Adding new entry 'reject *:445'
Jan 12 12:43:54.000 [debug] parse_addr_policy(): Adding new entry 'reject *:563'
Jan 12 12:43:54.000 [debug] parse_addr_policy(): Adding new entry 'reject *:1214'
Jan 12 12:43:54.000 [debug] parse_addr_policy(): Adding new entry 'reject *:4661-4666'
Jan 12 12:43:54.000 [debug] parse_addr_policy(): Adding new entry 'reject *:6346-6429'
Jan 12 12:43:54.000 [debug] parse_addr_policy(): Adding new entry 'reject *:6699'
Jan 12 12:43:54.000 [debug] parse_addr_policy(): Adding new entry 'reject *:6881-6999'
Jan 12 12:43:54.000 [debug] parse_addr_policy(): Adding new entry 'accept *:*'
Jan 12 12:43:54.000 [info] extrainfo_dump_to_string(): Adding stats to extra-info descriptor.
Jan 12 12:43:54.000 [debug] router_get_my_descriptor(): my desc is 'router Unnamed 206.117.25.79 10004 0 0
platform Tor 0.2.4.22 on Linux
protocols Link 1 2 Circuit 1
published 2023-01-12 20:43:54
fingerprint 816D E0B6 BD52 C671 B838 59CE 0715 A8DE 678F 1583
uptime 0
bandwidth 1073741824 1073741824 0
extra-info-digest 2E35FFE090C982949490CDF8FF850FF05F1AA5FF
caches-extra-info
onion-key
-----BEGIN RSA PUBLIC KEY-----
MIGJAoGBAMTBhtB+nS8IYRJ1msSa/LLrl4ysPR6vRHzVmgdXJlJ4SdkSByMbHU30
YZpWcv378RYBJzCimg6g/uPiCkzfOeQmGi99HYEVDkBT2YqaAgWSAv044jY5fp7c
x+EDv2j635Z5fLy1TVMtvgEpFBahvicQKLS3nsMReR7GaPzA8ePTAgMBAAE=
-----END RSA PUBLIC KEY-----
signing-key
-----BEGIN RSA PUBLIC KEY-----
MIGJAoGBAOGWFehBUWwavHVT4te5iN5+Z+i+KLi/LVjM4gZG7sCXSnlMZGRrPnKI
xZ4mWOlync8Hg8mUtW419jpAlfSwJOni85dwfV6VAXDhiU4K6FNsuEukrBXEMXsl
Cgf8TxisWjPPMY0w1h/ieMv/VOLM1wzThnRED/ZbsqHauaCPUvbDAgMBAAE=
-----END RSA PUBLIC KEY-----
hidden-service-dir
ntor-onion-key ihwfHyu11tWW1D2qcMxOBuTGLwhDPjX7iBgObl9/ZT8=
accept 206.117.25.79:10006
reject *:*
router-signature
-----BEGIN SIGNATURE-----
0D/Kn8eaozmjXEhqlT6UHydEl06chLO9Bbpdxuf21jW6Y1/8v1a3IDo88+1QBmQ4
jde4tQFkJAQ7SVm221j6BYWvoACz1DXrjTpTK9U3xFuOoEaAUdkF9tp6Gy0xyIN9
TdVFMfsyP+FL/xSPzis5iaoenqEzz0PsEaedSPXoirI=
-----END SIGNATURE-----

'
Jan 12 12:43:54.000 [info] init_keys(): Dumping fingerprint to "/users/magesap/TorLatencyNormalizationFiles/ExperimentScripts/tingOnDeter/ting/tor/data/w/fingerprint"...
Jan 12 12:43:54.000 [notice] Your Tor server's identity key fingerprint is 'Unnamed 816DE0B6BD52C671B83859CE0715A8DE678F1583'
Jan 12 12:43:54.000 [debug] mp_pool_new(): Capacity is 244, item size is 536, alloc size is 130784
Jan 12 12:43:54.000 [info] Bootstrapped 0%: Starting.
Jan 12 12:43:54.000 [info] read_file_to_str(): Could not open "/users/magesap/TorLatencyNormalizationFiles/ExperimentScripts/tingOnDeter/ting/tor/data/w/cached-certs": No such file or directory
Jan 12 12:43:54.000 [info] read_file_to_str(): Could not open "/users/magesap/TorLatencyNormalizationFiles/ExperimentScripts/tingOnDeter/ting/tor/data/w/cached-consensus": No such file or directory
Jan 12 12:43:54.000 [info] read_file_to_str(): Could not open "/users/magesap/TorLatencyNormalizationFiles/ExperimentScripts/tingOnDeter/ting/tor/data/w/unverified-consensus": No such file or directory
Jan 12 12:43:54.000 [info] read_file_to_str(): Could not open "/users/magesap/TorLatencyNormalizationFiles/ExperimentScripts/tingOnDeter/ting/tor/data/w/cached-microdesc-consensus": No such file or directory
Jan 12 12:43:54.000 [info] read_file_to_str(): Could not open "/users/magesap/TorLatencyNormalizationFiles/ExperimentScripts/tingOnDeter/ting/tor/data/w/unverified-microdesc-consensus": No such file or directory
Jan 12 12:43:54.000 [info] tor_mmap_file(): Could not open "/users/magesap/TorLatencyNormalizationFiles/ExperimentScripts/tingOnDeter/ting/tor/data/w/cached-microdescs" for mmap(): No such file or directory
Jan 12 12:43:54.000 [info] read_file_to_str(): Could not open "/users/magesap/TorLatencyNormalizationFiles/ExperimentScripts/tingOnDeter/ting/tor/data/w/cached-microdescs.new": No such file or directory
Jan 12 12:43:54.000 [info] microdesc_cache_reload(): Reloaded microdescriptor cache. Found 0 descriptors.
Jan 12 12:43:54.000 [info] tor_mmap_file(): Could not open "/users/magesap/TorLatencyNormalizationFiles/ExperimentScripts/tingOnDeter/ting/tor/data/w/cached-descriptors" for mmap(): No such file or directory
Jan 12 12:43:54.000 [info] tor_mmap_file(): Could not open "/users/magesap/TorLatencyNormalizationFiles/ExperimentScripts/tingOnDeter/ting/tor/data/w/cached-extrainfo" for mmap(): No such file or directory
Jan 12 12:43:54.000 [info] I learned some more directory information, but not enough to build a circuit: We have no usable consensus.
Jan 12 12:43:54.000 [info] router_pick_published_address(): Success: chose address '206.117.25.79'.
Jan 12 12:43:54.000 [debug] spawn_cpuworker(): just spawned a cpu worker.
Jan 12 12:43:54.000 [debug] connection_add_impl(): new conn type CPU worker, socket 12, address localhost, n_conns 4.
Jan 12 12:43:54.000 [debug] spawn_cpuworker(): just spawned a cpu worker.
Jan 12 12:43:54.000 [debug] connection_add_impl(): new conn type CPU worker, socket 14, address localhost, n_conns 5.
Jan 12 12:43:54.000 [debug] spawn_cpuworker(): just spawned a cpu worker.
Jan 12 12:43:54.000 [debug] connection_add_impl(): new conn type CPU worker, socket 16, address localhost, n_conns 6.
Jan 12 12:43:54.000 [debug] spawn_cpuworker(): just spawned a cpu worker.
Jan 12 12:43:54.000 [debug] connection_add_impl(): new conn type CPU worker, socket 18, address localhost, n_conns 7.
Jan 12 12:43:55.000 [info] router_pick_published_address(): Success: chose address '206.117.25.79'.
Jan 12 12:43:55.000 [debug] resolve_my_address(): Resolved Address to '206.117.25.79'.
Jan 12 12:43:55.000 [info] update_consensus_networkstatus_downloads(): Launching ns networkstatus consensus download.
Jan 12 12:43:55.000 [info] router_pick_published_address(): Success: chose address '206.117.25.79'.
Jan 12 12:43:55.000 [info] router_pick_directory_server(): No reachable router entries for dirservers. Trying them all again.
Jan 12 12:43:55.000 [info] directory_pick_generic_dirserver(): No router found for consensus network-status fetch; falling back to dirserver list.
Jan 12 12:43:55.000 [info] router_pick_published_address(): Success: chose address '206.117.25.79'.
Jan 12 12:43:55.000 [debug] directory_initiate_command_rend(): anonymized 0, use_begindir 1.
Jan 12 12:43:55.000 [debug] directory_initiate_command_rend(): Initiating consensus network-status fetch
Jan 12 12:43:55.000 [info] connection_ap_make_link(): Making internal direct tunnel to [scrubbed]:443 ...
Jan 12 12:43:55.000 [debug] connection_add_impl(): new conn type Socks, socket -1, address (Tor_internal), n_conns 8.
Jan 12 12:43:55.000 [debug] circuit_get_open_circ_or_launch(): considering 1, $7BE683E65D48141321C5ED92F075C55364AC7123
Jan 12 12:43:55.000 [debug] onion_pick_cpath_exit(): Launching a one-hop circuit for dir tunnel.
Jan 12 12:43:55.000 [info] onion_pick_cpath_exit(): Using requested exit node '$7BE683E65D48141321C5ED92F075C55364AC7123~7BE683E65D48141321C at 193.23.244.244'
Jan 12 12:43:55.000 [debug] onion_extend_cpath(): Path is 0 long; we want 1
Jan 12 12:43:55.000 [debug] onion_extend_cpath(): Chose router $7BE683E65D48141321C5ED92F075C55364AC7123~7BE683E65D48141321C at 193.23.244.244 for hop 1 (exit is 7BE683E65D48141321C5ED92F075C55364AC7123)
Jan 12 12:43:55.000 [debug] onion_extend_cpath(): Path is complete: 1 steps long
Jan 12 12:43:55.000 [debug] circuit_handle_first_hop(): Looking for firsthop '193.23.244.244:443'
Jan 12 12:43:55.000 [info] circuit_handle_first_hop(): Next router is [scrubbed]: Not connected. Connecting.
Jan 12 12:43:55.000 [notice] Bootstrapped 5%: Connecting to directory server.
Jan 12 12:43:55.000 [debug] channel_tls_connect(): In channel_tls_connect() for channel 0x559468d3b400 (global id 0)
Jan 12 12:43:55.000 [debug] channel_set_identity_digest(): Setting remote endpoint digest on channel 0x559468d3b400 with global ID 0 to digest 7BE683E65D48141321C5ED92F075C55364AC7123
Jan 12 12:43:55.000 [debug] connection_connect(): Connecting to [scrubbed]:443.
Jan 12 12:43:55.000 [debug] connection_connect(): Connection to [scrubbed]:443 in progress (sock 20).
Jan 12 12:43:55.000 [debug] connection_add_impl(): new conn type OR, socket 20, address 193.23.244.244, n_conns 9.
Jan 12 12:43:55.000 [debug] channel_tls_connect(): Got orconn 0x559468d3b560 for channel with global id 0
Jan 12 12:43:55.000 [debug] channel_register(): Registering channel 0x559468d3b400 (ID 0) in state opening (1) with digest 7BE683E65D48141321C5ED92F075C55364AC7123
Jan 12 12:43:55.000 [debug] channel_add_to_digest_map(): Added channel 0x559468d3b400 (global ID 0) to identity map in state opening (1) with digest 7BE683E65D48141321C5ED92F075C55364AC7123
Jan 12 12:43:55.000 [debug] channel_set_cell_handlers(): Setting cell_handler callback for channel 0x559468d3b400 to 0x559467f40720
Jan 12 12:43:55.000 [debug] channel_set_cell_handlers(): Setting var_cell_handler callback for channel 0x559468d3b400 to 0x559467f3fb20
Jan 12 12:43:55.000 [debug] circuit_handle_first_hop(): connecting in progress (or finished). Good.
Jan 12 12:43:55.000 [info] connection_ap_make_link(): ... application connection created and linked.
Jan 12 12:43:55.000 [debug] connection_add_impl(): new conn type Directory, socket -1, address 193.23.244.244, n_conns 10.
Jan 12 12:43:55.000 [info] directory_send_command(): Downloading consensus from 193.23.244.244:443 using /tor/status-vote/current/consensus/14C131+27B6B5+49015F+585769+805509+D586D1+E8A9C4+ED03BB+EFCBE7.z
Jan 12 12:43:55.000 [info] or_state_save(): Saved state to "/users/magesap/TorLatencyNormalizationFiles/ExperimentScripts/tingOnDeter/ting/tor/data/w/state"
Jan 12 12:43:55.000 [debug] conn_read_callback(): socket -1 wants to read.
Jan 12 12:43:55.000 [info] connection_edge_process_inbuf(): data from edge while in 'waiting for circuit' state. Leaving it on buffer.
Jan 12 12:43:55.000 [info] connection_edge_process_inbuf(): data from edge while in 'waiting for circuit' state. Leaving it on buffer.
Jan 12 12:43:55.000 [debug] connection_dir_finished_flushing(): client finished sending command.
Jan 12 12:43:56.000 [debug] conn_write_callback(): socket 20 wants to write.
Jan 12 12:43:56.000 [debug] connection_or_finished_connecting(): OR connect() to router at 193.23.244.244:443 finished.
Jan 12 12:43:56.000 [notice] Bootstrapped 10%: Finishing handshake with directory server.
Jan 12 12:43:56.000 [debug] rectify_client_ciphers(): List was: ECDHE-ECDSA-AES128-GCM-SHA256:ECDHE-RSA-AES128-GCM-SHA256:ECDHE-ECDSA-AES256-SHA:ECDHE-ECDSA-AES128-SHA:ECDHE-RSA-AES128-SHA:ECDHE-RSA-AES256-SHA:ECDHE-RSA-DES-CBC3-SHA:ECDHE-ECDSA-RC4-SHA:ECDHE-RSA-RC4-SHA:DHE-RSA-AES128-SHA:DHE-DSS-AES128-SHA:DHE-RSA-CAMELLIA128-SHA:DHE-RSA-AES256-SHA:DHE-DSS-AES256-SHA:DHE-RSA-CAMELLIA256-SHA:EDH-RSA-DES-CBC3-SHA:AES128-SHA:CAMELLIA128-SHA:AES256-SHA:CAMELLIA256-SHA:DES-CBC3-SHA:RC4-SHA:RC4-MD5:!SSLv2
Jan 12 12:43:56.000 [debug] rectify_client_ciphers(): Cipher 0: 300c02b ECDHE-ECDSA-AES128-GCM-SHA256
Jan 12 12:43:56.000 [debug] rectify_client_ciphers(): Cipher 1: 300c02f ECDHE-RSA-AES128-GCM-SHA256
Jan 12 12:43:56.000 [debug] rectify_client_ciphers(): Cipher 2: 300c00a ECDHE-ECDSA-AES256-SHA
Jan 12 12:43:56.000 [debug] rectify_client_ciphers(): Cipher 3: 300c009 ECDHE-ECDSA-AES128-SHA
Jan 12 12:43:56.000 [debug] rectify_client_ciphers(): Cipher 4: 300c013 ECDHE-RSA-AES128-SHA
Jan 12 12:43:56.000 [debug] rectify_client_ciphers(): Cipher 5: 300c014 ECDHE-RSA-AES256-SHA
Jan 12 12:43:56.000 [debug] rectify_client_ciphers(): Cipher 6: 300c012 ECDHE-RSA-DES-CBC3-SHA
Jan 12 12:43:56.000 [debug] rectify_client_ciphers(): Cipher 7: 300c007 ECDHE-ECDSA-RC4-SHA
Jan 12 12:43:56.000 [debug] rectify_client_ciphers(): Cipher 8: 300c011 ECDHE-RSA-RC4-SHA
Jan 12 12:43:56.000 [debug] rectify_client_ciphers(): Cipher 9: 3000033 DHE-RSA-AES128-SHA
Jan 12 12:43:56.000 [debug] rectify_client_ciphers(): Cipher 10: 3000032 DHE-DSS-AES128-SHA
Jan 12 12:43:56.000 [debug] rectify_client_ciphers(): Cipher 11: 3000045 DHE-RSA-CAMELLIA128-SHA
Jan 12 12:43:56.000 [debug] rectify_client_ciphers(): Cipher 12: 3000039 DHE-RSA-AES256-SHA
Jan 12 12:43:56.000 [debug] rectify_client_ciphers(): Cipher 13: 3000038 DHE-DSS-AES256-SHA
Jan 12 12:43:56.000 [debug] rectify_client_ciphers(): Cipher 14: 3000088 DHE-RSA-CAMELLIA256-SHA
Jan 12 12:43:56.000 [debug] rectify_client_ciphers(): Cipher 15: 3000016 EDH-RSA-DES-CBC3-SHA
Jan 12 12:43:56.000 [debug] rectify_client_ciphers(): Cipher 16: 300002f AES128-SHA
Jan 12 12:43:56.000 [debug] rectify_client_ciphers(): Cipher 17: 3000041 CAMELLIA128-SHA
Jan 12 12:43:56.000 [debug] rectify_client_ciphers(): Cipher 18: 3000035 AES256-SHA
Jan 12 12:43:56.000 [debug] rectify_client_ciphers(): Cipher 19: 3000084 CAMELLIA256-SHA
Jan 12 12:43:56.000 [debug] rectify_client_ciphers(): Cipher 20: 300000a DES-CBC3-SHA
Jan 12 12:43:56.000 [debug] rectify_client_ciphers(): Cipher 21: 3000005 RC4-SHA
Jan 12 12:43:56.000 [debug] rectify_client_ciphers(): Cipher 22: 3000004 RC4-MD5
Jan 12 12:43:56.000 [debug] rectify_client_ciphers(): Found cipher ECDHE-ECDSA-AES128-GCM-SHA256
Jan 12 12:43:56.000 [debug] rectify_client_ciphers(): Found cipher ECDHE-RSA-AES128-GCM-SHA256
Jan 12 12:43:56.000 [debug] rectify_client_ciphers(): Found cipher ECDHE-ECDSA-AES256-SHA
Jan 12 12:43:56.000 [debug] rectify_client_ciphers(): Found cipher ECDHE-ECDSA-AES128-SHA
Jan 12 12:43:56.000 [debug] rectify_client_ciphers(): Found cipher ECDHE-RSA-AES128-SHA
Jan 12 12:43:56.000 [debug] rectify_client_ciphers(): Found cipher ECDHE-RSA-AES256-SHA
Jan 12 12:43:56.000 [debug] rectify_client_ciphers(): Found cipher ECDHE-RSA-DES-CBC3-SHA
Jan 12 12:43:56.000 [debug] rectify_client_ciphers(): Found cipher ECDHE-ECDSA-RC4-SHA
Jan 12 12:43:56.000 [debug] rectify_client_ciphers(): Found cipher ECDHE-RSA-RC4-SHA
Jan 12 12:43:56.000 [debug] rectify_client_ciphers(): Found cipher DHE-RSA-AES128-SHA
Jan 12 12:43:56.000 [debug] rectify_client_ciphers(): Found cipher DHE-DSS-AES128-SHA
Jan 12 12:43:56.000 [debug] rectify_client_ciphers(): Found cipher DHE-RSA-CAMELLIA128-SHA
Jan 12 12:43:56.000 [debug] rectify_client_ciphers(): Found cipher DHE-RSA-AES256-SHA
Jan 12 12:43:56.000 [debug] rectify_client_ciphers(): Found cipher DHE-DSS-AES256-SHA
Jan 12 12:43:56.000 [debug] rectify_client_ciphers(): Found cipher DHE-RSA-CAMELLIA256-SHA
Jan 12 12:43:56.000 [debug] rectify_client_ciphers(): Found cipher EDH-RSA-DES-CBC3-SHA
Jan 12 12:43:56.000 [debug] rectify_client_ciphers(): Found cipher AES128-SHA
Jan 12 12:43:56.000 [debug] rectify_client_ciphers(): Found cipher CAMELLIA128-SHA
Jan 12 12:43:56.000 [debug] rectify_client_ciphers(): Found cipher AES256-SHA
Jan 12 12:43:56.000 [debug] rectify_client_ciphers(): Found cipher CAMELLIA256-SHA
Jan 12 12:43:56.000 [debug] rectify_client_ciphers(): Found cipher DES-CBC3-SHA
Jan 12 12:43:56.000 [debug] rectify_client_ciphers(): Found cipher RC4-SHA
Jan 12 12:43:56.000 [debug] rectify_client_ciphers(): Found cipher RC4-MD5
Jan 12 12:43:56.000 [debug] connection_tls_start_handshake(): starting TLS handshake on fd 20
Jan 12 12:43:56.000 [debug] tor_tls_handshake(): About to call SSL_connect on 0x559468d3dd20 (before/accept initialization)
Jan 12 12:43:56.000 [debug] tor_tls_debug_state_callback(): SSL 0x559468d3cdb0 is now in state before/connect initialization [type=16,val=1].
Jan 12 12:43:56.000 [debug] tor_tls_debug_state_callback(): SSL 0x559468d3cdb0 is now in state before/connect initialization [type=4097,val=1].
Jan 12 12:43:56.000 [debug] tor_tls_debug_state_callback(): SSL 0x559468d3cdb0 is now in state SSLv2/v3 write client hello A [type=4097,val=1].
Jan 12 12:43:56.000 [debug] tor_tls_debug_state_callback(): SSL 0x559468d3cdb0 is now in state SSLv2/v3 read server hello A [type=4098,val=-1].
Jan 12 12:43:56.000 [debug] tor_tls_handshake(): After call, 0x559468d3dd20 was in state SSLv2/v3 read server hello A
Jan 12 12:43:56.000 [debug] connection_tls_continue_handshake(): wanted read
Jan 12 12:43:56.000 [debug] tor_tls_handshake(): About to call SSL_connect on 0x559468d3dd20 (SSLv2/v3 read server hello A)
Jan 12 12:43:56.000 [debug] tor_tls_debug_state_callback(): SSL 0x559468d3cdb0 is now in state SSLv2/v3 read server hello A [type=4098,val=-1].
Jan 12 12:43:56.000 [debug] connection_tls_continue_handshake(): wanted read
Jan 12 12:43:56.000 [debug] conn_read_callback(): socket 20 wants to read.
Jan 12 12:43:56.000 [debug] tor_tls_handshake(): About to call SSL_connect on 0x559468d3dd20 (SSLv2/v3 read server hello A)
Jan 12 12:43:56.000 [info] TLS error: unexpected close while handshaking (SSLv2/v3 read server hello A)
Jan 12 12:43:56.000 [info] connection_tls_continue_handshake(): tls error [unexpected close]. breaking connection.
Jan 12 12:43:56.000 [debug] channel_close_for_error(): Closing channel 0x559468d3b400 due to lower-layer error
Jan 12 12:43:56.000 [debug] channel_change_state(): Changing state of channel 0x559468d3b400 (global ID 0) from "opening" to "closing"
Jan 12 12:43:56.000 [debug] channel_remove_from_digest_map(): Removed channel 0x559468d3b400 (global ID 0) from identity map in state closing (4) with digest 7BE683E65D48141321C5ED92F075C55364AC7123
Jan 12 12:43:56.000 [debug] connection_mark_for_close_internal_(): Calling connection_mark_for_close_internal_() on an OR conn at src/or/connection.c:2865
Jan 12 12:43:56.000 [debug] conn_close_if_marked(): Cleaning up connection (fd -1).
Jan 12 12:43:56.000 [debug] circuit_n_chan_done(): chan to NULL/193.23.244.244:443, status=0
Jan 12 12:43:56.000 [info] circuit_n_chan_done(): Channel failed; closing circ.
Jan 12 12:43:56.000 [info] circuit_build_failed(): Our circuit died before the first hop with no connection
Jan 12 12:43:56.000 [info] connection_ap_fail_onehop(): Closing one-hop stream to '$7BE683E65D48141321C5ED92F075C55364AC7123/193.23.244.244' because the OR conn just failed.
Jan 12 12:43:56.000 [debug] circuit_increment_failure_count(): n_circuit_failures now 1.
Jan 12 12:43:56.000 [debug] channel_change_state(): Changing state of channel 0x559468d3b400 (global ID 0) from "closing" to "channel error"
Jan 12 12:43:56.000 [info] connection_or_note_state_when_broken(): Connection died in state 'handshaking (TLS) with SSL state SSLv2/v3 read server hello A in HANDSHAKE'
Jan 12 12:43:56.000 [info] control_event_bootstrap_problem(): Problem bootstrapping. Stuck at 10%: Finishing handshake with directory server. (DONE; DONE; count 1; recommendation ignore)
Jan 12 12:43:56.000 [info] 1 connections have failed:
Jan 12 12:43:56.000 [info]  1 connections died in state handshaking (TLS) with SSL state SSLv2/v3 read server hello A in HANDSHAKE
Jan 12 12:43:56.000 [debug] connection_remove(): removing socket -1 (type OR), n_conns now 10
Jan 12 12:43:56.000 [debug] conn_close_if_marked(): Cleaning up connection (fd -1).
Jan 12 12:43:56.000 [debug] connection_remove(): removing socket -1 (type Socks), n_conns now 9
Jan 12 12:43:56.000 [info] connection_free_(): Freeing linked Socks connection [waiting for circuit] with 142 bytes on inbuf, 0 on outbuf.
Jan 12 12:43:56.000 [debug] conn_read_callback(): socket -1 wants to read.
Jan 12 12:43:56.000 [info] connection_dir_client_reached_eof(): 'fetch' response not all here, but we're at eof. Closing.
Jan 12 12:43:56.000 [debug] conn_close_if_marked(): Cleaning up connection (fd -1).
Jan 12 12:43:56.000 [info] update_consensus_networkstatus_downloads(): Launching ns networkstatus consensus download.
Jan 12 12:43:56.000 [info] router_pick_published_address(): Success: chose address '206.117.25.79'.
Jan 12 12:43:56.000 [info] router_pick_directory_server(): No reachable router entries for dirservers. Trying them all again.
Jan 12 12:43:56.000 [info] directory_pick_generic_dirserver(): No router found for consensus network-status fetch; falling back to dirserver list.
Jan 12 12:43:56.000 [info] router_pick_published_address(): Success: chose address '206.117.25.79'.
Jan 12 12:43:56.000 [debug] directory_initiate_command_rend(): anonymized 0, use_begindir 1.
Jan 12 12:43:56.000 [debug] directory_initiate_command_rend(): Initiating consensus network-status fetch
Jan 12 12:43:56.000 [info] connection_ap_make_link(): Making internal direct tunnel to [scrubbed]:443 ...
Jan 12 12:43:56.000 [debug] connection_add_impl(): new conn type Socks, socket -1, address (Tor_internal), n_conns 9.
Jan 12 12:43:56.000 [debug] circuit_get_open_circ_or_launch(): considering 1, $7EA6EAD6FD83083C538F44038BBFA077587DD755
Jan 12 12:43:56.000 [debug] onion_pick_cpath_exit(): Launching a one-hop circuit for dir tunnel.
Jan 12 12:43:56.000 [info] onion_pick_cpath_exit(): Using requested exit node '$7EA6EAD6FD83083C538F44038BBFA077587DD755~7EA6EAD6FD83083C538 at 194.109.206.212'
Jan 12 12:43:56.000 [debug] onion_extend_cpath(): Path is 0 long; we want 1
Jan 12 12:43:56.000 [debug] onion_extend_cpath(): Chose router $7EA6EAD6FD83083C538F44038BBFA077587DD755~7EA6EAD6FD83083C538 at 194.109.206.212 for hop 1 (exit is 7EA6EAD6FD83083C538F44038BBFA077587DD755)
Jan 12 12:43:56.000 [debug] onion_extend_cpath(): Path is complete: 1 steps long
Jan 12 12:43:56.000 [debug] circuit_handle_first_hop(): Looking for firsthop '194.109.206.212:443'
Jan 12 12:43:56.000 [info] circuit_handle_first_hop(): Next router is [scrubbed]: Not connected. Connecting.
Jan 12 12:43:56.000 [debug] channel_tls_connect(): In channel_tls_connect() for channel 0x559468d3daa0 (global id 1)
Jan 12 12:43:56.000 [debug] channel_set_identity_digest(): Setting remote endpoint digest on channel 0x559468d3daa0 with global ID 1 to digest 7EA6EAD6FD83083C538F44038BBFA077587DD755
Jan 12 12:43:56.000 [debug] connection_connect(): Connecting to [scrubbed]:443.
Jan 12 12:43:56.000 [debug] connection_connect(): Connection to [scrubbed]:443 in progress (sock 20).
Jan 12 12:43:56.000 [debug] connection_add_impl(): new conn type OR, socket 20, address 194.109.206.212, n_conns 10.
Jan 12 12:43:56.000 [debug] channel_tls_connect(): Got orconn 0x559468d3b560 for channel with global id 1
Jan 12 12:43:56.000 [debug] channel_register(): Registering channel 0x559468d3daa0 (ID 1) in state opening (1) with digest 7EA6EAD6FD83083C538F44038BBFA077587DD755
Jan 12 12:43:56.000 [debug] channel_add_to_digest_map(): Added channel 0x559468d3daa0 (global ID 1) to identity map in state opening (1) with digest 7EA6EAD6FD83083C538F44038BBFA077587DD755
Jan 12 12:43:56.000 [debug] channel_set_cell_handlers(): Setting cell_handler callback for channel 0x559468d3daa0 to 0x559467f40720
Jan 12 12:43:56.000 [debug] channel_set_cell_handlers(): Setting var_cell_handler callback for channel 0x559468d3daa0 to 0x559467f3fb20
Jan 12 12:43:56.000 [debug] circuit_handle_first_hop(): connecting in progress (or finished). Good.
Jan 12 12:43:56.000 [info] connection_ap_make_link(): ... application connection created and linked.
Jan 12 12:43:56.000 [debug] connection_add_impl(): new conn type Directory, socket -1, address 194.109.206.212, n_conns 11.
Jan 12 12:43:56.000 [info] directory_send_command(): Downloading consensus from 194.109.206.212:443 using /tor/status-vote/current/consensus/14C131+27B6B5+49015F+585769+805509+D586D1+E8A9C4+ED03BB+EFCBE7.z
Jan 12 12:43:56.000 [debug] connection_remove(): removing socket -1 (type Directory), n_conns now 11
Jan 12 12:43:56.000 [info] connection_free_(): Freeing linked Directory connection [client reading] with 0 bytes on inbuf, 0 on outbuf.
Jan 12 12:43:56.000 [debug] conn_read_callback(): socket -1 wants to read.
Jan 12 12:43:56.000 [info] connection_edge_process_inbuf(): data from edge while in 'waiting for circuit' state. Leaving it on buffer.
Jan 12 12:43:56.000 [info] connection_edge_process_inbuf(): data from edge while in 'waiting for circuit' state. Leaving it on buffer.
Jan 12 12:43:56.000 [debug] connection_dir_finished_flushing(): client finished sending command.
Jan 12 12:43:56.000 [debug] channel_free(): Freeing channel 0 at 0x559468d3b400
Jan 12 12:43:56.000 [debug] channel_clear_remote_end(): Clearing remote endpoint identity on channel 0x559468d3b400 with global ID 0
Jan 12 12:44:06.000 [info] router_pick_published_address(): Success: chose address '206.117.25.79'.
Jan 12 12:44:17.000 [info] router_pick_published_address(): Success: chose address '206.117.25.79'.
Jan 12 12:44:28.000 [info] router_pick_published_address(): Success: chose address '206.117.25.79'.
Jan 12 12:44:39.000 [info] router_pick_published_address(): Success: chose address '206.117.25.79'.
Jan 12 12:44:50.000 [info] router_pick_published_address(): Success: chose address '206.117.25.79'.
Jan 12 12:44:56.000 [debug] resolve_my_address(): Resolved Address to '206.117.25.79'.
Jan 12 12:45:01.000 [info] router_pick_published_address(): Success: chose address '206.117.25.79'.
Jan 12 12:45:12.000 [info] router_pick_published_address(): Success: chose address '206.117.25.79'.
Jan 12 12:45:23.000 [info] router_pick_published_address(): Success: chose address '206.117.25.79'.
Jan 12 12:45:24.000 [info] dns_launch_wildcard_checks(): Launching checks to see whether our nameservers like to hijack DNS failures.
Jan 12 12:45:24.000 [info] launch_wildcard_check(): Testing whether our DNS server is hijacking nonexistent domains with request for bogus hostname "vg2p.invalid"
Jan 12 12:45:24.000 [info] evdns_log_cb(): eventdns: Resolve requested.
Jan 12 12:45:24.000 [info] eventdns: Setting timeout for request 0x559468d3e1b0, sent to nameserver 0x559468d2a530
Jan 12 12:45:24.000 [info] launch_wildcard_check(): Testing whether our DNS server is hijacking nonexistent domains with request for bogus hostname "ocwxgfr7arm3syfq.test"
Jan 12 12:45:24.000 [info] evdns_log_cb(): eventdns: Resolve requested.
Jan 12 12:45:24.000 [info] eventdns: Setting timeout for request 0x559468d3b370, sent to nameserver 0x559468d2a530
Jan 12 12:45:24.000 [info] launch_wildcard_check(): Testing whether our DNS server is hijacking nonexistent domains with request for bogus hostname "farxxjaegk6yxb25"
Jan 12 12:45:24.000 [info] evdns_log_cb(): eventdns: Resolve requested.
Jan 12 12:45:24.000 [info] eventdns: Setting timeout for request 0x559468d3cdb0, sent to nameserver 0x559468d2a530
Jan 12 12:45:24.000 [info] launch_wildcard_check(): Testing whether our DNS server is hijacking nonexistent domains with request for bogus hostname "ivoohh3nh7js4c2.com"
Jan 12 12:45:24.000 [info] evdns_log_cb(): eventdns: Resolve requested.
Jan 12 12:45:24.000 [info] eventdns: Setting timeout for request 0x559468d3cf90, sent to nameserver 0x559468d2a530
Jan 12 12:45:24.000 [info] launch_wildcard_check(): Testing whether our DNS server is hijacking nonexistent domains with request for bogus hostname "mvw7piptpiiiw.org"
Jan 12 12:45:24.000 [info] evdns_log_cb(): eventdns: Resolve requested.
Jan 12 12:45:24.000 [info] eventdns: Setting timeout for request 0x559468d3d170, sent to nameserver 0x559468d2a530
Jan 12 12:45:24.000 [info] launch_wildcard_check(): Testing whether our DNS server is hijacking nonexistent domains with request for bogus hostname "asjk2c3z6pxp2i.net"
Jan 12 12:45:24.000 [info] evdns_log_cb(): eventdns: Resolve requested.
Jan 12 12:45:24.000 [info] eventdns: Setting timeout for request 0x559468d3ec60, sent to nameserver 0x559468d2a530
Jan 12 12:45:24.000 [info] launch_wildcard_check(): Testing whether our DNS server is hijacking nonexistent domains with request for bogus hostname "l76.invalid"
Jan 12 12:45:24.000 [info] evdns_log_cb(): eventdns: Resolve requested.
Jan 12 12:45:24.000 [info] eventdns: Setting timeout for request 0x559468d3ee40, sent to nameserver 0x559468d2a530
Jan 12 12:45:24.000 [info] launch_wildcard_check(): Testing whether our DNS server is hijacking nonexistent domains with request for bogus hostname "pol24ndeatx.test"
Jan 12 12:45:24.000 [info] evdns_log_cb(): eventdns: Resolve requested.
Jan 12 12:45:24.000 [info] eventdns: Setting timeout for request 0x559468d3f020, sent to nameserver 0x559468d2a530
Jan 12 12:45:24.000 [info] launch_wildcard_check(): Testing whether our DNS server is hijacking nonexistent domains with request for bogus hostname "fhjzcschtpoy3u7"
Jan 12 12:45:24.000 [info] evdns_log_cb(): eventdns: Resolve requested.
Jan 12 12:45:24.000 [info] eventdns: Setting timeout for request 0x559468d3f200, sent to nameserver 0x559468d2a530
Jan 12 12:45:24.000 [info] launch_wildcard_check(): Testing whether our DNS server is hijacking nonexistent domains with request for bogus hostname "lesu6tr2.com"
Jan 12 12:45:24.000 [info] evdns_log_cb(): eventdns: Resolve requested.
Jan 12 12:45:24.000 [info] eventdns: Setting timeout for request 0x559468d3f3e0, sent to nameserver 0x559468d2a530
Jan 12 12:45:24.000 [info] launch_wildcard_check(): Testing whether our DNS server is hijacking nonexistent domains with request for bogus hostname "nnk3rzc4fg.org"
Jan 12 12:45:24.000 [info] evdns_log_cb(): eventdns: Resolve requested.
Jan 12 12:45:24.000 [info] eventdns: Setting timeout for request 0x559468d3f5c0, sent to nameserver 0x559468d2a530
Jan 12 12:45:24.000 [info] launch_wildcard_check(): Testing whether our DNS server is hijacking nonexistent domains with request for bogus hostname "47adlxfliydh.net"
Jan 12 12:45:24.000 [info] evdns_log_cb(): eventdns: Resolve requested.
Jan 12 12:45:24.000 [info] eventdns: Setting timeout for request 0x559468d3f7a0, sent to nameserver 0x559468d2a530
Jan 12 12:45:24.000 [info] launch_wildcard_check(): Testing whether our DNS server is hijacking nonexistent domains with request for bogus hostname "7iyy74fz2oxj2hga.invalid"
Jan 12 12:45:24.000 [info] evdns_log_cb(): eventdns: Resolve requested.
Jan 12 12:45:24.000 [info] eventdns: Setting timeout for request 0x559468d3f980, sent to nameserver 0x559468d2a530
Jan 12 12:45:24.000 [info] launch_wildcard_check(): Testing whether our DNS server is hijacking nonexistent domains with request for bogus hostname "dvfmzqv4sui65.test"
Jan 12 12:45:24.000 [info] evdns_log_cb(): eventdns: Resolve requested.
Jan 12 12:45:24.000 [info] eventdns: Setting timeout for request 0x559468d3fb60, sent to nameserver 0x559468d2a530
Jan 12 12:45:24.000 [info] launch_wildcard_check(): Testing whether our DNS server is hijacking nonexistent domains with request for bogus hostname "mmv6tfxsr6z7"
Jan 12 12:45:24.000 [info] evdns_log_cb(): eventdns: Resolve requested.
Jan 12 12:45:24.000 [info] eventdns: Setting timeout for request 0x559468d3fd40, sent to nameserver 0x559468d2a530
Jan 12 12:45:24.000 [info] launch_wildcard_check(): Testing whether our DNS server is hijacking nonexistent domains with request for bogus hostname "54ugninuninpa.com"
Jan 12 12:45:24.000 [info] evdns_log_cb(): eventdns: Resolve requested.
Jan 12 12:45:24.000 [info] eventdns: Setting timeout for request 0x559468d3ff20, sent to nameserver 0x559468d2a530
Jan 12 12:45:24.000 [info] launch_wildcard_check(): Testing whether our DNS server is hijacking nonexistent domains with request for bogus hostname "o2rq66z3nbaeahp.org"
Jan 12 12:45:24.000 [info] evdns_log_cb(): eventdns: Resolve requested.
Jan 12 12:45:24.000 [info] eventdns: Setting timeout for request 0x559468d401a0, sent to nameserver 0x559468d2a530
Jan 12 12:45:24.000 [info] launch_wildcard_check(): Testing whether our DNS server is hijacking nonexistent domains with request for bogus hostname "mscrb436ynsr7.net"
Jan 12 12:45:24.000 [info] evdns_log_cb(): eventdns: Resolve requested.
Jan 12 12:45:24.000 [info] eventdns: Setting timeout for request 0x559468d40380, sent to nameserver 0x559468d2a530
Jan 12 12:45:24.000 [info] launch_wildcard_check(): Testing whether our DNS server is hijacking nonexistent domains with request for bogus hostname "l5kuf74uv3juus.invalid"
Jan 12 12:45:24.000 [info] evdns_log_cb(): eventdns: Resolve requested.
Jan 12 12:45:24.000 [info] eventdns: Setting timeout for request 0x559468d40560, sent to nameserver 0x559468d2a530
Jan 12 12:45:24.000 [info] launch_wildcard_check(): Testing whether our DNS server is hijacking nonexistent domains with request for bogus hostname "zgrpcr3gd.test"
Jan 12 12:45:24.000 [info] evdns_log_cb(): eventdns: Resolve requested.
Jan 12 12:45:24.000 [info] eventdns: Setting timeout for request 0x559468d40740, sent to nameserver 0x559468d2a530
Jan 12 12:45:24.000 [info] launch_wildcard_check(): Testing whether our DNS server is hijacking nonexistent domains with request for bogus hostname "ce2fur5q6z"
Jan 12 12:45:24.000 [info] evdns_log_cb(): eventdns: Resolve requested.
Jan 12 12:45:24.000 [info] eventdns: Setting timeout for request 0x559468d3ab50, sent to nameserver 0x559468d2a530
Jan 12 12:45:24.000 [info] launch_wildcard_check(): Testing whether our DNS server is hijacking nonexistent domains with request for bogus hostname "xogr3pm5cxit6t.com"
Jan 12 12:45:24.000 [info] evdns_log_cb(): eventdns: Resolve requested.
Jan 12 12:45:24.000 [info] eventdns: Setting timeout for request 0x559468d40990, sent to nameserver 0x559468d2a530
Jan 12 12:45:24.000 [info] launch_wildcard_check(): Testing whether our DNS server is hijacking nonexistent domains with request for bogus hostname "4wd23w2jl.org"
Jan 12 12:45:24.000 [info] evdns_log_cb(): eventdns: Resolve requested.
Jan 12 12:45:24.000 [info] eventdns: Setting timeout for request 0x559468d40b70, sent to nameserver 0x559468d2a530
Jan 12 12:45:24.000 [info] launch_wildcard_check(): Testing whether our DNS server is hijacking nonexistent domains with request for bogus hostname "rzst4zi6s6a.net"
Jan 12 12:45:24.000 [info] evdns_log_cb(): eventdns: Resolve requested.
Jan 12 12:45:24.000 [info] eventdns: Setting timeout for request 0x559468d40d50, sent to nameserver 0x559468d2a530
Jan 12 12:45:24.000 [info] eventdns: Removing timeout for request 0x559468d3ab50
Jan 12 12:45:24.000 [info] eventdns: Removing timeout for request 0x559468d40560
Jan 12 12:45:24.000 [info] eventdns: Removing timeout for request 0x559468d3ee40
Jan 12 12:45:24.000 [info] eventdns: Removing timeout for request 0x559468d3cdb0
Jan 12 12:45:24.000 [info] eventdns: Removing timeout for request 0x559468d40740
Jan 12 12:45:24.000 [info] eventdns: Removing timeout for request 0x559468d3fb60
Jan 12 12:45:24.000 [info] eventdns: Removing timeout for request 0x559468d3b370
Jan 12 12:45:24.000 [info] eventdns: Removing timeout for request 0x559468d3fd40
Jan 12 12:45:24.000 [info] eventdns: Removing timeout for request 0x559468d3f020
Jan 12 12:45:24.000 [info] eventdns: Removing timeout for request 0x559468d3d170
Jan 12 12:45:24.000 [info] eventdns: Removing timeout for request 0x559468d3ec60
Jan 12 12:45:24.000 [info] eventdns: Removing timeout for request 0x559468d3cf90
Jan 12 12:45:24.000 [info] eventdns: Removing timeout for request 0x559468d40380
Jan 12 12:45:24.000 [info] eventdns: Removing timeout for request 0x559468d3f3e0
Jan 12 12:45:24.000 [info] eventdns: Removing timeout for request 0x559468d40990
Jan 12 12:45:24.000 [info] eventdns: Removing timeout for request 0x559468d40b70
Jan 12 12:45:24.000 [info] eventdns: Removing timeout for request 0x559468d40d50
Jan 12 12:45:24.000 [info] eventdns: Removing timeout for request 0x559468d3f5c0
Jan 12 12:45:24.000 [info] eventdns: Removing timeout for request 0x559468d401a0
Jan 12 12:45:24.000 [info] eventdns: Removing timeout for request 0x559468d3f7a0
Jan 12 12:45:24.000 [info] eventdns: Removing timeout for request 0x559468d3ff20
Jan 12 12:45:24.000 [info] eventdns: Removing timeout for request 0x559468d3f200
Jan 12 12:45:24.000 [info] eventdns: Removing timeout for request 0x559468d3e1b0
Jan 12 12:45:24.000 [info] eventdns: Removing timeout for request 0x559468d3f980
Jan 12 12:45:34.000 [info] router_pick_published_address(): Success: chose address '206.117.25.79'.
Jan 12 12:45:45.000 [info] router_pick_published_address(): Success: chose address '206.117.25.79'.
Jan 12 12:45:54.000 [info] launch_test_addresses(): Launching checks to see whether our nameservers like to hijack *everything*.
Jan 12 12:45:54.000 [info] evdns_log_cb(): eventdns: Resolve requested.
Jan 12 12:45:54.000 [info] eventdns: Setting timeout for request 0x559468d40560, sent to nameserver 0x559468d2a530
Jan 12 12:45:54.000 [info] evdns_log_cb(): eventdns: Resolve requested.
Jan 12 12:45:54.000 [info] eventdns: Setting timeout for request 0x559468d3ee40, sent to nameserver 0x559468d2a530
Jan 12 12:45:54.000 [info] evdns_log_cb(): eventdns: Resolve requested.
Jan 12 12:45:54.000 [info] eventdns: Setting timeout for request 0x559468d3cdb0, sent to nameserver 0x559468d2a530
Jan 12 12:45:54.000 [info] evdns_log_cb(): eventdns: Resolve requested.
Jan 12 12:45:54.000 [info] eventdns: Setting timeout for request 0x559468d40740, sent to nameserver 0x559468d2a530
Jan 12 12:45:54.000 [info] evdns_log_cb(): eventdns: Resolve requested.
Jan 12 12:45:54.000 [info] eventdns: Setting timeout for request 0x559468d3fb60, sent to nameserver 0x559468d2a530
Jan 12 12:45:54.000 [info] evdns_log_cb(): eventdns: Resolve requested.
Jan 12 12:45:54.000 [info] eventdns: Setting timeout for request 0x559468d3b370, sent to nameserver 0x559468d2a530
Jan 12 12:45:54.000 [info] evdns_log_cb(): eventdns: Resolve requested.
Jan 12 12:45:54.000 [info] eventdns: Setting timeout for request 0x559468d3fd40, sent to nameserver 0x559468d2a530
Jan 12 12:45:54.000 [info] evdns_log_cb(): eventdns: Resolve requested.
Jan 12 12:45:54.000 [info] eventdns: Setting timeout for request 0x559468d3f020, sent to nameserver 0x559468d2a530
Jan 12 12:45:54.000 [info] eventdns: Removing timeout for request 0x559468d40560
Jan 12 12:45:54.000 [info] eventdns: Removing timeout for request 0x559468d3ee40
Jan 12 12:45:54.000 [info] eventdns: Removing timeout for request 0x559468d3f020
Jan 12 12:45:54.000 [info] eventdns: Removing timeout for request 0x559468d3fb60
Jan 12 12:45:54.000 [info] eventdns: Removing timeout for request 0x559468d3fd40
Jan 12 12:45:54.000 [info] eventdns: Removing timeout for request 0x559468d3cdb0
Jan 12 12:45:54.000 [info] eventdns: Removing timeout for request 0x559468d3b370
Jan 12 12:45:54.000 [info] eventdns: Removing timeout for request 0x559468d40740
Jan 12 12:45:54.000 [debug] evdns_callback(): eventdns said that [scrubbed] resolves to [scrubbed]
Jan 12 12:45:54.000 [debug] evdns_callback(): eventdns said that [scrubbed] resolves to [scrubbed]
Jan 12 12:45:54.000 [debug] evdns_callback(): eventdns said that [scrubbed] resolves to [scrubbed]
Jan 12 12:45:54.000 [debug] evdns_callback(): eventdns said that [scrubbed] resolves to [scrubbed]
Jan 12 12:45:54.000 [debug] evdns_callback(): eventdns said that [scrubbed] resolves to [scrubbed]
Jan 12 12:45:54.000 [debug] evdns_callback(): eventdns said that [scrubbed] resolves to [scrubbed]
Jan 12 12:45:54.000 [debug] evdns_callback(): eventdns said that [scrubbed] resolves to [scrubbed]
Jan 12 12:45:56.000 [info] router_pick_published_address(): Success: chose address '206.117.25.79'.
Jan 12 12:45:56.000 [info] connection_ap_expire_beginning(): Tried for 120 seconds to get a connection to [scrubbed]:443. Giving up. (waiting for circuit)
Jan 12 12:45:56.000 [debug] conn_close_if_marked(): Cleaning up connection (fd -1).
Jan 12 12:45:56.000 [debug] connection_remove(): removing socket -1 (type Socks), n_conns now 10
Jan 12 12:45:56.000 [info] connection_free_(): Freeing linked Socks connection [waiting for circuit] with 143 bytes on inbuf, 0 on outbuf.
Jan 12 12:45:56.000 [debug] conn_read_callback(): socket -1 wants to read.
Jan 12 12:45:56.000 [info] connection_dir_client_reached_eof(): 'fetch' response not all here, but we're at eof. Closing.
Jan 12 12:45:56.000 [debug] conn_close_if_marked(): Cleaning up connection (fd -1).
Jan 12 12:45:56.000 [debug] connection_remove(): removing socket -1 (type Directory), n_conns now 9
Jan 12 12:45:56.000 [info] connection_free_(): Freeing linked Directory connection [client reading] with 0 bytes on inbuf, 0 on outbuf.
Jan 12 12:45:57.000 [debug] resolve_my_address(): Resolved Address to '206.117.25.79'.
Jan 12 12:46:07.000 [debug] conn_read_callback(): socket 20 wants to read.
Jan 12 12:46:07.000 [info] control_event_bootstrap_problem(): Problem bootstrapping. Stuck at 10%: Finishing handshake with directory server. (Connection timed out; TIMEOUT; count 2; recommendation ignore)
Jan 12 12:46:07.000 [info] 1 connections have failed:
Jan 12 12:46:07.000 [info]  1 connections died in state handshaking (TLS) with SSL state SSLv2/v3 read server hello A in HANDSHAKE
Jan 12 12:46:07.000 [debug] channel_close_for_error(): Closing channel 0x559468d3daa0 due to lower-layer error
Jan 12 12:46:07.000 [debug] channel_change_state(): Changing state of channel 0x559468d3daa0 (global ID 1) from "opening" to "closing"
Jan 12 12:46:07.000 [debug] channel_remove_from_digest_map(): Removed channel 0x559468d3daa0 (global ID 1) from identity map in state closing (4) with digest 7EA6EAD6FD83083C538F44038BBFA077587DD755
Jan 12 12:46:07.000 [debug] connection_mark_for_close_internal_(): Calling connection_mark_for_close_internal_() on an OR conn at src/or/connection.c:2865
Jan 12 12:46:07.000 [debug] conn_close_if_marked(): Cleaning up connection (fd -1).
Jan 12 12:46:07.000 [debug] circuit_n_chan_done(): chan to NULL/194.109.206.212:443, status=0
Jan 12 12:46:07.000 [info] circuit_n_chan_done(): Channel failed; closing circ.
Jan 12 12:46:07.000 [info] circuit_build_failed(): Our circuit died before the first hop with no connection
Jan 12 12:46:07.000 [debug] circuit_increment_failure_count(): n_circuit_failures now 2.
Jan 12 12:46:07.000 [debug] channel_change_state(): Changing state of channel 0x559468d3daa0 (global ID 1) from "closing" to "channel error"
Jan 12 12:46:07.000 [info] connection_or_note_state_when_broken(): Connection died in state 'connect()ing with SSL state (No SSL object)'
Jan 12 12:46:07.000 [debug] connection_remove(): removing socket -1 (type OR), n_conns now 8
Jan 12 12:46:07.000 [info] router_pick_published_address(): Success: chose address '206.117.25.79'.
Jan 12 12:46:07.000 [debug] channel_free(): Freeing channel 1 at 0x559468d3daa0
Jan 12 12:46:07.000 [debug] channel_clear_remote_end(): Clearing remote endpoint identity on channel 0x559468d3daa0 with global ID 1
Jan 12 12:46:18.000 [info] router_pick_published_address(): Success: chose address '206.117.25.79'.
Jan 12 12:46:29.000 [info] router_pick_published_address(): Success: chose address '206.117.25.79'.
Jan 12 12:46:40.000 [info] router_pick_published_address(): Success: chose address '206.117.25.79'.
Jan 12 12:46:51.000 [info] router_pick_published_address(): Success: chose address '206.117.25.79'.
Jan 12 12:46:58.000 [debug] resolve_my_address(): Resolved Address to '206.117.25.79'.
Jan 12 12:46:58.000 [info] update_consensus_networkstatus_downloads(): Launching ns networkstatus consensus download.
Jan 12 12:46:58.000 [info] router_pick_published_address(): Success: chose address '206.117.25.79'.
Jan 12 12:46:58.000 [info] router_pick_directory_server(): No reachable router entries for dirservers. Trying them all again.
Jan 12 12:46:58.000 [info] directory_pick_generic_dirserver(): No router found for consensus network-status fetch; falling back to dirserver list.
Jan 12 12:46:58.000 [info] router_pick_published_address(): Success: chose address '206.117.25.79'.
Jan 12 12:46:58.000 [debug] directory_initiate_command_rend(): anonymized 0, use_begindir 1.
Jan 12 12:46:58.000 [debug] directory_initiate_command_rend(): Initiating consensus network-status fetch
Jan 12 12:46:58.000 [info] connection_ap_make_link(): Making internal direct tunnel to [scrubbed]:80 ...
Jan 12 12:46:58.000 [debug] connection_add_impl(): new conn type Socks, socket -1, address (Tor_internal), n_conns 8.
Jan 12 12:46:58.000 [debug] circuit_get_open_circ_or_launch(): considering 1, $0AD3FA884D18F89EEA2D89C019379E0E7FD94417
Jan 12 12:46:58.000 [debug] onion_pick_cpath_exit(): Launching a one-hop circuit for dir tunnel.
Jan 12 12:46:58.000 [info] onion_pick_cpath_exit(): Using requested exit node '$0AD3FA884D18F89EEA2D89C019379E0E7FD94417~0AD3FA884D18F89EEA2 at 208.83.223.34'
Jan 12 12:46:58.000 [debug] onion_extend_cpath(): Path is 0 long; we want 1
Jan 12 12:46:58.000 [debug] onion_extend_cpath(): Chose router $0AD3FA884D18F89EEA2D89C019379E0E7FD94417~0AD3FA884D18F89EEA2 at 208.83.223.34 for hop 1 (exit is 0AD3FA884D18F89EEA2D89C019379E0E7FD94417)
Jan 12 12:46:58.000 [debug] onion_extend_cpath(): Path is complete: 1 steps long
Jan 12 12:46:58.000 [debug] circuit_handle_first_hop(): Looking for firsthop '208.83.223.34:80'
Jan 12 12:46:58.000 [info] circuit_handle_first_hop(): Next router is [scrubbed]: Not connected. Connecting.
Jan 12 12:46:58.000 [debug] channel_tls_connect(): In channel_tls_connect() for channel 0x559468d3de80 (global id 2)
Jan 12 12:46:58.000 [debug] channel_set_identity_digest(): Setting remote endpoint digest on channel 0x559468d3de80 with global ID 2 to digest 0AD3FA884D18F89EEA2D89C019379E0E7FD94417
Jan 12 12:46:58.000 [debug] connection_connect(): Connecting to [scrubbed]:80.
Jan 12 12:46:58.000 [debug] connection_connect(): Connection to [scrubbed]:80 in progress (sock 20).
Jan 12 12:46:58.000 [debug] connection_add_impl(): new conn type OR, socket 20, address 208.83.223.34, n_conns 9.
Jan 12 12:46:58.000 [debug] channel_tls_connect(): Got orconn 0x559468d3dfe0 for channel with global id 2
Jan 12 12:46:58.000 [debug] channel_register(): Registering channel 0x559468d3de80 (ID 2) in state opening (1) with digest 0AD3FA884D18F89EEA2D89C019379E0E7FD94417
Jan 12 12:46:58.000 [debug] channel_add_to_digest_map(): Added channel 0x559468d3de80 (global ID 2) to identity map in state opening (1) with digest 0AD3FA884D18F89EEA2D89C019379E0E7FD94417
Jan 12 12:46:58.000 [debug] channel_set_cell_handlers(): Setting cell_handler callback for channel 0x559468d3de80 to 0x559467f40720
Jan 12 12:46:58.000 [debug] channel_set_cell_handlers(): Setting var_cell_handler callback for channel 0x559468d3de80 to 0x559467f3fb20
Jan 12 12:46:58.000 [debug] circuit_handle_first_hop(): connecting in progress (or finished). Good.
Jan 12 12:46:58.000 [info] connection_ap_make_link(): ... application connection created and linked.
Jan 12 12:46:58.000 [debug] connection_add_impl(): new conn type Directory, socket -1, address 208.83.223.34, n_conns 10.
Jan 12 12:46:58.000 [info] directory_send_command(): Downloading consensus from 208.83.223.34 using /tor/status-vote/current/consensus/14C131+27B6B5+49015F+585769+805509+D586D1+E8A9C4+ED03BB+EFCBE7.z
Jan 12 12:46:58.000 [debug] conn_read_callback(): socket -1 wants to read.
Jan 12 12:46:58.000 [info] connection_edge_process_inbuf(): data from edge while in 'waiting for circuit' state. Leaving it on buffer.
Jan 12 12:46:58.000 [info] connection_edge_process_inbuf(): data from edge while in 'waiting for circuit' state. Leaving it on buffer.
Jan 12 12:46:58.000 [debug] connection_dir_finished_flushing(): client finished sending command.
Jan 12 12:47:02.000 [info] router_pick_published_address(): Success: chose address '206.117.25.79'.
Jan 12 12:47:13.000 [info] router_pick_published_address(): Success: chose address '206.117.25.79'.
Jan 12 12:47:24.000 [info] router_pick_published_address(): Success: chose address '206.117.25.79'.
Jan 12 12:47:35.000 [info] router_pick_published_address(): Success: chose address '206.117.25.79'.
Jan 12 12:47:46.000 [info] router_pick_published_address(): Success: chose address '206.117.25.79'.
Jan 12 12:47:57.000 [info] router_pick_published_address(): Success: chose address '206.117.25.79'.
Jan 12 12:47:59.000 [debug] resolve_my_address(): Resolved Address to '206.117.25.79'.
Jan 12 12:48:08.000 [info] router_pick_published_address(): Success: chose address '206.117.25.79'.
Jan 12 12:48:19.000 [info] router_pick_published_address(): Success: chose address '206.117.25.79'.
Jan 12 12:48:30.000 [info] router_pick_published_address(): Success: chose address '206.117.25.79'.
Jan 12 12:48:41.000 [info] router_pick_published_address(): Success: chose address '206.117.25.79'.
Jan 12 12:48:52.000 [info] router_pick_published_address(): Success: chose address '206.117.25.79'.
Jan 12 12:48:58.000 [info] connection_ap_expire_beginning(): Tried for 120 seconds to get a connection to [scrubbed]:80. Giving up. (waiting for circuit)
Jan 12 12:48:58.000 [debug] conn_close_if_marked(): Cleaning up connection (fd -1).
Jan 12 12:48:58.000 [debug] connection_remove(): removing socket -1 (type Socks), n_conns now 10
Jan 12 12:48:58.000 [info] connection_free_(): Freeing linked Socks connection [waiting for circuit] with 137 bytes on inbuf, 0 on outbuf.
Jan 12 12:48:58.000 [debug] conn_read_callback(): socket -1 wants to read.
Jan 12 12:48:58.000 [info] connection_dir_client_reached_eof(): 'fetch' response not all here, but we're at eof. Closing.
Jan 12 12:48:58.000 [debug] conn_close_if_marked(): Cleaning up connection (fd -1).
Jan 12 12:48:58.000 [debug] connection_remove(): removing socket -1 (type Directory), n_conns now 9
Jan 12 12:48:58.000 [info] connection_free_(): Freeing linked Directory connection [client reading] with 0 bytes on inbuf, 0 on outbuf.
Jan 12 12:49:00.000 [debug] resolve_my_address(): Resolved Address to '206.117.25.79'.
Jan 12 12:49:03.000 [info] router_pick_published_address(): Success: chose address '206.117.25.79'.
Jan 12 12:49:09.000 [debug] conn_read_callback(): socket 20 wants to read.
Jan 12 12:49:09.000 [info] control_event_bootstrap_problem(): Problem bootstrapping. Stuck at 10%: Finishing handshake with directory server. (Connection timed out; TIMEOUT; count 3; recommendation ignore)
Jan 12 12:49:09.000 [info] 2 connections have failed:
Jan 12 12:49:09.000 [info]  1 connections died in state handshaking (TLS) with SSL state SSLv2/v3 read server hello A in HANDSHAKE
Jan 12 12:49:09.000 [info]  1 connections died in state connect()ing with SSL state (No SSL object)
Jan 12 12:49:09.000 [debug] channel_close_for_error(): Closing channel 0x559468d3de80 due to lower-layer error
Jan 12 12:49:09.000 [debug] channel_change_state(): Changing state of channel 0x559468d3de80 (global ID 2) from "opening" to "closing"
Jan 12 12:49:09.000 [debug] channel_remove_from_digest_map(): Removed channel 0x559468d3de80 (global ID 2) from identity map in state closing (4) with digest 0AD3FA884D18F89EEA2D89C019379E0E7FD94417
Jan 12 12:49:09.000 [debug] connection_mark_for_close_internal_(): Calling connection_mark_for_close_internal_() on an OR conn at src/or/connection.c:2865
Jan 12 12:49:09.000 [debug] conn_close_if_marked(): Cleaning up connection (fd -1).
Jan 12 12:49:09.000 [debug] circuit_n_chan_done(): chan to NULL/208.83.223.34:80, status=0
Jan 12 12:49:09.000 [info] circuit_n_chan_done(): Channel failed; closing circ.
Jan 12 12:49:09.000 [info] circuit_build_failed(): Our circuit died before the first hop with no connection
Jan 12 12:49:09.000 [debug] circuit_increment_failure_count(): n_circuit_failures now 3.
Jan 12 12:49:09.000 [debug] channel_change_state(): Changing state of channel 0x559468d3de80 (global ID 2) from "closing" to "channel error"
Jan 12 12:49:09.000 [info] connection_or_note_state_when_broken(): Connection died in state 'connect()ing with SSL state (No SSL object)'
Jan 12 12:49:09.000 [debug] connection_remove(): removing socket -1 (type OR), n_conns now 8
Jan 12 12:49:09.000 [debug] channel_free(): Freeing channel 2 at 0x559468d3de80
Jan 12 12:49:09.000 [debug] channel_clear_remote_end(): Clearing remote endpoint identity on channel 0x559468d3de80 with global ID 2
Jan 12 12:49:14.000 [info] router_pick_published_address(): Success: chose address '206.117.25.79'.
Jan 12 12:49:25.000 [info] router_pick_published_address(): Success: chose address '206.117.25.79'.
Jan 12 12:49:36.000 [info] router_pick_published_address(): Success: chose address '206.117.25.79'.
Jan 12 12:49:47.000 [info] router_pick_published_address(): Success: chose address '206.117.25.79'.
Jan 12 12:49:58.000 [info] router_pick_published_address(): Success: chose address '206.117.25.79'.
Jan 12 12:50:01.000 [debug] resolve_my_address(): Resolved Address to '206.117.25.79'.
Jan 12 12:50:09.000 [info] router_pick_published_address(): Success: chose address '206.117.25.79'.
Jan 12 12:50:20.000 [info] router_pick_published_address(): Success: chose address '206.117.25.79'.
Jan 12 12:50:31.000 [info] router_pick_published_address(): Success: chose address '206.117.25.79'.
Jan 12 12:50:42.000 [info] router_pick_published_address(): Success: chose address '206.117.25.79'.
Jan 12 12:50:53.000 [info] router_pick_published_address(): Success: chose address '206.117.25.79'.
Jan 12 12:51:02.000 [debug] resolve_my_address(): Resolved Address to '206.117.25.79'.
Jan 12 12:51:04.000 [info] router_pick_published_address(): Success: chose address '206.117.25.79'.
Jan 12 12:51:15.000 [info] router_pick_published_address(): Success: chose address '206.117.25.79'.
Jan 12 12:51:26.000 [info] router_pick_published_address(): Success: chose address '206.117.25.79'.
Jan 12 12:51:37.000 [info] router_pick_published_address(): Success: chose address '206.117.25.79'.
Jan 12 12:51:48.000 [info] router_pick_published_address(): Success: chose address '206.117.25.79'.
Jan 12 12:51:59.000 [info] router_pick_published_address(): Success: chose address '206.117.25.79'.
Jan 12 12:52:03.000 [debug] resolve_my_address(): Resolved Address to '206.117.25.79'.
Jan 12 12:52:10.000 [info] router_pick_published_address(): Success: chose address '206.117.25.79'.
Jan 12 12:52:21.000 [info] router_pick_published_address(): Success: chose address '206.117.25.79'.
Jan 12 12:52:32.000 [info] router_pick_published_address(): Success: chose address '206.117.25.79'.
Jan 12 12:52:43.000 [info] router_pick_published_address(): Success: chose address '206.117.25.79'.
Jan 12 12:52:54.000 [info] router_pick_published_address(): Success: chose address '206.117.25.79'.
Jan 12 12:53:04.000 [debug] resolve_my_address(): Resolved Address to '206.117.25.79'.
Jan 12 12:53:05.000 [info] router_pick_published_address(): Success: chose address '206.117.25.79'.
Jan 12 12:53:16.000 [info] router_pick_published_address(): Success: chose address '206.117.25.79'.
Jan 12 12:53:27.000 [info] router_pick_published_address(): Success: chose address '206.117.25.79'.
Jan 12 12:53:38.000 [info] router_pick_published_address(): Success: chose address '206.117.25.79'.
Jan 12 12:53:49.000 [info] router_pick_published_address(): Success: chose address '206.117.25.79'.
Jan 12 12:53:51.000 [notice] Interrupt: we have stopped accepting new connections, and will shut down in 30 seconds. Interrupt again to exit now.
Jan 12 12:53:51.000 [notice] SIGINT received a second time; exiting now.
Jan 12 12:53:51.000 [info] or_state_save(): Saved state to "/users/magesap/TorLatencyNormalizationFiles/ExperimentScripts/tingOnDeter/ting/tor/data/w/state"
Jan 12 12:53:51.000 [debug] channel_tls_free_all(): Shutting down TLS channels...
Jan 12 12:53:51.000 [debug] channel_tls_free_all(): Done shutting down TLS channels
Jan 12 12:53:51.000 [debug] channel_free_all(): Shutting down channels...
Jan 12 12:53:51.000 [debug] channel_free_all(): Freeing channel_identity_map
Jan 12 12:53:51.000 [debug] channel_free_all(): Done cleaning up after channels
Jan 12 12:53:51.000 [debug] connection_free_(): closing fd 6.
Jan 12 12:53:51.000 [debug] connection_free_(): closing fd 7.
Jan 12 12:53:51.000 [debug] connection_free_(): closing fd 8.
Jan 12 12:53:51.000 [debug] connection_free_(): closing fd 12.
Jan 12 12:53:51.000 [debug] connection_free_(): closing fd 14.
Jan 12 12:53:51.000 [debug] connection_free_(): closing fd 16.
Jan 12 12:53:51.000 [info] cpuworker_main(): read request failed. Exiting.
Jan 12 12:53:51.000 [info] cpuworker_main(): read request failed. Exiting.
Jan 12 12:53:51.000 [debug] connection_free_(): closing fd 18.
Jan 12 12:53:51.000 [info] cpuworker_main(): read request failed. Exiting.
Jan 12 12:53:51.000 [info] buf_shrink_freelists(): Cleaned freelist for 4096-byte chunks: original length 1, kept 0, dropped 1.
Jan 12 12:53:51.000 [info] buf_shrink_freelists(): Cleaned freelist for 8192-byte chunks: original length 0, kept 0, dropped 0.
Jan 12 12:53:51.000 [info] buf_shrink_freelists(): Cleaned freelist for 16384-byte chunks: original length 0, kept 0, dropped 0.
Jan 12 12:53:51.000 [info] cpuworker_main(): read request failed. Exiting.
Jan 12 12:53:51.000 [info] buf_shrink_freelists(): Cleaned freelist for 32768-byte chunks: original length 1, kept 0, dropped 1.
Jan 12 12:53:51.000 [info] tor_lockfile_unlock(): Unlocking "/users/magesap/TorLatencyNormalizationFiles/ExperimentScripts/tingOnDeter/ting/tor/data/w/lock"
Jan 12 12:53:52.000 [notice] Tor 0.2.4.22 (git-2ee56e4c2c841a45) opening log file.
Jan 12 12:53:52.000 [debug] tor_disable_debugger_attach(): Attemping to disable debugger attachment to Tor for unprivileged users.
Jan 12 12:53:52.000 [debug] tor_disable_debugger_attach(): Debugger attachment disabled for unprivileged users.
Jan 12 12:53:52.000 [info] tor_lockfile_lock(): Locking "/users/magesap/TorLatencyNormalizationFiles/ExperimentScripts/tingOnDeter/ting/tor/data/w/lock"
Jan 12 12:53:52.000 [debug] parse_dir_authority_line(): Trusted 2 dirserver at 128.31.0.39:9201 (1A25C6358DB91342AA51720A5038B72742732498)
Jan 12 12:53:52.000 [info] or_state_load(): Loaded state from "/users/magesap/TorLatencyNormalizationFiles/ExperimentScripts/tingOnDeter/ting/tor/data/w/state"
Jan 12 12:53:52.000 [debug] circuit_build_times_disabled(): CircuitBuildTime learning is disabled. Consensus=0, Config=1, AuthDir=0, StateFile=0
Jan 12 12:53:52.000 [debug] circuit_build_times_min_timeout(): Bug: circuit_build_times_min_timeout() called, cbtmintimeout is 1500
Jan 12 12:53:52.000 [debug] circuit_build_times_initial_timeout(): Bug: circuit_build_times_initial_timeout() called, cbtinitialtimeout is 60000
Jan 12 12:53:52.000 [debug] circuit_build_times_disabled(): CircuitBuildTime learning is disabled. Consensus=0, Config=1, AuthDir=0, StateFile=0
Jan 12 12:53:52.000 [info] read_file_to_str(): Could not open "/users/magesap/TorLatencyNormalizationFiles/ExperimentScripts/tingOnDeter/ting/tor/data/w/router-stability": No such file or directory
Jan 12 12:53:52.000 [info] cell_ewma_set_scale_factor(): Disabled cell_ewma algorithm because of value in Default value
Jan 12 12:53:52.000 [info] geoip_load_file(): Failed to open GEOIP file /usr/local/share/tor/geoip.  
Jan 12 12:53:52.000 [info] geoip_load_file(): Failed to open GEOIP file /usr/local/share/tor/geoip6.  
Jan 12 12:53:52.000 [info] mark_my_descriptor_dirty(): Decided to publish new relay descriptor: config change
Jan 12 12:53:52.000 [info] crypto_global_init(): OpenSSL version matches version from headers (1000207f: OpenSSL 1.0.2g  1 Mar 2016).
Jan 12 12:53:52.000 [info] crypto_global_init(): NOT using OpenSSL engine support.
Jan 12 12:53:52.000 [info] evaluate_evp_for_aes(): This version of OpenSSL has a known-good EVP counter-mode implementation. Using it.
Jan 12 12:53:52.000 [info] crypto_strongest_rand(): Reading entropy from "/dev/urandom"
Jan 12 12:53:52.000 [info] configure_nameservers(): Parsing resolver configuration in '/etc/resolv.conf'
Jan 12 12:53:52.000 [info] eventdns: Parsing resolv.conf file /etc/resolv.conf
Jan 12 12:53:52.000 [info] eventdns: Added nameserver 192.168.252.1:53 as 0x561ac3ab2720
Jan 12 12:53:52.000 [info] eventdns: Setting maximum allowed timeouts to 16
Jan 12 12:53:52.000 [info] eventdns: Setting timeout to 10
Jan 12 12:53:52.000 [info] init_keys(): Reading/making identity key "/users/magesap/TorLatencyNormalizationFiles/ExperimentScripts/tingOnDeter/ting/tor/data/w/keys/secret_id_key"...
Jan 12 12:53:52.000 [info] init_keys(): Reading/making onion key "/users/magesap/TorLatencyNormalizationFiles/ExperimentScripts/tingOnDeter/ting/tor/data/w/keys/secret_onion_key"...
Jan 12 12:53:52.000 [info] mark_my_descriptor_dirty(): Decided to publish new relay descriptor: set onion key
Jan 12 12:53:52.000 [info] tor_tls_init(): OpenSSL OpenSSL 1.0.2g  1 Mar 2016 looks like version 0.9.8m or later; I will try SSL_OP to enable renegotiation
Jan 12 12:53:52.000 [debug] resolve_my_address(): Resolved Address to '206.117.25.79'.
Jan 12 12:53:52.000 [info] router_pick_published_address(): Success: chose address '206.117.25.79'.
Jan 12 12:53:52.000 [info] router_rebuild_descriptor(): Rebuilding relay descriptor
Jan 12 12:53:52.000 [debug] parse_addr_policy(): Adding new entry 'reject *6:*'
Jan 12 12:53:52.000 [debug] parse_addr_policy(): Adding new entry 'accept 206.117.25.79:10006'
Jan 12 12:53:52.000 [debug] parse_addr_policy(): Adding new entry 'reject *:*'
Jan 12 12:53:52.000 [debug] parse_addr_policy(): Adding new entry 'reject *:25'
Jan 12 12:53:52.000 [debug] parse_addr_policy(): Adding new entry 'reject *:119'
Jan 12 12:53:52.000 [debug] parse_addr_policy(): Adding new entry 'reject *:135-139'
Jan 12 12:53:52.000 [debug] parse_addr_policy(): Adding new entry 'reject *:445'
Jan 12 12:53:52.000 [debug] parse_addr_policy(): Adding new entry 'reject *:563'
Jan 12 12:53:52.000 [debug] parse_addr_policy(): Adding new entry 'reject *:1214'
Jan 12 12:53:52.000 [debug] parse_addr_policy(): Adding new entry 'reject *:4661-4666'
Jan 12 12:53:52.000 [debug] parse_addr_policy(): Adding new entry 'reject *:6346-6429'
Jan 12 12:53:52.000 [debug] parse_addr_policy(): Adding new entry 'reject *:6699'
Jan 12 12:53:52.000 [debug] parse_addr_policy(): Adding new entry 'reject *:6881-6999'
Jan 12 12:53:52.000 [debug] parse_addr_policy(): Adding new entry 'accept *:*'
Jan 12 12:53:52.000 [info] extrainfo_dump_to_string(): Adding stats to extra-info descriptor.
Jan 12 12:53:52.000 [debug] router_get_my_descriptor(): my desc is 'router Unnamed 206.117.25.79 10004 0 0
platform Tor 0.2.4.22 on Linux
protocols Link 1 2 Circuit 1
published 2023-01-12 20:53:52
fingerprint 816D E0B6 BD52 C671 B838 59CE 0715 A8DE 678F 1583
uptime 0
bandwidth 1073741824 1073741824 0
extra-info-digest 289131E8AD1A7C27B273949BC264E9345DF3BC97
caches-extra-info
onion-key
-----BEGIN RSA PUBLIC KEY-----
MIGJAoGBAMTBhtB+nS8IYRJ1msSa/LLrl4ysPR6vRHzVmgdXJlJ4SdkSByMbHU30
YZpWcv378RYBJzCimg6g/uPiCkzfOeQmGi99HYEVDkBT2YqaAgWSAv044jY5fp7c
x+EDv2j635Z5fLy1TVMtvgEpFBahvicQKLS3nsMReR7GaPzA8ePTAgMBAAE=
-----END RSA PUBLIC KEY-----
signing-key
-----BEGIN RSA PUBLIC KEY-----
MIGJAoGBAOGWFehBUWwavHVT4te5iN5+Z+i+KLi/LVjM4gZG7sCXSnlMZGRrPnKI
xZ4mWOlync8Hg8mUtW419jpAlfSwJOni85dwfV6VAXDhiU4K6FNsuEukrBXEMXsl
Cgf8TxisWjPPMY0w1h/ieMv/VOLM1wzThnRED/ZbsqHauaCPUvbDAgMBAAE=
-----END RSA PUBLIC KEY-----
hidden-service-dir
ntor-onion-key ihwfHyu11tWW1D2qcMxOBuTGLwhDPjX7iBgObl9/ZT8=
accept 206.117.25.79:10006
reject *:*
router-signature
-----BEGIN SIGNATURE-----
wl/hi38AEMtRZXwtuMsvOS/X6W8cvKNS0AqMXlu2WmlABD5p/KBWCV76zwZ/k609
D5R6j/EpjtIuDHHBTHXqPrIv1lhftPH2IO1TS5J7l1oMUiKhnE9+HHTfCfJ6JE0J
ONXQs5o9IWJyjhO7CnshBDYv2euFrKw2tb+z52pAa8E=
-----END SIGNATURE-----

'
Jan 12 12:53:52.000 [info] init_keys(): Dumping fingerprint to "/users/magesap/TorLatencyNormalizationFiles/ExperimentScripts/tingOnDeter/ting/tor/data/w/fingerprint"...
Jan 12 12:53:52.000 [notice] Your Tor server's identity key fingerprint is 'Unnamed 816DE0B6BD52C671B83859CE0715A8DE678F1583'
Jan 12 12:53:52.000 [debug] mp_pool_new(): Capacity is 244, item size is 536, alloc size is 130784
Jan 12 12:53:52.000 [info] Bootstrapped 0%: Starting.
Jan 12 12:53:52.000 [info] read_file_to_str(): Could not open "/users/magesap/TorLatencyNormalizationFiles/ExperimentScripts/tingOnDeter/ting/tor/data/w/cached-certs": No such file or directory
Jan 12 12:53:52.000 [info] read_file_to_str(): Could not open "/users/magesap/TorLatencyNormalizationFiles/ExperimentScripts/tingOnDeter/ting/tor/data/w/cached-consensus": No such file or directory
Jan 12 12:53:52.000 [info] read_file_to_str(): Could not open "/users/magesap/TorLatencyNormalizationFiles/ExperimentScripts/tingOnDeter/ting/tor/data/w/unverified-consensus": No such file or directory
Jan 12 12:53:52.000 [info] read_file_to_str(): Could not open "/users/magesap/TorLatencyNormalizationFiles/ExperimentScripts/tingOnDeter/ting/tor/data/w/cached-microdesc-consensus": No such file or directory
Jan 12 12:53:52.000 [info] read_file_to_str(): Could not open "/users/magesap/TorLatencyNormalizationFiles/ExperimentScripts/tingOnDeter/ting/tor/data/w/unverified-microdesc-consensus": No such file or directory
Jan 12 12:53:52.000 [info] tor_mmap_file(): Could not open "/users/magesap/TorLatencyNormalizationFiles/ExperimentScripts/tingOnDeter/ting/tor/data/w/cached-microdescs" for mmap(): No such file or directory
Jan 12 12:53:52.000 [info] read_file_to_str(): Could not open "/users/magesap/TorLatencyNormalizationFiles/ExperimentScripts/tingOnDeter/ting/tor/data/w/cached-microdescs.new": No such file or directory
Jan 12 12:53:52.000 [info] microdesc_cache_reload(): Reloaded microdescriptor cache. Found 0 descriptors.
Jan 12 12:53:52.000 [info] tor_mmap_file(): Could not open "/users/magesap/TorLatencyNormalizationFiles/ExperimentScripts/tingOnDeter/ting/tor/data/w/cached-descriptors" for mmap(): No such file or directory
Jan 12 12:53:52.000 [info] tor_mmap_file(): Could not open "/users/magesap/TorLatencyNormalizationFiles/ExperimentScripts/tingOnDeter/ting/tor/data/w/cached-extrainfo" for mmap(): No such file or directory
Jan 12 12:53:52.000 [info] I learned some more directory information, but not enough to build a circuit: We have no usable consensus.
Jan 12 12:53:52.000 [info] router_pick_published_address(): Success: chose address '206.117.25.79'.
Jan 12 12:53:52.000 [debug] spawn_cpuworker(): just spawned a cpu worker.
Jan 12 12:53:52.000 [debug] connection_add_impl(): new conn type CPU worker, socket 12, address localhost, n_conns 4.
Jan 12 12:53:52.000 [debug] spawn_cpuworker(): just spawned a cpu worker.
Jan 12 12:53:52.000 [debug] connection_add_impl(): new conn type CPU worker, socket 14, address localhost, n_conns 5.
Jan 12 12:53:52.000 [debug] spawn_cpuworker(): just spawned a cpu worker.
Jan 12 12:53:52.000 [debug] connection_add_impl(): new conn type CPU worker, socket 16, address localhost, n_conns 6.
Jan 12 12:53:52.000 [debug] spawn_cpuworker(): just spawned a cpu worker.
Jan 12 12:53:52.000 [debug] connection_add_impl(): new conn type CPU worker, socket 18, address localhost, n_conns 7.
Jan 12 12:53:53.000 [info] router_pick_published_address(): Success: chose address '206.117.25.79'.
Jan 12 12:53:53.000 [debug] resolve_my_address(): Resolved Address to '206.117.25.79'.
Jan 12 12:53:53.000 [info] update_consensus_networkstatus_downloads(): Launching ns networkstatus consensus download.
Jan 12 12:53:53.000 [info] router_pick_published_address(): Success: chose address '206.117.25.79'.
Jan 12 12:53:53.000 [info] router_pick_directory_server(): No reachable router entries for dirservers. Trying them all again.
Jan 12 12:53:53.000 [info] directory_pick_generic_dirserver(): No router found for consensus network-status fetch; falling back to dirserver list.
Jan 12 12:53:53.000 [info] router_pick_dirserver_generic(): No dirservers are reachable. Trying them all again.
Jan 12 12:53:53.000 [notice] While fetching directory info, no running dirservers known. Will try again later. (purpose 14)
Jan 12 12:53:53.000 [info] or_state_save(): Saved state to "/users/magesap/TorLatencyNormalizationFiles/ExperimentScripts/tingOnDeter/ting/tor/data/w/state"
Jan 12 12:54:04.000 [info] router_pick_published_address(): Success: chose address '206.117.25.79'.
Jan 12 12:54:15.000 [info] router_pick_published_address(): Success: chose address '206.117.25.79'.
Jan 12 12:54:26.000 [info] router_pick_published_address(): Success: chose address '206.117.25.79'.
Jan 12 12:54:37.000 [info] router_pick_published_address(): Success: chose address '206.117.25.79'.
Jan 12 12:54:48.000 [info] router_pick_published_address(): Success: chose address '206.117.25.79'.
Jan 12 12:54:54.000 [debug] resolve_my_address(): Resolved Address to '206.117.25.79'.
Jan 12 12:54:54.000 [info] update_consensus_networkstatus_downloads(): Launching ns networkstatus consensus download.
Jan 12 12:54:54.000 [info] router_pick_published_address(): Success: chose address '206.117.25.79'.
Jan 12 12:54:54.000 [info] router_pick_directory_server(): No reachable router entries for dirservers. Trying them all again.
Jan 12 12:54:54.000 [info] directory_pick_generic_dirserver(): No router found for consensus network-status fetch; falling back to dirserver list.
Jan 12 12:54:54.000 [info] router_pick_dirserver_generic(): No dirservers are reachable. Trying them all again.
Jan 12 12:54:54.000 [notice] While fetching directory info, no running dirservers known. Will try again later. (purpose 14)
Jan 12 12:54:59.000 [info] router_pick_published_address(): Success: chose address '206.117.25.79'.
Jan 12 12:55:10.000 [info] router_pick_published_address(): Success: chose address '206.117.25.79'.
Jan 12 12:55:21.000 [info] router_pick_published_address(): Success: chose address '206.117.25.79'.
Jan 12 12:55:32.000 [info] router_pick_published_address(): Success: chose address '206.117.25.79'.
Jan 12 12:55:43.000 [info] router_pick_published_address(): Success: chose address '206.117.25.79'.
Jan 12 12:55:47.000 [info] dns_launch_wildcard_checks(): Launching checks to see whether our nameservers like to hijack DNS failures.
Jan 12 12:55:47.000 [info] launch_wildcard_check(): Testing whether our DNS server is hijacking nonexistent domains with request for bogus hostname "qrcgg4mfc.invalid"
Jan 12 12:55:47.000 [info] evdns_log_cb(): eventdns: Resolve requested.
Jan 12 12:55:47.000 [info] eventdns: Setting timeout for request 0x561ac3ac2db0, sent to nameserver 0x561ac3ab2720
Jan 12 12:55:47.000 [info] launch_wildcard_check(): Testing whether our DNS server is hijacking nonexistent domains with request for bogus hostname "5ec2.test"
Jan 12 12:55:47.000 [info] evdns_log_cb(): eventdns: Resolve requested.
Jan 12 12:55:47.000 [info] eventdns: Setting timeout for request 0x561ac3ac2930, sent to nameserver 0x561ac3ab2720
Jan 12 12:55:47.000 [info] launch_wildcard_check(): Testing whether our DNS server is hijacking nonexistent domains with request for bogus hostname "yyvfsj4cntx4ka"
Jan 12 12:55:47.000 [info] evdns_log_cb(): eventdns: Resolve requested.
Jan 12 12:55:47.000 [info] eventdns: Setting timeout for request 0x561ac3ac31c0, sent to nameserver 0x561ac3ab2720
Jan 12 12:55:47.000 [info] launch_wildcard_check(): Testing whether our DNS server is hijacking nonexistent domains with request for bogus hostname "fnhjdigkgzqvngi.com"
Jan 12 12:55:47.000 [info] evdns_log_cb(): eventdns: Resolve requested.
Jan 12 12:55:47.000 [info] eventdns: Setting timeout for request 0x561ac3ac3330, sent to nameserver 0x561ac3ab2720
Jan 12 12:55:47.000 [info] launch_wildcard_check(): Testing whether our DNS server is hijacking nonexistent domains with request for bogus hostname "njgy5vdkild2.org"
Jan 12 12:55:47.000 [info] evdns_log_cb(): eventdns: Resolve requested.
Jan 12 12:55:47.000 [info] eventdns: Setting timeout for request 0x561ac3ac34a0, sent to nameserver 0x561ac3ab2720
Jan 12 12:55:47.000 [info] launch_wildcard_check(): Testing whether our DNS server is hijacking nonexistent domains with request for bogus hostname "i7arh2v46km.net"
Jan 12 12:55:47.000 [info] evdns_log_cb(): eventdns: Resolve requested.
Jan 12 12:55:47.000 [info] eventdns: Setting timeout for request 0x561ac3ac3610, sent to nameserver 0x561ac3ab2720
Jan 12 12:55:47.000 [info] launch_wildcard_check(): Testing whether our DNS server is hijacking nonexistent domains with request for bogus hostname "wmy4whnw4rcjaow.invalid"
Jan 12 12:55:47.000 [info] evdns_log_cb(): eventdns: Resolve requested.
Jan 12 12:55:47.000 [info] eventdns: Setting timeout for request 0x561ac3ac3780, sent to nameserver 0x561ac3ab2720
Jan 12 12:55:47.000 [info] launch_wildcard_check(): Testing whether our DNS server is hijacking nonexistent domains with request for bogus hostname "cmxnd6vwhiwvjo4v.test"
Jan 12 12:55:47.000 [info] evdns_log_cb(): eventdns: Resolve requested.
Jan 12 12:55:47.000 [info] eventdns: Setting timeout for request 0x561ac3ac38f0, sent to nameserver 0x561ac3ab2720
Jan 12 12:55:47.000 [info] launch_wildcard_check(): Testing whether our DNS server is hijacking nonexistent domains with request for bogus hostname "ojzkdimmkbgq"
Jan 12 12:55:47.000 [info] evdns_log_cb(): eventdns: Resolve requested.
Jan 12 12:55:47.000 [info] eventdns: Setting timeout for request 0x561ac3ac3a60, sent to nameserver 0x561ac3ab2720
Jan 12 12:55:47.000 [info] launch_wildcard_check(): Testing whether our DNS server is hijacking nonexistent domains with request for bogus hostname "ar2stmxxv.com"
Jan 12 12:55:47.000 [info] evdns_log_cb(): eventdns: Resolve requested.
Jan 12 12:55:47.000 [info] eventdns: Setting timeout for request 0x561ac3ac3bd0, sent to nameserver 0x561ac3ab2720
Jan 12 12:55:47.000 [info] launch_wildcard_check(): Testing whether our DNS server is hijacking nonexistent domains with request for bogus hostname "gww365q3h.org"
Jan 12 12:55:47.000 [info] evdns_log_cb(): eventdns: Resolve requested.
Jan 12 12:55:47.000 [info] eventdns: Setting timeout for request 0x561ac3ac3d40, sent to nameserver 0x561ac3ab2720
Jan 12 12:55:47.000 [info] launch_wildcard_check(): Testing whether our DNS server is hijacking nonexistent domains with request for bogus hostname "vq42nphzhgo.net"
Jan 12 12:55:47.000 [info] evdns_log_cb(): eventdns: Resolve requested.
Jan 12 12:55:47.000 [info] eventdns: Setting timeout for request 0x561ac3ac3f20, sent to nameserver 0x561ac3ab2720
Jan 12 12:55:47.000 [info] launch_wildcard_check(): Testing whether our DNS server is hijacking nonexistent domains with request for bogus hostname "66tn4yr.invalid"
Jan 12 12:55:47.000 [info] evdns_log_cb(): eventdns: Resolve requested.
Jan 12 12:55:47.000 [info] eventdns: Setting timeout for request 0x561ac3ac4100, sent to nameserver 0x561ac3ab2720
Jan 12 12:55:47.000 [info] launch_wildcard_check(): Testing whether our DNS server is hijacking nonexistent domains with request for bogus hostname "clxl6qppayahh.test"
Jan 12 12:55:47.000 [info] evdns_log_cb(): eventdns: Resolve requested.
Jan 12 12:55:47.000 [info] eventdns: Setting timeout for request 0x561ac3ac42e0, sent to nameserver 0x561ac3ab2720
Jan 12 12:55:47.000 [info] launch_wildcard_check(): Testing whether our DNS server is hijacking nonexistent domains with request for bogus hostname "icltrpl3"
Jan 12 12:55:47.000 [info] evdns_log_cb(): eventdns: Resolve requested.
Jan 12 12:55:47.000 [info] eventdns: Setting timeout for request 0x561ac3ac4490, sent to nameserver 0x561ac3ab2720
Jan 12 12:55:47.000 [info] launch_wildcard_check(): Testing whether our DNS server is hijacking nonexistent domains with request for bogus hostname "ych5hwpg75ok34.com"
Jan 12 12:55:47.000 [info] evdns_log_cb(): eventdns: Resolve requested.
Jan 12 12:55:47.000 [info] eventdns: Setting timeout for request 0x561ac3ac4660, sent to nameserver 0x561ac3ab2720
Jan 12 12:55:47.000 [info] launch_wildcard_check(): Testing whether our DNS server is hijacking nonexistent domains with request for bogus hostname "j556nmgse.org"
Jan 12 12:55:47.000 [info] evdns_log_cb(): eventdns: Resolve requested.
Jan 12 12:55:47.000 [info] eventdns: Setting timeout for request 0x561ac3ac48e0, sent to nameserver 0x561ac3ab2720
Jan 12 12:55:47.000 [info] launch_wildcard_check(): Testing whether our DNS server is hijacking nonexistent domains with request for bogus hostname "bu6wralekta.net"
Jan 12 12:55:47.000 [info] evdns_log_cb(): eventdns: Resolve requested.
Jan 12 12:55:47.000 [info] eventdns: Setting timeout for request 0x561ac3ac4ac0, sent to nameserver 0x561ac3ab2720
Jan 12 12:55:47.000 [info] launch_wildcard_check(): Testing whether our DNS server is hijacking nonexistent domains with request for bogus hostname "fpgq4wqlid4x5moz.invalid"
Jan 12 12:55:47.000 [info] evdns_log_cb(): eventdns: Resolve requested.
Jan 12 12:55:47.000 [info] eventdns: Setting timeout for request 0x561ac3ac4ca0, sent to nameserver 0x561ac3ab2720
Jan 12 12:55:47.000 [info] launch_wildcard_check(): Testing whether our DNS server is hijacking nonexistent domains with request for bogus hostname "ir.test"
Jan 12 12:55:47.000 [info] evdns_log_cb(): eventdns: Resolve requested.
Jan 12 12:55:47.000 [info] eventdns: Setting timeout for request 0x561ac3ac4e50, sent to nameserver 0x561ac3ab2720
Jan 12 12:55:47.000 [info] launch_wildcard_check(): Testing whether our DNS server is hijacking nonexistent domains with request for bogus hostname "xjrqjmcqmktqd"
Jan 12 12:55:47.000 [info] evdns_log_cb(): eventdns: Resolve requested.
Jan 12 12:55:47.000 [info] eventdns: Setting timeout for request 0x561ac3ac5020, sent to nameserver 0x561ac3ab2720
Jan 12 12:55:47.000 [info] launch_wildcard_check(): Testing whether our DNS server is hijacking nonexistent domains with request for bogus hostname "xayecuqvrs6y73jn.com"
Jan 12 12:55:47.000 [info] evdns_log_cb(): eventdns: Resolve requested.
Jan 12 12:55:47.000 [info] eventdns: Setting timeout for request 0x561ac3ac5200, sent to nameserver 0x561ac3ab2720
Jan 12 12:55:47.000 [info] launch_wildcard_check(): Testing whether our DNS server is hijacking nonexistent domains with request for bogus hostname "66v34zmv6mnakpu.org"
Jan 12 12:55:47.000 [info] evdns_log_cb(): eventdns: Resolve requested.
Jan 12 12:55:47.000 [info] eventdns: Setting timeout for request 0x561ac3ac53e0, sent to nameserver 0x561ac3ab2720
Jan 12 12:55:47.000 [info] launch_wildcard_check(): Testing whether our DNS server is hijacking nonexistent domains with request for bogus hostname "mr2ethrtj3vxb.net"
Jan 12 12:55:47.000 [info] evdns_log_cb(): eventdns: Resolve requested.
Jan 12 12:55:47.000 [info] eventdns: Setting timeout for request 0x561ac3ac55c0, sent to nameserver 0x561ac3ab2720
Jan 12 12:55:47.000 [info] eventdns: Removing timeout for request 0x561ac3ac3d40
Jan 12 12:55:47.000 [info] eventdns: Removing timeout for request 0x561ac3ac53e0
Jan 12 12:55:47.000 [info] eventdns: Removing timeout for request 0x561ac3ac48e0
Jan 12 12:55:47.000 [info] eventdns: Removing timeout for request 0x561ac3ac34a0
Jan 12 12:55:47.000 [info] eventdns: Removing timeout for request 0x561ac3ac3610
Jan 12 12:55:47.000 [info] eventdns: Removing timeout for request 0x561ac3ac4660
Jan 12 12:55:47.000 [info] eventdns: Removing timeout for request 0x561ac3ac3bd0
Jan 12 12:55:47.000 [info] eventdns: Removing timeout for request 0x561ac3ac3330
Jan 12 12:55:47.000 [info] eventdns: Removing timeout for request 0x561ac3ac4ac0
Jan 12 12:55:47.000 [info] eventdns: Removing timeout for request 0x561ac3ac3f20
Jan 12 12:55:47.000 [info] eventdns: Removing timeout for request 0x561ac3ac55c0
Jan 12 12:55:47.000 [info] eventdns: Removing timeout for request 0x561ac3ac5200
Jan 12 12:55:47.000 [info] eventdns: Removing timeout for request 0x561ac3ac5020
Jan 12 12:55:47.000 [info] eventdns: Removing timeout for request 0x561ac3ac2930
Jan 12 12:55:47.000 [info] eventdns: Removing timeout for request 0x561ac3ac4ca0
Jan 12 12:55:47.000 [info] eventdns: Removing timeout for request 0x561ac3ac42e0
Jan 12 12:55:47.000 [info] eventdns: Removing timeout for request 0x561ac3ac3a60
Jan 12 12:55:47.000 [info] eventdns: Removing timeout for request 0x561ac3ac31c0
Jan 12 12:55:47.000 [info] eventdns: Removing timeout for request 0x561ac3ac2db0
Jan 12 12:55:47.000 [info] eventdns: Removing timeout for request 0x561ac3ac4100
Jan 12 12:55:47.000 [info] eventdns: Removing timeout for request 0x561ac3ac4e50
Jan 12 12:55:47.000 [info] eventdns: Removing timeout for request 0x561ac3ac38f0
Jan 12 12:55:48.000 [info] eventdns: Removing timeout for request 0x561ac3ac3780
Jan 12 12:55:48.000 [info] eventdns: Removing timeout for request 0x561ac3ac4490
Jan 12 12:55:54.000 [info] router_pick_published_address(): Success: chose address '206.117.25.79'.
Jan 12 12:55:55.000 [debug] resolve_my_address(): Resolved Address to '206.117.25.79'.
Jan 12 12:55:55.000 [info] update_consensus_networkstatus_downloads(): Launching ns networkstatus consensus download.
Jan 12 12:55:55.000 [info] router_pick_published_address(): Success: chose address '206.117.25.79'.
Jan 12 12:55:55.000 [info] router_pick_directory_server(): No reachable router entries for dirservers. Trying them all again.
Jan 12 12:55:55.000 [info] directory_pick_generic_dirserver(): No router found for consensus network-status fetch; falling back to dirserver list.
Jan 12 12:55:55.000 [info] router_pick_dirserver_generic(): No dirservers are reachable. Trying them all again.
Jan 12 12:55:55.000 [notice] While fetching directory info, no running dirservers known. Will try again later. (purpose 14)
Jan 12 12:56:05.000 [info] router_pick_published_address(): Success: chose address '206.117.25.79'.
Jan 12 12:56:16.000 [info] router_pick_published_address(): Success: chose address '206.117.25.79'.
Jan 12 12:56:17.000 [info] launch_test_addresses(): Launching checks to see whether our nameservers like to hijack *everything*.
Jan 12 12:56:17.000 [info] evdns_log_cb(): eventdns: Resolve requested.
Jan 12 12:56:17.000 [info] eventdns: Setting timeout for request 0x561ac3ac53e0, sent to nameserver 0x561ac3ab2720
Jan 12 12:56:17.000 [info] evdns_log_cb(): eventdns: Resolve requested.
Jan 12 12:56:17.000 [info] eventdns: Setting timeout for request 0x561ac3ac48e0, sent to nameserver 0x561ac3ab2720
Jan 12 12:56:17.000 [info] evdns_log_cb(): eventdns: Resolve requested.
Jan 12 12:56:17.000 [info] eventdns: Setting timeout for request 0x561ac3ac4660, sent to nameserver 0x561ac3ab2720
Jan 12 12:56:17.000 [info] evdns_log_cb(): eventdns: Resolve requested.
Jan 12 12:56:17.000 [info] eventdns: Setting timeout for request 0x561ac3ac4ac0, sent to nameserver 0x561ac3ab2720
Jan 12 12:56:17.000 [info] evdns_log_cb(): eventdns: Resolve requested.
Jan 12 12:56:17.000 [info] eventdns: Setting timeout for request 0x561ac3ac3f20, sent to nameserver 0x561ac3ab2720
Jan 12 12:56:17.000 [info] evdns_log_cb(): eventdns: Resolve requested.
Jan 12 12:56:17.000 [info] eventdns: Setting timeout for request 0x561ac3ac55c0, sent to nameserver 0x561ac3ab2720
Jan 12 12:56:17.000 [info] evdns_log_cb(): eventdns: Resolve requested.
Jan 12 12:56:17.000 [info] eventdns: Setting timeout for request 0x561ac3ac5200, sent to nameserver 0x561ac3ab2720
Jan 12 12:56:17.000 [info] evdns_log_cb(): eventdns: Resolve requested.
Jan 12 12:56:17.000 [info] eventdns: Setting timeout for request 0x561ac3ac5020, sent to nameserver 0x561ac3ab2720
Jan 12 12:56:17.000 [info] eventdns: Removing timeout for request 0x561ac3ac53e0
Jan 12 12:56:17.000 [info] eventdns: Removing timeout for request 0x561ac3ac48e0
Jan 12 12:56:17.000 [debug] evdns_callback(): eventdns said that [scrubbed] resolves to [scrubbed]
Jan 12 12:56:17.000 [debug] evdns_callback(): eventdns said that [scrubbed] resolves to [scrubbed]
Jan 12 12:56:17.000 [info] eventdns: Removing timeout for request 0x561ac3ac5020
Jan 12 12:56:17.000 [info] eventdns: Removing timeout for request 0x561ac3ac5200
Jan 12 12:56:17.000 [debug] evdns_callback(): eventdns said that [scrubbed] resolves to [scrubbed]
Jan 12 12:56:17.000 [info] eventdns: Removing timeout for request 0x561ac3ac3f20
Jan 12 12:56:17.000 [info] eventdns: Removing timeout for request 0x561ac3ac55c0
Jan 12 12:56:17.000 [debug] evdns_callback(): eventdns said that [scrubbed] resolves to [scrubbed]
Jan 12 12:56:17.000 [debug] evdns_callback(): eventdns said that [scrubbed] resolves to [scrubbed]
Jan 12 12:56:17.000 [info] eventdns: Removing timeout for request 0x561ac3ac4660
Jan 12 12:56:17.000 [debug] evdns_callback(): eventdns said that [scrubbed] resolves to [scrubbed]
Jan 12 12:56:18.000 [info] eventdns: Removing timeout for request 0x561ac3ac4ac0
Jan 12 12:56:18.000 [debug] evdns_callback(): eventdns said that [scrubbed] resolves to [scrubbed]
Jan 12 12:56:27.000 [info] router_pick_published_address(): Success: chose address '206.117.25.79'.
Jan 12 12:56:38.000 [info] router_pick_published_address(): Success: chose address '206.117.25.79'.
Jan 12 12:56:49.000 [info] router_pick_published_address(): Success: chose address '206.117.25.79'.
Jan 12 12:56:56.000 [debug] resolve_my_address(): Resolved Address to '206.117.25.79'.
Jan 12 12:56:56.000 [info] update_consensus_networkstatus_downloads(): Launching ns networkstatus consensus download.
Jan 12 12:56:56.000 [info] router_pick_published_address(): Success: chose address '206.117.25.79'.
Jan 12 12:56:56.000 [info] router_pick_directory_server(): No reachable router entries for dirservers. Trying them all again.
Jan 12 12:56:56.000 [info] directory_pick_generic_dirserver(): No router found for consensus network-status fetch; falling back to dirserver list.
Jan 12 12:56:56.000 [info] router_pick_dirserver_generic(): No dirservers are reachable. Trying them all again.
Jan 12 12:56:56.000 [notice] While fetching directory info, no running dirservers known. Will try again later. (purpose 14)
Jan 12 12:57:00.000 [info] router_pick_published_address(): Success: chose address '206.117.25.79'.
Jan 12 12:57:11.000 [info] router_pick_published_address(): Success: chose address '206.117.25.79'.
Jan 12 12:57:13.000 [notice] Interrupt: we have stopped accepting new connections, and will shut down in 30 seconds. Interrupt again to exit now.
Jan 12 12:57:13.000 [debug] conn_close_if_marked(): Cleaning up connection (fd 6).
Jan 12 12:57:13.000 [debug] connection_remove(): removing socket 6 (type Socks listener), n_conns now 7
Jan 12 12:57:13.000 [debug] connection_free_(): closing fd 6.
Jan 12 12:57:13.000 [debug] conn_close_if_marked(): Cleaning up connection (fd 8).
Jan 12 12:57:13.000 [debug] connection_remove(): removing socket 8 (type OR listener), n_conns now 6
Jan 12 12:57:13.000 [debug] connection_free_(): closing fd 8.
Jan 12 12:57:14.000 [notice] SIGINT received a second time; exiting now.
Jan 12 12:57:14.000 [info] or_state_save(): Saved state to "/users/magesap/TorLatencyNormalizationFiles/ExperimentScripts/tingOnDeter/ting/tor/data/w/state"
Jan 12 12:57:14.000 [debug] channel_tls_free_all(): Shutting down TLS channels...
Jan 12 12:57:14.000 [debug] channel_tls_free_all(): Done shutting down TLS channels
Jan 12 12:57:14.000 [debug] channel_free_all(): Shutting down channels...
Jan 12 12:57:14.000 [debug] channel_free_all(): Freeing channel_identity_map
Jan 12 12:57:14.000 [debug] channel_free_all(): Done cleaning up after channels
Jan 12 12:57:14.000 [debug] connection_free_(): closing fd 18.
Jan 12 12:57:14.000 [debug] connection_free_(): closing fd 7.
Jan 12 12:57:14.000 [info] cpuworker_main(): read request failed. Exiting.
Jan 12 12:57:14.000 [debug] connection_free_(): closing fd 16.
Jan 12 12:57:14.000 [debug] connection_free_(): closing fd 12.
Jan 12 12:57:14.000 [debug] connection_free_(): closing fd 14.
Jan 12 12:57:14.000 [info] buf_shrink_freelists(): Cleaned freelist for 4096-byte chunks: original length 0, kept 0, dropped 0.
Jan 12 12:57:14.000 [info] buf_shrink_freelists(): Cleaned freelist for 8192-byte chunks: original length 0, kept 0, dropped 0.
Jan 12 12:57:14.000 [info] buf_shrink_freelists(): Cleaned freelist for 16384-byte chunks: original length 0, kept 0, dropped 0.
Jan 12 12:57:14.000 [info] cpuworker_main(): read request failed. Exiting.
Jan 12 12:57:14.000 [info] cpuworker_main(): read request failed. Exiting.
Jan 12 12:57:14.000 [info] buf_shrink_freelists(): Cleaned freelist for 32768-byte chunks: original length 0, kept 0, dropped 0.
Jan 12 12:57:14.000 [info] cpuworker_main(): read request failed. Exiting.
Jan 12 12:57:14.000 [info] tor_lockfile_unlock(): Unlocking "/users/magesap/TorLatencyNormalizationFiles/ExperimentScripts/tingOnDeter/ting/tor/data/w/lock"
Jan 12 12:57:15.000 [notice] Tor 0.2.4.22 (git-2ee56e4c2c841a45) opening log file.
Jan 12 12:57:15.000 [debug] tor_disable_debugger_attach(): Attemping to disable debugger attachment to Tor for unprivileged users.
Jan 12 12:57:15.000 [debug] tor_disable_debugger_attach(): Debugger attachment disabled for unprivileged users.
Jan 12 12:57:15.000 [info] tor_lockfile_lock(): Locking "/users/magesap/TorLatencyNormalizationFiles/ExperimentScripts/tingOnDeter/ting/tor/data/w/lock"
Jan 12 12:57:15.000 [debug] parse_dir_authority_line(): Trusted 2 dirserver at 204.13.164.118:443 (24E2F139121D4394C54B5BCC368B3B411857C413)
Jan 12 12:57:15.000 [info] or_state_load(): Loaded state from "/users/magesap/TorLatencyNormalizationFiles/ExperimentScripts/tingOnDeter/ting/tor/data/w/state"
Jan 12 12:57:15.000 [debug] circuit_build_times_disabled(): CircuitBuildTime learning is disabled. Consensus=0, Config=1, AuthDir=0, StateFile=0
Jan 12 12:57:15.000 [debug] circuit_build_times_min_timeout(): Bug: circuit_build_times_min_timeout() called, cbtmintimeout is 1500
Jan 12 12:57:15.000 [debug] circuit_build_times_initial_timeout(): Bug: circuit_build_times_initial_timeout() called, cbtinitialtimeout is 60000
Jan 12 12:57:15.000 [debug] circuit_build_times_disabled(): CircuitBuildTime learning is disabled. Consensus=0, Config=1, AuthDir=0, StateFile=0
Jan 12 12:57:15.000 [info] read_file_to_str(): Could not open "/users/magesap/TorLatencyNormalizationFiles/ExperimentScripts/tingOnDeter/ting/tor/data/w/router-stability": No such file or directory
Jan 12 12:57:15.000 [info] cell_ewma_set_scale_factor(): Disabled cell_ewma algorithm because of value in Default value
Jan 12 12:57:15.000 [info] geoip_load_file(): Failed to open GEOIP file /usr/local/share/tor/geoip.  
Jan 12 12:57:15.000 [info] geoip_load_file(): Failed to open GEOIP file /usr/local/share/tor/geoip6.  
Jan 12 12:57:15.000 [info] mark_my_descriptor_dirty(): Decided to publish new relay descriptor: config change
Jan 12 12:57:15.000 [info] crypto_global_init(): OpenSSL version matches version from headers (1000207f: OpenSSL 1.0.2g  1 Mar 2016).
Jan 12 12:57:15.000 [info] crypto_global_init(): NOT using OpenSSL engine support.
Jan 12 12:57:15.000 [info] evaluate_evp_for_aes(): This version of OpenSSL has a known-good EVP counter-mode implementation. Using it.
Jan 12 12:57:15.000 [info] crypto_strongest_rand(): Reading entropy from "/dev/urandom"
Jan 12 12:57:15.000 [info] configure_nameservers(): Parsing resolver configuration in '/etc/resolv.conf'
Jan 12 12:57:15.000 [info] eventdns: Parsing resolv.conf file /etc/resolv.conf
Jan 12 12:57:15.000 [info] eventdns: Added nameserver 192.168.252.1:53 as 0x55c0ddc45720
Jan 12 12:57:15.000 [info] eventdns: Setting maximum allowed timeouts to 16
Jan 12 12:57:15.000 [info] eventdns: Setting timeout to 10
Jan 12 12:57:15.000 [info] init_keys(): Reading/making identity key "/users/magesap/TorLatencyNormalizationFiles/ExperimentScripts/tingOnDeter/ting/tor/data/w/keys/secret_id_key"...
Jan 12 12:57:15.000 [info] init_keys(): Reading/making onion key "/users/magesap/TorLatencyNormalizationFiles/ExperimentScripts/tingOnDeter/ting/tor/data/w/keys/secret_onion_key"...
Jan 12 12:57:15.000 [info] mark_my_descriptor_dirty(): Decided to publish new relay descriptor: set onion key
Jan 12 12:57:15.000 [info] tor_tls_init(): OpenSSL OpenSSL 1.0.2g  1 Mar 2016 looks like version 0.9.8m or later; I will try SSL_OP to enable renegotiation
Jan 12 12:57:15.000 [debug] resolve_my_address(): Resolved Address to '206.117.25.79'.
Jan 12 12:57:15.000 [info] router_pick_published_address(): Success: chose address '206.117.25.79'.
Jan 12 12:57:15.000 [info] router_rebuild_descriptor(): Rebuilding relay descriptor
Jan 12 12:57:15.000 [debug] parse_addr_policy(): Adding new entry 'reject *6:*'
Jan 12 12:57:15.000 [debug] parse_addr_policy(): Adding new entry 'accept 206.117.25.79:10006'
Jan 12 12:57:15.000 [debug] parse_addr_policy(): Adding new entry 'reject *:*'
Jan 12 12:57:15.000 [debug] parse_addr_policy(): Adding new entry 'reject *:25'
Jan 12 12:57:15.000 [debug] parse_addr_policy(): Adding new entry 'reject *:119'
Jan 12 12:57:15.000 [debug] parse_addr_policy(): Adding new entry 'reject *:135-139'
Jan 12 12:57:15.000 [debug] parse_addr_policy(): Adding new entry 'reject *:445'
Jan 12 12:57:15.000 [debug] parse_addr_policy(): Adding new entry 'reject *:563'
Jan 12 12:57:15.000 [debug] parse_addr_policy(): Adding new entry 'reject *:1214'
Jan 12 12:57:15.000 [debug] parse_addr_policy(): Adding new entry 'reject *:4661-4666'
Jan 12 12:57:15.000 [debug] parse_addr_policy(): Adding new entry 'reject *:6346-6429'
Jan 12 12:57:15.000 [debug] parse_addr_policy(): Adding new entry 'reject *:6699'
Jan 12 12:57:15.000 [debug] parse_addr_policy(): Adding new entry 'reject *:6881-6999'
Jan 12 12:57:15.000 [debug] parse_addr_policy(): Adding new entry 'accept *:*'
Jan 12 12:57:15.000 [info] extrainfo_dump_to_string(): Adding stats to extra-info descriptor.
Jan 12 12:57:15.000 [debug] router_get_my_descriptor(): my desc is 'router Unnamed 206.117.25.79 10004 0 0
platform Tor 0.2.4.22 on Linux
protocols Link 1 2 Circuit 1
published 2023-01-12 20:57:15
fingerprint 816D E0B6 BD52 C671 B838 59CE 0715 A8DE 678F 1583
uptime 0
bandwidth 1073741824 1073741824 0
extra-info-digest 0E8692109043D1D3159A5A19D51F27D3B3E210F4
caches-extra-info
onion-key
-----BEGIN RSA PUBLIC KEY-----
MIGJAoGBAMTBhtB+nS8IYRJ1msSa/LLrl4ysPR6vRHzVmgdXJlJ4SdkSByMbHU30
YZpWcv378RYBJzCimg6g/uPiCkzfOeQmGi99HYEVDkBT2YqaAgWSAv044jY5fp7c
x+EDv2j635Z5fLy1TVMtvgEpFBahvicQKLS3nsMReR7GaPzA8ePTAgMBAAE=
-----END RSA PUBLIC KEY-----
signing-key
-----BEGIN RSA PUBLIC KEY-----
MIGJAoGBAOGWFehBUWwavHVT4te5iN5+Z+i+KLi/LVjM4gZG7sCXSnlMZGRrPnKI
xZ4mWOlync8Hg8mUtW419jpAlfSwJOni85dwfV6VAXDhiU4K6FNsuEukrBXEMXsl
Cgf8TxisWjPPMY0w1h/ieMv/VOLM1wzThnRED/ZbsqHauaCPUvbDAgMBAAE=
-----END RSA PUBLIC KEY-----
hidden-service-dir
ntor-onion-key ihwfHyu11tWW1D2qcMxOBuTGLwhDPjX7iBgObl9/ZT8=
accept 206.117.25.79:10006
reject *:*
router-signature
-----BEGIN SIGNATURE-----
WlCGD3uIc08otwvGkemKQnaBS42zaTQLcbihW0PolIr8Hx1CAY9PzhnuCXY00bN3
tnq1HBc296q/FVLGp8to81CenHw0IFPxTV6coXewJ1cCsyxMY/yBuHWt8Pq3XFc6
aCzmPF2dtAouEEDkbXqL+Bdl7hRpT1c5p8Zlijnw9ys=
-----END SIGNATURE-----

'
Jan 12 12:57:15.000 [info] init_keys(): Dumping fingerprint to "/users/magesap/TorLatencyNormalizationFiles/ExperimentScripts/tingOnDeter/ting/tor/data/w/fingerprint"...
Jan 12 12:57:15.000 [notice] Your Tor server's identity key fingerprint is 'Unnamed 816DE0B6BD52C671B83859CE0715A8DE678F1583'
Jan 12 12:57:15.000 [debug] mp_pool_new(): Capacity is 244, item size is 536, alloc size is 130784
Jan 12 12:57:15.000 [info] Bootstrapped 0%: Starting.
Jan 12 12:57:15.000 [info] read_file_to_str(): Could not open "/users/magesap/TorLatencyNormalizationFiles/ExperimentScripts/tingOnDeter/ting/tor/data/w/cached-certs": No such file or directory
Jan 12 12:57:15.000 [info] read_file_to_str(): Could not open "/users/magesap/TorLatencyNormalizationFiles/ExperimentScripts/tingOnDeter/ting/tor/data/w/cached-consensus": No such file or directory
Jan 12 12:57:15.000 [info] read_file_to_str(): Could not open "/users/magesap/TorLatencyNormalizationFiles/ExperimentScripts/tingOnDeter/ting/tor/data/w/unverified-consensus": No such file or directory
Jan 12 12:57:15.000 [info] read_file_to_str(): Could not open "/users/magesap/TorLatencyNormalizationFiles/ExperimentScripts/tingOnDeter/ting/tor/data/w/cached-microdesc-consensus": No such file or directory
Jan 12 12:57:15.000 [info] read_file_to_str(): Could not open "/users/magesap/TorLatencyNormalizationFiles/ExperimentScripts/tingOnDeter/ting/tor/data/w/unverified-microdesc-consensus": No such file or directory
Jan 12 12:57:15.000 [info] tor_mmap_file(): Could not open "/users/magesap/TorLatencyNormalizationFiles/ExperimentScripts/tingOnDeter/ting/tor/data/w/cached-microdescs" for mmap(): No such file or directory
Jan 12 12:57:15.000 [info] read_file_to_str(): Could not open "/users/magesap/TorLatencyNormalizationFiles/ExperimentScripts/tingOnDeter/ting/tor/data/w/cached-microdescs.new": No such file or directory
Jan 12 12:57:15.000 [info] microdesc_cache_reload(): Reloaded microdescriptor cache. Found 0 descriptors.
Jan 12 12:57:15.000 [info] tor_mmap_file(): Could not open "/users/magesap/TorLatencyNormalizationFiles/ExperimentScripts/tingOnDeter/ting/tor/data/w/cached-descriptors" for mmap(): No such file or directory
Jan 12 12:57:15.000 [info] tor_mmap_file(): Could not open "/users/magesap/TorLatencyNormalizationFiles/ExperimentScripts/tingOnDeter/ting/tor/data/w/cached-extrainfo" for mmap(): No such file or directory
Jan 12 12:57:15.000 [info] I learned some more directory information, but not enough to build a circuit: We have no usable consensus.
Jan 12 12:57:15.000 [info] router_pick_published_address(): Success: chose address '206.117.25.79'.
Jan 12 12:57:15.000 [debug] spawn_cpuworker(): just spawned a cpu worker.
Jan 12 12:57:15.000 [debug] connection_add_impl(): new conn type CPU worker, socket 12, address localhost, n_conns 4.
Jan 12 12:57:15.000 [debug] spawn_cpuworker(): just spawned a cpu worker.
Jan 12 12:57:15.000 [debug] connection_add_impl(): new conn type CPU worker, socket 14, address localhost, n_conns 5.
Jan 12 12:57:15.000 [debug] spawn_cpuworker(): just spawned a cpu worker.
Jan 12 12:57:15.000 [debug] connection_add_impl(): new conn type CPU worker, socket 16, address localhost, n_conns 6.
Jan 12 12:57:15.000 [debug] spawn_cpuworker(): just spawned a cpu worker.
Jan 12 12:57:15.000 [debug] connection_add_impl(): new conn type CPU worker, socket 18, address localhost, n_conns 7.
Jan 12 12:57:16.000 [info] router_pick_published_address(): Success: chose address '206.117.25.79'.
Jan 12 12:57:16.000 [debug] resolve_my_address(): Resolved Address to '206.117.25.79'.
Jan 12 12:57:16.000 [info] update_consensus_networkstatus_downloads(): Launching ns networkstatus consensus download.
Jan 12 12:57:16.000 [info] router_pick_published_address(): Success: chose address '206.117.25.79'.
Jan 12 12:57:16.000 [info] router_pick_directory_server(): No reachable router entries for dirservers. Trying them all again.
Jan 12 12:57:16.000 [info] directory_pick_generic_dirserver(): No router found for consensus network-status fetch; falling back to dirserver list.
Jan 12 12:57:16.000 [info] router_pick_dirserver_generic(): No dirservers are reachable. Trying them all again.
Jan 12 12:57:16.000 [notice] While fetching directory info, no running dirservers known. Will try again later. (purpose 14)
Jan 12 12:57:16.000 [info] or_state_save(): Saved state to "/users/magesap/TorLatencyNormalizationFiles/ExperimentScripts/tingOnDeter/ting/tor/data/w/state"
Jan 12 12:57:27.000 [info] router_pick_published_address(): Success: chose address '206.117.25.79'.
Jan 12 12:57:38.000 [info] router_pick_published_address(): Success: chose address '206.117.25.79'.
Jan 12 12:57:49.000 [info] router_pick_published_address(): Success: chose address '206.117.25.79'.
Jan 12 12:58:00.000 [info] router_pick_published_address(): Success: chose address '206.117.25.79'.
Jan 12 12:58:11.000 [info] router_pick_published_address(): Success: chose address '206.117.25.79'.
Jan 12 12:58:17.000 [debug] resolve_my_address(): Resolved Address to '206.117.25.79'.
Jan 12 12:58:17.000 [info] update_consensus_networkstatus_downloads(): Launching ns networkstatus consensus download.
Jan 12 12:58:17.000 [info] router_pick_published_address(): Success: chose address '206.117.25.79'.
Jan 12 12:58:17.000 [info] router_pick_directory_server(): No reachable router entries for dirservers. Trying them all again.
Jan 12 12:58:17.000 [info] directory_pick_generic_dirserver(): No router found for consensus network-status fetch; falling back to dirserver list.
Jan 12 12:58:17.000 [info] router_pick_dirserver_generic(): No dirservers are reachable. Trying them all again.
Jan 12 12:58:17.000 [notice] While fetching directory info, no running dirservers known. Will try again later. (purpose 14)
Jan 12 12:58:22.000 [info] router_pick_published_address(): Success: chose address '206.117.25.79'.
Jan 12 12:58:33.000 [info] router_pick_published_address(): Success: chose address '206.117.25.79'.
Jan 12 12:58:44.000 [info] router_pick_published_address(): Success: chose address '206.117.25.79'.
Jan 12 12:58:55.000 [info] router_pick_published_address(): Success: chose address '206.117.25.79'.
Jan 12 12:59:05.000 [info] dns_launch_wildcard_checks(): Launching checks to see whether our nameservers like to hijack DNS failures.
Jan 12 12:59:05.000 [info] launch_wildcard_check(): Testing whether our DNS server is hijacking nonexistent domains with request for bogus hostname "wziatnx37xxd.invalid"
Jan 12 12:59:05.000 [info] evdns_log_cb(): eventdns: Resolve requested.
Jan 12 12:59:05.000 [info] eventdns: Setting timeout for request 0x55c0ddc55e10, sent to nameserver 0x55c0ddc45720
Jan 12 12:59:05.000 [info] launch_wildcard_check(): Testing whether our DNS server is hijacking nonexistent domains with request for bogus hostname "k3frdc2jjoly.test"
Jan 12 12:59:05.000 [info] evdns_log_cb(): eventdns: Resolve requested.
Jan 12 12:59:05.000 [info] eventdns: Setting timeout for request 0x55c0ddc55b00, sent to nameserver 0x55c0ddc45720
Jan 12 12:59:05.000 [info] launch_wildcard_check(): Testing whether our DNS server is hijacking nonexistent domains with request for bogus hostname "kkkgmt7k6d"
Jan 12 12:59:05.000 [info] evdns_log_cb(): eventdns: Resolve requested.
Jan 12 12:59:05.000 [info] eventdns: Setting timeout for request 0x55c0ddc56230, sent to nameserver 0x55c0ddc45720
Jan 12 12:59:05.000 [info] launch_wildcard_check(): Testing whether our DNS server is hijacking nonexistent domains with request for bogus hostname "cdwzglyqrub.com"
Jan 12 12:59:05.000 [info] evdns_log_cb(): eventdns: Resolve requested.
Jan 12 12:59:05.000 [info] eventdns: Setting timeout for request 0x55c0ddc56390, sent to nameserver 0x55c0ddc45720
Jan 12 12:59:05.000 [info] launch_wildcard_check(): Testing whether our DNS server is hijacking nonexistent domains with request for bogus hostname "fqhxftjeu6yu.org"
Jan 12 12:59:05.000 [info] evdns_log_cb(): eventdns: Resolve requested.
Jan 12 12:59:05.000 [info] eventdns: Setting timeout for request 0x55c0ddc56500, sent to nameserver 0x55c0ddc45720
Jan 12 12:59:05.000 [info] launch_wildcard_check(): Testing whether our DNS server is hijacking nonexistent domains with request for bogus hostname "4czge2zcl.net"
Jan 12 12:59:05.000 [info] evdns_log_cb(): eventdns: Resolve requested.
Jan 12 12:59:05.000 [info] eventdns: Setting timeout for request 0x55c0ddc56670, sent to nameserver 0x55c0ddc45720
Jan 12 12:59:05.000 [info] launch_wildcard_check(): Testing whether our DNS server is hijacking nonexistent domains with request for bogus hostname "4m.invalid"
Jan 12 12:59:05.000 [info] evdns_log_cb(): eventdns: Resolve requested.
Jan 12 12:59:05.000 [info] eventdns: Setting timeout for request 0x55c0ddc567e0, sent to nameserver 0x55c0ddc45720
Jan 12 12:59:05.000 [info] launch_wildcard_check(): Testing whether our DNS server is hijacking nonexistent domains with request for bogus hostname "bjbwe.test"
Jan 12 12:59:05.000 [info] evdns_log_cb(): eventdns: Resolve requested.
Jan 12 12:59:05.000 [info] eventdns: Setting timeout for request 0x55c0ddc56940, sent to nameserver 0x55c0ddc45720
Jan 12 12:59:05.000 [info] launch_wildcard_check(): Testing whether our DNS server is hijacking nonexistent domains with request for bogus hostname "ba2duidgkm"
Jan 12 12:59:05.000 [info] evdns_log_cb(): eventdns: Resolve requested.
Jan 12 12:59:05.000 [info] eventdns: Setting timeout for request 0x55c0ddc56aa0, sent to nameserver 0x55c0ddc45720
Jan 12 12:59:05.000 [info] launch_wildcard_check(): Testing whether our DNS server is hijacking nonexistent domains with request for bogus hostname "hjw3jabwjij32z4x.com"
Jan 12 12:59:05.000 [info] evdns_log_cb(): eventdns: Resolve requested.
Jan 12 12:59:05.000 [info] eventdns: Setting timeout for request 0x55c0ddc56c00, sent to nameserver 0x55c0ddc45720
Jan 12 12:59:05.000 [info] launch_wildcard_check(): Testing whether our DNS server is hijacking nonexistent domains with request for bogus hostname "sxqwlznh7ij4lv.org"
Jan 12 12:59:05.000 [info] evdns_log_cb(): eventdns: Resolve requested.
Jan 12 12:59:05.000 [info] eventdns: Setting timeout for request 0x55c0ddc56db0, sent to nameserver 0x55c0ddc45720
Jan 12 12:59:05.000 [info] launch_wildcard_check(): Testing whether our DNS server is hijacking nonexistent domains with request for bogus hostname "sirdj5jqoxm37yk.net"
Jan 12 12:59:05.000 [info] evdns_log_cb(): eventdns: Resolve requested.
Jan 12 12:59:05.000 [info] eventdns: Setting timeout for request 0x55c0ddc56f60, sent to nameserver 0x55c0ddc45720
Jan 12 12:59:05.000 [info] launch_wildcard_check(): Testing whether our DNS server is hijacking nonexistent domains with request for bogus hostname "vmhrbeg6dtjm.invalid"
Jan 12 12:59:05.000 [info] evdns_log_cb(): eventdns: Resolve requested.
Jan 12 12:59:05.000 [info] eventdns: Setting timeout for request 0x55c0ddc57140, sent to nameserver 0x55c0ddc45720
Jan 12 12:59:05.000 [info] launch_wildcard_check(): Testing whether our DNS server is hijacking nonexistent domains with request for bogus hostname "naq.test"
Jan 12 12:59:05.000 [info] evdns_log_cb(): eventdns: Resolve requested.
Jan 12 12:59:05.000 [info] eventdns: Setting timeout for request 0x55c0ddc572f0, sent to nameserver 0x55c0ddc45720
Jan 12 12:59:05.000 [info] launch_wildcard_check(): Testing whether our DNS server is hijacking nonexistent domains with request for bogus hostname "aos3istopfl24qn"
Jan 12 12:59:05.000 [info] evdns_log_cb(): eventdns: Resolve requested.
Jan 12 12:59:05.000 [info] eventdns: Setting timeout for request 0x55c0ddc574c0, sent to nameserver 0x55c0ddc45720
Jan 12 12:59:05.000 [info] launch_wildcard_check(): Testing whether our DNS server is hijacking nonexistent domains with request for bogus hostname "ewzejiyvq.com"
Jan 12 12:59:05.000 [info] evdns_log_cb(): eventdns: Resolve requested.
Jan 12 12:59:05.000 [info] eventdns: Setting timeout for request 0x55c0ddc576a0, sent to nameserver 0x55c0ddc45720
Jan 12 12:59:05.000 [info] launch_wildcard_check(): Testing whether our DNS server is hijacking nonexistent domains with request for bogus hostname "7oikpecr6pmfz.org"
Jan 12 12:59:05.000 [info] evdns_log_cb(): eventdns: Resolve requested.
Jan 12 12:59:05.000 [info] eventdns: Setting timeout for request 0x55c0ddc57920, sent to nameserver 0x55c0ddc45720
Jan 12 12:59:05.000 [info] launch_wildcard_check(): Testing whether our DNS server is hijacking nonexistent domains with request for bogus hostname "mmroqk4x26njrrgq.net"
Jan 12 12:59:05.000 [info] evdns_log_cb(): eventdns: Resolve requested.
Jan 12 12:59:05.000 [info] eventdns: Setting timeout for request 0x55c0ddc57b00, sent to nameserver 0x55c0ddc45720
Jan 12 12:59:05.000 [info] launch_wildcard_check(): Testing whether our DNS server is hijacking nonexistent domains with request for bogus hostname "guge47.invalid"
Jan 12 12:59:05.000 [info] evdns_log_cb(): eventdns: Resolve requested.
Jan 12 12:59:05.000 [info] eventdns: Setting timeout for request 0x55c0ddc57ce0, sent to nameserver 0x55c0ddc45720
Jan 12 12:59:05.000 [info] launch_wildcard_check(): Testing whether our DNS server is hijacking nonexistent domains with request for bogus hostname "5fexlpk.test"
Jan 12 12:59:05.000 [info] evdns_log_cb(): eventdns: Resolve requested.
Jan 12 12:59:05.000 [info] eventdns: Setting timeout for request 0x55c0ddc57ec0, sent to nameserver 0x55c0ddc45720
Jan 12 12:59:05.000 [info] launch_wildcard_check(): Testing whether our DNS server is hijacking nonexistent domains with request for bogus hostname "572d4jdyzyxd"
Jan 12 12:59:05.000 [info] evdns_log_cb(): eventdns: Resolve requested.
Jan 12 12:59:05.000 [info] eventdns: Setting timeout for request 0x55c0ddc580a0, sent to nameserver 0x55c0ddc45720
Jan 12 12:59:05.000 [info] launch_wildcard_check(): Testing whether our DNS server is hijacking nonexistent domains with request for bogus hostname "qig7zaqvz5kyg7.com"
Jan 12 12:59:05.000 [info] evdns_log_cb(): eventdns: Resolve requested.
Jan 12 12:59:05.000 [info] eventdns: Setting timeout for request 0x55c0ddc58280, sent to nameserver 0x55c0ddc45720
Jan 12 12:59:05.000 [info] launch_wildcard_check(): Testing whether our DNS server is hijacking nonexistent domains with request for bogus hostname "azdn5xsy.org"
Jan 12 12:59:05.000 [info] evdns_log_cb(): eventdns: Resolve requested.
Jan 12 12:59:05.000 [info] eventdns: Setting timeout for request 0x55c0ddc58460, sent to nameserver 0x55c0ddc45720
Jan 12 12:59:05.000 [info] launch_wildcard_check(): Testing whether our DNS server is hijacking nonexistent domains with request for bogus hostname "iefswpcry3je.net"
Jan 12 12:59:05.000 [info] evdns_log_cb(): eventdns: Resolve requested.
Jan 12 12:59:05.000 [info] eventdns: Setting timeout for request 0x55c0ddc58640, sent to nameserver 0x55c0ddc45720
Jan 12 12:59:05.000 [info] eventdns: Removing timeout for request 0x55c0ddc58460
Jan 12 12:59:05.000 [info] eventdns: Removing timeout for request 0x55c0ddc56500
Jan 12 12:59:05.000 [info] eventdns: Removing timeout for request 0x55c0ddc56db0
Jan 12 12:59:05.000 [info] eventdns: Removing timeout for request 0x55c0ddc57920
Jan 12 12:59:05.000 [info] eventdns: Removing timeout for request 0x55c0ddc576a0
Jan 12 12:59:05.000 [info] eventdns: Removing timeout for request 0x55c0ddc56f60
Jan 12 12:59:05.000 [info] eventdns: Removing timeout for request 0x55c0ddc57b00
Jan 12 12:59:05.000 [info] eventdns: Removing timeout for request 0x55c0ddc56670
Jan 12 12:59:05.000 [info] eventdns: Removing timeout for request 0x55c0ddc58640
Jan 12 12:59:05.000 [info] eventdns: Removing timeout for request 0x55c0ddc56c00
Jan 12 12:59:05.000 [info] eventdns: Removing timeout for request 0x55c0ddc58280
Jan 12 12:59:05.000 [info] eventdns: Removing timeout for request 0x55c0ddc56390
Jan 12 12:59:05.000 [info] eventdns: Removing timeout for request 0x55c0ddc567e0
Jan 12 12:59:05.000 [info] eventdns: Removing timeout for request 0x55c0ddc56940
Jan 12 12:59:05.000 [info] eventdns: Removing timeout for request 0x55c0ddc55e10
Jan 12 12:59:05.000 [info] eventdns: Removing timeout for request 0x55c0ddc56230
Jan 12 12:59:05.000 [info] eventdns: Removing timeout for request 0x55c0ddc574c0
Jan 12 12:59:05.000 [info] eventdns: Removing timeout for request 0x55c0ddc572f0
Jan 12 12:59:05.000 [info] eventdns: Removing timeout for request 0x55c0ddc57ce0
Jan 12 12:59:05.000 [info] eventdns: Removing timeout for request 0x55c0ddc56aa0
Jan 12 12:59:05.000 [info] eventdns: Removing timeout for request 0x55c0ddc57ec0
Jan 12 12:59:05.000 [info] eventdns: Removing timeout for request 0x55c0ddc580a0
Jan 12 12:59:05.000 [info] eventdns: Removing timeout for request 0x55c0ddc57140
Jan 12 12:59:05.000 [info] eventdns: Removing timeout for request 0x55c0ddc55b00
Jan 12 12:59:06.000 [info] router_pick_published_address(): Success: chose address '206.117.25.79'.
Jan 12 12:59:17.000 [info] router_pick_published_address(): Success: chose address '206.117.25.79'.
Jan 12 12:59:18.000 [debug] resolve_my_address(): Resolved Address to '206.117.25.79'.
Jan 12 12:59:18.000 [info] update_consensus_networkstatus_downloads(): Launching ns networkstatus consensus download.
Jan 12 12:59:18.000 [info] router_pick_published_address(): Success: chose address '206.117.25.79'.
Jan 12 12:59:18.000 [info] router_pick_directory_server(): No reachable router entries for dirservers. Trying them all again.
Jan 12 12:59:18.000 [info] directory_pick_generic_dirserver(): No router found for consensus network-status fetch; falling back to dirserver list.
Jan 12 12:59:18.000 [info] router_pick_dirserver_generic(): No dirservers are reachable. Trying them all again.
Jan 12 12:59:18.000 [notice] While fetching directory info, no running dirservers known. Will try again later. (purpose 14)
Jan 12 12:59:28.000 [info] router_pick_published_address(): Success: chose address '206.117.25.79'.
Jan 12 12:59:35.000 [info] launch_test_addresses(): Launching checks to see whether our nameservers like to hijack *everything*.
Jan 12 12:59:35.000 [info] evdns_log_cb(): eventdns: Resolve requested.
Jan 12 12:59:35.000 [info] eventdns: Setting timeout for request 0x55c0ddc57920, sent to nameserver 0x55c0ddc45720
Jan 12 12:59:35.000 [info] evdns_log_cb(): eventdns: Resolve requested.
Jan 12 12:59:35.000 [info] eventdns: Setting timeout for request 0x55c0ddc576a0, sent to nameserver 0x55c0ddc45720
Jan 12 12:59:35.000 [info] evdns_log_cb(): eventdns: Resolve requested.
Jan 12 12:59:35.000 [info] eventdns: Setting timeout for request 0x55c0ddc56f60, sent to nameserver 0x55c0ddc45720
Jan 12 12:59:35.000 [info] evdns_log_cb(): eventdns: Resolve requested.
Jan 12 12:59:35.000 [info] eventdns: Setting timeout for request 0x55c0ddc57b00, sent to nameserver 0x55c0ddc45720
Jan 12 12:59:35.000 [info] evdns_log_cb(): eventdns: Resolve requested.
Jan 12 12:59:35.000 [info] eventdns: Setting timeout for request 0x55c0ddc58640, sent to nameserver 0x55c0ddc45720
Jan 12 12:59:35.000 [info] evdns_log_cb(): eventdns: Resolve requested.
Jan 12 12:59:35.000 [info] eventdns: Setting timeout for request 0x55c0ddc58280, sent to nameserver 0x55c0ddc45720
Jan 12 12:59:35.000 [info] evdns_log_cb(): eventdns: Resolve requested.
Jan 12 12:59:35.000 [info] eventdns: Setting timeout for request 0x55c0ddc55e10, sent to nameserver 0x55c0ddc45720
Jan 12 12:59:35.000 [info] evdns_log_cb(): eventdns: Resolve requested.
Jan 12 12:59:35.000 [info] eventdns: Setting timeout for request 0x55c0ddc574c0, sent to nameserver 0x55c0ddc45720
Jan 12 12:59:35.000 [info] eventdns: Removing timeout for request 0x55c0ddc57920
Jan 12 12:59:35.000 [info] eventdns: Removing timeout for request 0x55c0ddc576a0
Jan 12 12:59:35.000 [debug] evdns_callback(): eventdns said that [scrubbed] resolves to [scrubbed]
Jan 12 12:59:35.000 [debug] evdns_callback(): eventdns said that [scrubbed] resolves to [scrubbed]
Jan 12 12:59:35.000 [info] eventdns: Removing timeout for request 0x55c0ddc55e10
Jan 12 12:59:35.000 [debug] evdns_callback(): eventdns said that [scrubbed] resolves to [scrubbed]
Jan 12 12:59:35.000 [info] eventdns: Removing timeout for request 0x55c0ddc574c0
Jan 12 12:59:35.000 [info] eventdns: Removing timeout for request 0x55c0ddc58640
Jan 12 12:59:35.000 [info] eventdns: Removing timeout for request 0x55c0ddc58280
Jan 12 12:59:35.000 [debug] evdns_callback(): eventdns said that [scrubbed] resolves to [scrubbed]
Jan 12 12:59:35.000 [debug] evdns_callback(): eventdns said that [scrubbed] resolves to [scrubbed]
Jan 12 12:59:35.000 [info] eventdns: Removing timeout for request 0x55c0ddc56f60
Jan 12 12:59:35.000 [debug] evdns_callback(): eventdns said that [scrubbed] resolves to [scrubbed]
Jan 12 12:59:35.000 [info] eventdns: Removing timeout for request 0x55c0ddc57b00
Jan 12 12:59:35.000 [debug] evdns_callback(): eventdns said that [scrubbed] resolves to [scrubbed]
Jan 12 12:59:39.000 [info] router_pick_published_address(): Success: chose address '206.117.25.79'.
Jan 12 12:59:50.000 [info] router_pick_published_address(): Success: chose address '206.117.25.79'.
Jan 12 12:59:55.000 [notice] Interrupt: we have stopped accepting new connections, and will shut down in 30 seconds. Interrupt again to exit now.
Jan 12 12:59:55.000 [debug] conn_close_if_marked(): Cleaning up connection (fd 6).
Jan 12 12:59:55.000 [debug] connection_remove(): removing socket 6 (type Socks listener), n_conns now 7
Jan 12 12:59:55.000 [debug] connection_free_(): closing fd 6.
Jan 12 12:59:55.000 [debug] conn_close_if_marked(): Cleaning up connection (fd 8).
Jan 12 12:59:55.000 [debug] connection_remove(): removing socket 8 (type OR listener), n_conns now 6
Jan 12 12:59:55.000 [debug] connection_free_(): closing fd 8.
Jan 12 12:59:55.000 [notice] SIGINT received a second time; exiting now.
Jan 12 12:59:55.000 [info] or_state_save(): Saved state to "/users/magesap/TorLatencyNormalizationFiles/ExperimentScripts/tingOnDeter/ting/tor/data/w/state"
Jan 12 12:59:55.000 [debug] channel_tls_free_all(): Shutting down TLS channels...
Jan 12 12:59:55.000 [debug] channel_tls_free_all(): Done shutting down TLS channels
Jan 12 12:59:55.000 [debug] channel_free_all(): Shutting down channels...
Jan 12 12:59:55.000 [debug] channel_free_all(): Freeing channel_identity_map
Jan 12 12:59:55.000 [debug] channel_free_all(): Done cleaning up after channels
Jan 12 12:59:55.000 [debug] connection_free_(): closing fd 18.
Jan 12 12:59:55.000 [debug] connection_free_(): closing fd 7.
Jan 12 12:59:55.000 [info] cpuworker_main(): read request failed. Exiting.
Jan 12 12:59:55.000 [debug] connection_free_(): closing fd 16.
Jan 12 12:59:55.000 [debug] connection_free_(): closing fd 12.
Jan 12 12:59:55.000 [debug] connection_free_(): closing fd 14.
Jan 12 12:59:55.000 [info] cpuworker_main(): read request failed. Exiting.
Jan 12 12:59:55.000 [info] cpuworker_main(): read request failed. Exiting.
Jan 12 12:59:55.000 [info] cpuworker_main(): read request failed. Exiting.
Jan 12 12:59:55.000 [info] buf_shrink_freelists(): Cleaned freelist for 4096-byte chunks: original length 0, kept 0, dropped 0.
Jan 12 12:59:55.000 [info] buf_shrink_freelists(): Cleaned freelist for 8192-byte chunks: original length 0, kept 0, dropped 0.
Jan 12 12:59:55.000 [info] buf_shrink_freelists(): Cleaned freelist for 16384-byte chunks: original length 0, kept 0, dropped 0.
Jan 12 12:59:55.000 [info] buf_shrink_freelists(): Cleaned freelist for 32768-byte chunks: original length 0, kept 0, dropped 0.
Jan 12 12:59:55.000 [info] tor_lockfile_unlock(): Unlocking "/users/magesap/TorLatencyNormalizationFiles/ExperimentScripts/tingOnDeter/ting/tor/data/w/lock"
Jan 12 12:59:56.000 [notice] Tor 0.2.4.22 (git-2ee56e4c2c841a45) opening log file.
Jan 12 12:59:56.000 [debug] tor_disable_debugger_attach(): Attemping to disable debugger attachment to Tor for unprivileged users.
Jan 12 12:59:56.000 [debug] tor_disable_debugger_attach(): Debugger attachment disabled for unprivileged users.
Jan 12 12:59:56.000 [info] tor_lockfile_lock(): Locking "/users/magesap/TorLatencyNormalizationFiles/ExperimentScripts/tingOnDeter/ting/tor/data/w/lock"
Jan 12 12:59:56.000 [debug] parse_dir_authority_line(): Trusted 100 dirserver at 128.31.0.39:9131 (9695)
Jan 12 12:59:56.000 [debug] parse_dir_authority_line(): Trusted 111 dirserver at 86.59.21.38:80 (847B)
Jan 12 12:59:56.000 [debug] parse_dir_authority_line(): Trusted 102 dirserver at 194.109.206.212:80 (7EA6)
Jan 12 12:59:56.000 [debug] parse_dir_authority_line(): Trusted 16 dirserver at 82.94.251.203:80 (4A0C)
Jan 12 12:59:56.000 [debug] parse_dir_authority_line(): Trusted 100 dirserver at 76.73.17.194:9030 (F397)
Jan 12 12:59:56.000 [debug] parse_dir_authority_line(): Trusted 100 dirserver at 212.112.245.170:80 (F204)
Jan 12 12:59:56.000 [debug] parse_dir_authority_line(): Trusted 100 dirserver at 193.23.244.244:80 (7BE6)
Jan 12 12:59:56.000 [debug] parse_dir_authority_line(): Trusted 100 dirserver at 208.83.223.34:443 (0AD3)
Jan 12 12:59:56.000 [debug] parse_dir_authority_line(): Trusted 100 dirserver at 171.25.193.9:443 (BD6A)
Jan 12 12:59:56.000 [debug] parse_dir_authority_line(): Trusted 100 dirserver at 154.35.32.5:80 (CF6D)
Jan 12 12:59:56.000 [info] or_state_load(): Loaded state from "/users/magesap/TorLatencyNormalizationFiles/ExperimentScripts/tingOnDeter/ting/tor/data/w/state"
Jan 12 12:59:56.000 [debug] circuit_build_times_disabled(): CircuitBuildTime learning is disabled. Consensus=0, Config=1, AuthDir=0, StateFile=0
Jan 12 12:59:56.000 [debug] circuit_build_times_min_timeout(): Bug: circuit_build_times_min_timeout() called, cbtmintimeout is 1500
Jan 12 12:59:56.000 [debug] circuit_build_times_initial_timeout(): Bug: circuit_build_times_initial_timeout() called, cbtinitialtimeout is 60000
Jan 12 12:59:56.000 [debug] circuit_build_times_disabled(): CircuitBuildTime learning is disabled. Consensus=0, Config=1, AuthDir=0, StateFile=0
Jan 12 12:59:56.000 [info] read_file_to_str(): Could not open "/users/magesap/TorLatencyNormalizationFiles/ExperimentScripts/tingOnDeter/ting/tor/data/w/router-stability": No such file or directory
Jan 12 12:59:56.000 [info] cell_ewma_set_scale_factor(): Disabled cell_ewma algorithm because of value in Default value
Jan 12 12:59:56.000 [info] geoip_load_file(): Failed to open GEOIP file /usr/local/share/tor/geoip.  
Jan 12 12:59:56.000 [info] geoip_load_file(): Failed to open GEOIP file /usr/local/share/tor/geoip6.  
Jan 12 12:59:56.000 [info] mark_my_descriptor_dirty(): Decided to publish new relay descriptor: config change
Jan 12 12:59:56.000 [info] crypto_global_init(): OpenSSL version matches version from headers (1000207f: OpenSSL 1.0.2g  1 Mar 2016).
Jan 12 12:59:56.000 [info] crypto_global_init(): NOT using OpenSSL engine support.
Jan 12 12:59:56.000 [info] evaluate_evp_for_aes(): This version of OpenSSL has a known-good EVP counter-mode implementation. Using it.
Jan 12 12:59:56.000 [info] crypto_strongest_rand(): Reading entropy from "/dev/urandom"
Jan 12 12:59:56.000 [info] configure_nameservers(): Parsing resolver configuration in '/etc/resolv.conf'
Jan 12 12:59:56.000 [info] eventdns: Parsing resolv.conf file /etc/resolv.conf
Jan 12 12:59:56.000 [info] eventdns: Added nameserver 192.168.252.1:53 as 0x56400e64f540
Jan 12 12:59:56.000 [info] eventdns: Setting maximum allowed timeouts to 16
Jan 12 12:59:56.000 [info] eventdns: Setting timeout to 10
Jan 12 12:59:56.000 [info] init_keys(): Reading/making identity key "/users/magesap/TorLatencyNormalizationFiles/ExperimentScripts/tingOnDeter/ting/tor/data/w/keys/secret_id_key"...
Jan 12 12:59:56.000 [info] init_keys(): Reading/making onion key "/users/magesap/TorLatencyNormalizationFiles/ExperimentScripts/tingOnDeter/ting/tor/data/w/keys/secret_onion_key"...
Jan 12 12:59:56.000 [info] mark_my_descriptor_dirty(): Decided to publish new relay descriptor: set onion key
Jan 12 12:59:56.000 [info] tor_tls_init(): OpenSSL OpenSSL 1.0.2g  1 Mar 2016 looks like version 0.9.8m or later; I will try SSL_OP to enable renegotiation
Jan 12 12:59:56.000 [debug] resolve_my_address(): Resolved Address to '206.117.25.79'.
Jan 12 12:59:56.000 [info] router_pick_published_address(): Success: chose address '206.117.25.79'.
Jan 12 12:59:56.000 [info] router_rebuild_descriptor(): Rebuilding relay descriptor
Jan 12 12:59:56.000 [debug] parse_addr_policy(): Adding new entry 'reject *6:*'
Jan 12 12:59:56.000 [debug] parse_addr_policy(): Adding new entry 'accept 206.117.25.79:10006'
Jan 12 12:59:56.000 [debug] parse_addr_policy(): Adding new entry 'reject *:*'
Jan 12 12:59:56.000 [debug] parse_addr_policy(): Adding new entry 'reject *:25'
Jan 12 12:59:56.000 [debug] parse_addr_policy(): Adding new entry 'reject *:119'
Jan 12 12:59:56.000 [debug] parse_addr_policy(): Adding new entry 'reject *:135-139'
Jan 12 12:59:56.000 [debug] parse_addr_policy(): Adding new entry 'reject *:445'
Jan 12 12:59:56.000 [debug] parse_addr_policy(): Adding new entry 'reject *:563'
Jan 12 12:59:56.000 [debug] parse_addr_policy(): Adding new entry 'reject *:1214'
Jan 12 12:59:56.000 [debug] parse_addr_policy(): Adding new entry 'reject *:4661-4666'
Jan 12 12:59:56.000 [debug] parse_addr_policy(): Adding new entry 'reject *:6346-6429'
Jan 12 12:59:56.000 [debug] parse_addr_policy(): Adding new entry 'reject *:6699'
Jan 12 12:59:56.000 [debug] parse_addr_policy(): Adding new entry 'reject *:6881-6999'
Jan 12 12:59:56.000 [debug] parse_addr_policy(): Adding new entry 'accept *:*'
Jan 12 12:59:56.000 [info] extrainfo_dump_to_string(): Adding stats to extra-info descriptor.
Jan 12 12:59:56.000 [debug] router_get_my_descriptor(): my desc is 'router Unnamed 206.117.25.79 10004 0 0
platform Tor 0.2.4.22 on Linux
protocols Link 1 2 Circuit 1
published 2023-01-12 20:59:56
fingerprint 816D E0B6 BD52 C671 B838 59CE 0715 A8DE 678F 1583
uptime 0
bandwidth 1073741824 1073741824 0
extra-info-digest E997EB8C0F2C03C0504958CA3FA0D11702866F01
caches-extra-info
onion-key
-----BEGIN RSA PUBLIC KEY-----
MIGJAoGBAMTBhtB+nS8IYRJ1msSa/LLrl4ysPR6vRHzVmgdXJlJ4SdkSByMbHU30
YZpWcv378RYBJzCimg6g/uPiCkzfOeQmGi99HYEVDkBT2YqaAgWSAv044jY5fp7c
x+EDv2j635Z5fLy1TVMtvgEpFBahvicQKLS3nsMReR7GaPzA8ePTAgMBAAE=
-----END RSA PUBLIC KEY-----
signing-key
-----BEGIN RSA PUBLIC KEY-----
MIGJAoGBAOGWFehBUWwavHVT4te5iN5+Z+i+KLi/LVjM4gZG7sCXSnlMZGRrPnKI
xZ4mWOlync8Hg8mUtW419jpAlfSwJOni85dwfV6VAXDhiU4K6FNsuEukrBXEMXsl
Cgf8TxisWjPPMY0w1h/ieMv/VOLM1wzThnRED/ZbsqHauaCPUvbDAgMBAAE=
-----END RSA PUBLIC KEY-----
hidden-service-dir
ntor-onion-key ihwfHyu11tWW1D2qcMxOBuTGLwhDPjX7iBgObl9/ZT8=
accept 206.117.25.79:10006
reject *:*
router-signature
-----BEGIN SIGNATURE-----
zkZ6woMt7OQ20K8lmzo1aLnqAtEXLzixLxt0kOAJKAAG47CwF47XDHLYwdFpVoda
MkKOflzAz6M38IYEsxfSZ1WJccLPzT3dUa4G6yob+JVsre4bgLejPWzYm/EsCgIx
gEzQxZs4CXNTQQxRhREAOjNW+Krz4s12jdo9zz3KUwM=
-----END SIGNATURE-----

'
Jan 12 12:59:56.000 [info] init_keys(): Dumping fingerprint to "/users/magesap/TorLatencyNormalizationFiles/ExperimentScripts/tingOnDeter/ting/tor/data/w/fingerprint"...
Jan 12 12:59:56.000 [notice] Your Tor server's identity key fingerprint is 'Unnamed 816DE0B6BD52C671B83859CE0715A8DE678F1583'
Jan 12 12:59:56.000 [debug] mp_pool_new(): Capacity is 244, item size is 536, alloc size is 130784
Jan 12 12:59:56.000 [info] Bootstrapped 0%: Starting.
Jan 12 12:59:56.000 [info] read_file_to_str(): Could not open "/users/magesap/TorLatencyNormalizationFiles/ExperimentScripts/tingOnDeter/ting/tor/data/w/cached-certs": No such file or directory
Jan 12 12:59:56.000 [info] read_file_to_str(): Could not open "/users/magesap/TorLatencyNormalizationFiles/ExperimentScripts/tingOnDeter/ting/tor/data/w/cached-consensus": No such file or directory
Jan 12 12:59:56.000 [info] read_file_to_str(): Could not open "/users/magesap/TorLatencyNormalizationFiles/ExperimentScripts/tingOnDeter/ting/tor/data/w/unverified-consensus": No such file or directory
Jan 12 12:59:56.000 [info] read_file_to_str(): Could not open "/users/magesap/TorLatencyNormalizationFiles/ExperimentScripts/tingOnDeter/ting/tor/data/w/cached-microdesc-consensus": No such file or directory
Jan 12 12:59:56.000 [info] read_file_to_str(): Could not open "/users/magesap/TorLatencyNormalizationFiles/ExperimentScripts/tingOnDeter/ting/tor/data/w/unverified-microdesc-consensus": No such file or directory
Jan 12 12:59:56.000 [info] tor_mmap_file(): Could not open "/users/magesap/TorLatencyNormalizationFiles/ExperimentScripts/tingOnDeter/ting/tor/data/w/cached-microdescs" for mmap(): No such file or directory
Jan 12 12:59:56.000 [info] read_file_to_str(): Could not open "/users/magesap/TorLatencyNormalizationFiles/ExperimentScripts/tingOnDeter/ting/tor/data/w/cached-microdescs.new": No such file or directory
Jan 12 12:59:56.000 [info] microdesc_cache_reload(): Reloaded microdescriptor cache. Found 0 descriptors.
Jan 12 12:59:56.000 [info] tor_mmap_file(): Could not open "/users/magesap/TorLatencyNormalizationFiles/ExperimentScripts/tingOnDeter/ting/tor/data/w/cached-descriptors" for mmap(): No such file or directory
Jan 12 12:59:56.000 [info] tor_mmap_file(): Could not open "/users/magesap/TorLatencyNormalizationFiles/ExperimentScripts/tingOnDeter/ting/tor/data/w/cached-extrainfo" for mmap(): No such file or directory
Jan 12 12:59:56.000 [info] I learned some more directory information, but not enough to build a circuit: We have no usable consensus.
Jan 12 12:59:56.000 [info] router_pick_published_address(): Success: chose address '206.117.25.79'.
Jan 12 12:59:56.000 [debug] spawn_cpuworker(): just spawned a cpu worker.
Jan 12 12:59:56.000 [debug] connection_add_impl(): new conn type CPU worker, socket 12, address localhost, n_conns 4.
Jan 12 12:59:56.000 [debug] spawn_cpuworker(): just spawned a cpu worker.
Jan 12 12:59:56.000 [debug] connection_add_impl(): new conn type CPU worker, socket 14, address localhost, n_conns 5.
Jan 12 12:59:56.000 [debug] spawn_cpuworker(): just spawned a cpu worker.
Jan 12 12:59:56.000 [debug] connection_add_impl(): new conn type CPU worker, socket 16, address localhost, n_conns 6.
Jan 12 12:59:56.000 [debug] spawn_cpuworker(): just spawned a cpu worker.
Jan 12 12:59:56.000 [debug] connection_add_impl(): new conn type CPU worker, socket 18, address localhost, n_conns 7.
Jan 12 12:59:57.000 [info] router_pick_published_address(): Success: chose address '206.117.25.79'.
Jan 12 12:59:57.000 [debug] resolve_my_address(): Resolved Address to '206.117.25.79'.
Jan 12 12:59:57.000 [info] update_consensus_networkstatus_downloads(): Launching ns networkstatus consensus download.
Jan 12 12:59:57.000 [info] router_pick_published_address(): Success: chose address '206.117.25.79'.
Jan 12 12:59:57.000 [info] router_pick_directory_server(): No reachable router entries for dirservers. Trying them all again.
Jan 12 12:59:57.000 [info] directory_pick_generic_dirserver(): No router found for consensus network-status fetch; falling back to dirserver list.
Jan 12 12:59:57.000 [info] router_pick_published_address(): Success: chose address '206.117.25.79'.
Jan 12 12:59:57.000 [debug] directory_initiate_command_rend(): anonymized 0, use_begindir 1.
Jan 12 12:59:57.000 [debug] directory_initiate_command_rend(): Initiating consensus network-status fetch
Jan 12 12:59:57.000 [info] connection_ap_make_link(): Making internal direct tunnel to [scrubbed]:443 ...
Jan 12 12:59:57.000 [debug] connection_add_impl(): new conn type Socks, socket -1, address (Tor_internal), n_conns 8.
Jan 12 12:59:57.000 [debug] circuit_get_open_circ_or_launch(): considering 1, $847B1F850344D7876491A54892F904934E4EB85D
Jan 12 12:59:57.000 [debug] onion_pick_cpath_exit(): Launching a one-hop circuit for dir tunnel.
Jan 12 12:59:57.000 [info] onion_pick_cpath_exit(): Using requested exit node '$847B1F850344D7876491A54892F904934E4EB85D~847B1F850344D787649 at 86.59.21.38'
Jan 12 12:59:57.000 [debug] onion_extend_cpath(): Path is 0 long; we want 1
Jan 12 12:59:57.000 [debug] onion_extend_cpath(): Chose router $847B1F850344D7876491A54892F904934E4EB85D~847B1F850344D787649 at 86.59.21.38 for hop 1 (exit is 847B1F850344D7876491A54892F904934E4EB85D)
Jan 12 12:59:57.000 [debug] onion_extend_cpath(): Path is complete: 1 steps long
Jan 12 12:59:57.000 [debug] circuit_handle_first_hop(): Looking for firsthop '86.59.21.38:443'
Jan 12 12:59:57.000 [info] circuit_handle_first_hop(): Next router is [scrubbed]: Not connected. Connecting.
Jan 12 12:59:57.000 [notice] Bootstrapped 5%: Connecting to directory server.
Jan 12 12:59:57.000 [debug] channel_tls_connect(): In channel_tls_connect() for channel 0x56400e660420 (global id 0)
Jan 12 12:59:57.000 [debug] channel_set_identity_digest(): Setting remote endpoint digest on channel 0x56400e660420 with global ID 0 to digest 847B1F850344D7876491A54892F904934E4EB85D
Jan 12 12:59:57.000 [debug] connection_connect(): Connecting to [scrubbed]:443.
Jan 12 12:59:57.000 [debug] connection_connect(): Connection to [scrubbed]:443 in progress (sock 20).
Jan 12 12:59:57.000 [debug] connection_add_impl(): new conn type OR, socket 20, address 86.59.21.38, n_conns 9.
Jan 12 12:59:57.000 [debug] channel_tls_connect(): Got orconn 0x56400e660580 for channel with global id 0
Jan 12 12:59:57.000 [debug] channel_register(): Registering channel 0x56400e660420 (ID 0) in state opening (1) with digest 847B1F850344D7876491A54892F904934E4EB85D
Jan 12 12:59:57.000 [debug] channel_add_to_digest_map(): Added channel 0x56400e660420 (global ID 0) to identity map in state opening (1) with digest 847B1F850344D7876491A54892F904934E4EB85D
Jan 12 12:59:57.000 [debug] channel_set_cell_handlers(): Setting cell_handler callback for channel 0x56400e660420 to 0x56400c719720
Jan 12 12:59:57.000 [debug] channel_set_cell_handlers(): Setting var_cell_handler callback for channel 0x56400e660420 to 0x56400c718b20
Jan 12 12:59:57.000 [debug] circuit_handle_first_hop(): connecting in progress (or finished). Good.
Jan 12 12:59:57.000 [info] connection_ap_make_link(): ... application connection created and linked.
Jan 12 12:59:57.000 [debug] connection_add_impl(): new conn type Directory, socket -1, address 86.59.21.38, n_conns 10.
Jan 12 12:59:57.000 [info] directory_send_command(): Downloading consensus from 86.59.21.38:443 using /tor/status-vote/current/consensus/14C131+27B6B5+49015F+585769+805509+D586D1+E8A9C4+ED03BB+EFCBE7.z
Jan 12 12:59:57.000 [info] or_state_save(): Saved state to "/users/magesap/TorLatencyNormalizationFiles/ExperimentScripts/tingOnDeter/ting/tor/data/w/state"
Jan 12 12:59:57.000 [debug] conn_read_callback(): socket -1 wants to read.
Jan 12 12:59:57.000 [info] connection_edge_process_inbuf(): data from edge while in 'waiting for circuit' state. Leaving it on buffer.
Jan 12 12:59:57.000 [info] connection_edge_process_inbuf(): data from edge while in 'waiting for circuit' state. Leaving it on buffer.
Jan 12 12:59:57.000 [debug] connection_dir_finished_flushing(): client finished sending command.
Jan 12 12:59:57.000 [debug] conn_write_callback(): socket 20 wants to write.
Jan 12 12:59:57.000 [debug] connection_or_finished_connecting(): OR connect() to router at 86.59.21.38:443 finished.
Jan 12 12:59:57.000 [notice] Bootstrapped 10%: Finishing handshake with directory server.
Jan 12 12:59:57.000 [debug] rectify_client_ciphers(): List was: ECDHE-ECDSA-AES128-GCM-SHA256:ECDHE-RSA-AES128-GCM-SHA256:ECDHE-ECDSA-AES256-SHA:ECDHE-ECDSA-AES128-SHA:ECDHE-RSA-AES128-SHA:ECDHE-RSA-AES256-SHA:ECDHE-RSA-DES-CBC3-SHA:ECDHE-ECDSA-RC4-SHA:ECDHE-RSA-RC4-SHA:DHE-RSA-AES128-SHA:DHE-DSS-AES128-SHA:DHE-RSA-CAMELLIA128-SHA:DHE-RSA-AES256-SHA:DHE-DSS-AES256-SHA:DHE-RSA-CAMELLIA256-SHA:EDH-RSA-DES-CBC3-SHA:AES128-SHA:CAMELLIA128-SHA:AES256-SHA:CAMELLIA256-SHA:DES-CBC3-SHA:RC4-SHA:RC4-MD5:!SSLv2
Jan 12 12:59:57.000 [debug] rectify_client_ciphers(): Cipher 0: 300c02b ECDHE-ECDSA-AES128-GCM-SHA256
Jan 12 12:59:57.000 [debug] rectify_client_ciphers(): Cipher 1: 300c02f ECDHE-RSA-AES128-GCM-SHA256
Jan 12 12:59:57.000 [debug] rectify_client_ciphers(): Cipher 2: 300c00a ECDHE-ECDSA-AES256-SHA
Jan 12 12:59:57.000 [debug] rectify_client_ciphers(): Cipher 3: 300c009 ECDHE-ECDSA-AES128-SHA
Jan 12 12:59:57.000 [debug] rectify_client_ciphers(): Cipher 4: 300c013 ECDHE-RSA-AES128-SHA
Jan 12 12:59:57.000 [debug] rectify_client_ciphers(): Cipher 5: 300c014 ECDHE-RSA-AES256-SHA
Jan 12 12:59:57.000 [debug] rectify_client_ciphers(): Cipher 6: 300c012 ECDHE-RSA-DES-CBC3-SHA
Jan 12 12:59:57.000 [debug] rectify_client_ciphers(): Cipher 7: 300c007 ECDHE-ECDSA-RC4-SHA
Jan 12 12:59:57.000 [debug] rectify_client_ciphers(): Cipher 8: 300c011 ECDHE-RSA-RC4-SHA
Jan 12 12:59:57.000 [debug] rectify_client_ciphers(): Cipher 9: 3000033 DHE-RSA-AES128-SHA
Jan 12 12:59:57.000 [debug] rectify_client_ciphers(): Cipher 10: 3000032 DHE-DSS-AES128-SHA
Jan 12 12:59:57.000 [debug] rectify_client_ciphers(): Cipher 11: 3000045 DHE-RSA-CAMELLIA128-SHA
Jan 12 12:59:57.000 [debug] rectify_client_ciphers(): Cipher 12: 3000039 DHE-RSA-AES256-SHA
Jan 12 12:59:57.000 [debug] rectify_client_ciphers(): Cipher 13: 3000038 DHE-DSS-AES256-SHA
Jan 12 12:59:57.000 [debug] rectify_client_ciphers(): Cipher 14: 3000088 DHE-RSA-CAMELLIA256-SHA
Jan 12 12:59:57.000 [debug] rectify_client_ciphers(): Cipher 15: 3000016 EDH-RSA-DES-CBC3-SHA
Jan 12 12:59:57.000 [debug] rectify_client_ciphers(): Cipher 16: 300002f AES128-SHA
Jan 12 12:59:57.000 [debug] rectify_client_ciphers(): Cipher 17: 3000041 CAMELLIA128-SHA
Jan 12 12:59:57.000 [debug] rectify_client_ciphers(): Cipher 18: 3000035 AES256-SHA
Jan 12 12:59:57.000 [debug] rectify_client_ciphers(): Cipher 19: 3000084 CAMELLIA256-SHA
Jan 12 12:59:57.000 [debug] rectify_client_ciphers(): Cipher 20: 300000a DES-CBC3-SHA
Jan 12 12:59:57.000 [debug] rectify_client_ciphers(): Cipher 21: 3000005 RC4-SHA
Jan 12 12:59:57.000 [debug] rectify_client_ciphers(): Cipher 22: 3000004 RC4-MD5
Jan 12 12:59:57.000 [debug] rectify_client_ciphers(): Found cipher ECDHE-ECDSA-AES128-GCM-SHA256
Jan 12 12:59:57.000 [debug] rectify_client_ciphers(): Found cipher ECDHE-RSA-AES128-GCM-SHA256
Jan 12 12:59:57.000 [debug] rectify_client_ciphers(): Found cipher ECDHE-ECDSA-AES256-SHA
Jan 12 12:59:57.000 [debug] rectify_client_ciphers(): Found cipher ECDHE-ECDSA-AES128-SHA
Jan 12 12:59:57.000 [debug] rectify_client_ciphers(): Found cipher ECDHE-RSA-AES128-SHA
Jan 12 12:59:57.000 [debug] rectify_client_ciphers(): Found cipher ECDHE-RSA-AES256-SHA
Jan 12 12:59:57.000 [debug] rectify_client_ciphers(): Found cipher ECDHE-RSA-DES-CBC3-SHA
Jan 12 12:59:57.000 [debug] rectify_client_ciphers(): Found cipher ECDHE-ECDSA-RC4-SHA
Jan 12 12:59:57.000 [debug] rectify_client_ciphers(): Found cipher ECDHE-RSA-RC4-SHA
Jan 12 12:59:57.000 [debug] rectify_client_ciphers(): Found cipher DHE-RSA-AES128-SHA
Jan 12 12:59:57.000 [debug] rectify_client_ciphers(): Found cipher DHE-DSS-AES128-SHA
Jan 12 12:59:57.000 [debug] rectify_client_ciphers(): Found cipher DHE-RSA-CAMELLIA128-SHA
Jan 12 12:59:57.000 [debug] rectify_client_ciphers(): Found cipher DHE-RSA-AES256-SHA
Jan 12 12:59:57.000 [debug] rectify_client_ciphers(): Found cipher DHE-DSS-AES256-SHA
Jan 12 12:59:57.000 [debug] rectify_client_ciphers(): Found cipher DHE-RSA-CAMELLIA256-SHA
Jan 12 12:59:57.000 [debug] rectify_client_ciphers(): Found cipher EDH-RSA-DES-CBC3-SHA
Jan 12 12:59:57.000 [debug] rectify_client_ciphers(): Found cipher AES128-SHA
Jan 12 12:59:57.000 [debug] rectify_client_ciphers(): Found cipher CAMELLIA128-SHA
Jan 12 12:59:57.000 [debug] rectify_client_ciphers(): Found cipher AES256-SHA
Jan 12 12:59:57.000 [debug] rectify_client_ciphers(): Found cipher CAMELLIA256-SHA
Jan 12 12:59:57.000 [debug] rectify_client_ciphers(): Found cipher DES-CBC3-SHA
Jan 12 12:59:57.000 [debug] rectify_client_ciphers(): Found cipher RC4-SHA
Jan 12 12:59:57.000 [debug] rectify_client_ciphers(): Found cipher RC4-MD5
Jan 12 12:59:57.000 [debug] connection_tls_start_handshake(): starting TLS handshake on fd 20
Jan 12 12:59:57.000 [debug] tor_tls_handshake(): About to call SSL_connect on 0x56400e662d20 (before/accept initialization)
Jan 12 12:59:57.000 [debug] tor_tls_debug_state_callback(): SSL 0x56400e661db0 is now in state before/connect initialization [type=16,val=1].
Jan 12 12:59:57.000 [debug] tor_tls_debug_state_callback(): SSL 0x56400e661db0 is now in state before/connect initialization [type=4097,val=1].
Jan 12 12:59:57.000 [debug] tor_tls_debug_state_callback(): SSL 0x56400e661db0 is now in state SSLv2/v3 write client hello A [type=4097,val=1].
Jan 12 12:59:57.000 [debug] tor_tls_debug_state_callback(): SSL 0x56400e661db0 is now in state SSLv2/v3 read server hello A [type=4098,val=-1].
Jan 12 12:59:57.000 [debug] tor_tls_handshake(): After call, 0x56400e662d20 was in state SSLv2/v3 read server hello A
Jan 12 12:59:57.000 [debug] connection_tls_continue_handshake(): wanted read
Jan 12 12:59:57.000 [debug] tor_tls_handshake(): About to call SSL_connect on 0x56400e662d20 (SSLv2/v3 read server hello A)
Jan 12 12:59:57.000 [debug] tor_tls_debug_state_callback(): SSL 0x56400e661db0 is now in state SSLv2/v3 read server hello A [type=4098,val=-1].
Jan 12 12:59:57.000 [debug] connection_tls_continue_handshake(): wanted read
Jan 12 12:59:57.000 [debug] conn_read_callback(): socket 20 wants to read.
Jan 12 12:59:57.000 [debug] tor_tls_handshake(): About to call SSL_connect on 0x56400e662d20 (SSLv2/v3 read server hello A)
Jan 12 12:59:57.000 [debug] tor_tls_debug_state_callback(): SSL 0x56400e661db0 is now in state unknown state [type=4097,val=1].
Jan 12 12:59:57.000 [debug] tor_tls_debug_state_callback(): SSL 0x56400e661db0 is now in state unknown state [type=4097,val=1].
Jan 12 12:59:57.000 [debug] tor_tls_debug_state_callback(): SSL 0x56400e661db0 is now in state unknown state [type=4097,val=1].
Jan 12 12:59:57.000 [debug] tor_tls_debug_state_callback(): SSL 0x56400e661db0 is now in state unknown state [type=4097,val=1].
Jan 12 12:59:57.000 [debug] tor_tls_debug_state_callback(): SSL 0x56400e661db0 is now in state unknown state [type=4097,val=1].
Jan 12 12:59:57.000 [debug] tor_tls_debug_state_callback(): SSL 0x56400e661db0 is now in state unknown state [type=4097,val=1].
Jan 12 12:59:57.000 [debug] tor_tls_debug_state_callback(): SSL 0x56400e661db0 is now in state unknown state [type=4097,val=1].
Jan 12 12:59:57.000 [debug] tor_tls_debug_state_callback(): SSL 0x56400e661db0 is now in state unknown state [type=4097,val=1].
Jan 12 12:59:57.000 [debug] tor_tls_debug_state_callback(): SSL 0x56400e661db0 is now in state unknown state [type=4098,val=-1].
Jan 12 12:59:57.000 [debug] tor_tls_debug_state_callback(): SSL 0x56400e661db0 is now in state unknown state [type=4098,val=-1].
Jan 12 12:59:57.000 [debug] tor_tls_handshake(): After call, 0x56400e662d20 was in state unknown state
Jan 12 12:59:57.000 [debug] connection_tls_continue_handshake(): wanted read
Jan 12 12:59:58.000 [debug] conn_read_callback(): socket 20 wants to read.
Jan 12 12:59:58.000 [debug] tor_tls_handshake(): About to call SSL_connect on 0x56400e662d20 (unknown state)
Jan 12 12:59:58.000 [debug] tor_tls_debug_state_callback(): SSL 0x56400e661db0 is now in state unknown state [type=4097,val=1].
Jan 12 12:59:58.000 [debug] tor_tls_debug_state_callback(): SSL 0x56400e661db0 is now in state SSL negotiation finished successfully [type=32,val=1].
Jan 12 12:59:58.000 [debug] tor_tls_debug_state_callback(): SSL 0x56400e661db0 is now in state SSL negotiation finished successfully [type=4098,val=1].
Jan 12 12:59:58.000 [debug] tor_tls_handshake(): After call, 0x56400e662d20 was in state SSL negotiation finished successfully
Jan 12 12:59:58.000 [debug] tor_tls_finish_handshake(): Server sent back a single certificate; looks like a v2 handshake on 0x56400e662d20.
Jan 12 12:59:58.000 [info] connection_tls_continue_handshake(): Client got a v3 cert!  Moving on to v3 handshake with ciphersuite ECDHE-RSA-AES128-GCM-SHA256
Jan 12 12:59:58.000 [debug] connection_or_process_cells_from_inbuf(): 20: starting, inbuf_datalen 0 (0 pending in tls object).
Jan 12 12:59:58.000 [debug] conn_write_callback(): socket 20 wants to write.
Jan 12 12:59:58.000 [debug] flush_chunk_tls(): flushed 9 bytes, 0 ready to flush, 0 remain.
Jan 12 12:59:58.000 [debug] connection_handle_write_impl(): After TLS write of 9: 1056 read, 370 written
Jan 12 12:59:58.000 [debug] connection_bucket_refill_helper(): global_read_bucket now 1073741824.
Jan 12 12:59:58.000 [debug] connection_bucket_refill_helper(): global_write_bucket now 1073741824.
Jan 12 12:59:58.000 [debug] connection_bucket_refill_helper(): global_relayed_read_bucket now 1073741824.
Jan 12 12:59:58.000 [debug] connection_bucket_refill_helper(): global_relayed_write_bucket now 1073741824.
Jan 12 12:59:58.000 [debug] conn_read_callback(): socket 20 wants to read.
Jan 12 12:59:58.000 [debug] connection_read_to_buf(): 20: starting, inbuf_datalen 0 (0 pending in tls object). at_most 16384.
Jan 12 12:59:58.000 [debug] connection_read_to_buf(): After TLS read of 2036: 2065 read, 0 written
Jan 12 12:59:58.000 [debug] connection_or_process_cells_from_inbuf(): 20: starting, inbuf_datalen 2036 (0 pending in tls object).
Jan 12 12:59:58.000 [info] channel_tls_process_versions_cell(): Negotiated version 4 with [scrubbed]:443; Sending cells: CERTS
Jan 12 12:59:58.000 [debug] connection_or_process_cells_from_inbuf(): 20: starting, inbuf_datalen 2025 (0 pending in tls object).
Jan 12 12:59:58.000 [info] channel_tls_process_certs_cell(): Got some good certificates from [scrubbed]:443: Authenticated it.
Jan 12 12:59:58.000 [debug] connection_or_process_cells_from_inbuf(): 20: starting, inbuf_datalen 559 (0 pending in tls object).
Jan 12 12:59:58.000 [info] channel_tls_process_auth_challenge_cell(): Got an AUTH_CHALLENGE cell from [scrubbed]:443: Sending authentication
Jan 12 12:59:58.000 [debug] connection_or_process_cells_from_inbuf(): 20: starting, inbuf_datalen 514 (0 pending in tls object).
Jan 12 12:59:58.000 [debug] channel_change_state(): Changing state of channel 0x56400e660420 (global ID 0) from "opening" to "open"
Jan 12 12:59:58.000 [debug] circuit_n_chan_done(): chan to NULL/86.59.21.38:443, status=1
Jan 12 12:59:58.000 [debug] circuit_n_chan_done(): Found circ, sending create cell.
Jan 12 12:59:58.000 [debug] circuit_send_next_onion_skin(): First skin; sending create cell.
Jan 12 12:59:58.000 [notice] Bootstrapped 15%: Establishing an encrypted directory connection.
Jan 12 12:59:58.000 [debug] circuit_get_by_circid_channel_impl(): circuit_get_by_circid_channel_impl() found nothing for circ_id 2147491492, channel ID 0 (0x56400e660420)
Jan 12 12:59:58.000 [debug] circuit_deliver_create_cell(): Chosen circID 2147491492.
Jan 12 12:59:58.000 [debug] circuitmux_attach_circuit(): Attaching circuit 2147491492 on channel 0 to cmux 0x56400e657170
Jan 12 12:59:58.000 [debug] append_cell_to_circuit_queue(): Made a circuit active.
Jan 12 12:59:58.000 [info] circuit_send_next_onion_skin(): First hop: finished sending CREATE_FAST cell to '<unnamed>'
Jan 12 12:59:58.000 [info] channel_tls_process_netinfo_cell(): Got good NETINFO cell from [scrubbed]:443; OR connection is now open, using protocol version 4. Its ID digest is 847B1F850344D7876491A54892F904934E4EB85D. Our address is apparently 206.117.25.79.
Jan 12 12:59:58.000 [debug] connection_or_process_cells_from_inbuf(): 20: starting, inbuf_datalen 0 (0 pending in tls object).
Jan 12 12:59:58.000 [debug] conn_write_callback(): socket 20 wants to write.
Jan 12 12:59:58.000 [debug] flush_chunk_tls(): flushed 1783 bytes, 0 ready to flush, 0 remain.
Jan 12 12:59:58.000 [debug] connection_handle_write_impl(): After TLS write of 1783: 0 read, 1812 written
Jan 12 12:59:58.000 [debug] channel_write_packed_cell(): Writing packed_cell_t 0x56400e67a038 to channel 0x56400e660420 with global ID 0
Jan 12 12:59:58.000 [debug] channel_flush_from_first_active_circuit(): Made a circuit inactive.
Jan 12 12:59:58.000 [debug] conn_write_callback(): socket 20 wants to write.
Jan 12 12:59:58.000 [debug] flush_chunk_tls(): flushed 514 bytes, 0 ready to flush, 0 remain.
Jan 12 12:59:58.000 [debug] connection_handle_write_impl(): After TLS write of 514: 0 read, 543 written
Jan 12 12:59:58.000 [debug] connection_bucket_refill_helper(): global_read_bucket now 1073741824.
Jan 12 12:59:58.000 [debug] connection_bucket_refill_helper(): global_write_bucket now 1073741824.
Jan 12 12:59:58.000 [debug] connection_bucket_refill_helper(): global_relayed_read_bucket now 1073741824.
Jan 12 12:59:58.000 [debug] connection_bucket_refill_helper(): or_conn->write_bucket now 1073741824.
Jan 12 12:59:58.000 [debug] conn_read_callback(): socket 20 wants to read.
Jan 12 12:59:58.000 [debug] connection_read_to_buf(): 20: starting, inbuf_datalen 0 (0 pending in tls object). at_most 16448.
Jan 12 12:59:58.000 [debug] connection_read_to_buf(): After TLS read of 514: 543 read, 0 written
Jan 12 12:59:58.000 [debug] connection_or_process_cells_from_inbuf(): 20: starting, inbuf_datalen 514 (0 pending in tls object).
Jan 12 12:59:58.000 [debug] channel_queue_cell(): Directly handling incoming cell_t 0x7ffc28751bf0 for channel 0x56400e660420 (global ID 0)
Jan 12 12:59:58.000 [debug] circuit_get_by_circid_channel_impl(): circuit_get_by_circid_channel_impl() returning circuit 0x56400e65fff0 for circ_id 2147491492, channel ID 0 (0x56400e660420)
Jan 12 12:59:58.000 [debug] command_process_created_cell(): at OP. Finishing handshake.
Jan 12 12:59:58.000 [info] circuit_finish_handshake(): Finished building circuit hop:
Jan 12 12:59:58.000 [info] internal circ (length 1, last hop 847B1F850344D7876491A54892F904934E4EB85D): $847B1F850344D7876491A54892F904934E4EB85D(open)
Jan 12 12:59:58.000 [debug] command_process_created_cell(): Moving to next skin.
Jan 12 12:59:58.000 [debug] circuit_send_next_onion_skin(): starting to send subsequent skin.
Jan 12 12:59:58.000 [info] circuit_send_next_onion_skin(): circuit built!
Jan 12 12:59:58.000 [notice] Bootstrapped 20%: Asking for networkstatus consensus.
Jan 12 12:59:58.000 [debug] connection_ap_handshake_attach_circuit(): Attaching apconn to circ 2147491492 (stream 1 sec old).
Jan 12 12:59:58.000 [info] internal circ (length 1): $847B1F850344D7876491A54892F904934E4EB85D(open)
Jan 12 12:59:58.000 [debug] link_apconn_to_circ(): attaching new conn to circ. n_circ_id 2147491492.
Jan 12 12:59:58.000 [info] connection_ap_handshake_send_begin(): Sending relay cell 1 to begin stream 45474.
Jan 12 12:59:58.000 [debug] relay_send_command_from_edge_(): delivering 13 cell forward.
Jan 12 12:59:58.000 [debug] circuit_package_relay_cell(): crypting a layer of the relay cell.
Jan 12 12:59:58.000 [debug] append_cell_to_circuit_queue(): Made a circuit active.
Jan 12 12:59:58.000 [debug] append_cell_to_circuit_queue(): Primed a buffer.
Jan 12 12:59:58.000 [debug] channel_write_packed_cell(): Writing packed_cell_t 0x56400e67a038 to channel 0x56400e660420 with global ID 0
Jan 12 12:59:58.000 [debug] channel_flush_from_first_active_circuit(): Made a circuit inactive.
Jan 12 12:59:58.000 [info] connection_ap_handshake_send_begin(): Address/port sent, ap socket -1, n_circ_id 2147491492
Jan 12 12:59:58.000 [debug] connection_or_process_cells_from_inbuf(): 20: starting, inbuf_datalen 0 (0 pending in tls object).
Jan 12 12:59:58.000 [debug] conn_write_callback(): socket 20 wants to write.
Jan 12 12:59:58.000 [debug] flush_chunk_tls(): flushed 514 bytes, 0 ready to flush, 0 remain.
Jan 12 12:59:58.000 [debug] connection_handle_write_impl(): After TLS write of 514: 0 read, 543 written
Jan 12 12:59:58.000 [debug] connection_bucket_refill_helper(): global_read_bucket now 1073741824.
Jan 12 12:59:58.000 [debug] connection_bucket_refill_helper(): global_write_bucket now 1073741824.
Jan 12 12:59:58.000 [debug] connection_bucket_refill_helper(): or_conn->read_bucket now 1073741824.
Jan 12 12:59:58.000 [debug] connection_bucket_refill_helper(): or_conn->write_bucket now 1073741824.
Jan 12 12:59:58.000 [debug] conn_read_callback(): socket 20 wants to read.
Jan 12 12:59:58.000 [debug] connection_read_to_buf(): 20: starting, inbuf_datalen 0 (0 pending in tls object). at_most 16448.
Jan 12 12:59:58.000 [debug] connection_read_to_buf(): After TLS read of 514: 543 read, 0 written
Jan 12 12:59:58.000 [debug] connection_or_process_cells_from_inbuf(): 20: starting, inbuf_datalen 514 (0 pending in tls object).
Jan 12 12:59:58.000 [debug] channel_queue_cell(): Directly handling incoming cell_t 0x7ffc28751bf0 for channel 0x56400e660420 (global ID 0)
Jan 12 12:59:58.000 [debug] circuit_get_by_circid_channel_impl(): circuit_get_by_circid_channel_impl() returning circuit 0x56400e65fff0 for circ_id 2147491492, channel ID 0 (0x56400e660420)
Jan 12 12:59:58.000 [debug] relay_lookup_conn(): found conn for stream 45474.
Jan 12 12:59:58.000 [debug] circuit_receive_relay_cell(): Sending to origin.
Jan 12 12:59:58.000 [debug] connection_edge_process_relay_cell(): Now seen 1 relay cells here (command 4, stream 45474).
Jan 12 12:59:58.000 [info] connection_edge_process_relay_cell_not_open(): 'connected' received after 0 seconds.
Jan 12 12:59:58.000 [info] internal circ (length 1): $847B1F850344D7876491A54892F904934E4EB85D(open)
Jan 12 12:59:58.000 [debug] connection_edge_process_relay_cell_not_open(): considering
Jan 12 12:59:58.000 [debug] connection_edge_process_relay_cell_not_open(): it is! 14
Jan 12 12:59:58.000 [notice] Bootstrapped 25%: Loading networkstatus consensus.
Jan 12 12:59:58.000 [debug] circuit_consider_stop_edge_reading(): considering layer_hint->package_window 1000
Jan 12 12:59:58.000 [debug] connection_edge_package_raw_inbuf(): -1: Packaging 139 bytes (0 waiting).
Jan 12 12:59:58.000 [debug] relay_send_command_from_edge_(): delivering 2 cell forward.
Jan 12 12:59:58.000 [debug] circuit_package_relay_cell(): crypting a layer of the relay cell.
Jan 12 12:59:58.000 [debug] append_cell_to_circuit_queue(): Made a circuit active.
Jan 12 12:59:58.000 [debug] append_cell_to_circuit_queue(): Primed a buffer.
Jan 12 12:59:58.000 [debug] channel_write_packed_cell(): Writing packed_cell_t 0x56400e67a038 to channel 0x56400e660420 with global ID 0
Jan 12 12:59:58.000 [debug] channel_flush_from_first_active_circuit(): Made a circuit inactive.
Jan 12 12:59:58.000 [debug] connection_edge_package_raw_inbuf(): conn->package_window is now 499
Jan 12 12:59:58.000 [debug] circuit_consider_stop_edge_reading(): considering layer_hint->package_window 999
Jan 12 12:59:58.000 [debug] connection_or_process_cells_from_inbuf(): 20: starting, inbuf_datalen 0 (0 pending in tls object).
Jan 12 12:59:58.000 [debug] conn_write_callback(): socket 20 wants to write.
Jan 12 12:59:58.000 [debug] flush_chunk_tls(): flushed 514 bytes, 0 ready to flush, 0 remain.
Jan 12 12:59:58.000 [debug] connection_handle_write_impl(): After TLS write of 514: 0 read, 543 written
Jan 12 12:59:58.000 [debug] connection_bucket_refill_helper(): global_read_bucket now 1073741824.
Jan 12 12:59:58.000 [debug] connection_bucket_refill_helper(): global_write_bucket now 1073741824.
Jan 12 12:59:58.000 [debug] connection_bucket_refill_helper(): or_conn->read_bucket now 1073741824.
Jan 12 12:59:58.000 [debug] connection_bucket_refill_helper(): or_conn->write_bucket now 1073741824.
Jan 12 12:59:58.000 [debug] conn_read_callback(): socket 20 wants to read.
Jan 12 12:59:58.000 [debug] connection_read_to_buf(): 20: starting, inbuf_datalen 0 (0 pending in tls object). at_most 16448.
Jan 12 12:59:58.000 [debug] connection_read_to_buf(): After TLS read of 514: 543 read, 0 written
Jan 12 12:59:58.000 [debug] connection_or_process_cells_from_inbuf(): 20: starting, inbuf_datalen 514 (0 pending in tls object).
Jan 12 12:59:58.000 [debug] channel_queue_cell(): Directly handling incoming cell_t 0x7ffc28751bf0 for channel 0x56400e660420 (global ID 0)
Jan 12 12:59:58.000 [debug] circuit_get_by_circid_channel_impl(): circuit_get_by_circid_channel_impl() returning circuit 0x56400e65fff0 for circ_id 2147491492, channel ID 0 (0x56400e660420)
Jan 12 12:59:58.000 [debug] relay_lookup_conn(): found conn for stream 45474.
Jan 12 12:59:58.000 [debug] circuit_receive_relay_cell(): Sending to origin.
Jan 12 12:59:58.000 [debug] connection_edge_process_relay_cell(): Now seen 2 relay cells here (command 2, stream 45474).
Jan 12 12:59:58.000 [debug] connection_edge_process_relay_cell(): circ deliver_window now 999.
Jan 12 12:59:58.000 [debug] connection_or_process_cells_from_inbuf(): 20: starting, inbuf_datalen 0 (0 pending in tls object).
Jan 12 12:59:58.000 [debug] conn_read_callback(): socket -1 wants to read.
Jan 12 12:59:58.000 [debug] connection_dir_process_inbuf(): Got data, not eof. Leaving on inbuf.
Jan 12 12:59:58.000 [debug] connection_bucket_refill_helper(): global_read_bucket now 1073741824.
Jan 12 12:59:58.000 [debug] connection_bucket_refill_helper(): or_conn->read_bucket now 1073741824.
Jan 12 12:59:59.000 [debug] conn_read_callback(): socket 20 wants to read.
Jan 12 12:59:59.000 [debug] connection_read_to_buf(): 20: starting, inbuf_datalen 0 (0 pending in tls object). at_most 16448.
Jan 12 12:59:59.000 [debug] connection_read_to_buf(): After TLS read of 514: 543 read, 0 written
Jan 12 12:59:59.000 [debug] connection_or_process_cells_from_inbuf(): 20: starting, inbuf_datalen 514 (0 pending in tls object).
Jan 12 12:59:59.000 [debug] channel_queue_cell(): Directly handling incoming cell_t 0x7ffc28751bf0 for channel 0x56400e660420 (global ID 0)
Jan 12 12:59:59.000 [debug] circuit_get_by_circid_channel_impl(): circuit_get_by_circid_channel_impl() returning circuit 0x56400e65fff0 for circ_id 2147491492, channel ID 0 (0x56400e660420)
Jan 12 12:59:59.000 [debug] relay_lookup_conn(): found conn for stream 45474.
Jan 12 12:59:59.000 [debug] circuit_receive_relay_cell(): Sending to origin.
Jan 12 12:59:59.000 [debug] connection_edge_process_relay_cell(): Now seen 3 relay cells here (command 3, stream 45474).
Jan 12 12:59:59.000 [info] connection_edge_process_relay_cell(): -1: end cell (closed normally) for stream 45474. Removing stream.
Jan 12 12:59:59.000 [debug] connection_or_process_cells_from_inbuf(): 20: starting, inbuf_datalen 0 (0 pending in tls object).
Jan 12 12:59:59.000 [debug] conn_close_if_marked(): Cleaning up connection (fd -1).
Jan 12 12:59:59.000 [debug] connection_remove(): removing socket -1 (type Socks), n_conns now 10
Jan 12 12:59:59.000 [info] connection_free_(): Freeing linked Socks connection [open] with 0 bytes on inbuf, 0 on outbuf.
Jan 12 12:59:59.000 [debug] conn_read_callback(): socket -1 wants to read.
Jan 12 12:59:59.000 [debug] fetch_from_buf_http(): headerlen 120, bodylen 0.
Jan 12 12:59:59.000 [debug] connection_dir_client_reached_eof(): Received response from directory server '86.59.21.38:443': 404 "Consensus not signed by sufficient number of requested authorities" (purpose: 14)
Jan 12 12:59:59.000 [debug] connection_dir_client_reached_eof(): Time on received directory is within tolerance; we are -1 seconds skewed.  (That's okay.)
Jan 12 12:59:59.000 [warn] Received http status code 404 ("Consensus not signed by sufficient number of requested authorities") from server '86.59.21.38:443' while fetching consensus directory.
Jan 12 12:59:59.000 [debug] conn_close_if_marked(): Cleaning up connection (fd -1).
Jan 12 12:59:59.000 [debug] connection_remove(): removing socket -1 (type Directory), n_conns now 9
Jan 12 12:59:59.000 [info] connection_free_(): Freeing linked Directory connection [client reading] with 0 bytes on inbuf, 0 on outbuf.
Jan 12 12:59:59.000 [debug] connection_bucket_refill_helper(): global_read_bucket now 1073741824.
Jan 12 12:59:59.000 [debug] connection_bucket_refill_helper(): or_conn->read_bucket now 1073741824.
Jan 12 13:00:08.000 [info] router_pick_published_address(): Success: chose address '206.117.25.79'.
Jan 12 13:00:19.000 [info] router_pick_published_address(): Success: chose address '206.117.25.79'.
Jan 12 13:00:30.000 [info] router_pick_published_address(): Success: chose address '206.117.25.79'.
Jan 12 13:00:41.000 [info] router_pick_published_address(): Success: chose address '206.117.25.79'.
Jan 12 13:00:52.000 [info] router_pick_published_address(): Success: chose address '206.117.25.79'.
Jan 12 13:00:58.000 [debug] resolve_my_address(): Resolved Address to '206.117.25.79'.
Jan 12 13:01:03.000 [info] router_pick_published_address(): Success: chose address '206.117.25.79'.
Jan 12 13:01:14.000 [info] router_pick_published_address(): Success: chose address '206.117.25.79'.
Jan 12 13:01:25.000 [info] router_pick_published_address(): Success: chose address '206.117.25.79'.
Jan 12 13:01:36.000 [info] router_pick_published_address(): Success: chose address '206.117.25.79'.
Jan 12 13:01:47.000 [info] router_pick_published_address(): Success: chose address '206.117.25.79'.
Jan 12 13:01:57.000 [info] dns_launch_wildcard_checks(): Launching checks to see whether our nameservers like to hijack DNS failures.
Jan 12 13:01:57.000 [info] launch_wildcard_check(): Testing whether our DNS server is hijacking nonexistent domains with request for bogus hostname "j53iv.invalid"
Jan 12 13:01:57.000 [info] evdns_log_cb(): eventdns: Resolve requested.
Jan 12 13:01:57.000 [info] eventdns: Setting timeout for request 0x56400e66b440, sent to nameserver 0x56400e64f540
Jan 12 13:01:57.000 [info] launch_wildcard_check(): Testing whether our DNS server is hijacking nonexistent domains with request for bogus hostname "ycf6xv3zhydx.test"
Jan 12 13:01:57.000 [info] evdns_log_cb(): eventdns: Resolve requested.
Jan 12 13:01:57.000 [info] eventdns: Setting timeout for request 0x56400e66adc0, sent to nameserver 0x56400e64f540
Jan 12 13:01:57.000 [info] launch_wildcard_check(): Testing whether our DNS server is hijacking nonexistent domains with request for bogus hostname "gbzso2vlozx"
Jan 12 13:01:57.000 [info] evdns_log_cb(): eventdns: Resolve requested.
Jan 12 13:01:57.000 [info] eventdns: Setting timeout for request 0x56400e665500, sent to nameserver 0x56400e64f540
Jan 12 13:01:57.000 [info] launch_wildcard_check(): Testing whether our DNS server is hijacking nonexistent domains with request for bogus hostname "naxc7hpoikp4n6sp.com"
Jan 12 13:01:57.000 [info] evdns_log_cb(): eventdns: Resolve requested.
Jan 12 13:01:57.000 [info] eventdns: Setting timeout for request 0x56400e65f830, sent to nameserver 0x56400e64f540
Jan 12 13:01:57.000 [info] launch_wildcard_check(): Testing whether our DNS server is hijacking nonexistent domains with request for bogus hostname "5ysxc3sgzdgcfu.org"
Jan 12 13:01:57.000 [info] evdns_log_cb(): eventdns: Resolve requested.
Jan 12 13:01:57.000 [info] eventdns: Setting timeout for request 0x56400e666810, sent to nameserver 0x56400e64f540
Jan 12 13:01:57.000 [info] launch_wildcard_check(): Testing whether our DNS server is hijacking nonexistent domains with request for bogus hostname "2tqj3a5v7qno.net"
Jan 12 13:01:57.000 [info] evdns_log_cb(): eventdns: Resolve requested.
Jan 12 13:01:57.000 [info] eventdns: Setting timeout for request 0x56400e6669c0, sent to nameserver 0x56400e64f540
Jan 12 13:01:57.000 [info] launch_wildcard_check(): Testing whether our DNS server is hijacking nonexistent domains with request for bogus hostname "ww.invalid"
Jan 12 13:01:57.000 [info] evdns_log_cb(): eventdns: Resolve requested.
Jan 12 13:01:57.000 [info] eventdns: Setting timeout for request 0x56400e65fab0, sent to nameserver 0x56400e64f540
Jan 12 13:01:57.000 [info] launch_wildcard_check(): Testing whether our DNS server is hijacking nonexistent domains with request for bogus hostname "m6yb43xott7srme.test"
Jan 12 13:01:57.000 [info] evdns_log_cb(): eventdns: Resolve requested.
Jan 12 13:01:57.000 [info] eventdns: Setting timeout for request 0x56400e65fc80, sent to nameserver 0x56400e64f540
Jan 12 13:01:57.000 [info] launch_wildcard_check(): Testing whether our DNS server is hijacking nonexistent domains with request for bogus hostname "p6ifdoux6o77"
Jan 12 13:01:57.000 [info] evdns_log_cb(): eventdns: Resolve requested.
Jan 12 13:01:57.000 [info] eventdns: Setting timeout for request 0x56400e65fe60, sent to nameserver 0x56400e64f540
Jan 12 13:01:57.000 [info] launch_wildcard_check(): Testing whether our DNS server is hijacking nonexistent domains with request for bogus hostname "daorlbj3.com"
Jan 12 13:01:57.000 [info] evdns_log_cb(): eventdns: Resolve requested.
Jan 12 13:01:57.000 [info] eventdns: Setting timeout for request 0x56400e666d40, sent to nameserver 0x56400e64f540
Jan 12 13:01:57.000 [info] launch_wildcard_check(): Testing whether our DNS server is hijacking nonexistent domains with request for bogus hostname "h2yiixa3ptm.org"
Jan 12 13:01:57.000 [info] evdns_log_cb(): eventdns: Resolve requested.
Jan 12 13:01:57.000 [info] eventdns: Setting timeout for request 0x56400e666f20, sent to nameserver 0x56400e64f540
Jan 12 13:01:57.000 [info] launch_wildcard_check(): Testing whether our DNS server is hijacking nonexistent domains with request for bogus hostname "4ufdl4mh47.net"
Jan 12 13:01:57.000 [info] evdns_log_cb(): eventdns: Resolve requested.
Jan 12 13:01:57.000 [info] eventdns: Setting timeout for request 0x56400e667100, sent to nameserver 0x56400e64f540
Jan 12 13:01:57.000 [info] launch_wildcard_check(): Testing whether our DNS server is hijacking nonexistent domains with request for bogus hostname "vhmx3vycpbbcbz.invalid"
Jan 12 13:01:57.000 [info] evdns_log_cb(): eventdns: Resolve requested.
Jan 12 13:01:57.000 [info] eventdns: Setting timeout for request 0x56400e6672e0, sent to nameserver 0x56400e64f540
Jan 12 13:01:57.000 [info] launch_wildcard_check(): Testing whether our DNS server is hijacking nonexistent domains with request for bogus hostname "xoljeu3quaje.test"
Jan 12 13:01:57.000 [info] evdns_log_cb(): eventdns: Resolve requested.
Jan 12 13:01:57.000 [info] eventdns: Setting timeout for request 0x56400e6674c0, sent to nameserver 0x56400e64f540
Jan 12 13:01:57.000 [info] launch_wildcard_check(): Testing whether our DNS server is hijacking nonexistent domains with request for bogus hostname "ruva4bbt4nbk"
Jan 12 13:01:57.000 [info] evdns_log_cb(): eventdns: Resolve requested.
Jan 12 13:01:57.000 [info] eventdns: Setting timeout for request 0x56400e665710, sent to nameserver 0x56400e64f540
Jan 12 13:01:57.000 [info] launch_wildcard_check(): Testing whether our DNS server is hijacking nonexistent domains with request for bogus hostname "rsvqbda4o.com"
Jan 12 13:01:57.000 [info] evdns_log_cb(): eventdns: Resolve requested.
Jan 12 13:01:57.000 [info] eventdns: Setting timeout for request 0x56400e6658f0, sent to nameserver 0x56400e64f540
Jan 12 13:01:57.000 [info] launch_wildcard_check(): Testing whether our DNS server is hijacking nonexistent domains with request for bogus hostname "f6dr2ceng4s5f.org"
Jan 12 13:01:57.000 [info] evdns_log_cb(): eventdns: Resolve requested.
Jan 12 13:01:57.000 [info] eventdns: Setting timeout for request 0x56400e665b70, sent to nameserver 0x56400e64f540
Jan 12 13:01:57.000 [info] launch_wildcard_check(): Testing whether our DNS server is hijacking nonexistent domains with request for bogus hostname "blax3odynw5.net"
Jan 12 13:01:57.000 [info] evdns_log_cb(): eventdns: Resolve requested.
Jan 12 13:01:57.000 [info] eventdns: Setting timeout for request 0x56400e665d50, sent to nameserver 0x56400e64f540
Jan 12 13:01:57.000 [info] launch_wildcard_check(): Testing whether our DNS server is hijacking nonexistent domains with request for bogus hostname "wrb3.invalid"
Jan 12 13:01:57.000 [info] evdns_log_cb(): eventdns: Resolve requested.
Jan 12 13:01:57.000 [info] eventdns: Setting timeout for request 0x56400e665f30, sent to nameserver 0x56400e64f540
Jan 12 13:01:57.000 [info] launch_wildcard_check(): Testing whether our DNS server is hijacking nonexistent domains with request for bogus hostname "p3v54hvl.test"
Jan 12 13:01:57.000 [info] evdns_log_cb(): eventdns: Resolve requested.
Jan 12 13:01:57.000 [info] eventdns: Setting timeout for request 0x56400e666110, sent to nameserver 0x56400e64f540
Jan 12 13:01:57.000 [info] launch_wildcard_check(): Testing whether our DNS server is hijacking nonexistent domains with request for bogus hostname "lohmbasf73wmkzd"
Jan 12 13:01:57.000 [info] evdns_log_cb(): eventdns: Resolve requested.
Jan 12 13:01:57.000 [info] eventdns: Setting timeout for request 0x56400e6662f0, sent to nameserver 0x56400e64f540
Jan 12 13:01:57.000 [info] launch_wildcard_check(): Testing whether our DNS server is hijacking nonexistent domains with request for bogus hostname "q6l33crrbxtc3b2b.com"
Jan 12 13:01:57.000 [info] evdns_log_cb(): eventdns: Resolve requested.
Jan 12 13:01:57.000 [info] eventdns: Setting timeout for request 0x56400e6664d0, sent to nameserver 0x56400e64f540
Jan 12 13:01:57.000 [info] launch_wildcard_check(): Testing whether our DNS server is hijacking nonexistent domains with request for bogus hostname "5xi5a27xmn7ykr3.org"
Jan 12 13:01:57.000 [info] evdns_log_cb(): eventdns: Resolve requested.
Jan 12 13:01:57.000 [info] eventdns: Setting timeout for request 0x56400e667800, sent to nameserver 0x56400e64f540
Jan 12 13:01:57.000 [info] launch_wildcard_check(): Testing whether our DNS server is hijacking nonexistent domains with request for bogus hostname "3ibaffwjv4kr37.net"
Jan 12 13:01:57.000 [info] evdns_log_cb(): eventdns: Resolve requested.
Jan 12 13:01:57.000 [info] eventdns: Setting timeout for request 0x56400e6679e0, sent to nameserver 0x56400e64f540
Jan 12 13:01:57.000 [info] eventdns: Removing timeout for request 0x56400e666f20
Jan 12 13:01:57.000 [info] eventdns: Removing timeout for request 0x56400e666810
Jan 12 13:01:57.000 [info] eventdns: Removing timeout for request 0x56400e665500
Jan 12 13:01:57.000 [info] eventdns: Removing timeout for request 0x56400e66b440
Jan 12 13:01:57.000 [info] eventdns: Removing timeout for request 0x56400e66adc0
Jan 12 13:01:57.000 [info] eventdns: Removing timeout for request 0x56400e65fe60
Jan 12 13:01:57.000 [info] eventdns: Removing timeout for request 0x56400e665710
Jan 12 13:01:57.000 [info] eventdns: Removing timeout for request 0x56400e6674c0
Jan 12 13:01:57.000 [info] eventdns: Removing timeout for request 0x56400e666110
Jan 12 13:01:57.000 [info] eventdns: Removing timeout for request 0x56400e665b70
Jan 12 13:01:57.000 [info] eventdns: Removing timeout for request 0x56400e6672e0
Jan 12 13:01:57.000 [info] eventdns: Removing timeout for request 0x56400e665f30
Jan 12 13:01:57.000 [info] eventdns: Removing timeout for request 0x56400e65fab0
Jan 12 13:01:57.000 [info] eventdns: Removing timeout for request 0x56400e65fc80
Jan 12 13:01:57.000 [info] eventdns: Removing timeout for request 0x56400e6662f0
Jan 12 13:01:57.000 [info] eventdns: Removing timeout for request 0x56400e667800
Jan 12 13:01:57.000 [info] eventdns: Removing timeout for request 0x56400e6664d0
Jan 12 13:01:57.000 [info] eventdns: Removing timeout for request 0x56400e665d50
Jan 12 13:01:57.000 [info] eventdns: Removing timeout for request 0x56400e667100
Jan 12 13:01:57.000 [info] eventdns: Removing timeout for request 0x56400e666d40
Jan 12 13:01:57.000 [info] eventdns: Removing timeout for request 0x56400e65f830
Jan 12 13:01:57.000 [info] eventdns: Removing timeout for request 0x56400e6679e0
Jan 12 13:01:57.000 [info] eventdns: Removing timeout for request 0x56400e6658f0
Jan 12 13:01:57.000 [info] eventdns: Removing timeout for request 0x56400e6669c0
Jan 12 13:01:58.000 [info] router_pick_published_address(): Success: chose address '206.117.25.79'.
Jan 12 13:01:59.000 [debug] resolve_my_address(): Resolved Address to '206.117.25.79'.
Jan 12 13:01:59.000 [info] update_consensus_networkstatus_downloads(): Launching ns networkstatus consensus download.
Jan 12 13:01:59.000 [info] router_pick_published_address(): Success: chose address '206.117.25.79'.
Jan 12 13:01:59.000 [info] router_pick_directory_server(): No reachable router entries for dirservers. Trying them all again.
Jan 12 13:01:59.000 [info] directory_pick_generic_dirserver(): No router found for consensus network-status fetch; falling back to dirserver list.
Jan 12 13:01:59.000 [info] router_pick_published_address(): Success: chose address '206.117.25.79'.
Jan 12 13:01:59.000 [debug] directory_initiate_command_rend(): anonymized 0, use_begindir 1.
Jan 12 13:01:59.000 [debug] directory_initiate_command_rend(): Initiating consensus network-status fetch
Jan 12 13:01:59.000 [info] connection_ap_make_link(): Making internal direct tunnel to [scrubbed]:443 ...
Jan 12 13:01:59.000 [debug] connection_add_impl(): new conn type Socks, socket -1, address (Tor_internal), n_conns 9.
Jan 12 13:01:59.000 [debug] connection_ap_handshake_attach_circuit(): Attaching apconn to circ 2147491492 (stream 0 sec old).
Jan 12 13:01:59.000 [info] internal circ (length 1): $847B1F850344D7876491A54892F904934E4EB85D(open)
Jan 12 13:01:59.000 [debug] link_apconn_to_circ(): attaching new conn to circ. n_circ_id 2147491492.
Jan 12 13:01:59.000 [info] connection_ap_handshake_send_begin(): Sending relay cell 1 to begin stream 45475.
Jan 12 13:01:59.000 [debug] relay_send_command_from_edge_(): delivering 13 cell forward.
Jan 12 13:01:59.000 [debug] circuit_package_relay_cell(): crypting a layer of the relay cell.
Jan 12 13:01:59.000 [debug] append_cell_to_circuit_queue(): Made a circuit active.
Jan 12 13:01:59.000 [debug] append_cell_to_circuit_queue(): Primed a buffer.
Jan 12 13:01:59.000 [debug] channel_write_packed_cell(): Writing packed_cell_t 0x56400e67a038 to channel 0x56400e660420 with global ID 0
Jan 12 13:01:59.000 [debug] channel_flush_from_first_active_circuit(): Made a circuit inactive.
Jan 12 13:01:59.000 [info] connection_ap_handshake_send_begin(): Address/port sent, ap socket -1, n_circ_id 2147491492
Jan 12 13:01:59.000 [info] connection_ap_make_link(): ... application connection created and linked.
Jan 12 13:01:59.000 [debug] connection_add_impl(): new conn type Directory, socket -1, address 86.59.21.38, n_conns 10.
Jan 12 13:01:59.000 [info] directory_send_command(): Downloading consensus from 86.59.21.38:443 using /tor/status-vote/current/consensus/14C131+27B6B5+49015F+585769+805509+D586D1+E8A9C4+ED03BB+EFCBE7.z
Jan 12 13:01:59.000 [debug] conn_write_callback(): socket 20 wants to write.
Jan 12 13:01:59.000 [debug] flush_chunk_tls(): flushed 514 bytes, 0 ready to flush, 0 remain.
Jan 12 13:01:59.000 [debug] connection_handle_write_impl(): After TLS write of 514: 0 read, 543 written
Jan 12 13:01:59.000 [debug] conn_read_callback(): socket -1 wants to read.
Jan 12 13:01:59.000 [info] connection_edge_process_inbuf(): data from edge while in 'waiting for connect response' state. Leaving it on buffer.
Jan 12 13:01:59.000 [info] connection_edge_process_inbuf(): data from edge while in 'waiting for connect response' state. Leaving it on buffer.
Jan 12 13:01:59.000 [debug] connection_dir_finished_flushing(): client finished sending command.
Jan 12 13:01:59.000 [debug] connection_bucket_refill_helper(): global_write_bucket now 1073741824.
Jan 12 13:01:59.000 [debug] connection_bucket_refill_helper(): or_conn->write_bucket now 1073741824.
Jan 12 13:01:59.000 [debug] conn_read_callback(): socket 20 wants to read.
Jan 12 13:01:59.000 [debug] connection_read_to_buf(): 20: starting, inbuf_datalen 0 (0 pending in tls object). at_most 16448.
Jan 12 13:01:59.000 [debug] connection_read_to_buf(): After TLS read of 514: 543 read, 0 written
Jan 12 13:01:59.000 [debug] connection_or_process_cells_from_inbuf(): 20: starting, inbuf_datalen 514 (0 pending in tls object).
Jan 12 13:01:59.000 [debug] channel_queue_cell(): Directly handling incoming cell_t 0x7ffc28751bf0 for channel 0x56400e660420 (global ID 0)
Jan 12 13:01:59.000 [debug] circuit_get_by_circid_channel_impl(): circuit_get_by_circid_channel_impl() returning circuit 0x56400e65fff0 for circ_id 2147491492, channel ID 0 (0x56400e660420)
Jan 12 13:01:59.000 [debug] relay_lookup_conn(): found conn for stream 45475.
Jan 12 13:01:59.000 [debug] circuit_receive_relay_cell(): Sending to origin.
Jan 12 13:01:59.000 [debug] connection_edge_process_relay_cell(): Now seen 4 relay cells here (command 4, stream 45475).
Jan 12 13:01:59.000 [info] connection_edge_process_relay_cell_not_open(): 'connected' received after 0 seconds.
Jan 12 13:01:59.000 [info] internal circ (length 1): $847B1F850344D7876491A54892F904934E4EB85D(open)
Jan 12 13:01:59.000 [debug] connection_edge_process_relay_cell_not_open(): considering
Jan 12 13:01:59.000 [debug] connection_edge_process_relay_cell_not_open(): it is! 14
Jan 12 13:01:59.000 [debug] circuit_consider_stop_edge_reading(): considering layer_hint->package_window 999
Jan 12 13:01:59.000 [debug] connection_edge_package_raw_inbuf(): -1: Packaging 139 bytes (0 waiting).
Jan 12 13:01:59.000 [debug] relay_send_command_from_edge_(): delivering 2 cell forward.
Jan 12 13:01:59.000 [debug] circuit_package_relay_cell(): crypting a layer of the relay cell.
Jan 12 13:01:59.000 [debug] append_cell_to_circuit_queue(): Made a circuit active.
Jan 12 13:01:59.000 [debug] append_cell_to_circuit_queue(): Primed a buffer.
Jan 12 13:01:59.000 [debug] channel_write_packed_cell(): Writing packed_cell_t 0x56400e67a038 to channel 0x56400e660420 with global ID 0
Jan 12 13:01:59.000 [debug] channel_flush_from_first_active_circuit(): Made a circuit inactive.
Jan 12 13:01:59.000 [debug] connection_edge_package_raw_inbuf(): conn->package_window is now 499
Jan 12 13:01:59.000 [debug] circuit_consider_stop_edge_reading(): considering layer_hint->package_window 998
Jan 12 13:01:59.000 [debug] connection_or_process_cells_from_inbuf(): 20: starting, inbuf_datalen 0 (0 pending in tls object).
Jan 12 13:01:59.000 [debug] conn_write_callback(): socket 20 wants to write.
Jan 12 13:01:59.000 [debug] flush_chunk_tls(): flushed 514 bytes, 0 ready to flush, 0 remain.
Jan 12 13:01:59.000 [debug] connection_handle_write_impl(): After TLS write of 514: 0 read, 543 written
Jan 12 13:01:59.000 [debug] connection_bucket_refill_helper(): global_read_bucket now 1073741824.
Jan 12 13:01:59.000 [debug] connection_bucket_refill_helper(): global_write_bucket now 1073741824.
Jan 12 13:01:59.000 [debug] connection_bucket_refill_helper(): or_conn->read_bucket now 1073741824.
Jan 12 13:01:59.000 [debug] connection_bucket_refill_helper(): or_conn->write_bucket now 1073741824.
Jan 12 13:01:59.000 [debug] conn_read_callback(): socket 20 wants to read.
Jan 12 13:01:59.000 [debug] connection_read_to_buf(): 20: starting, inbuf_datalen 0 (0 pending in tls object). at_most 16448.
Jan 12 13:01:59.000 [debug] connection_read_to_buf(): After TLS read of 514: 543 read, 0 written
Jan 12 13:01:59.000 [debug] connection_or_process_cells_from_inbuf(): 20: starting, inbuf_datalen 514 (0 pending in tls object).
Jan 12 13:01:59.000 [debug] channel_queue_cell(): Directly handling incoming cell_t 0x7ffc28751bf0 for channel 0x56400e660420 (global ID 0)
Jan 12 13:01:59.000 [debug] circuit_get_by_circid_channel_impl(): circuit_get_by_circid_channel_impl() returning circuit 0x56400e65fff0 for circ_id 2147491492, channel ID 0 (0x56400e660420)
Jan 12 13:01:59.000 [debug] relay_lookup_conn(): found conn for stream 45475.
Jan 12 13:01:59.000 [debug] circuit_receive_relay_cell(): Sending to origin.
Jan 12 13:01:59.000 [debug] connection_edge_process_relay_cell(): Now seen 5 relay cells here (command 2, stream 45475).
Jan 12 13:01:59.000 [debug] connection_edge_process_relay_cell(): circ deliver_window now 998.
Jan 12 13:01:59.000 [debug] connection_or_process_cells_from_inbuf(): 20: starting, inbuf_datalen 0 (0 pending in tls object).
Jan 12 13:01:59.000 [debug] conn_read_callback(): socket -1 wants to read.
Jan 12 13:01:59.000 [debug] connection_dir_process_inbuf(): Got data, not eof. Leaving on inbuf.
Jan 12 13:01:59.000 [debug] connection_bucket_refill_helper(): global_read_bucket now 1073741824.
Jan 12 13:01:59.000 [debug] connection_bucket_refill_helper(): or_conn->read_bucket now 1073741824.
Jan 12 13:02:00.000 [debug] conn_read_callback(): socket 20 wants to read.
Jan 12 13:02:00.000 [debug] connection_read_to_buf(): 20: starting, inbuf_datalen 0 (0 pending in tls object). at_most 16448.
Jan 12 13:02:00.000 [debug] connection_read_to_buf(): After TLS read of 514: 543 read, 0 written
Jan 12 13:02:00.000 [debug] connection_or_process_cells_from_inbuf(): 20: starting, inbuf_datalen 514 (0 pending in tls object).
Jan 12 13:02:00.000 [debug] channel_queue_cell(): Directly handling incoming cell_t 0x7ffc28751bf0 for channel 0x56400e660420 (global ID 0)
Jan 12 13:02:00.000 [debug] circuit_get_by_circid_channel_impl(): circuit_get_by_circid_channel_impl() returning circuit 0x56400e65fff0 for circ_id 2147491492, channel ID 0 (0x56400e660420)
Jan 12 13:02:00.000 [debug] relay_lookup_conn(): found conn for stream 45475.
Jan 12 13:02:00.000 [debug] circuit_receive_relay_cell(): Sending to origin.
Jan 12 13:02:00.000 [debug] connection_edge_process_relay_cell(): Now seen 6 relay cells here (command 3, stream 45475).
Jan 12 13:02:00.000 [info] connection_edge_process_relay_cell(): -1: end cell (closed normally) for stream 45475. Removing stream.
Jan 12 13:02:00.000 [debug] connection_or_process_cells_from_inbuf(): 20: starting, inbuf_datalen 0 (0 pending in tls object).
Jan 12 13:02:00.000 [debug] conn_close_if_marked(): Cleaning up connection (fd -1).
Jan 12 13:02:00.000 [debug] connection_remove(): removing socket -1 (type Socks), n_conns now 10
Jan 12 13:02:00.000 [info] connection_free_(): Freeing linked Socks connection [open] with 0 bytes on inbuf, 0 on outbuf.
Jan 12 13:02:00.000 [debug] conn_read_callback(): socket -1 wants to read.
Jan 12 13:02:00.000 [debug] fetch_from_buf_http(): headerlen 120, bodylen 0.
Jan 12 13:02:00.000 [debug] connection_dir_client_reached_eof(): Received response from directory server '86.59.21.38:443': 404 "Consensus not signed by sufficient number of requested authorities" (purpose: 14)
Jan 12 13:02:00.000 [debug] connection_dir_client_reached_eof(): Time on received directory is within tolerance; we are 0 seconds skewed.  (That's okay.)
Jan 12 13:02:00.000 [warn] Received http status code 404 ("Consensus not signed by sufficient number of requested authorities") from server '86.59.21.38:443' while fetching consensus directory.
Jan 12 13:02:00.000 [debug] conn_close_if_marked(): Cleaning up connection (fd -1).
Jan 12 13:02:00.000 [debug] connection_remove(): removing socket -1 (type Directory), n_conns now 9
Jan 12 13:02:00.000 [info] connection_free_(): Freeing linked Directory connection [client reading] with 0 bytes on inbuf, 0 on outbuf.
Jan 12 13:02:00.000 [debug] connection_bucket_refill_helper(): global_read_bucket now 1073741824.
Jan 12 13:02:00.000 [debug] connection_bucket_refill_helper(): or_conn->read_bucket now 1073741824.
Jan 12 13:02:07.000 [notice] Interrupt: we have stopped accepting new connections, and will shut down in 30 seconds. Interrupt again to exit now.
Jan 12 13:02:07.000 [debug] conn_close_if_marked(): Cleaning up connection (fd 6).
Jan 12 13:02:07.000 [debug] connection_remove(): removing socket 6 (type Socks listener), n_conns now 8
Jan 12 13:02:07.000 [debug] connection_free_(): closing fd 6.
Jan 12 13:02:07.000 [debug] conn_close_if_marked(): Cleaning up connection (fd 8).
Jan 12 13:02:07.000 [debug] connection_remove(): removing socket 8 (type OR listener), n_conns now 7
Jan 12 13:02:07.000 [debug] connection_free_(): closing fd 8.
Jan 12 13:02:07.000 [notice] SIGINT received a second time; exiting now.
Jan 12 13:02:07.000 [info] or_state_save(): Saved state to "/users/magesap/TorLatencyNormalizationFiles/ExperimentScripts/tingOnDeter/ting/tor/data/w/state"
Jan 12 13:02:07.000 [debug] channel_tls_free_all(): Shutting down TLS channels...
Jan 12 13:02:07.000 [debug] channel_tls_free_all(): Done shutting down TLS channels
Jan 12 13:02:07.000 [debug] channel_free_all(): Shutting down channels...
Jan 12 13:02:07.000 [debug] channel_free_list(): Cleaning up channel 0x56400e660420 (global ID 0) in state open (2)
Jan 12 13:02:07.000 [debug] channel_remove_from_digest_map(): Removed channel 0x56400e660420 (global ID 0) from identity map in state open (2) with digest 847B1F850344D7876491A54892F904934E4EB85D
Jan 12 13:02:07.000 [debug] channel_mark_for_close(): Closing channel 0x56400e660420 (global ID 0) by request
Jan 12 13:02:07.000 [debug] channel_change_state(): Changing state of channel 0x56400e660420 (global ID 0) from "open" to "closing"
Jan 12 13:02:07.000 [debug] connection_mark_for_close_internal_(): Calling connection_mark_for_close_internal_() on an OR conn at src/or/connection_or.c:1186
Jan 12 13:02:07.000 [debug] channel_force_free(): Force-freeing channel 0 at 0x56400e660420
Jan 12 13:02:07.000 [debug] channel_clear_remote_end(): Clearing remote endpoint identity on channel 0x56400e660420 with global ID 0
Jan 12 13:02:07.000 [debug] channel_free_all(): Freeing channel_identity_map
Jan 12 13:02:07.000 [debug] channel_free_all(): Done cleaning up after channels
Jan 12 13:02:07.000 [debug] connection_free_(): closing fd 20.
Jan 12 13:02:07.000 [debug] connection_free_(): closing fd 7.
Jan 12 13:02:07.000 [debug] connection_free_(): closing fd 18.
Jan 12 13:02:07.000 [debug] connection_free_(): closing fd 12.
Jan 12 13:02:07.000 [debug] connection_free_(): closing fd 14.
Jan 12 13:02:07.000 [info] cpuworker_main(): read request failed. Exiting.
Jan 12 13:02:07.000 [debug] connection_free_(): closing fd 16.
Jan 12 13:02:07.000 [info] cpuworker_main(): read request failed. Exiting.
Jan 12 13:02:07.000 [info] cpuworker_main(): read request failed. Exiting.
Jan 12 13:02:07.000 [info] buf_shrink_freelists(): Cleaned freelist for 4096-byte chunks: original length 2, kept 0, dropped 2.
Jan 12 13:02:07.000 [info] buf_shrink_freelists(): Cleaned freelist for 8192-byte chunks: original length 0, kept 0, dropped 0.
Jan 12 13:02:07.000 [info] buf_shrink_freelists(): Cleaned freelist for 16384-byte chunks: original length 0, kept 0, dropped 0.
Jan 12 13:02:07.000 [info] buf_shrink_freelists(): Cleaned freelist for 32768-byte chunks: original length 1, kept 0, dropped 1.
Jan 12 13:02:07.000 [info] cpuworker_main(): read request failed. Exiting.
Jan 12 13:02:07.000 [info] tor_lockfile_unlock(): Unlocking "/users/magesap/TorLatencyNormalizationFiles/ExperimentScripts/tingOnDeter/ting/tor/data/w/lock"
Jan 12 13:02:08.000 [notice] Tor 0.2.4.22 (git-2ee56e4c2c841a45) opening log file.
Jan 12 13:02:08.000 [debug] tor_disable_debugger_attach(): Attemping to disable debugger attachment to Tor for unprivileged users.
Jan 12 13:02:08.000 [debug] tor_disable_debugger_attach(): Debugger attachment disabled for unprivileged users.
Jan 12 13:02:08.000 [info] tor_lockfile_lock(): Locking "/users/magesap/TorLatencyNormalizationFiles/ExperimentScripts/tingOnDeter/ting/tor/data/w/lock"
Jan 12 13:02:08.000 [debug] parse_dir_authority_line(): Trusted 100 dirserver at 128.31.0.39:9131 (9695)
Jan 12 13:02:08.000 [debug] parse_dir_authority_line(): Trusted 111 dirserver at 86.59.21.38:80 (847B)
Jan 12 13:02:08.000 [debug] parse_dir_authority_line(): Trusted 102 dirserver at 194.109.206.212:80 (7EA6)
Jan 12 13:02:08.000 [debug] parse_dir_authority_line(): Trusted 16 dirserver at 82.94.251.203:80 (4A0C)
Jan 12 13:02:08.000 [debug] parse_dir_authority_line(): Trusted 100 dirserver at 76.73.17.194:9030 (F397)
Jan 12 13:02:08.000 [debug] parse_dir_authority_line(): Trusted 100 dirserver at 212.112.245.170:80 (F204)
Jan 12 13:02:08.000 [debug] parse_dir_authority_line(): Trusted 100 dirserver at 193.23.244.244:80 (7BE6)
Jan 12 13:02:08.000 [debug] parse_dir_authority_line(): Trusted 100 dirserver at 208.83.223.34:443 (0AD3)
Jan 12 13:02:08.000 [debug] parse_dir_authority_line(): Trusted 100 dirserver at 171.25.193.9:443 (BD6A)
Jan 12 13:02:08.000 [debug] parse_dir_authority_line(): Trusted 100 dirserver at 154.35.32.5:80 (CF6D)
Jan 12 13:02:08.000 [info] or_state_load(): Loaded state from "/users/magesap/TorLatencyNormalizationFiles/ExperimentScripts/tingOnDeter/ting/tor/data/w/state"
Jan 12 13:02:08.000 [debug] circuit_build_times_disabled(): CircuitBuildTime learning is disabled. Consensus=0, Config=1, AuthDir=0, StateFile=0
Jan 12 13:02:08.000 [debug] circuit_build_times_min_timeout(): Bug: circuit_build_times_min_timeout() called, cbtmintimeout is 1500
Jan 12 13:02:08.000 [debug] circuit_build_times_initial_timeout(): Bug: circuit_build_times_initial_timeout() called, cbtinitialtimeout is 60000
Jan 12 13:02:08.000 [debug] circuit_build_times_disabled(): CircuitBuildTime learning is disabled. Consensus=0, Config=1, AuthDir=0, StateFile=0
Jan 12 13:02:08.000 [info] read_file_to_str(): Could not open "/users/magesap/TorLatencyNormalizationFiles/ExperimentScripts/tingOnDeter/ting/tor/data/w/router-stability": No such file or directory
Jan 12 13:02:08.000 [info] cell_ewma_set_scale_factor(): Disabled cell_ewma algorithm because of value in Default value
Jan 12 13:02:08.000 [info] geoip_load_file(): Failed to open GEOIP file /usr/local/share/tor/geoip.  
Jan 12 13:02:08.000 [info] geoip_load_file(): Failed to open GEOIP file /usr/local/share/tor/geoip6.  
Jan 12 13:02:08.000 [info] mark_my_descriptor_dirty(): Decided to publish new relay descriptor: config change
Jan 12 13:02:08.000 [info] crypto_global_init(): OpenSSL version matches version from headers (1000207f: OpenSSL 1.0.2g  1 Mar 2016).
Jan 12 13:02:08.000 [info] crypto_global_init(): NOT using OpenSSL engine support.
Jan 12 13:02:08.000 [info] evaluate_evp_for_aes(): This version of OpenSSL has a known-good EVP counter-mode implementation. Using it.
Jan 12 13:02:08.000 [info] crypto_strongest_rand(): Reading entropy from "/dev/urandom"
Jan 12 13:02:08.000 [info] configure_nameservers(): Parsing resolver configuration in '/etc/resolv.conf'
Jan 12 13:02:08.000 [info] eventdns: Parsing resolv.conf file /etc/resolv.conf
Jan 12 13:02:08.000 [info] eventdns: Added nameserver 192.168.252.1:53 as 0x5645ff8ac730
Jan 12 13:02:08.000 [info] eventdns: Setting maximum allowed timeouts to 16
Jan 12 13:02:08.000 [info] eventdns: Setting timeout to 10
Jan 12 13:02:08.000 [info] init_keys(): Reading/making identity key "/users/magesap/TorLatencyNormalizationFiles/ExperimentScripts/tingOnDeter/ting/tor/data/w/keys/secret_id_key"...
Jan 12 13:02:08.000 [info] init_keys(): Reading/making onion key "/users/magesap/TorLatencyNormalizationFiles/ExperimentScripts/tingOnDeter/ting/tor/data/w/keys/secret_onion_key"...
Jan 12 13:02:08.000 [info] mark_my_descriptor_dirty(): Decided to publish new relay descriptor: set onion key
Jan 12 13:02:08.000 [info] tor_tls_init(): OpenSSL OpenSSL 1.0.2g  1 Mar 2016 looks like version 0.9.8m or later; I will try SSL_OP to enable renegotiation
Jan 12 13:02:08.000 [debug] resolve_my_address(): Resolved Address to '206.117.25.79'.
Jan 12 13:02:08.000 [info] router_pick_published_address(): Success: chose address '206.117.25.79'.
Jan 12 13:02:08.000 [info] router_rebuild_descriptor(): Rebuilding relay descriptor
Jan 12 13:02:08.000 [debug] parse_addr_policy(): Adding new entry 'reject *6:*'
Jan 12 13:02:08.000 [debug] parse_addr_policy(): Adding new entry 'accept 206.117.25.79:10006'
Jan 12 13:02:08.000 [debug] parse_addr_policy(): Adding new entry 'reject *:*'
Jan 12 13:02:08.000 [debug] parse_addr_policy(): Adding new entry 'reject *:25'
Jan 12 13:02:08.000 [debug] parse_addr_policy(): Adding new entry 'reject *:119'
Jan 12 13:02:08.000 [debug] parse_addr_policy(): Adding new entry 'reject *:135-139'
Jan 12 13:02:08.000 [debug] parse_addr_policy(): Adding new entry 'reject *:445'
Jan 12 13:02:08.000 [debug] parse_addr_policy(): Adding new entry 'reject *:563'
Jan 12 13:02:08.000 [debug] parse_addr_policy(): Adding new entry 'reject *:1214'
Jan 12 13:02:08.000 [debug] parse_addr_policy(): Adding new entry 'reject *:4661-4666'
Jan 12 13:02:08.000 [debug] parse_addr_policy(): Adding new entry 'reject *:6346-6429'
Jan 12 13:02:08.000 [debug] parse_addr_policy(): Adding new entry 'reject *:6699'
Jan 12 13:02:08.000 [debug] parse_addr_policy(): Adding new entry 'reject *:6881-6999'
Jan 12 13:02:08.000 [debug] parse_addr_policy(): Adding new entry 'accept *:*'
Jan 12 13:02:08.000 [info] extrainfo_dump_to_string(): Adding stats to extra-info descriptor.
Jan 12 13:02:08.000 [debug] router_get_my_descriptor(): my desc is 'router Unnamed 206.117.25.79 10004 0 0
platform Tor 0.2.4.22 on Linux
protocols Link 1 2 Circuit 1
published 2023-01-12 21:02:08
fingerprint 816D E0B6 BD52 C671 B838 59CE 0715 A8DE 678F 1583
uptime 0
bandwidth 1073741824 1073741824 0
extra-info-digest 32F71C472AF504D7040047B2584EDD423F357675
caches-extra-info
onion-key
-----BEGIN RSA PUBLIC KEY-----
MIGJAoGBAMTBhtB+nS8IYRJ1msSa/LLrl4ysPR6vRHzVmgdXJlJ4SdkSByMbHU30
YZpWcv378RYBJzCimg6g/uPiCkzfOeQmGi99HYEVDkBT2YqaAgWSAv044jY5fp7c
x+EDv2j635Z5fLy1TVMtvgEpFBahvicQKLS3nsMReR7GaPzA8ePTAgMBAAE=
-----END RSA PUBLIC KEY-----
signing-key
-----BEGIN RSA PUBLIC KEY-----
MIGJAoGBAOGWFehBUWwavHVT4te5iN5+Z+i+KLi/LVjM4gZG7sCXSnlMZGRrPnKI
xZ4mWOlync8Hg8mUtW419jpAlfSwJOni85dwfV6VAXDhiU4K6FNsuEukrBXEMXsl
Cgf8TxisWjPPMY0w1h/ieMv/VOLM1wzThnRED/ZbsqHauaCPUvbDAgMBAAE=
-----END RSA PUBLIC KEY-----
hidden-service-dir
ntor-onion-key ihwfHyu11tWW1D2qcMxOBuTGLwhDPjX7iBgObl9/ZT8=
accept 206.117.25.79:10006
reject *:*
router-signature
-----BEGIN SIGNATURE-----
gSKBQjxbtm2uTA9IbAVJYNET2VW5mMwycGRQ3jBdbPsaoCXcB/AE+aXjUU0/QtYI
QvJ9fVvzbtwDuHUEMdl8hvMhaq0vyJOCho7Qx9VwQmJz1HH2qef+dJKW6PY/jVtm
Qp2TE/gjfDKCZThroe6HAg3F3OQVuM3fEKgVXSL5bJc=
-----END SIGNATURE-----

'
Jan 12 13:02:08.000 [info] init_keys(): Dumping fingerprint to "/users/magesap/TorLatencyNormalizationFiles/ExperimentScripts/tingOnDeter/ting/tor/data/w/fingerprint"...
Jan 12 13:02:08.000 [notice] Your Tor server's identity key fingerprint is 'Unnamed 816DE0B6BD52C671B83859CE0715A8DE678F1583'
Jan 12 13:02:08.000 [debug] mp_pool_new(): Capacity is 244, item size is 536, alloc size is 130784
Jan 12 13:02:08.000 [info] Bootstrapped 0%: Starting.
Jan 12 13:02:08.000 [info] read_file_to_str(): Could not open "/users/magesap/TorLatencyNormalizationFiles/ExperimentScripts/tingOnDeter/ting/tor/data/w/cached-certs": No such file or directory
Jan 12 13:02:08.000 [info] read_file_to_str(): Could not open "/users/magesap/TorLatencyNormalizationFiles/ExperimentScripts/tingOnDeter/ting/tor/data/w/cached-consensus": No such file or directory
Jan 12 13:02:08.000 [info] read_file_to_str(): Could not open "/users/magesap/TorLatencyNormalizationFiles/ExperimentScripts/tingOnDeter/ting/tor/data/w/unverified-consensus": No such file or directory
Jan 12 13:02:08.000 [info] read_file_to_str(): Could not open "/users/magesap/TorLatencyNormalizationFiles/ExperimentScripts/tingOnDeter/ting/tor/data/w/cached-microdesc-consensus": No such file or directory
Jan 12 13:02:08.000 [info] read_file_to_str(): Could not open "/users/magesap/TorLatencyNormalizationFiles/ExperimentScripts/tingOnDeter/ting/tor/data/w/unverified-microdesc-consensus": No such file or directory
Jan 12 13:02:08.000 [info] tor_mmap_file(): Could not open "/users/magesap/TorLatencyNormalizationFiles/ExperimentScripts/tingOnDeter/ting/tor/data/w/cached-microdescs" for mmap(): No such file or directory
Jan 12 13:02:08.000 [info] read_file_to_str(): Could not open "/users/magesap/TorLatencyNormalizationFiles/ExperimentScripts/tingOnDeter/ting/tor/data/w/cached-microdescs.new": No such file or directory
Jan 12 13:02:08.000 [info] microdesc_cache_reload(): Reloaded microdescriptor cache. Found 0 descriptors.
Jan 12 13:02:08.000 [info] tor_mmap_file(): Could not open "/users/magesap/TorLatencyNormalizationFiles/ExperimentScripts/tingOnDeter/ting/tor/data/w/cached-descriptors" for mmap(): No such file or directory
Jan 12 13:02:08.000 [info] tor_mmap_file(): Could not open "/users/magesap/TorLatencyNormalizationFiles/ExperimentScripts/tingOnDeter/ting/tor/data/w/cached-extrainfo" for mmap(): No such file or directory
Jan 12 13:02:08.000 [info] I learned some more directory information, but not enough to build a circuit: We have no usable consensus.
Jan 12 13:02:08.000 [info] router_pick_published_address(): Success: chose address '206.117.25.79'.
Jan 12 13:02:08.000 [debug] spawn_cpuworker(): just spawned a cpu worker.
Jan 12 13:02:08.000 [debug] connection_add_impl(): new conn type CPU worker, socket 12, address localhost, n_conns 4.
Jan 12 13:02:08.000 [debug] spawn_cpuworker(): just spawned a cpu worker.
Jan 12 13:02:08.000 [debug] connection_add_impl(): new conn type CPU worker, socket 14, address localhost, n_conns 5.
Jan 12 13:02:08.000 [debug] spawn_cpuworker(): just spawned a cpu worker.
Jan 12 13:02:08.000 [debug] connection_add_impl(): new conn type CPU worker, socket 16, address localhost, n_conns 6.
Jan 12 13:02:08.000 [debug] spawn_cpuworker(): just spawned a cpu worker.
Jan 12 13:02:08.000 [debug] connection_add_impl(): new conn type CPU worker, socket 18, address localhost, n_conns 7.
Jan 12 13:02:09.000 [info] router_pick_published_address(): Success: chose address '206.117.25.79'.
Jan 12 13:02:09.000 [debug] resolve_my_address(): Resolved Address to '206.117.25.79'.
Jan 12 13:02:09.000 [info] update_consensus_networkstatus_downloads(): Launching ns networkstatus consensus download.
Jan 12 13:02:09.000 [info] router_pick_published_address(): Success: chose address '206.117.25.79'.
Jan 12 13:02:09.000 [info] router_pick_directory_server(): No reachable router entries for dirservers. Trying them all again.
Jan 12 13:02:09.000 [info] directory_pick_generic_dirserver(): No router found for consensus network-status fetch; falling back to dirserver list.
Jan 12 13:02:09.000 [info] router_pick_published_address(): Success: chose address '206.117.25.79'.
Jan 12 13:02:09.000 [debug] directory_initiate_command_rend(): anonymized 0, use_begindir 1.
Jan 12 13:02:09.000 [debug] directory_initiate_command_rend(): Initiating consensus network-status fetch
Jan 12 13:02:09.000 [info] connection_ap_make_link(): Making internal direct tunnel to [scrubbed]:443 ...
Jan 12 13:02:09.000 [debug] connection_add_impl(): new conn type Socks, socket -1, address (Tor_internal), n_conns 8.
Jan 12 13:02:09.000 [debug] circuit_get_open_circ_or_launch(): considering 1, $F2044413DAC2E02E3D6BCF4735A19BCA1DE97281
Jan 12 13:02:09.000 [debug] onion_pick_cpath_exit(): Launching a one-hop circuit for dir tunnel.
Jan 12 13:02:09.000 [info] onion_pick_cpath_exit(): Using requested exit node '$F2044413DAC2E02E3D6BCF4735A19BCA1DE97281~F2044413DAC2E02E3D6 at 212.112.245.170'
Jan 12 13:02:09.000 [debug] onion_extend_cpath(): Path is 0 long; we want 1
Jan 12 13:02:09.000 [debug] onion_extend_cpath(): Chose router $F2044413DAC2E02E3D6BCF4735A19BCA1DE97281~F2044413DAC2E02E3D6 at 212.112.245.170 for hop 1 (exit is F2044413DAC2E02E3D6BCF4735A19BCA1DE97281)
Jan 12 13:02:09.000 [debug] onion_extend_cpath(): Path is complete: 1 steps long
Jan 12 13:02:09.000 [debug] circuit_handle_first_hop(): Looking for firsthop '212.112.245.170:443'
Jan 12 13:02:09.000 [info] circuit_handle_first_hop(): Next router is [scrubbed]: Not connected. Connecting.
Jan 12 13:02:09.000 [notice] Bootstrapped 5%: Connecting to directory server.
Jan 12 13:02:09.000 [debug] channel_tls_connect(): In channel_tls_connect() for channel 0x5645ff8bd610 (global id 0)
Jan 12 13:02:09.000 [debug] channel_set_identity_digest(): Setting remote endpoint digest on channel 0x5645ff8bd610 with global ID 0 to digest F2044413DAC2E02E3D6BCF4735A19BCA1DE97281
Jan 12 13:02:09.000 [debug] connection_connect(): Connecting to [scrubbed]:443.
Jan 12 13:02:09.000 [debug] connection_connect(): Connection to [scrubbed]:443 in progress (sock 20).
Jan 12 13:02:09.000 [debug] connection_add_impl(): new conn type OR, socket 20, address 212.112.245.170, n_conns 9.
Jan 12 13:02:09.000 [debug] channel_tls_connect(): Got orconn 0x5645ff8bd770 for channel with global id 0
Jan 12 13:02:09.000 [debug] channel_register(): Registering channel 0x5645ff8bd610 (ID 0) in state opening (1) with digest F2044413DAC2E02E3D6BCF4735A19BCA1DE97281
Jan 12 13:02:09.000 [debug] channel_add_to_digest_map(): Added channel 0x5645ff8bd610 (global ID 0) to identity map in state opening (1) with digest F2044413DAC2E02E3D6BCF4735A19BCA1DE97281
Jan 12 13:02:09.000 [debug] channel_set_cell_handlers(): Setting cell_handler callback for channel 0x5645ff8bd610 to 0x5645fe7d2720
Jan 12 13:02:09.000 [debug] channel_set_cell_handlers(): Setting var_cell_handler callback for channel 0x5645ff8bd610 to 0x5645fe7d1b20
Jan 12 13:02:09.000 [debug] circuit_handle_first_hop(): connecting in progress (or finished). Good.
Jan 12 13:02:09.000 [info] connection_ap_make_link(): ... application connection created and linked.
Jan 12 13:02:09.000 [debug] connection_add_impl(): new conn type Directory, socket -1, address 212.112.245.170, n_conns 10.
Jan 12 13:02:09.000 [info] directory_send_command(): Downloading consensus from 212.112.245.170:443 using /tor/status-vote/current/consensus/14C131+27B6B5+49015F+585769+805509+D586D1+E8A9C4+ED03BB+EFCBE7.z
Jan 12 13:02:09.000 [info] or_state_save(): Saved state to "/users/magesap/TorLatencyNormalizationFiles/ExperimentScripts/tingOnDeter/ting/tor/data/w/state"
Jan 12 13:02:09.000 [debug] conn_read_callback(): socket -1 wants to read.
Jan 12 13:02:09.000 [info] connection_edge_process_inbuf(): data from edge while in 'waiting for circuit' state. Leaving it on buffer.
Jan 12 13:02:09.000 [info] connection_edge_process_inbuf(): data from edge while in 'waiting for circuit' state. Leaving it on buffer.
Jan 12 13:02:09.000 [debug] connection_dir_finished_flushing(): client finished sending command.
Jan 12 13:02:20.000 [info] router_pick_published_address(): Success: chose address '206.117.25.79'.
Jan 12 13:02:31.000 [info] router_pick_published_address(): Success: chose address '206.117.25.79'.
Jan 12 13:02:42.000 [info] router_pick_published_address(): Success: chose address '206.117.25.79'.
Jan 12 13:02:53.000 [info] router_pick_published_address(): Success: chose address '206.117.25.79'.
Jan 12 13:03:04.000 [info] router_pick_published_address(): Success: chose address '206.117.25.79'.
Jan 12 13:03:10.000 [debug] resolve_my_address(): Resolved Address to '206.117.25.79'.
Jan 12 13:03:15.000 [info] router_pick_published_address(): Success: chose address '206.117.25.79'.
Jan 12 13:03:15.000 [info] dns_launch_wildcard_checks(): Launching checks to see whether our nameservers like to hijack DNS failures.
Jan 12 13:03:15.000 [info] launch_wildcard_check(): Testing whether our DNS server is hijacking nonexistent domains with request for bogus hostname "wqfirvuh4b.invalid"
Jan 12 13:03:15.000 [info] evdns_log_cb(): eventdns: Resolve requested.
Jan 12 13:03:15.000 [info] eventdns: Setting timeout for request 0x5645ff8bf110, sent to nameserver 0x5645ff8ac730
Jan 12 13:03:15.000 [info] launch_wildcard_check(): Testing whether our DNS server is hijacking nonexistent domains with request for bogus hostname "ujy7pffny25ed.test"
Jan 12 13:03:15.000 [info] evdns_log_cb(): eventdns: Resolve requested.
Jan 12 13:03:15.000 [info] eventdns: Setting timeout for request 0x5645ff8bfba0, sent to nameserver 0x5645ff8ac730
Jan 12 13:03:15.000 [info] launch_wildcard_check(): Testing whether our DNS server is hijacking nonexistent domains with request for bogus hostname "nsivw5ndwai"
Jan 12 13:03:15.000 [info] evdns_log_cb(): eventdns: Resolve requested.
Jan 12 13:03:15.000 [info] eventdns: Setting timeout for request 0x5645ff8bfd10, sent to nameserver 0x5645ff8ac730
Jan 12 13:03:15.000 [info] launch_wildcard_check(): Testing whether our DNS server is hijacking nonexistent domains with request for bogus hostname "hqtsn3oz46.com"
Jan 12 13:03:15.000 [info] evdns_log_cb(): eventdns: Resolve requested.
Jan 12 13:03:15.000 [info] eventdns: Setting timeout for request 0x5645ff8bfe80, sent to nameserver 0x5645ff8ac730
Jan 12 13:03:15.000 [info] launch_wildcard_check(): Testing whether our DNS server is hijacking nonexistent domains with request for bogus hostname "iobr24umnhzr3u.org"
Jan 12 13:03:15.000 [info] evdns_log_cb(): eventdns: Resolve requested.
Jan 12 13:03:15.000 [info] eventdns: Setting timeout for request 0x5645ff8c0080, sent to nameserver 0x5645ff8ac730
Jan 12 13:03:15.000 [info] launch_wildcard_check(): Testing whether our DNS server is hijacking nonexistent domains with request for bogus hostname "jbmlvj7mws.net"
Jan 12 13:03:15.000 [info] evdns_log_cb(): eventdns: Resolve requested.
Jan 12 13:03:15.000 [info] eventdns: Setting timeout for request 0x5645ff8c01f0, sent to nameserver 0x5645ff8ac730
Jan 12 13:03:15.000 [info] launch_wildcard_check(): Testing whether our DNS server is hijacking nonexistent domains with request for bogus hostname "hcsn54ukvaw3tt.invalid"
Jan 12 13:03:15.000 [info] evdns_log_cb(): eventdns: Resolve requested.
Jan 12 13:03:15.000 [info] eventdns: Setting timeout for request 0x5645ff8c0360, sent to nameserver 0x5645ff8ac730
Jan 12 13:03:15.000 [info] launch_wildcard_check(): Testing whether our DNS server is hijacking nonexistent domains with request for bogus hostname "iprhi4hjjaina.test"
Jan 12 13:03:15.000 [info] evdns_log_cb(): eventdns: Resolve requested.
Jan 12 13:03:15.000 [info] eventdns: Setting timeout for request 0x5645ff8c04d0, sent to nameserver 0x5645ff8ac730
Jan 12 13:03:15.000 [info] launch_wildcard_check(): Testing whether our DNS server is hijacking nonexistent domains with request for bogus hostname "esvvgcpfbywyzq"
Jan 12 13:03:15.000 [info] evdns_log_cb(): eventdns: Resolve requested.
Jan 12 13:03:15.000 [info] eventdns: Setting timeout for request 0x5645ff8c0640, sent to nameserver 0x5645ff8ac730
Jan 12 13:03:15.000 [info] launch_wildcard_check(): Testing whether our DNS server is hijacking nonexistent domains with request for bogus hostname "qkff7p252q6dt3x.com"
Jan 12 13:03:15.000 [info] evdns_log_cb(): eventdns: Resolve requested.
Jan 12 13:03:15.000 [info] eventdns: Setting timeout for request 0x5645ff8c07b0, sent to nameserver 0x5645ff8ac730
Jan 12 13:03:15.000 [info] launch_wildcard_check(): Testing whether our DNS server is hijacking nonexistent domains with request for bogus hostname "7dfwywtiye.org"
Jan 12 13:03:15.000 [info] evdns_log_cb(): eventdns: Resolve requested.
Jan 12 13:03:15.000 [info] eventdns: Setting timeout for request 0x5645ff8c0920, sent to nameserver 0x5645ff8ac730
Jan 12 13:03:15.000 [info] launch_wildcard_check(): Testing whether our DNS server is hijacking nonexistent domains with request for bogus hostname "jjrximt5faoyav4.net"
Jan 12 13:03:15.000 [info] evdns_log_cb(): eventdns: Resolve requested.
Jan 12 13:03:15.000 [info] eventdns: Setting timeout for request 0x5645ff8c0a90, sent to nameserver 0x5645ff8ac730
Jan 12 13:03:15.000 [info] launch_wildcard_check(): Testing whether our DNS server is hijacking nonexistent domains with request for bogus hostname "54nmtb4uwon.invalid"
Jan 12 13:03:15.000 [info] evdns_log_cb(): eventdns: Resolve requested.
Jan 12 13:03:15.000 [info] eventdns: Setting timeout for request 0x5645ff8c0c00, sent to nameserver 0x5645ff8ac730
Jan 12 13:03:15.000 [info] launch_wildcard_check(): Testing whether our DNS server is hijacking nonexistent domains with request for bogus hostname "we.test"
Jan 12 13:03:15.000 [info] evdns_log_cb(): eventdns: Resolve requested.
Jan 12 13:03:15.000 [info] eventdns: Setting timeout for request 0x5645ff8c0d70, sent to nameserver 0x5645ff8ac730
Jan 12 13:03:15.000 [info] launch_wildcard_check(): Testing whether our DNS server is hijacking nonexistent domains with request for bogus hostname "cwsc5r5347r7k"
Jan 12 13:03:15.000 [info] evdns_log_cb(): eventdns: Resolve requested.
Jan 12 13:03:15.000 [info] eventdns: Setting timeout for request 0x5645ff8c0ed0, sent to nameserver 0x5645ff8ac730
Jan 12 13:03:15.000 [info] launch_wildcard_check(): Testing whether our DNS server is hijacking nonexistent domains with request for bogus hostname "h6sbm6arq7.com"
Jan 12 13:03:15.000 [info] evdns_log_cb(): eventdns: Resolve requested.
Jan 12 13:03:15.000 [info] eventdns: Setting timeout for request 0x5645ff8c1040, sent to nameserver 0x5645ff8ac730
Jan 12 13:03:15.000 [info] launch_wildcard_check(): Testing whether our DNS server is hijacking nonexistent domains with request for bogus hostname "rjxf5uh7yftej4v.org"
Jan 12 13:03:15.000 [info] evdns_log_cb(): eventdns: Resolve requested.
Jan 12 13:03:15.000 [info] eventdns: Setting timeout for request 0x5645ff8c12c0, sent to nameserver 0x5645ff8ac730
Jan 12 13:03:15.000 [info] launch_wildcard_check(): Testing whether our DNS server is hijacking nonexistent domains with request for bogus hostname "fj4pji6le.net"
Jan 12 13:03:15.000 [info] evdns_log_cb(): eventdns: Resolve requested.
Jan 12 13:03:15.000 [info] eventdns: Setting timeout for request 0x5645ff8c1430, sent to nameserver 0x5645ff8ac730
Jan 12 13:03:15.000 [info] launch_wildcard_check(): Testing whether our DNS server is hijacking nonexistent domains with request for bogus hostname "pmlmlk.invalid"
Jan 12 13:03:15.000 [info] evdns_log_cb(): eventdns: Resolve requested.
Jan 12 13:03:15.000 [info] eventdns: Setting timeout for request 0x5645ff8c15a0, sent to nameserver 0x5645ff8ac730
Jan 12 13:03:15.000 [info] launch_wildcard_check(): Testing whether our DNS server is hijacking nonexistent domains with request for bogus hostname "wn7p4f5pa.test"
Jan 12 13:03:15.000 [info] evdns_log_cb(): eventdns: Resolve requested.
Jan 12 13:03:15.000 [info] eventdns: Setting timeout for request 0x5645ff8c1780, sent to nameserver 0x5645ff8ac730
Jan 12 13:03:15.000 [info] launch_wildcard_check(): Testing whether our DNS server is hijacking nonexistent domains with request for bogus hostname "2afyqwpnh5cr"
Jan 12 13:03:15.000 [info] evdns_log_cb(): eventdns: Resolve requested.
Jan 12 13:03:15.000 [info] eventdns: Setting timeout for request 0x5645ff8c1960, sent to nameserver 0x5645ff8ac730
Jan 12 13:03:15.000 [info] launch_wildcard_check(): Testing whether our DNS server is hijacking nonexistent domains with request for bogus hostname "bnhaawpf4tno.com"
Jan 12 13:03:15.000 [info] evdns_log_cb(): eventdns: Resolve requested.
Jan 12 13:03:15.000 [info] eventdns: Setting timeout for request 0x5645ff8c1b40, sent to nameserver 0x5645ff8ac730
Jan 12 13:03:15.000 [info] launch_wildcard_check(): Testing whether our DNS server is hijacking nonexistent domains with request for bogus hostname "beadz6y7haoylx.org"
Jan 12 13:03:15.000 [info] evdns_log_cb(): eventdns: Resolve requested.
Jan 12 13:03:15.000 [info] eventdns: Setting timeout for request 0x5645ff8c1d20, sent to nameserver 0x5645ff8ac730
Jan 12 13:03:15.000 [info] launch_wildcard_check(): Testing whether our DNS server is hijacking nonexistent domains with request for bogus hostname "ert6lwm5rvwu.net"
Jan 12 13:03:15.000 [info] evdns_log_cb(): eventdns: Resolve requested.
Jan 12 13:03:15.000 [info] eventdns: Setting timeout for request 0x5645ff8c1f00, sent to nameserver 0x5645ff8ac730
Jan 12 13:03:15.000 [info] eventdns: Removing timeout for request 0x5645ff8c0920
Jan 12 13:03:15.000 [info] eventdns: Removing timeout for request 0x5645ff8c01f0
Jan 12 13:03:15.000 [info] eventdns: Removing timeout for request 0x5645ff8c0080
Jan 12 13:03:15.000 [info] eventdns: Removing timeout for request 0x5645ff8c1d20
Jan 12 13:03:15.000 [info] eventdns: Removing timeout for request 0x5645ff8c07b0
Jan 12 13:03:15.000 [info] eventdns: Removing timeout for request 0x5645ff8bf110
Jan 12 13:03:15.000 [info] eventdns: Removing timeout for request 0x5645ff8c1780
Jan 12 13:03:15.000 [info] eventdns: Removing timeout for request 0x5645ff8c0d70
Jan 12 13:03:15.000 [info] eventdns: Removing timeout for request 0x5645ff8c0360
Jan 12 13:03:15.000 [info] eventdns: Removing timeout for request 0x5645ff8bfd10
Jan 12 13:03:15.000 [info] eventdns: Removing timeout for request 0x5645ff8c15a0
Jan 12 13:03:15.000 [info] eventdns: Removing timeout for request 0x5645ff8bfba0
Jan 12 13:03:15.000 [info] eventdns: Removing timeout for request 0x5645ff8c04d0
Jan 12 13:03:15.000 [info] eventdns: Removing timeout for request 0x5645ff8c1f00
Jan 12 13:03:15.000 [info] eventdns: Removing timeout for request 0x5645ff8c0640
Jan 12 13:03:15.000 [info] eventdns: Removing timeout for request 0x5645ff8c1960
Jan 12 13:03:15.000 [info] eventdns: Removing timeout for request 0x5645ff8c1430
Jan 12 13:03:15.000 [info] eventdns: Removing timeout for request 0x5645ff8bfe80
Jan 12 13:03:15.000 [info] eventdns: Removing timeout for request 0x5645ff8c1040
Jan 12 13:03:15.000 [info] eventdns: Removing timeout for request 0x5645ff8c0ed0
Jan 12 13:03:15.000 [info] eventdns: Removing timeout for request 0x5645ff8c1b40
Jan 12 13:03:15.000 [info] eventdns: Removing timeout for request 0x5645ff8c12c0
Jan 12 13:03:15.000 [info] eventdns: Removing timeout for request 0x5645ff8c0c00
Jan 12 13:03:15.000 [info] eventdns: Removing timeout for request 0x5645ff8c0a90
Jan 12 13:03:26.000 [info] router_pick_published_address(): Success: chose address '206.117.25.79'.
Jan 12 13:03:37.000 [info] router_pick_published_address(): Success: chose address '206.117.25.79'.
Jan 12 13:03:45.000 [info] launch_test_addresses(): Launching checks to see whether our nameservers like to hijack *everything*.
Jan 12 13:03:45.000 [info] evdns_log_cb(): eventdns: Resolve requested.
Jan 12 13:03:45.000 [info] eventdns: Setting timeout for request 0x5645ff8c1780, sent to nameserver 0x5645ff8ac730
Jan 12 13:03:45.000 [info] evdns_log_cb(): eventdns: Resolve requested.
Jan 12 13:03:45.000 [info] eventdns: Setting timeout for request 0x5645ff8c1f00, sent to nameserver 0x5645ff8ac730
Jan 12 13:03:45.000 [info] evdns_log_cb(): eventdns: Resolve requested.
Jan 12 13:03:45.000 [info] eventdns: Setting timeout for request 0x5645ff8c1960, sent to nameserver 0x5645ff8ac730
Jan 12 13:03:45.000 [info] evdns_log_cb(): eventdns: Resolve requested.
Jan 12 13:03:45.000 [info] eventdns: Setting timeout for request 0x5645ff8c1b40, sent to nameserver 0x5645ff8ac730
Jan 12 13:03:45.000 [info] evdns_log_cb(): eventdns: Resolve requested.
Jan 12 13:03:45.000 [info] eventdns: Setting timeout for request 0x5645ff8c1d20, sent to nameserver 0x5645ff8ac730
Jan 12 13:03:45.000 [info] evdns_log_cb(): eventdns: Resolve requested.
Jan 12 13:03:45.000 [info] eventdns: Setting timeout for request 0x5645ff8bf110, sent to nameserver 0x5645ff8ac730
Jan 12 13:03:45.000 [info] evdns_log_cb(): eventdns: Resolve requested.
Jan 12 13:03:45.000 [info] eventdns: Setting timeout for request 0x5645ff8bfba0, sent to nameserver 0x5645ff8ac730
Jan 12 13:03:45.000 [info] evdns_log_cb(): eventdns: Resolve requested.
Jan 12 13:03:45.000 [info] eventdns: Setting timeout for request 0x5645ff8bfd10, sent to nameserver 0x5645ff8ac730
Jan 12 13:03:45.000 [info] eventdns: Removing timeout for request 0x5645ff8c1780
Jan 12 13:03:45.000 [debug] evdns_callback(): eventdns said that [scrubbed] resolves to [scrubbed]
Jan 12 13:03:45.000 [info] eventdns: Removing timeout for request 0x5645ff8c1f00
Jan 12 13:03:45.000 [debug] evdns_callback(): eventdns said that [scrubbed] resolves to [scrubbed]
Jan 12 13:03:45.000 [info] eventdns: Removing timeout for request 0x5645ff8c1d20
Jan 12 13:03:45.000 [debug] evdns_callback(): eventdns said that [scrubbed] resolves to [scrubbed]
Jan 12 13:03:45.000 [info] eventdns: Removing timeout for request 0x5645ff8bf110
Jan 12 13:03:45.000 [debug] evdns_callback(): eventdns said that [scrubbed] resolves to [scrubbed]
Jan 12 13:03:45.000 [info] eventdns: Removing timeout for request 0x5645ff8c1960
Jan 12 13:03:45.000 [debug] evdns_callback(): eventdns said that [scrubbed] resolves to [scrubbed]
Jan 12 13:03:45.000 [info] eventdns: Removing timeout for request 0x5645ff8bfd10
Jan 12 13:03:45.000 [info] eventdns: Removing timeout for request 0x5645ff8c1b40
Jan 12 13:03:45.000 [debug] evdns_callback(): eventdns said that [scrubbed] resolves to [scrubbed]
Jan 12 13:03:45.000 [info] eventdns: Removing timeout for request 0x5645ff8bfba0
Jan 12 13:03:45.000 [debug] evdns_callback(): eventdns said that [scrubbed] resolves to [scrubbed]
Jan 12 13:03:48.000 [info] router_pick_published_address(): Success: chose address '206.117.25.79'.
Jan 12 13:03:59.000 [info] router_pick_published_address(): Success: chose address '206.117.25.79'.
Jan 12 13:04:09.000 [info] connection_ap_expire_beginning(): Tried for 120 seconds to get a connection to [scrubbed]:443. Giving up. (waiting for circuit)
Jan 12 13:04:09.000 [debug] conn_close_if_marked(): Cleaning up connection (fd -1).
Jan 12 13:04:09.000 [debug] connection_remove(): removing socket -1 (type Socks), n_conns now 10
Jan 12 13:04:09.000 [info] connection_free_(): Freeing linked Socks connection [waiting for circuit] with 143 bytes on inbuf, 0 on outbuf.
Jan 12 13:04:09.000 [debug] conn_read_callback(): socket -1 wants to read.
Jan 12 13:04:09.000 [info] connection_dir_client_reached_eof(): 'fetch' response not all here, but we're at eof. Closing.
Jan 12 13:04:09.000 [debug] conn_close_if_marked(): Cleaning up connection (fd -1).
Jan 12 13:04:09.000 [info] update_consensus_networkstatus_downloads(): Launching ns networkstatus consensus download.
Jan 12 13:04:09.000 [info] router_pick_published_address(): Success: chose address '206.117.25.79'.
Jan 12 13:04:09.000 [info] router_pick_directory_server(): No reachable router entries for dirservers. Trying them all again.
Jan 12 13:04:09.000 [info] directory_pick_generic_dirserver(): No router found for consensus network-status fetch; falling back to dirserver list.
Jan 12 13:04:09.000 [info] router_pick_published_address(): Success: chose address '206.117.25.79'.
Jan 12 13:04:09.000 [debug] directory_initiate_command_rend(): anonymized 0, use_begindir 1.
Jan 12 13:04:09.000 [debug] directory_initiate_command_rend(): Initiating consensus network-status fetch
Jan 12 13:04:09.000 [info] connection_ap_make_link(): Making internal direct tunnel to [scrubbed]:80 ...
Jan 12 13:04:09.000 [debug] connection_add_impl(): new conn type Socks, socket -1, address (Tor_internal), n_conns 10.
Jan 12 13:04:09.000 [debug] circuit_get_open_circ_or_launch(): considering 1, $BD6A829255CB08E66FBE7D3748363586E46B3810
Jan 12 13:04:09.000 [debug] onion_pick_cpath_exit(): Launching a one-hop circuit for dir tunnel.
Jan 12 13:04:09.000 [info] onion_pick_cpath_exit(): Using requested exit node '$BD6A829255CB08E66FBE7D3748363586E46B3810~BD6A829255CB08E66FB at 171.25.193.9'
Jan 12 13:04:09.000 [debug] onion_extend_cpath(): Path is 0 long; we want 1
Jan 12 13:04:09.000 [debug] onion_extend_cpath(): Chose router $BD6A829255CB08E66FBE7D3748363586E46B3810~BD6A829255CB08E66FB at 171.25.193.9 for hop 1 (exit is BD6A829255CB08E66FBE7D3748363586E46B3810)
Jan 12 13:04:09.000 [debug] onion_extend_cpath(): Path is complete: 1 steps long
Jan 12 13:04:09.000 [debug] circuit_handle_first_hop(): Looking for firsthop '171.25.193.9:80'
Jan 12 13:04:09.000 [info] circuit_handle_first_hop(): Next router is [scrubbed]: Not connected. Connecting.
Jan 12 13:04:09.000 [debug] channel_tls_connect(): In channel_tls_connect() for channel 0x5645ff8bf200 (global id 1)
Jan 12 13:04:09.000 [debug] channel_set_identity_digest(): Setting remote endpoint digest on channel 0x5645ff8bf200 with global ID 1 to digest BD6A829255CB08E66FBE7D3748363586E46B3810
Jan 12 13:04:09.000 [debug] connection_connect(): Connecting to [scrubbed]:80.
Jan 12 13:04:09.000 [debug] connection_connect(): Connection to [scrubbed]:80 in progress (sock 21).
Jan 12 13:04:09.000 [debug] connection_add_impl(): new conn type OR, socket 21, address 171.25.193.9, n_conns 11.
Jan 12 13:04:09.000 [debug] channel_tls_connect(): Got orconn 0x5645ff8bf4a0 for channel with global id 1
Jan 12 13:04:09.000 [debug] channel_register(): Registering channel 0x5645ff8bf200 (ID 1) in state opening (1) with digest BD6A829255CB08E66FBE7D3748363586E46B3810
Jan 12 13:04:09.000 [debug] channel_add_to_digest_map(): Added channel 0x5645ff8bf200 (global ID 1) to identity map in state opening (1) with digest BD6A829255CB08E66FBE7D3748363586E46B3810
Jan 12 13:04:09.000 [debug] channel_set_cell_handlers(): Setting cell_handler callback for channel 0x5645ff8bf200 to 0x5645fe7d2720
Jan 12 13:04:09.000 [debug] channel_set_cell_handlers(): Setting var_cell_handler callback for channel 0x5645ff8bf200 to 0x5645fe7d1b20
Jan 12 13:04:09.000 [debug] circuit_handle_first_hop(): connecting in progress (or finished). Good.
Jan 12 13:04:09.000 [info] connection_ap_make_link(): ... application connection created and linked.
Jan 12 13:04:09.000 [debug] connection_add_impl(): new conn type Directory, socket -1, address 171.25.193.9, n_conns 12.
Jan 12 13:04:09.000 [info] directory_send_command(): Downloading consensus from 171.25.193.9 using /tor/status-vote/current/consensus/14C131+27B6B5+49015F+585769+805509+D586D1+E8A9C4+ED03BB+EFCBE7.z
Jan 12 13:04:09.000 [debug] connection_remove(): removing socket -1 (type Directory), n_conns now 12
Jan 12 13:04:09.000 [info] connection_free_(): Freeing linked Directory connection [client reading] with 0 bytes on inbuf, 0 on outbuf.
Jan 12 13:04:09.000 [debug] conn_read_callback(): socket -1 wants to read.
Jan 12 13:04:09.000 [info] connection_edge_process_inbuf(): data from edge while in 'waiting for circuit' state. Leaving it on buffer.
Jan 12 13:04:09.000 [info] connection_edge_process_inbuf(): data from edge while in 'waiting for circuit' state. Leaving it on buffer.
Jan 12 13:04:09.000 [debug] connection_dir_finished_flushing(): client finished sending command.
Jan 12 13:04:10.000 [info] router_pick_published_address(): Success: chose address '206.117.25.79'.
Jan 12 13:04:10.000 [debug] conn_write_callback(): socket 21 wants to write.
Jan 12 13:04:10.000 [debug] connection_or_finished_connecting(): OR connect() to router at 171.25.193.9:80 finished.
Jan 12 13:04:10.000 [notice] Bootstrapped 10%: Finishing handshake with directory server.
Jan 12 13:04:10.000 [debug] rectify_client_ciphers(): List was: ECDHE-ECDSA-AES128-GCM-SHA256:ECDHE-RSA-AES128-GCM-SHA256:ECDHE-ECDSA-AES256-SHA:ECDHE-ECDSA-AES128-SHA:ECDHE-RSA-AES128-SHA:ECDHE-RSA-AES256-SHA:ECDHE-RSA-DES-CBC3-SHA:ECDHE-ECDSA-RC4-SHA:ECDHE-RSA-RC4-SHA:DHE-RSA-AES128-SHA:DHE-DSS-AES128-SHA:DHE-RSA-CAMELLIA128-SHA:DHE-RSA-AES256-SHA:DHE-DSS-AES256-SHA:DHE-RSA-CAMELLIA256-SHA:EDH-RSA-DES-CBC3-SHA:AES128-SHA:CAMELLIA128-SHA:AES256-SHA:CAMELLIA256-SHA:DES-CBC3-SHA:RC4-SHA:RC4-MD5:!SSLv2
Jan 12 13:04:10.000 [debug] rectify_client_ciphers(): Cipher 0: 300c02b ECDHE-ECDSA-AES128-GCM-SHA256
Jan 12 13:04:10.000 [debug] rectify_client_ciphers(): Cipher 1: 300c02f ECDHE-RSA-AES128-GCM-SHA256
Jan 12 13:04:10.000 [debug] rectify_client_ciphers(): Cipher 2: 300c00a ECDHE-ECDSA-AES256-SHA
Jan 12 13:04:10.000 [debug] rectify_client_ciphers(): Cipher 3: 300c009 ECDHE-ECDSA-AES128-SHA
Jan 12 13:04:10.000 [debug] rectify_client_ciphers(): Cipher 4: 300c013 ECDHE-RSA-AES128-SHA
Jan 12 13:04:10.000 [debug] rectify_client_ciphers(): Cipher 5: 300c014 ECDHE-RSA-AES256-SHA
Jan 12 13:04:10.000 [debug] rectify_client_ciphers(): Cipher 6: 300c012 ECDHE-RSA-DES-CBC3-SHA
Jan 12 13:04:10.000 [debug] rectify_client_ciphers(): Cipher 7: 300c007 ECDHE-ECDSA-RC4-SHA
Jan 12 13:04:10.000 [debug] rectify_client_ciphers(): Cipher 8: 300c011 ECDHE-RSA-RC4-SHA
Jan 12 13:04:10.000 [debug] rectify_client_ciphers(): Cipher 9: 3000033 DHE-RSA-AES128-SHA
Jan 12 13:04:10.000 [debug] rectify_client_ciphers(): Cipher 10: 3000032 DHE-DSS-AES128-SHA
Jan 12 13:04:10.000 [debug] rectify_client_ciphers(): Cipher 11: 3000045 DHE-RSA-CAMELLIA128-SHA
Jan 12 13:04:10.000 [debug] rectify_client_ciphers(): Cipher 12: 3000039 DHE-RSA-AES256-SHA
Jan 12 13:04:10.000 [debug] rectify_client_ciphers(): Cipher 13: 3000038 DHE-DSS-AES256-SHA
Jan 12 13:04:10.000 [debug] rectify_client_ciphers(): Cipher 14: 3000088 DHE-RSA-CAMELLIA256-SHA
Jan 12 13:04:10.000 [debug] rectify_client_ciphers(): Cipher 15: 3000016 EDH-RSA-DES-CBC3-SHA
Jan 12 13:04:10.000 [debug] rectify_client_ciphers(): Cipher 16: 300002f AES128-SHA
Jan 12 13:04:10.000 [debug] rectify_client_ciphers(): Cipher 17: 3000041 CAMELLIA128-SHA
Jan 12 13:04:10.000 [debug] rectify_client_ciphers(): Cipher 18: 3000035 AES256-SHA
Jan 12 13:04:10.000 [debug] rectify_client_ciphers(): Cipher 19: 3000084 CAMELLIA256-SHA
Jan 12 13:04:10.000 [debug] rectify_client_ciphers(): Cipher 20: 300000a DES-CBC3-SHA
Jan 12 13:04:10.000 [debug] rectify_client_ciphers(): Cipher 21: 3000005 RC4-SHA
Jan 12 13:04:10.000 [debug] rectify_client_ciphers(): Cipher 22: 3000004 RC4-MD5
Jan 12 13:04:10.000 [debug] rectify_client_ciphers(): Found cipher ECDHE-ECDSA-AES128-GCM-SHA256
Jan 12 13:04:10.000 [debug] rectify_client_ciphers(): Found cipher ECDHE-RSA-AES128-GCM-SHA256
Jan 12 13:04:10.000 [debug] rectify_client_ciphers(): Found cipher ECDHE-ECDSA-AES256-SHA
Jan 12 13:04:10.000 [debug] rectify_client_ciphers(): Found cipher ECDHE-ECDSA-AES128-SHA
Jan 12 13:04:10.000 [debug] rectify_client_ciphers(): Found cipher ECDHE-RSA-AES128-SHA
Jan 12 13:04:10.000 [debug] rectify_client_ciphers(): Found cipher ECDHE-RSA-AES256-SHA
Jan 12 13:04:10.000 [debug] rectify_client_ciphers(): Found cipher ECDHE-RSA-DES-CBC3-SHA
Jan 12 13:04:10.000 [debug] rectify_client_ciphers(): Found cipher ECDHE-ECDSA-RC4-SHA
Jan 12 13:04:10.000 [debug] rectify_client_ciphers(): Found cipher ECDHE-RSA-RC4-SHA
Jan 12 13:04:10.000 [debug] rectify_client_ciphers(): Found cipher DHE-RSA-AES128-SHA
Jan 12 13:04:10.000 [debug] rectify_client_ciphers(): Found cipher DHE-DSS-AES128-SHA
Jan 12 13:04:10.000 [debug] rectify_client_ciphers(): Found cipher DHE-RSA-CAMELLIA128-SHA
Jan 12 13:04:10.000 [debug] rectify_client_ciphers(): Found cipher DHE-RSA-AES256-SHA
Jan 12 13:04:10.000 [debug] rectify_client_ciphers(): Found cipher DHE-DSS-AES256-SHA
Jan 12 13:04:10.000 [debug] rectify_client_ciphers(): Found cipher DHE-RSA-CAMELLIA256-SHA
Jan 12 13:04:10.000 [debug] rectify_client_ciphers(): Found cipher EDH-RSA-DES-CBC3-SHA
Jan 12 13:04:10.000 [debug] rectify_client_ciphers(): Found cipher AES128-SHA
Jan 12 13:04:10.000 [debug] rectify_client_ciphers(): Found cipher CAMELLIA128-SHA
Jan 12 13:04:10.000 [debug] rectify_client_ciphers(): Found cipher AES256-SHA
Jan 12 13:04:10.000 [debug] rectify_client_ciphers(): Found cipher CAMELLIA256-SHA
Jan 12 13:04:10.000 [debug] rectify_client_ciphers(): Found cipher DES-CBC3-SHA
Jan 12 13:04:10.000 [debug] rectify_client_ciphers(): Found cipher RC4-SHA
Jan 12 13:04:10.000 [debug] rectify_client_ciphers(): Found cipher RC4-MD5
Jan 12 13:04:10.000 [debug] connection_tls_start_handshake(): starting TLS handshake on fd 21
Jan 12 13:04:10.000 [debug] tor_tls_handshake(): About to call SSL_connect on 0x5645ff8ba550 (before/accept initialization)
Jan 12 13:04:10.000 [debug] tor_tls_debug_state_callback(): SSL 0x5645ff8c12c0 is now in state before/connect initialization [type=16,val=1].
Jan 12 13:04:10.000 [debug] tor_tls_debug_state_callback(): SSL 0x5645ff8c12c0 is now in state before/connect initialization [type=4097,val=1].
Jan 12 13:04:10.000 [debug] tor_tls_debug_state_callback(): SSL 0x5645ff8c12c0 is now in state SSLv2/v3 write client hello A [type=4097,val=1].
Jan 12 13:04:10.000 [debug] tor_tls_debug_state_callback(): SSL 0x5645ff8c12c0 is now in state SSLv2/v3 read server hello A [type=4098,val=-1].
Jan 12 13:04:10.000 [debug] tor_tls_handshake(): After call, 0x5645ff8ba550 was in state SSLv2/v3 read server hello A
Jan 12 13:04:10.000 [debug] connection_tls_continue_handshake(): wanted read
Jan 12 13:04:10.000 [debug] tor_tls_handshake(): About to call SSL_connect on 0x5645ff8ba550 (SSLv2/v3 read server hello A)
Jan 12 13:04:10.000 [debug] tor_tls_debug_state_callback(): SSL 0x5645ff8c12c0 is now in state SSLv2/v3 read server hello A [type=4098,val=-1].
Jan 12 13:04:10.000 [debug] connection_tls_continue_handshake(): wanted read
Jan 12 13:04:10.000 [debug] conn_read_callback(): socket 21 wants to read.
Jan 12 13:04:10.000 [debug] tor_tls_handshake(): About to call SSL_connect on 0x5645ff8ba550 (SSLv2/v3 read server hello A)
Jan 12 13:04:10.000 [debug] tor_tls_debug_state_callback(): SSL 0x5645ff8c12c0 is now in state unknown state [type=4097,val=1].
Jan 12 13:04:10.000 [debug] tor_tls_debug_state_callback(): SSL 0x5645ff8c12c0 is now in state unknown state [type=4097,val=1].
Jan 12 13:04:10.000 [debug] tor_tls_debug_state_callback(): SSL 0x5645ff8c12c0 is now in state unknown state [type=4097,val=1].
Jan 12 13:04:10.000 [debug] tor_tls_debug_state_callback(): SSL 0x5645ff8c12c0 is now in state unknown state [type=4097,val=1].
Jan 12 13:04:10.000 [debug] tor_tls_debug_state_callback(): SSL 0x5645ff8c12c0 is now in state unknown state [type=4097,val=1].
Jan 12 13:04:10.000 [debug] tor_tls_debug_state_callback(): SSL 0x5645ff8c12c0 is now in state unknown state [type=4097,val=1].
Jan 12 13:04:10.000 [debug] tor_tls_debug_state_callback(): SSL 0x5645ff8c12c0 is now in state unknown state [type=4097,val=1].
Jan 12 13:04:10.000 [debug] tor_tls_debug_state_callback(): SSL 0x5645ff8c12c0 is now in state unknown state [type=4097,val=1].
Jan 12 13:04:10.000 [debug] tor_tls_debug_state_callback(): SSL 0x5645ff8c12c0 is now in state unknown state [type=4098,val=-1].
Jan 12 13:04:10.000 [debug] tor_tls_debug_state_callback(): SSL 0x5645ff8c12c0 is now in state unknown state [type=4098,val=-1].
Jan 12 13:04:10.000 [debug] tor_tls_handshake(): After call, 0x5645ff8ba550 was in state unknown state
Jan 12 13:04:10.000 [debug] connection_tls_continue_handshake(): wanted read
Jan 12 13:04:10.000 [debug] conn_read_callback(): socket 21 wants to read.
Jan 12 13:04:10.000 [debug] tor_tls_handshake(): About to call SSL_connect on 0x5645ff8ba550 (unknown state)
Jan 12 13:04:10.000 [debug] tor_tls_debug_state_callback(): SSL 0x5645ff8c12c0 is now in state unknown state [type=4097,val=1].
Jan 12 13:04:10.000 [debug] tor_tls_debug_state_callback(): SSL 0x5645ff8c12c0 is now in state SSL negotiation finished successfully [type=32,val=1].
Jan 12 13:04:10.000 [debug] tor_tls_debug_state_callback(): SSL 0x5645ff8c12c0 is now in state SSL negotiation finished successfully [type=4098,val=1].
Jan 12 13:04:10.000 [debug] tor_tls_handshake(): After call, 0x5645ff8ba550 was in state SSL negotiation finished successfully
Jan 12 13:04:10.000 [debug] tor_tls_finish_handshake(): Server sent back a single certificate; looks like a v2 handshake on 0x5645ff8ba550.
Jan 12 13:04:10.000 [info] connection_tls_continue_handshake(): Client got a v3 cert!  Moving on to v3 handshake with ciphersuite ECDHE-RSA-AES128-GCM-SHA256
Jan 12 13:04:10.000 [debug] connection_or_process_cells_from_inbuf(): 21: starting, inbuf_datalen 0 (0 pending in tls object).
Jan 12 13:04:10.000 [debug] conn_write_callback(): socket 21 wants to write.
Jan 12 13:04:10.000 [debug] flush_chunk_tls(): flushed 9 bytes, 0 ready to flush, 0 remain.
Jan 12 13:04:10.000 [debug] connection_handle_write_impl(): After TLS write of 9: 1063 read, 377 written
Jan 12 13:04:11.000 [debug] connection_bucket_refill_helper(): global_read_bucket now 1073741824.
Jan 12 13:04:11.000 [debug] connection_bucket_refill_helper(): global_write_bucket now 1073741824.
Jan 12 13:04:11.000 [debug] connection_bucket_refill_helper(): global_relayed_read_bucket now 1073741824.
Jan 12 13:04:11.000 [debug] connection_bucket_refill_helper(): global_relayed_write_bucket now 1073741824.
Jan 12 13:04:11.000 [debug] conn_read_callback(): socket 21 wants to read.
Jan 12 13:04:11.000 [debug] connection_read_to_buf(): 21: starting, inbuf_datalen 0 (0 pending in tls object). at_most 16384.
Jan 12 13:04:11.000 [debug] connection_read_to_buf(): After TLS read of 2051: 2080 read, 0 written
Jan 12 13:04:11.000 [debug] connection_or_process_cells_from_inbuf(): 21: starting, inbuf_datalen 2051 (0 pending in tls object).
Jan 12 13:04:11.000 [info] channel_tls_process_versions_cell(): Negotiated version 4 with [scrubbed]:80; Sending cells: CERTS
Jan 12 13:04:11.000 [debug] connection_or_process_cells_from_inbuf(): 21: starting, inbuf_datalen 2040 (0 pending in tls object).
Jan 12 13:04:11.000 [info] channel_tls_process_certs_cell(): Got some good certificates from [scrubbed]:80: Authenticated it.
Jan 12 13:04:11.000 [debug] connection_or_process_cells_from_inbuf(): 21: starting, inbuf_datalen 559 (0 pending in tls object).
Jan 12 13:04:11.000 [info] channel_tls_process_auth_challenge_cell(): Got an AUTH_CHALLENGE cell from [scrubbed]:80: Sending authentication
Jan 12 13:04:11.000 [debug] connection_or_process_cells_from_inbuf(): 21: starting, inbuf_datalen 514 (0 pending in tls object).
Jan 12 13:04:11.000 [debug] channel_change_state(): Changing state of channel 0x5645ff8bf200 (global ID 1) from "opening" to "open"
Jan 12 13:04:11.000 [debug] circuit_n_chan_done(): chan to NULL/171.25.193.9:80, status=1
Jan 12 13:04:11.000 [debug] circuit_n_chan_done(): Found circ, sending create cell.
Jan 12 13:04:11.000 [debug] circuit_send_next_onion_skin(): First skin; sending create cell.
Jan 12 13:04:11.000 [notice] Bootstrapped 15%: Establishing an encrypted directory connection.
Jan 12 13:04:11.000 [debug] circuit_get_by_circid_channel_impl(): circuit_get_by_circid_channel_impl() found nothing for circ_id 2147515345, channel ID 1 (0x5645ff8bf200)
Jan 12 13:04:11.000 [debug] circuit_deliver_create_cell(): Chosen circID 2147515345.
Jan 12 13:04:11.000 [debug] circuitmux_attach_circuit(): Attaching circuit 2147515345 on channel 1 to cmux 0x5645ff8bf360
Jan 12 13:04:11.000 [debug] append_cell_to_circuit_queue(): Made a circuit active.
Jan 12 13:04:11.000 [info] circuit_send_next_onion_skin(): First hop: finished sending CREATE_FAST cell to '<unnamed>'
Jan 12 13:04:11.000 [info] channel_tls_process_netinfo_cell(): Got good NETINFO cell from [scrubbed]:80; OR connection is now open, using protocol version 4. Its ID digest is BD6A829255CB08E66FBE7D3748363586E46B3810. Our address is apparently 206.117.25.79.
Jan 12 13:04:11.000 [debug] connection_or_process_cells_from_inbuf(): 21: starting, inbuf_datalen 0 (0 pending in tls object).
Jan 12 13:04:11.000 [debug] conn_write_callback(): socket 21 wants to write.
Jan 12 13:04:11.000 [debug] flush_chunk_tls(): flushed 1802 bytes, 0 ready to flush, 0 remain.
Jan 12 13:04:11.000 [debug] connection_handle_write_impl(): After TLS write of 1802: 0 read, 1831 written
Jan 12 13:04:11.000 [debug] channel_write_packed_cell(): Writing packed_cell_t 0x5645ff8d2408 to channel 0x5645ff8bf200 with global ID 1
Jan 12 13:04:11.000 [debug] channel_flush_from_first_active_circuit(): Made a circuit inactive.
Jan 12 13:04:11.000 [debug] conn_write_callback(): socket 21 wants to write.
Jan 12 13:04:11.000 [debug] flush_chunk_tls(): flushed 514 bytes, 0 ready to flush, 0 remain.
Jan 12 13:04:11.000 [debug] connection_handle_write_impl(): After TLS write of 514: 0 read, 543 written
Jan 12 13:04:11.000 [debug] connection_bucket_refill_helper(): global_read_bucket now 1073741824.
Jan 12 13:04:11.000 [debug] connection_bucket_refill_helper(): global_write_bucket now 1073741824.
Jan 12 13:04:11.000 [debug] connection_bucket_refill_helper(): global_relayed_read_bucket now 1073741824.
Jan 12 13:04:11.000 [debug] connection_bucket_refill_helper(): or_conn->write_bucket now 1073741824.
Jan 12 13:04:11.000 [debug] resolve_my_address(): Resolved Address to '206.117.25.79'.
Jan 12 13:04:11.000 [debug] conn_read_callback(): socket 21 wants to read.
Jan 12 13:04:11.000 [debug] connection_read_to_buf(): 21: starting, inbuf_datalen 0 (0 pending in tls object). at_most 16448.
Jan 12 13:04:11.000 [debug] connection_read_to_buf(): After TLS read of 514: 543 read, 0 written
Jan 12 13:04:11.000 [debug] connection_or_process_cells_from_inbuf(): 21: starting, inbuf_datalen 514 (0 pending in tls object).
Jan 12 13:04:11.000 [debug] channel_queue_cell(): Directly handling incoming cell_t 0x7ffc737fa8b0 for channel 0x5645ff8bf200 (global ID 1)
Jan 12 13:04:11.000 [debug] circuit_get_by_circid_channel_impl(): circuit_get_by_circid_channel_impl() returning circuit 0x5645ff8c1e50 for circ_id 2147515345, channel ID 1 (0x5645ff8bf200)
Jan 12 13:04:11.000 [debug] command_process_created_cell(): at OP. Finishing handshake.
Jan 12 13:04:11.000 [info] circuit_finish_handshake(): Finished building circuit hop:
Jan 12 13:04:11.000 [info] internal circ (length 1, last hop BD6A829255CB08E66FBE7D3748363586E46B3810): $BD6A829255CB08E66FBE7D3748363586E46B3810(open)
Jan 12 13:04:11.000 [debug] command_process_created_cell(): Moving to next skin.
Jan 12 13:04:11.000 [debug] circuit_send_next_onion_skin(): starting to send subsequent skin.
Jan 12 13:04:11.000 [info] circuit_send_next_onion_skin(): circuit built!
Jan 12 13:04:11.000 [notice] Bootstrapped 20%: Asking for networkstatus consensus.
Jan 12 13:04:11.000 [debug] connection_ap_handshake_attach_circuit(): Attaching apconn to circ 2147515345 (stream 2 sec old).
Jan 12 13:04:11.000 [info] internal circ (length 1): $BD6A829255CB08E66FBE7D3748363586E46B3810(open)
Jan 12 13:04:11.000 [debug] link_apconn_to_circ(): attaching new conn to circ. n_circ_id 2147515345.
Jan 12 13:04:11.000 [info] connection_ap_handshake_send_begin(): Sending relay cell 1 to begin stream 61731.
Jan 12 13:04:11.000 [debug] relay_send_command_from_edge_(): delivering 13 cell forward.
Jan 12 13:04:11.000 [debug] circuit_package_relay_cell(): crypting a layer of the relay cell.
Jan 12 13:04:11.000 [debug] append_cell_to_circuit_queue(): Made a circuit active.
Jan 12 13:04:11.000 [debug] append_cell_to_circuit_queue(): Primed a buffer.
Jan 12 13:04:11.000 [debug] channel_write_packed_cell(): Writing packed_cell_t 0x5645ff8d2408 to channel 0x5645ff8bf200 with global ID 1
Jan 12 13:04:11.000 [debug] channel_flush_from_first_active_circuit(): Made a circuit inactive.
Jan 12 13:04:11.000 [info] connection_ap_handshake_send_begin(): Address/port sent, ap socket -1, n_circ_id 2147515345
Jan 12 13:04:11.000 [debug] connection_or_process_cells_from_inbuf(): 21: starting, inbuf_datalen 0 (0 pending in tls object).
Jan 12 13:04:11.000 [debug] conn_write_callback(): socket 21 wants to write.
Jan 12 13:04:11.000 [debug] flush_chunk_tls(): flushed 514 bytes, 0 ready to flush, 0 remain.
Jan 12 13:04:11.000 [debug] connection_handle_write_impl(): After TLS write of 514: 0 read, 543 written
Jan 12 13:04:11.000 [debug] connection_bucket_refill_helper(): global_read_bucket now 1073741824.
Jan 12 13:04:11.000 [debug] connection_bucket_refill_helper(): global_write_bucket now 1073741824.
Jan 12 13:04:11.000 [debug] connection_bucket_refill_helper(): or_conn->read_bucket now 1073741824.
Jan 12 13:04:11.000 [debug] connection_bucket_refill_helper(): or_conn->write_bucket now 1073741824.
Jan 12 13:04:11.000 [debug] conn_read_callback(): socket 21 wants to read.
Jan 12 13:04:11.000 [debug] connection_read_to_buf(): 21: starting, inbuf_datalen 0 (0 pending in tls object). at_most 16448.
Jan 12 13:04:11.000 [debug] connection_read_to_buf(): After TLS read of 514: 543 read, 0 written
Jan 12 13:04:11.000 [debug] connection_or_process_cells_from_inbuf(): 21: starting, inbuf_datalen 514 (0 pending in tls object).
Jan 12 13:04:11.000 [debug] channel_queue_cell(): Directly handling incoming cell_t 0x7ffc737fa8b0 for channel 0x5645ff8bf200 (global ID 1)
Jan 12 13:04:11.000 [debug] circuit_get_by_circid_channel_impl(): circuit_get_by_circid_channel_impl() returning circuit 0x5645ff8c1e50 for circ_id 2147515345, channel ID 1 (0x5645ff8bf200)
Jan 12 13:04:11.000 [debug] relay_lookup_conn(): found conn for stream 61731.
Jan 12 13:04:11.000 [debug] circuit_receive_relay_cell(): Sending to origin.
Jan 12 13:04:11.000 [debug] connection_edge_process_relay_cell(): Now seen 1 relay cells here (command 4, stream 61731).
Jan 12 13:04:11.000 [info] connection_edge_process_relay_cell_not_open(): 'connected' received after 0 seconds.
Jan 12 13:04:11.000 [info] internal circ (length 1): $BD6A829255CB08E66FBE7D3748363586E46B3810(open)
Jan 12 13:04:11.000 [debug] connection_edge_process_relay_cell_not_open(): considering
Jan 12 13:04:11.000 [debug] connection_edge_process_relay_cell_not_open(): it is! 14
Jan 12 13:04:11.000 [notice] Bootstrapped 25%: Loading networkstatus consensus.
Jan 12 13:04:11.000 [debug] circuit_consider_stop_edge_reading(): considering layer_hint->package_window 1000
Jan 12 13:04:11.000 [debug] connection_edge_package_raw_inbuf(): -1: Packaging 136 bytes (0 waiting).
Jan 12 13:04:11.000 [debug] relay_send_command_from_edge_(): delivering 2 cell forward.
Jan 12 13:04:11.000 [debug] circuit_package_relay_cell(): crypting a layer of the relay cell.
Jan 12 13:04:11.000 [debug] append_cell_to_circuit_queue(): Made a circuit active.
Jan 12 13:04:11.000 [debug] append_cell_to_circuit_queue(): Primed a buffer.
Jan 12 13:04:11.000 [debug] channel_write_packed_cell(): Writing packed_cell_t 0x5645ff8d2408 to channel 0x5645ff8bf200 with global ID 1
Jan 12 13:04:11.000 [debug] channel_flush_from_first_active_circuit(): Made a circuit inactive.
Jan 12 13:04:11.000 [debug] connection_edge_package_raw_inbuf(): conn->package_window is now 499
Jan 12 13:04:11.000 [debug] circuit_consider_stop_edge_reading(): considering layer_hint->package_window 999
Jan 12 13:04:11.000 [debug] connection_or_process_cells_from_inbuf(): 21: starting, inbuf_datalen 0 (0 pending in tls object).
Jan 12 13:04:11.000 [debug] conn_write_callback(): socket 21 wants to write.
Jan 12 13:04:11.000 [debug] flush_chunk_tls(): flushed 514 bytes, 0 ready to flush, 0 remain.
Jan 12 13:04:11.000 [debug] connection_handle_write_impl(): After TLS write of 514: 0 read, 543 written
Jan 12 13:04:11.000 [debug] connection_bucket_refill_helper(): global_read_bucket now 1073741824.
Jan 12 13:04:11.000 [debug] connection_bucket_refill_helper(): global_write_bucket now 1073741824.
Jan 12 13:04:11.000 [debug] connection_bucket_refill_helper(): or_conn->read_bucket now 1073741824.
Jan 12 13:04:11.000 [debug] connection_bucket_refill_helper(): or_conn->write_bucket now 1073741824.
Jan 12 13:04:11.000 [debug] conn_read_callback(): socket 21 wants to read.
Jan 12 13:04:11.000 [debug] connection_read_to_buf(): 21: starting, inbuf_datalen 0 (0 pending in tls object). at_most 16448.
Jan 12 13:04:11.000 [debug] connection_read_to_buf(): After TLS read of 1028: 1057 read, 0 written
Jan 12 13:04:11.000 [debug] connection_or_process_cells_from_inbuf(): 21: starting, inbuf_datalen 1028 (0 pending in tls object).
Jan 12 13:04:11.000 [debug] channel_queue_cell(): Directly handling incoming cell_t 0x7ffc737fa8b0 for channel 0x5645ff8bf200 (global ID 1)
Jan 12 13:04:11.000 [debug] circuit_get_by_circid_channel_impl(): circuit_get_by_circid_channel_impl() returning circuit 0x5645ff8c1e50 for circ_id 2147515345, channel ID 1 (0x5645ff8bf200)
Jan 12 13:04:11.000 [debug] relay_lookup_conn(): found conn for stream 61731.
Jan 12 13:04:11.000 [debug] circuit_receive_relay_cell(): Sending to origin.
Jan 12 13:04:11.000 [debug] connection_edge_process_relay_cell(): Now seen 2 relay cells here (command 2, stream 61731).
Jan 12 13:04:11.000 [debug] connection_edge_process_relay_cell(): circ deliver_window now 999.
Jan 12 13:04:11.000 [debug] connection_or_process_cells_from_inbuf(): 21: starting, inbuf_datalen 514 (0 pending in tls object).
Jan 12 13:04:11.000 [debug] channel_queue_cell(): Directly handling incoming cell_t 0x7ffc737fa8b0 for channel 0x5645ff8bf200 (global ID 1)
Jan 12 13:04:11.000 [debug] circuit_get_by_circid_channel_impl(): circuit_get_by_circid_channel_impl() returning circuit 0x5645ff8c1e50 for circ_id 2147515345, channel ID 1 (0x5645ff8bf200)
Jan 12 13:04:11.000 [debug] relay_lookup_conn(): found conn for stream 61731.
Jan 12 13:04:11.000 [debug] circuit_receive_relay_cell(): Sending to origin.
Jan 12 13:04:11.000 [debug] connection_edge_process_relay_cell(): Now seen 3 relay cells here (command 3, stream 61731).
Jan 12 13:04:11.000 [info] connection_edge_process_relay_cell(): -1: end cell (closed normally) for stream 61731. Removing stream.
Jan 12 13:04:11.000 [debug] connection_or_process_cells_from_inbuf(): 21: starting, inbuf_datalen 0 (0 pending in tls object).
Jan 12 13:04:11.000 [debug] conn_close_if_marked(): Cleaning up connection (fd -1).
Jan 12 13:04:11.000 [debug] conn_close_if_marked(): Flushed last 120 bytes from a linked conn; 0 left; flushlen 0; wants-to-flush==0
Jan 12 13:04:11.000 [debug] connection_remove(): removing socket -1 (type Socks), n_conns now 11
Jan 12 13:04:11.000 [info] connection_free_(): Freeing linked Socks connection [open] with 0 bytes on inbuf, 0 on outbuf.
Jan 12 13:04:11.000 [debug] conn_read_callback(): socket -1 wants to read.
Jan 12 13:04:11.000 [debug] fetch_from_buf_http(): headerlen 120, bodylen 0.
Jan 12 13:04:11.000 [debug] connection_dir_client_reached_eof(): Received response from directory server '171.25.193.9:80': 404 "Consensus not signed by sufficient number of requested authorities" (purpose: 14)
Jan 12 13:04:11.000 [debug] connection_dir_client_reached_eof(): Time on received directory is within tolerance; we are -2 seconds skewed.  (That's okay.)
Jan 12 13:04:11.000 [warn] Received http status code 404 ("Consensus not signed by sufficient number of requested authorities") from server '171.25.193.9:80' while fetching consensus directory.
Jan 12 13:04:11.000 [debug] conn_close_if_marked(): Cleaning up connection (fd -1).
Jan 12 13:04:11.000 [debug] connection_remove(): removing socket -1 (type Directory), n_conns now 10
Jan 12 13:04:11.000 [info] connection_free_(): Freeing linked Directory connection [client reading] with 0 bytes on inbuf, 0 on outbuf.
Jan 12 13:04:11.000 [debug] connection_bucket_refill_helper(): global_read_bucket now 1073741824.
Jan 12 13:04:11.000 [debug] connection_bucket_refill_helper(): or_conn->read_bucket now 1073741824.
Jan 12 13:04:18.000 [debug] conn_read_callback(): socket 20 wants to read.
Jan 12 13:04:18.000 [info] control_event_bootstrap_problem(): Problem bootstrapping. Stuck at 25%: Loading networkstatus consensus. (Connection timed out; TIMEOUT; count 1; recommendation ignore)
Jan 12 13:04:18.000 [debug] channel_close_for_error(): Closing channel 0x5645ff8bd610 due to lower-layer error
Jan 12 13:04:18.000 [debug] channel_change_state(): Changing state of channel 0x5645ff8bd610 (global ID 0) from "opening" to "closing"
Jan 12 13:04:18.000 [debug] channel_remove_from_digest_map(): Removed channel 0x5645ff8bd610 (global ID 0) from identity map in state closing (4) with digest F2044413DAC2E02E3D6BCF4735A19BCA1DE97281
Jan 12 13:04:18.000 [debug] connection_mark_for_close_internal_(): Calling connection_mark_for_close_internal_() on an OR conn at src/or/connection.c:2865
Jan 12 13:04:18.000 [debug] conn_close_if_marked(): Cleaning up connection (fd -1).
Jan 12 13:04:18.000 [debug] circuit_n_chan_done(): chan to NULL/212.112.245.170:443, status=0
Jan 12 13:04:18.000 [info] circuit_n_chan_done(): Channel failed; closing circ.
Jan 12 13:04:18.000 [info] circuit_build_failed(): Our circuit died before the first hop with no connection
Jan 12 13:04:18.000 [debug] circuit_increment_failure_count(): n_circuit_failures now 1.
Jan 12 13:04:18.000 [debug] channel_change_state(): Changing state of channel 0x5645ff8bd610 (global ID 0) from "closing" to "channel error"
Jan 12 13:04:18.000 [info] connection_or_note_state_when_broken(): Connection died in state 'connect()ing with SSL state (No SSL object)'
Jan 12 13:04:18.000 [debug] connection_remove(): removing socket -1 (type OR), n_conns now 9
Jan 12 13:04:19.000 [debug] channel_free(): Freeing channel 0 at 0x5645ff8bd610
Jan 12 13:04:19.000 [debug] channel_clear_remote_end(): Clearing remote endpoint identity on channel 0x5645ff8bd610 with global ID 0
Jan 12 13:04:21.000 [info] router_pick_published_address(): Success: chose address '206.117.25.79'.
Jan 12 13:04:32.000 [info] router_pick_published_address(): Success: chose address '206.117.25.79'.
Jan 12 13:04:43.000 [info] router_pick_published_address(): Success: chose address '206.117.25.79'.
Jan 12 13:04:54.000 [info] router_pick_published_address(): Success: chose address '206.117.25.79'.
Jan 12 13:05:05.000 [info] router_pick_published_address(): Success: chose address '206.117.25.79'.
Jan 12 13:05:12.000 [debug] resolve_my_address(): Resolved Address to '206.117.25.79'.
Jan 12 13:05:16.000 [info] router_pick_published_address(): Success: chose address '206.117.25.79'.
Jan 12 13:05:27.000 [info] router_pick_published_address(): Success: chose address '206.117.25.79'.
Jan 12 13:05:38.000 [info] router_pick_published_address(): Success: chose address '206.117.25.79'.
Jan 12 13:05:49.000 [info] router_pick_published_address(): Success: chose address '206.117.25.79'.
Jan 12 13:06:00.000 [info] router_pick_published_address(): Success: chose address '206.117.25.79'.
Jan 12 13:06:11.000 [info] router_pick_published_address(): Success: chose address '206.117.25.79'.
Jan 12 13:06:13.000 [debug] resolve_my_address(): Resolved Address to '206.117.25.79'.
Jan 12 13:06:22.000 [info] router_pick_published_address(): Success: chose address '206.117.25.79'.
Jan 12 13:06:33.000 [info] router_pick_published_address(): Success: chose address '206.117.25.79'.
Jan 12 13:06:44.000 [info] router_pick_published_address(): Success: chose address '206.117.25.79'.
Jan 12 13:06:55.000 [info] router_pick_published_address(): Success: chose address '206.117.25.79'.
Jan 12 13:07:06.000 [info] router_pick_published_address(): Success: chose address '206.117.25.79'.
Jan 12 13:07:14.000 [debug] resolve_my_address(): Resolved Address to '206.117.25.79'.
Jan 12 13:07:17.000 [info] router_pick_published_address(): Success: chose address '206.117.25.79'.
Jan 12 13:07:28.000 [info] router_pick_published_address(): Success: chose address '206.117.25.79'.
Jan 12 13:07:39.000 [info] router_pick_published_address(): Success: chose address '206.117.25.79'.
Jan 12 13:07:50.000 [info] router_pick_published_address(): Success: chose address '206.117.25.79'.
Jan 12 13:08:01.000 [info] router_pick_published_address(): Success: chose address '206.117.25.79'.
Jan 12 13:08:12.000 [info] router_pick_published_address(): Success: chose address '206.117.25.79'.
Jan 12 13:08:15.000 [debug] resolve_my_address(): Resolved Address to '206.117.25.79'.
Jan 12 13:08:23.000 [info] router_pick_published_address(): Success: chose address '206.117.25.79'.
Jan 12 13:08:34.000 [info] router_pick_published_address(): Success: chose address '206.117.25.79'.
Jan 12 13:08:45.000 [info] router_pick_published_address(): Success: chose address '206.117.25.79'.
Jan 12 13:08:56.000 [info] router_pick_published_address(): Success: chose address '206.117.25.79'.
Jan 12 13:09:07.000 [info] router_pick_published_address(): Success: chose address '206.117.25.79'.
Jan 12 13:09:11.000 [debug] run_connection_housekeeping(): Sending keepalive to (171.25.193.9:80)
Jan 12 13:09:11.000 [debug] conn_write_callback(): socket 21 wants to write.
Jan 12 13:09:11.000 [debug] flush_chunk_tls(): flushed 514 bytes, 0 ready to flush, 0 remain.
Jan 12 13:09:11.000 [debug] connection_handle_write_impl(): After TLS write of 514: 0 read, 543 written
Jan 12 13:09:11.000 [debug] connection_bucket_refill_helper(): global_write_bucket now 1073741824.
Jan 12 13:09:11.000 [debug] connection_bucket_refill_helper(): global_relayed_write_bucket now 1073741824.
Jan 12 13:09:11.000 [debug] connection_bucket_refill_helper(): or_conn->write_bucket now 1073741824.
Jan 12 13:09:11.000 [debug] conn_read_callback(): socket 21 wants to read.
Jan 12 13:09:11.000 [debug] connection_read_to_buf(): 21: starting, inbuf_datalen 0 (0 pending in tls object). at_most 16448.
Jan 12 13:09:11.000 [debug] connection_read_to_buf(): After TLS read of 514: 543 read, 0 written
Jan 12 13:09:11.000 [debug] connection_or_process_cells_from_inbuf(): 21: starting, inbuf_datalen 514 (0 pending in tls object).
Jan 12 13:09:11.000 [debug] connection_or_process_cells_from_inbuf(): 21: starting, inbuf_datalen 0 (0 pending in tls object).
Jan 12 13:09:11.000 [debug] connection_bucket_refill_helper(): global_read_bucket now 1073741824.
Jan 12 13:09:11.000 [debug] connection_bucket_refill_helper(): global_relayed_read_bucket now 1073741824.
Jan 12 13:09:11.000 [debug] connection_bucket_refill_helper(): or_conn->read_bucket now 1073741824.
Jan 12 13:09:16.000 [debug] resolve_my_address(): Resolved Address to '206.117.25.79'.
Jan 12 13:09:16.000 [info] update_consensus_networkstatus_downloads(): Launching ns networkstatus consensus download.
Jan 12 13:09:16.000 [info] router_pick_published_address(): Success: chose address '206.117.25.79'.
Jan 12 13:09:16.000 [info] router_pick_directory_server(): No reachable router entries for dirservers. Trying them all again.
Jan 12 13:09:16.000 [info] directory_pick_generic_dirserver(): No router found for consensus network-status fetch; falling back to dirserver list.
Jan 12 13:09:16.000 [info] router_pick_published_address(): Success: chose address '206.117.25.79'.
Jan 12 13:09:16.000 [debug] directory_initiate_command_rend(): anonymized 0, use_begindir 1.
Jan 12 13:09:16.000 [debug] directory_initiate_command_rend(): Initiating consensus network-status fetch
Jan 12 13:09:16.000 [info] connection_ap_make_link(): Making internal direct tunnel to [scrubbed]:443 ...
Jan 12 13:09:16.000 [debug] connection_add_impl(): new conn type Socks, socket -1, address (Tor_internal), n_conns 9.
Jan 12 13:09:16.000 [debug] circuit_get_open_circ_or_launch(): considering 1, $CF6D0AAFB385BE71B8E111FC5CFF4B47923733BC
Jan 12 13:09:16.000 [debug] onion_pick_cpath_exit(): Launching a one-hop circuit for dir tunnel.
Jan 12 13:09:16.000 [info] onion_pick_cpath_exit(): Using requested exit node '$CF6D0AAFB385BE71B8E111FC5CFF4B47923733BC~CF6D0AAFB385BE71B8E at 154.35.32.5'
Jan 12 13:09:16.000 [debug] onion_extend_cpath(): Path is 0 long; we want 1
Jan 12 13:09:16.000 [debug] onion_extend_cpath(): Chose router $CF6D0AAFB385BE71B8E111FC5CFF4B47923733BC~CF6D0AAFB385BE71B8E at 154.35.32.5 for hop 1 (exit is CF6D0AAFB385BE71B8E111FC5CFF4B47923733BC)
Jan 12 13:09:16.000 [debug] onion_extend_cpath(): Path is complete: 1 steps long
Jan 12 13:09:16.000 [debug] circuit_handle_first_hop(): Looking for firsthop '154.35.32.5:443'
Jan 12 13:09:16.000 [info] circuit_handle_first_hop(): Next router is [scrubbed]: Not connected. Connecting.
Jan 12 13:09:16.000 [debug] channel_tls_connect(): In channel_tls_connect() for channel 0x5645ff8c9c50 (global id 2)
Jan 12 13:09:16.000 [debug] channel_set_identity_digest(): Setting remote endpoint digest on channel 0x5645ff8c9c50 with global ID 2 to digest CF6D0AAFB385BE71B8E111FC5CFF4B47923733BC
Jan 12 13:09:16.000 [debug] connection_connect(): Connecting to [scrubbed]:443.
Jan 12 13:09:16.000 [debug] connection_connect(): Connection to [scrubbed]:443 in progress (sock 20).
Jan 12 13:09:16.000 [debug] connection_add_impl(): new conn type OR, socket 20, address 154.35.32.5, n_conns 10.
Jan 12 13:09:16.000 [debug] channel_tls_connect(): Got orconn 0x5645ff8bda40 for channel with global id 2
Jan 12 13:09:16.000 [debug] channel_register(): Registering channel 0x5645ff8c9c50 (ID 2) in state opening (1) with digest CF6D0AAFB385BE71B8E111FC5CFF4B47923733BC
Jan 12 13:09:16.000 [debug] channel_add_to_digest_map(): Added channel 0x5645ff8c9c50 (global ID 2) to identity map in state opening (1) with digest CF6D0AAFB385BE71B8E111FC5CFF4B47923733BC
Jan 12 13:09:16.000 [debug] channel_set_cell_handlers(): Setting cell_handler callback for channel 0x5645ff8c9c50 to 0x5645fe7d2720
Jan 12 13:09:16.000 [debug] channel_set_cell_handlers(): Setting var_cell_handler callback for channel 0x5645ff8c9c50 to 0x5645fe7d1b20
Jan 12 13:09:16.000 [debug] circuit_handle_first_hop(): connecting in progress (or finished). Good.
Jan 12 13:09:16.000 [info] connection_ap_make_link(): ... application connection created and linked.
Jan 12 13:09:16.000 [debug] connection_add_impl(): new conn type Directory, socket -1, address 154.35.32.5, n_conns 11.
Jan 12 13:09:16.000 [info] directory_send_command(): Downloading consensus from 154.35.32.5:443 using /tor/status-vote/current/consensus/14C131+27B6B5+49015F+585769+805509+D586D1+E8A9C4+ED03BB+EFCBE7.z
Jan 12 13:09:16.000 [debug] conn_read_callback(): socket -1 wants to read.
Jan 12 13:09:16.000 [info] connection_edge_process_inbuf(): data from edge while in 'waiting for circuit' state. Leaving it on buffer.
Jan 12 13:09:16.000 [info] connection_edge_process_inbuf(): data from edge while in 'waiting for circuit' state. Leaving it on buffer.
Jan 12 13:09:16.000 [debug] connection_dir_finished_flushing(): client finished sending command.
Jan 12 13:09:18.000 [info] router_pick_published_address(): Success: chose address '206.117.25.79'.
Jan 12 13:09:29.000 [info] router_pick_published_address(): Success: chose address '206.117.25.79'.
Jan 12 13:09:40.000 [info] router_pick_published_address(): Success: chose address '206.117.25.79'.
Jan 12 13:09:51.000 [info] router_pick_published_address(): Success: chose address '206.117.25.79'.
Jan 12 13:10:02.000 [info] router_pick_published_address(): Success: chose address '206.117.25.79'.
Jan 12 13:10:13.000 [info] router_pick_published_address(): Success: chose address '206.117.25.79'.
Jan 12 13:10:17.000 [debug] resolve_my_address(): Resolved Address to '206.117.25.79'.
Jan 12 13:10:24.000 [info] router_pick_published_address(): Success: chose address '206.117.25.79'.
Jan 12 13:10:35.000 [info] router_pick_published_address(): Success: chose address '206.117.25.79'.
Jan 12 13:10:46.000 [info] router_pick_published_address(): Success: chose address '206.117.25.79'.
Jan 12 13:10:57.000 [info] router_pick_published_address(): Success: chose address '206.117.25.79'.
Jan 12 13:11:08.000 [info] router_pick_published_address(): Success: chose address '206.117.25.79'.
Jan 12 13:11:16.000 [info] connection_ap_expire_beginning(): Tried for 120 seconds to get a connection to [scrubbed]:443. Giving up. (waiting for circuit)
Jan 12 13:11:16.000 [debug] conn_close_if_marked(): Cleaning up connection (fd -1).
Jan 12 13:11:16.000 [debug] connection_remove(): removing socket -1 (type Socks), n_conns now 11
Jan 12 13:11:16.000 [info] connection_free_(): Freeing linked Socks connection [waiting for circuit] with 139 bytes on inbuf, 0 on outbuf.
Jan 12 13:11:16.000 [debug] conn_read_callback(): socket -1 wants to read.
Jan 12 13:11:16.000 [info] connection_dir_client_reached_eof(): 'fetch' response not all here, but we're at eof. Closing.
Jan 12 13:11:16.000 [debug] conn_close_if_marked(): Cleaning up connection (fd -1).
Jan 12 13:11:16.000 [debug] connection_remove(): removing socket -1 (type Directory), n_conns now 10
Jan 12 13:11:16.000 [info] connection_free_(): Freeing linked Directory connection [client reading] with 0 bytes on inbuf, 0 on outbuf.
Jan 12 13:11:18.000 [debug] resolve_my_address(): Resolved Address to '206.117.25.79'.
Jan 12 13:11:19.000 [info] router_pick_published_address(): Success: chose address '206.117.25.79'.
Jan 12 13:11:26.000 [debug] conn_read_callback(): socket 20 wants to read.
Jan 12 13:11:26.000 [info] control_event_bootstrap_problem(): Problem bootstrapping. Stuck at 25%: Loading networkstatus consensus. (Connection timed out; TIMEOUT; count 2; recommendation ignore)
Jan 12 13:11:26.000 [info] 1 connections have failed:
Jan 12 13:11:26.000 [info]  1 connections died in state connect()ing with SSL state (No SSL object)
Jan 12 13:11:26.000 [debug] channel_close_for_error(): Closing channel 0x5645ff8c9c50 due to lower-layer error
Jan 12 13:11:26.000 [debug] channel_change_state(): Changing state of channel 0x5645ff8c9c50 (global ID 2) from "opening" to "closing"
Jan 12 13:11:26.000 [debug] channel_remove_from_digest_map(): Removed channel 0x5645ff8c9c50 (global ID 2) from identity map in state closing (4) with digest CF6D0AAFB385BE71B8E111FC5CFF4B47923733BC
Jan 12 13:11:26.000 [debug] connection_mark_for_close_internal_(): Calling connection_mark_for_close_internal_() on an OR conn at src/or/connection.c:2865
Jan 12 13:11:26.000 [debug] conn_close_if_marked(): Cleaning up connection (fd -1).
Jan 12 13:11:26.000 [debug] circuit_n_chan_done(): chan to NULL/154.35.32.5:443, status=0
Jan 12 13:11:26.000 [info] circuit_n_chan_done(): Channel failed; closing circ.
Jan 12 13:11:26.000 [info] circuit_build_failed(): Our circuit died before the first hop with no connection
Jan 12 13:11:26.000 [debug] circuit_increment_failure_count(): n_circuit_failures now 2.
Jan 12 13:11:26.000 [debug] channel_change_state(): Changing state of channel 0x5645ff8c9c50 (global ID 2) from "closing" to "channel error"
Jan 12 13:11:26.000 [info] connection_or_note_state_when_broken(): Connection died in state 'connect()ing with SSL state (No SSL object)'
Jan 12 13:11:26.000 [debug] connection_remove(): removing socket -1 (type OR), n_conns now 9
Jan 12 13:11:27.000 [debug] channel_free(): Freeing channel 2 at 0x5645ff8c9c50
Jan 12 13:11:27.000 [debug] channel_clear_remote_end(): Clearing remote endpoint identity on channel 0x5645ff8c9c50 with global ID 2
Jan 12 13:11:30.000 [info] router_pick_published_address(): Success: chose address '206.117.25.79'.
Jan 12 13:11:41.000 [info] router_pick_published_address(): Success: chose address '206.117.25.79'.
Jan 12 13:11:52.000 [info] router_pick_published_address(): Success: chose address '206.117.25.79'.
Jan 12 13:12:03.000 [info] router_pick_published_address(): Success: chose address '206.117.25.79'.
Jan 12 13:12:14.000 [info] router_pick_published_address(): Success: chose address '206.117.25.79'.
Jan 12 13:12:19.000 [debug] resolve_my_address(): Resolved Address to '206.117.25.79'.
Jan 12 13:12:25.000 [info] router_pick_published_address(): Success: chose address '206.117.25.79'.
Jan 12 13:12:36.000 [info] router_pick_published_address(): Success: chose address '206.117.25.79'.
Jan 12 13:12:47.000 [info] router_pick_published_address(): Success: chose address '206.117.25.79'.
Jan 12 13:12:58.000 [info] router_pick_published_address(): Success: chose address '206.117.25.79'.
Jan 12 13:13:09.000 [info] router_pick_published_address(): Success: chose address '206.117.25.79'.
Jan 12 13:13:20.000 [info] router_pick_published_address(): Success: chose address '206.117.25.79'.
Jan 12 13:13:20.000 [debug] resolve_my_address(): Resolved Address to '206.117.25.79'.
Jan 12 13:13:31.000 [info] router_pick_published_address(): Success: chose address '206.117.25.79'.
Jan 12 13:13:42.000 [info] router_pick_published_address(): Success: chose address '206.117.25.79'.
Jan 12 13:13:53.000 [info] router_pick_published_address(): Success: chose address '206.117.25.79'.
Jan 12 13:14:04.000 [info] router_pick_published_address(): Success: chose address '206.117.25.79'.
Jan 12 13:14:11.000 [debug] run_connection_housekeeping(): Sending keepalive to (171.25.193.9:80)
Jan 12 13:14:11.000 [debug] conn_write_callback(): socket 21 wants to write.
Jan 12 13:14:11.000 [debug] flush_chunk_tls(): flushed 514 bytes, 0 ready to flush, 0 remain.
Jan 12 13:14:11.000 [debug] connection_handle_write_impl(): After TLS write of 514: 0 read, 543 written
Jan 12 13:14:11.000 [debug] connection_bucket_refill_helper(): global_write_bucket now 1073741824.
Jan 12 13:14:11.000 [debug] connection_bucket_refill_helper(): global_relayed_write_bucket now 1073741824.
Jan 12 13:14:11.000 [debug] connection_bucket_refill_helper(): or_conn->write_bucket now 1073741824.
Jan 12 13:14:11.000 [debug] conn_read_callback(): socket 21 wants to read.
Jan 12 13:14:11.000 [debug] connection_read_to_buf(): 21: starting, inbuf_datalen 0 (0 pending in tls object). at_most 16448.
Jan 12 13:14:11.000 [debug] connection_read_to_buf(): After TLS read of 514: 543 read, 0 written
Jan 12 13:14:11.000 [debug] connection_or_process_cells_from_inbuf(): 21: starting, inbuf_datalen 514 (0 pending in tls object).
Jan 12 13:14:11.000 [debug] connection_or_process_cells_from_inbuf(): 21: starting, inbuf_datalen 0 (0 pending in tls object).
Jan 12 13:14:11.000 [debug] connection_bucket_refill_helper(): global_read_bucket now 1073741824.
Jan 12 13:14:11.000 [debug] connection_bucket_refill_helper(): global_relayed_read_bucket now 1073741824.
Jan 12 13:14:11.000 [debug] connection_bucket_refill_helper(): or_conn->read_bucket now 1073741824.
Jan 12 13:14:15.000 [info] router_pick_published_address(): Success: chose address '206.117.25.79'.
Jan 12 13:14:21.000 [info] check_descriptor_bandwidth_changed(): Measured bandwidth has changed; rebuilding descriptor.
Jan 12 13:14:21.000 [info] mark_my_descriptor_dirty(): Decided to publish new relay descriptor: bandwidth has changed
Jan 12 13:14:21.000 [debug] resolve_my_address(): Resolved Address to '206.117.25.79'.
Jan 12 13:14:21.000 [info] router_pick_published_address(): Success: chose address '206.117.25.79'.
Jan 12 13:14:21.000 [info] router_rebuild_descriptor(): Rebuilding relay descriptor
Jan 12 13:14:21.000 [debug] parse_addr_policy(): Adding new entry 'reject *6:*'
Jan 12 13:14:21.000 [debug] parse_addr_policy(): Adding new entry 'accept 206.117.25.79:10006'
Jan 12 13:14:21.000 [debug] parse_addr_policy(): Adding new entry 'reject *:*'
Jan 12 13:14:21.000 [debug] parse_addr_policy(): Adding new entry 'reject *:25'
Jan 12 13:14:21.000 [debug] parse_addr_policy(): Adding new entry 'reject *:119'
Jan 12 13:14:21.000 [debug] parse_addr_policy(): Adding new entry 'reject *:135-139'
Jan 12 13:14:21.000 [debug] parse_addr_policy(): Adding new entry 'reject *:445'
Jan 12 13:14:21.000 [debug] parse_addr_policy(): Adding new entry 'reject *:563'
Jan 12 13:14:21.000 [debug] parse_addr_policy(): Adding new entry 'reject *:1214'
Jan 12 13:14:21.000 [debug] parse_addr_policy(): Adding new entry 'reject *:4661-4666'
Jan 12 13:14:21.000 [debug] parse_addr_policy(): Adding new entry 'reject *:6346-6429'
Jan 12 13:14:21.000 [debug] parse_addr_policy(): Adding new entry 'reject *:6699'
Jan 12 13:14:21.000 [debug] parse_addr_policy(): Adding new entry 'reject *:6881-6999'
Jan 12 13:14:21.000 [debug] parse_addr_policy(): Adding new entry 'accept *:*'
Jan 12 13:14:21.000 [info] extrainfo_dump_to_string(): Adding stats to extra-info descriptor.
Jan 12 13:14:26.000 [info] router_pick_published_address(): Success: chose address '206.117.25.79'.
Jan 12 13:14:37.000 [info] router_pick_published_address(): Success: chose address '206.117.25.79'.
Jan 12 13:14:48.000 [info] router_pick_published_address(): Success: chose address '206.117.25.79'.
Jan 12 13:14:59.000 [info] router_pick_published_address(): Success: chose address '206.117.25.79'.
Jan 12 13:15:10.000 [info] router_pick_published_address(): Success: chose address '206.117.25.79'.
Jan 12 13:15:21.000 [info] router_pick_published_address(): Success: chose address '206.117.25.79'.
Jan 12 13:15:22.000 [debug] resolve_my_address(): Resolved Address to '206.117.25.79'.
Jan 12 13:15:32.000 [info] router_pick_published_address(): Success: chose address '206.117.25.79'.
Jan 12 13:15:43.000 [info] router_pick_published_address(): Success: chose address '206.117.25.79'.
Jan 12 13:15:54.000 [info] router_pick_published_address(): Success: chose address '206.117.25.79'.
Jan 12 13:16:05.000 [info] router_pick_published_address(): Success: chose address '206.117.25.79'.
Jan 12 13:16:16.000 [info] router_pick_published_address(): Success: chose address '206.117.25.79'.
Jan 12 13:16:23.000 [debug] resolve_my_address(): Resolved Address to '206.117.25.79'.
Jan 12 13:16:27.000 [info] router_pick_published_address(): Success: chose address '206.117.25.79'.
Jan 12 13:16:38.000 [info] router_pick_published_address(): Success: chose address '206.117.25.79'.
Jan 12 13:16:49.000 [info] router_pick_published_address(): Success: chose address '206.117.25.79'.
Jan 12 13:17:00.000 [info] router_pick_published_address(): Success: chose address '206.117.25.79'.
Jan 12 13:17:11.000 [info] router_pick_published_address(): Success: chose address '206.117.25.79'.
Jan 12 13:17:22.000 [info] router_pick_published_address(): Success: chose address '206.117.25.79'.
Jan 12 13:17:24.000 [debug] resolve_my_address(): Resolved Address to '206.117.25.79'.
Jan 12 13:17:33.000 [info] router_pick_published_address(): Success: chose address '206.117.25.79'.
Jan 12 13:17:44.000 [info] router_pick_published_address(): Success: chose address '206.117.25.79'.
Jan 12 13:17:55.000 [info] router_pick_published_address(): Success: chose address '206.117.25.79'.
Jan 12 13:18:06.000 [info] router_pick_published_address(): Success: chose address '206.117.25.79'.
Jan 12 13:18:17.000 [info] router_pick_published_address(): Success: chose address '206.117.25.79'.
Jan 12 13:18:25.000 [debug] resolve_my_address(): Resolved Address to '206.117.25.79'.
Jan 12 13:18:28.000 [info] router_pick_published_address(): Success: chose address '206.117.25.79'.
Jan 12 13:18:39.000 [info] router_pick_published_address(): Success: chose address '206.117.25.79'.
Jan 12 13:18:50.000 [info] router_pick_published_address(): Success: chose address '206.117.25.79'.
Jan 12 13:19:01.000 [info] router_pick_published_address(): Success: chose address '206.117.25.79'.
Jan 12 13:19:11.000 [debug] run_connection_housekeeping(): Sending keepalive to (171.25.193.9:80)
Jan 12 13:19:11.000 [debug] conn_write_callback(): socket 21 wants to write.
Jan 12 13:19:11.000 [debug] flush_chunk_tls(): flushed 514 bytes, 0 ready to flush, 0 remain.
Jan 12 13:19:11.000 [debug] connection_handle_write_impl(): After TLS write of 514: 0 read, 543 written
Jan 12 13:19:11.000 [debug] connection_bucket_refill_helper(): global_write_bucket now 1073741824.
Jan 12 13:19:11.000 [debug] connection_bucket_refill_helper(): global_relayed_write_bucket now 1073741824.
Jan 12 13:19:11.000 [debug] connection_bucket_refill_helper(): or_conn->write_bucket now 1073741824.
Jan 12 13:19:11.000 [debug] conn_read_callback(): socket 21 wants to read.
Jan 12 13:19:11.000 [debug] connection_read_to_buf(): 21: starting, inbuf_datalen 0 (0 pending in tls object). at_most 16448.
Jan 12 13:19:11.000 [debug] connection_read_to_buf(): After TLS read of 514: 543 read, 0 written
Jan 12 13:19:11.000 [debug] connection_or_process_cells_from_inbuf(): 21: starting, inbuf_datalen 514 (0 pending in tls object).
Jan 12 13:19:11.000 [debug] connection_or_process_cells_from_inbuf(): 21: starting, inbuf_datalen 0 (0 pending in tls object).
Jan 12 13:19:11.000 [debug] connection_bucket_refill_helper(): global_read_bucket now 1073741824.
Jan 12 13:19:11.000 [debug] connection_bucket_refill_helper(): global_relayed_read_bucket now 1073741824.
Jan 12 13:19:11.000 [debug] connection_bucket_refill_helper(): or_conn->read_bucket now 1073741824.
Jan 12 13:19:12.000 [info] router_pick_published_address(): Success: chose address '206.117.25.79'.
Jan 12 13:19:23.000 [info] router_pick_published_address(): Success: chose address '206.117.25.79'.
Jan 12 13:19:26.000 [debug] resolve_my_address(): Resolved Address to '206.117.25.79'.
Jan 12 13:19:34.000 [info] router_pick_published_address(): Success: chose address '206.117.25.79'.
Jan 12 13:19:45.000 [info] router_pick_published_address(): Success: chose address '206.117.25.79'.
Jan 12 13:19:56.000 [info] router_pick_published_address(): Success: chose address '206.117.25.79'.
Jan 12 13:20:07.000 [info] router_pick_published_address(): Success: chose address '206.117.25.79'.
Jan 12 13:20:18.000 [info] router_pick_published_address(): Success: chose address '206.117.25.79'.
Jan 12 13:20:27.000 [debug] resolve_my_address(): Resolved Address to '206.117.25.79'.
Jan 12 13:20:29.000 [info] router_pick_published_address(): Success: chose address '206.117.25.79'.
Jan 12 13:20:40.000 [info] router_pick_published_address(): Success: chose address '206.117.25.79'.
Jan 12 13:20:51.000 [info] router_pick_published_address(): Success: chose address '206.117.25.79'.
Jan 12 13:21:02.000 [info] router_pick_published_address(): Success: chose address '206.117.25.79'.
Jan 12 13:21:13.000 [info] router_pick_published_address(): Success: chose address '206.117.25.79'.
Jan 12 13:21:24.000 [info] router_pick_published_address(): Success: chose address '206.117.25.79'.
Jan 12 13:21:28.000 [debug] resolve_my_address(): Resolved Address to '206.117.25.79'.
Jan 12 13:21:28.000 [info] update_consensus_networkstatus_downloads(): Launching ns networkstatus consensus download.
Jan 12 13:21:28.000 [info] router_pick_published_address(): Success: chose address '206.117.25.79'.
Jan 12 13:21:28.000 [info] router_pick_directory_server(): No reachable router entries for dirservers. Trying them all again.
Jan 12 13:21:28.000 [info] directory_pick_generic_dirserver(): No router found for consensus network-status fetch; falling back to dirserver list.
Jan 12 13:21:28.000 [info] router_pick_published_address(): Success: chose address '206.117.25.79'.
Jan 12 13:21:28.000 [debug] directory_initiate_command_rend(): anonymized 0, use_begindir 1.
Jan 12 13:21:28.000 [debug] directory_initiate_command_rend(): Initiating consensus network-status fetch
Jan 12 13:21:28.000 [info] connection_ap_make_link(): Making internal direct tunnel to [scrubbed]:443 ...
Jan 12 13:21:28.000 [debug] connection_add_impl(): new conn type Socks, socket -1, address (Tor_internal), n_conns 9.
Jan 12 13:21:28.000 [debug] circuit_get_open_circ_or_launch(): considering 1, $7BE683E65D48141321C5ED92F075C55364AC7123
Jan 12 13:21:28.000 [debug] onion_pick_cpath_exit(): Launching a one-hop circuit for dir tunnel.
Jan 12 13:21:28.000 [info] onion_pick_cpath_exit(): Using requested exit node '$7BE683E65D48141321C5ED92F075C55364AC7123~7BE683E65D48141321C at 193.23.244.244'
Jan 12 13:21:28.000 [debug] onion_extend_cpath(): Path is 0 long; we want 1
Jan 12 13:21:28.000 [debug] onion_extend_cpath(): Chose router $7BE683E65D48141321C5ED92F075C55364AC7123~7BE683E65D48141321C at 193.23.244.244 for hop 1 (exit is 7BE683E65D48141321C5ED92F075C55364AC7123)
Jan 12 13:21:28.000 [debug] onion_extend_cpath(): Path is complete: 1 steps long
Jan 12 13:21:28.000 [debug] circuit_handle_first_hop(): Looking for firsthop '193.23.244.244:443'
Jan 12 13:21:28.000 [info] circuit_handle_first_hop(): Next router is [scrubbed]: Not connected. Connecting.
Jan 12 13:21:28.000 [debug] channel_tls_connect(): In channel_tls_connect() for channel 0x5645ff8bb1f0 (global id 3)
Jan 12 13:21:28.000 [debug] channel_set_identity_digest(): Setting remote endpoint digest on channel 0x5645ff8bb1f0 with global ID 3 to digest 7BE683E65D48141321C5ED92F075C55364AC7123
Jan 12 13:21:28.000 [debug] connection_connect(): Connecting to [scrubbed]:443.
Jan 12 13:21:28.000 [debug] connection_connect(): Connection to [scrubbed]:443 in progress (sock 20).
Jan 12 13:21:28.000 [debug] connection_add_impl(): new conn type OR, socket 20, address 193.23.244.244, n_conns 10.
Jan 12 13:21:28.000 [debug] channel_tls_connect(): Got orconn 0x5645ff8bca90 for channel with global id 3
Jan 12 13:21:28.000 [debug] channel_register(): Registering channel 0x5645ff8bb1f0 (ID 3) in state opening (1) with digest 7BE683E65D48141321C5ED92F075C55364AC7123
Jan 12 13:21:28.000 [debug] channel_add_to_digest_map(): Added channel 0x5645ff8bb1f0 (global ID 3) to identity map in state opening (1) with digest 7BE683E65D48141321C5ED92F075C55364AC7123
Jan 12 13:21:28.000 [debug] channel_set_cell_handlers(): Setting cell_handler callback for channel 0x5645ff8bb1f0 to 0x5645fe7d2720
Jan 12 13:21:28.000 [debug] channel_set_cell_handlers(): Setting var_cell_handler callback for channel 0x5645ff8bb1f0 to 0x5645fe7d1b20
Jan 12 13:21:28.000 [debug] circuit_handle_first_hop(): connecting in progress (or finished). Good.
Jan 12 13:21:28.000 [info] connection_ap_make_link(): ... application connection created and linked.
Jan 12 13:21:28.000 [debug] connection_add_impl(): new conn type Directory, socket -1, address 193.23.244.244, n_conns 11.
Jan 12 13:21:28.000 [info] directory_send_command(): Downloading consensus from 193.23.244.244:443 using /tor/status-vote/current/consensus/14C131+27B6B5+49015F+585769+805509+D586D1+E8A9C4+ED03BB+EFCBE7.z
Jan 12 13:21:28.000 [debug] conn_read_callback(): socket -1 wants to read.
Jan 12 13:21:28.000 [info] connection_edge_process_inbuf(): data from edge while in 'waiting for circuit' state. Leaving it on buffer.
Jan 12 13:21:28.000 [info] connection_edge_process_inbuf(): data from edge while in 'waiting for circuit' state. Leaving it on buffer.
Jan 12 13:21:28.000 [debug] connection_dir_finished_flushing(): client finished sending command.
Jan 12 13:21:28.000 [debug] conn_write_callback(): socket 20 wants to write.
Jan 12 13:21:28.000 [debug] connection_or_finished_connecting(): OR connect() to router at 193.23.244.244:443 finished.
Jan 12 13:21:28.000 [debug] connection_tls_start_handshake(): starting TLS handshake on fd 20
Jan 12 13:21:28.000 [debug] tor_tls_handshake(): About to call SSL_connect on 0x5645ff8ca030 (before/accept initialization)
Jan 12 13:21:28.000 [debug] tor_tls_debug_state_callback(): SSL 0x5645ff8c51e0 is now in state before/connect initialization [type=16,val=1].
Jan 12 13:21:28.000 [debug] tor_tls_debug_state_callback(): SSL 0x5645ff8c51e0 is now in state before/connect initialization [type=4097,val=1].
Jan 12 13:21:28.000 [debug] tor_tls_debug_state_callback(): SSL 0x5645ff8c51e0 is now in state SSLv2/v3 write client hello A [type=4097,val=1].
Jan 12 13:21:28.000 [debug] tor_tls_debug_state_callback(): SSL 0x5645ff8c51e0 is now in state SSLv2/v3 read server hello A [type=4098,val=-1].
Jan 12 13:21:28.000 [debug] tor_tls_handshake(): After call, 0x5645ff8ca030 was in state SSLv2/v3 read server hello A
Jan 12 13:21:28.000 [debug] connection_tls_continue_handshake(): wanted read
Jan 12 13:21:28.000 [debug] tor_tls_handshake(): About to call SSL_connect on 0x5645ff8ca030 (SSLv2/v3 read server hello A)
Jan 12 13:21:28.000 [debug] tor_tls_debug_state_callback(): SSL 0x5645ff8c51e0 is now in state SSLv2/v3 read server hello A [type=4098,val=-1].
Jan 12 13:21:28.000 [debug] connection_tls_continue_handshake(): wanted read
Jan 12 13:21:28.000 [debug] conn_read_callback(): socket 20 wants to read.
Jan 12 13:21:28.000 [debug] tor_tls_handshake(): About to call SSL_connect on 0x5645ff8ca030 (SSLv2/v3 read server hello A)
Jan 12 13:21:28.000 [info] TLS error: unexpected close while handshaking (SSLv2/v3 read server hello A)
Jan 12 13:21:28.000 [info] connection_tls_continue_handshake(): tls error [unexpected close]. breaking connection.
Jan 12 13:21:28.000 [debug] channel_close_for_error(): Closing channel 0x5645ff8bb1f0 due to lower-layer error
Jan 12 13:21:28.000 [debug] channel_change_state(): Changing state of channel 0x5645ff8bb1f0 (global ID 3) from "opening" to "closing"
Jan 12 13:21:28.000 [debug] channel_remove_from_digest_map(): Removed channel 0x5645ff8bb1f0 (global ID 3) from identity map in state closing (4) with digest 7BE683E65D48141321C5ED92F075C55364AC7123
Jan 12 13:21:28.000 [debug] connection_mark_for_close_internal_(): Calling connection_mark_for_close_internal_() on an OR conn at src/or/connection.c:2865
Jan 12 13:21:28.000 [debug] conn_close_if_marked(): Cleaning up connection (fd -1).
Jan 12 13:21:28.000 [debug] circuit_n_chan_done(): chan to NULL/193.23.244.244:443, status=0
Jan 12 13:21:28.000 [info] circuit_n_chan_done(): Channel failed; closing circ.
Jan 12 13:21:28.000 [info] circuit_build_failed(): Our circuit died before the first hop with no connection
Jan 12 13:21:28.000 [info] connection_ap_fail_onehop(): Closing one-hop stream to '$7BE683E65D48141321C5ED92F075C55364AC7123/193.23.244.244' because the OR conn just failed.
Jan 12 13:21:28.000 [debug] circuit_increment_failure_count(): n_circuit_failures now 3.
Jan 12 13:21:28.000 [debug] channel_change_state(): Changing state of channel 0x5645ff8bb1f0 (global ID 3) from "closing" to "channel error"
Jan 12 13:21:28.000 [info] connection_or_note_state_when_broken(): Connection died in state 'handshaking (TLS) with SSL state SSLv2/v3 read server hello A in HANDSHAKE'
Jan 12 13:21:28.000 [info] control_event_bootstrap_problem(): Problem bootstrapping. Stuck at 25%: Loading networkstatus consensus. (DONE; DONE; count 3; recommendation ignore)
Jan 12 13:21:28.000 [info] 3 connections have failed:
Jan 12 13:21:28.000 [info]  2 connections died in state connect()ing with SSL state (No SSL object)
Jan 12 13:21:28.000 [info]  1 connections died in state handshaking (TLS) with SSL state SSLv2/v3 read server hello A in HANDSHAKE
Jan 12 13:21:28.000 [debug] connection_remove(): removing socket -1 (type OR), n_conns now 11
Jan 12 13:21:28.000 [debug] conn_close_if_marked(): Cleaning up connection (fd -1).
Jan 12 13:21:28.000 [debug] connection_remove(): removing socket -1 (type Socks), n_conns now 10
Jan 12 13:21:28.000 [info] connection_free_(): Freeing linked Socks connection [waiting for circuit] with 142 bytes on inbuf, 0 on outbuf.
Jan 12 13:21:28.000 [debug] conn_read_callback(): socket -1 wants to read.
Jan 12 13:21:28.000 [info] connection_dir_client_reached_eof(): 'fetch' response not all here, but we're at eof. Closing.
Jan 12 13:21:28.000 [debug] conn_close_if_marked(): Cleaning up connection (fd -1).
Jan 12 13:21:28.000 [debug] connection_remove(): removing socket -1 (type Directory), n_conns now 9
Jan 12 13:21:28.000 [info] connection_free_(): Freeing linked Directory connection [client reading] with 0 bytes on inbuf, 0 on outbuf.
Jan 12 13:21:29.000 [debug] channel_free(): Freeing channel 3 at 0x5645ff8bb1f0
Jan 12 13:21:29.000 [debug] channel_clear_remote_end(): Clearing remote endpoint identity on channel 0x5645ff8bb1f0 with global ID 3
Jan 12 13:21:35.000 [info] router_pick_published_address(): Success: chose address '206.117.25.79'.
Jan 12 13:21:46.000 [info] router_pick_published_address(): Success: chose address '206.117.25.79'.
Jan 12 13:21:57.000 [info] router_pick_published_address(): Success: chose address '206.117.25.79'.
Jan 12 13:22:08.000 [info] router_pick_published_address(): Success: chose address '206.117.25.79'.
Jan 12 13:22:19.000 [info] router_pick_published_address(): Success: chose address '206.117.25.79'.
Jan 12 13:22:29.000 [debug] resolve_my_address(): Resolved Address to '206.117.25.79'.
Jan 12 13:22:30.000 [info] router_pick_published_address(): Success: chose address '206.117.25.79'.
Jan 12 13:22:41.000 [info] router_pick_published_address(): Success: chose address '206.117.25.79'.
Jan 12 13:22:52.000 [info] router_pick_published_address(): Success: chose address '206.117.25.79'.
Jan 12 13:23:03.000 [info] router_pick_published_address(): Success: chose address '206.117.25.79'.
Jan 12 13:23:14.000 [info] router_pick_published_address(): Success: chose address '206.117.25.79'.
Jan 12 13:23:25.000 [info] router_pick_published_address(): Success: chose address '206.117.25.79'.
Jan 12 13:23:30.000 [debug] resolve_my_address(): Resolved Address to '206.117.25.79'.
Jan 12 13:23:36.000 [info] router_pick_published_address(): Success: chose address '206.117.25.79'.
Jan 12 13:23:47.000 [info] router_pick_published_address(): Success: chose address '206.117.25.79'.
Jan 12 13:23:58.000 [info] router_pick_published_address(): Success: chose address '206.117.25.79'.
Jan 12 13:24:09.000 [info] router_pick_published_address(): Success: chose address '206.117.25.79'.
Jan 12 13:24:11.000 [debug] run_connection_housekeeping(): Sending keepalive to (171.25.193.9:80)
Jan 12 13:24:11.000 [debug] conn_write_callback(): socket 21 wants to write.
Jan 12 13:24:11.000 [debug] flush_chunk_tls(): flushed 514 bytes, 0 ready to flush, 0 remain.
Jan 12 13:24:11.000 [debug] connection_handle_write_impl(): After TLS write of 514: 0 read, 543 written
Jan 12 13:24:11.000 [debug] connection_bucket_refill_helper(): global_write_bucket now 1073741824.
Jan 12 13:24:11.000 [debug] connection_bucket_refill_helper(): global_relayed_write_bucket now 1073741824.
Jan 12 13:24:11.000 [debug] connection_bucket_refill_helper(): or_conn->write_bucket now 1073741824.
Jan 12 13:24:11.000 [debug] conn_read_callback(): socket 21 wants to read.
Jan 12 13:24:11.000 [debug] connection_read_to_buf(): 21: starting, inbuf_datalen 0 (0 pending in tls object). at_most 16448.
Jan 12 13:24:11.000 [debug] connection_read_to_buf(): After TLS read of 514: 543 read, 0 written
Jan 12 13:24:11.000 [debug] connection_or_process_cells_from_inbuf(): 21: starting, inbuf_datalen 514 (0 pending in tls object).
Jan 12 13:24:11.000 [debug] connection_or_process_cells_from_inbuf(): 21: starting, inbuf_datalen 0 (0 pending in tls object).
Jan 12 13:24:11.000 [debug] connection_bucket_refill_helper(): global_read_bucket now 1073741824.
Jan 12 13:24:11.000 [debug] connection_bucket_refill_helper(): global_relayed_read_bucket now 1073741824.
Jan 12 13:24:11.000 [debug] connection_bucket_refill_helper(): or_conn->read_bucket now 1073741824.
Jan 12 13:24:20.000 [info] router_pick_published_address(): Success: chose address '206.117.25.79'.
Jan 12 13:24:31.000 [info] router_pick_published_address(): Success: chose address '206.117.25.79'.
Jan 12 13:24:31.000 [debug] resolve_my_address(): Resolved Address to '206.117.25.79'.
Jan 12 13:24:42.000 [info] router_pick_published_address(): Success: chose address '206.117.25.79'.
Jan 12 13:24:53.000 [info] router_pick_published_address(): Success: chose address '206.117.25.79'.
Jan 12 13:25:04.000 [info] router_pick_published_address(): Success: chose address '206.117.25.79'.
Jan 12 13:25:15.000 [info] router_pick_published_address(): Success: chose address '206.117.25.79'.
Jan 12 13:25:26.000 [info] router_pick_published_address(): Success: chose address '206.117.25.79'.
Jan 12 13:25:32.000 [debug] resolve_my_address(): Resolved Address to '206.117.25.79'.
Jan 12 13:25:37.000 [info] router_pick_published_address(): Success: chose address '206.117.25.79'.
Jan 12 13:25:48.000 [info] router_pick_published_address(): Success: chose address '206.117.25.79'.
Jan 12 13:25:59.000 [info] router_pick_published_address(): Success: chose address '206.117.25.79'.
Jan 12 13:26:10.000 [info] router_pick_published_address(): Success: chose address '206.117.25.79'.
Jan 12 13:26:21.000 [info] router_pick_published_address(): Success: chose address '206.117.25.79'.
Jan 12 13:26:25.000 [notice] Interrupt: we have stopped accepting new connections, and will shut down in 30 seconds. Interrupt again to exit now.
Jan 12 13:26:26.000 [debug] conn_close_if_marked(): Cleaning up connection (fd 6).
Jan 12 13:26:26.000 [debug] connection_remove(): removing socket 6 (type Socks listener), n_conns now 8
Jan 12 13:26:26.000 [debug] connection_free_(): closing fd 6.
Jan 12 13:26:26.000 [debug] conn_close_if_marked(): Cleaning up connection (fd 8).
Jan 12 13:26:26.000 [debug] connection_remove(): removing socket 8 (type OR listener), n_conns now 7
Jan 12 13:26:26.000 [debug] connection_free_(): closing fd 8.
Jan 12 13:26:26.000 [notice] SIGINT received a second time; exiting now.
Jan 12 13:26:26.000 [info] or_state_save(): Saved state to "/users/magesap/TorLatencyNormalizationFiles/ExperimentScripts/tingOnDeter/ting/tor/data/w/state"
Jan 12 13:26:26.000 [debug] channel_tls_free_all(): Shutting down TLS channels...
Jan 12 13:26:26.000 [debug] channel_tls_free_all(): Done shutting down TLS channels
Jan 12 13:26:26.000 [debug] channel_free_all(): Shutting down channels...
Jan 12 13:26:26.000 [debug] channel_free_list(): Cleaning up channel 0x5645ff8bf200 (global ID 1) in state open (2)
Jan 12 13:26:26.000 [debug] channel_remove_from_digest_map(): Removed channel 0x5645ff8bf200 (global ID 1) from identity map in state open (2) with digest BD6A829255CB08E66FBE7D3748363586E46B3810
Jan 12 13:26:26.000 [debug] channel_mark_for_close(): Closing channel 0x5645ff8bf200 (global ID 1) by request
Jan 12 13:26:26.000 [debug] channel_change_state(): Changing state of channel 0x5645ff8bf200 (global ID 1) from "open" to "closing"
Jan 12 13:26:26.000 [debug] connection_mark_for_close_internal_(): Calling connection_mark_for_close_internal_() on an OR conn at src/or/connection_or.c:1186
Jan 12 13:26:26.000 [debug] channel_force_free(): Force-freeing channel 1 at 0x5645ff8bf200
Jan 12 13:26:26.000 [debug] channel_clear_remote_end(): Clearing remote endpoint identity on channel 0x5645ff8bf200 with global ID 1
Jan 12 13:26:26.000 [debug] channel_free_all(): Freeing channel_identity_map
Jan 12 13:26:26.000 [debug] channel_free_all(): Done cleaning up after channels
Jan 12 13:26:26.000 [debug] connection_free_(): closing fd 21.
Jan 12 13:26:26.000 [debug] connection_free_(): closing fd 7.
Jan 12 13:26:26.000 [debug] connection_free_(): closing fd 18.
Jan 12 13:26:26.000 [debug] connection_free_(): closing fd 12.
Jan 12 13:26:26.000 [info] cpuworker_main(): read request failed. Exiting.
Jan 12 13:26:26.000 [debug] connection_free_(): closing fd 14.
Jan 12 13:26:26.000 [info] cpuworker_main(): read request failed. Exiting.
Jan 12 13:26:26.000 [debug] connection_free_(): closing fd 16.
Jan 12 13:26:26.000 [info] cpuworker_main(): read request failed. Exiting.
Jan 12 13:26:26.000 [info] buf_shrink_freelists(): Cleaned freelist for 4096-byte chunks: original length 2, kept 0, dropped 2.
Jan 12 13:26:26.000 [info] buf_shrink_freelists(): Cleaned freelist for 8192-byte chunks: original length 0, kept 0, dropped 0.
Jan 12 13:26:26.000 [info] buf_shrink_freelists(): Cleaned freelist for 16384-byte chunks: original length 0, kept 0, dropped 0.
Jan 12 13:26:26.000 [info] cpuworker_main(): read request failed. Exiting.
Jan 12 13:26:26.000 [info] buf_shrink_freelists(): Cleaned freelist for 32768-byte chunks: original length 1, kept 0, dropped 1.
Jan 12 13:26:26.000 [info] tor_lockfile_unlock(): Unlocking "/users/magesap/TorLatencyNormalizationFiles/ExperimentScripts/tingOnDeter/ting/tor/data/w/lock"
Jan 12 13:26:27.000 [notice] Tor 0.2.4.22 (git-2ee56e4c2c841a45) opening log file.
Jan 12 13:26:27.000 [debug] tor_disable_debugger_attach(): Attemping to disable debugger attachment to Tor for unprivileged users.
Jan 12 13:26:27.000 [debug] tor_disable_debugger_attach(): Debugger attachment disabled for unprivileged users.
Jan 12 13:26:27.000 [info] tor_lockfile_lock(): Locking "/users/magesap/TorLatencyNormalizationFiles/ExperimentScripts/tingOnDeter/ting/tor/data/w/lock"
Jan 12 13:26:27.000 [debug] parse_dir_authority_line(): Trusted 100 dirserver at 128.31.0.39:9131 (9695)
Jan 12 13:26:27.000 [debug] parse_dir_authority_line(): Trusted 111 dirserver at 86.59.21.38:80 (847B)
Jan 12 13:26:27.000 [debug] parse_dir_authority_line(): Trusted 102 dirserver at 194.109.206.212:80 (7EA6)
Jan 12 13:26:27.000 [debug] parse_dir_authority_line(): Trusted 16 dirserver at 82.94.251.203:80 (4A0C)
Jan 12 13:26:27.000 [debug] parse_dir_authority_line(): Trusted 100 dirserver at 76.73.17.194:9030 (F397)
Jan 12 13:26:27.000 [debug] parse_dir_authority_line(): Trusted 100 dirserver at 212.112.245.170:80 (F204)
Jan 12 13:26:27.000 [debug] parse_dir_authority_line(): Trusted 100 dirserver at 193.23.244.244:80 (7BE6)
Jan 12 13:26:27.000 [debug] parse_dir_authority_line(): Trusted 100 dirserver at 208.83.223.34:443 (0AD3)
Jan 12 13:26:27.000 [debug] parse_dir_authority_line(): Trusted 100 dirserver at 171.25.193.9:443 (BD6A)
Jan 12 13:26:27.000 [debug] parse_dir_authority_line(): Trusted 100 dirserver at 154.35.32.5:80 (CF6D)
Jan 12 13:26:27.000 [info] or_state_load(): Loaded state from "/users/magesap/TorLatencyNormalizationFiles/ExperimentScripts/tingOnDeter/ting/tor/data/w/state"
Jan 12 13:26:27.000 [debug] circuit_build_times_disabled(): CircuitBuildTime learning is disabled. Consensus=0, Config=1, AuthDir=0, StateFile=0
Jan 12 13:26:27.000 [debug] circuit_build_times_min_timeout(): Bug: circuit_build_times_min_timeout() called, cbtmintimeout is 1500
Jan 12 13:26:27.000 [debug] circuit_build_times_initial_timeout(): Bug: circuit_build_times_initial_timeout() called, cbtinitialtimeout is 60000
Jan 12 13:26:27.000 [debug] circuit_build_times_disabled(): CircuitBuildTime learning is disabled. Consensus=0, Config=1, AuthDir=0, StateFile=0
Jan 12 13:26:27.000 [info] read_file_to_str(): Could not open "/users/magesap/TorLatencyNormalizationFiles/ExperimentScripts/tingOnDeter/ting/tor/data/w/router-stability": No such file or directory
Jan 12 13:26:27.000 [info] cell_ewma_set_scale_factor(): Disabled cell_ewma algorithm because of value in Default value
Jan 12 13:26:27.000 [info] geoip_load_file(): Failed to open GEOIP file /usr/local/share/tor/geoip.  
Jan 12 13:26:27.000 [info] geoip_load_file(): Failed to open GEOIP file /usr/local/share/tor/geoip6.  
Jan 12 13:26:27.000 [info] mark_my_descriptor_dirty(): Decided to publish new relay descriptor: config change
Jan 12 13:26:27.000 [info] crypto_global_init(): OpenSSL version matches version from headers (1000207f: OpenSSL 1.0.2g  1 Mar 2016).
Jan 12 13:26:27.000 [info] crypto_global_init(): NOT using OpenSSL engine support.
Jan 12 13:26:27.000 [info] evaluate_evp_for_aes(): This version of OpenSSL has a known-good EVP counter-mode implementation. Using it.
Jan 12 13:26:27.000 [info] crypto_strongest_rand(): Reading entropy from "/dev/urandom"
Jan 12 13:26:27.000 [info] configure_nameservers(): Parsing resolver configuration in '/etc/resolv.conf'
Jan 12 13:26:27.000 [info] eventdns: Parsing resolv.conf file /etc/resolv.conf
Jan 12 13:26:27.000 [info] eventdns: Added nameserver 192.168.252.1:53 as 0x5618ef0d37d0
Jan 12 13:26:27.000 [info] eventdns: Setting maximum allowed timeouts to 16
Jan 12 13:26:27.000 [info] eventdns: Setting timeout to 10
Jan 12 13:26:27.000 [info] init_keys(): Reading/making identity key "/users/magesap/TorLatencyNormalizationFiles/ExperimentScripts/tingOnDeter/ting/tor/data/w/keys/secret_id_key"...
Jan 12 13:26:27.000 [info] init_keys(): Reading/making onion key "/users/magesap/TorLatencyNormalizationFiles/ExperimentScripts/tingOnDeter/ting/tor/data/w/keys/secret_onion_key"...
Jan 12 13:26:27.000 [info] mark_my_descriptor_dirty(): Decided to publish new relay descriptor: set onion key
Jan 12 13:26:27.000 [info] tor_tls_init(): OpenSSL OpenSSL 1.0.2g  1 Mar 2016 looks like version 0.9.8m or later; I will try SSL_OP to enable renegotiation
Jan 12 13:26:27.000 [debug] resolve_my_address(): Resolved Address to '206.117.25.79'.
Jan 12 13:26:27.000 [info] router_pick_published_address(): Success: chose address '206.117.25.79'.
Jan 12 13:26:27.000 [info] router_rebuild_descriptor(): Rebuilding relay descriptor
Jan 12 13:26:27.000 [debug] parse_addr_policy(): Adding new entry 'reject *6:*'
Jan 12 13:26:27.000 [debug] parse_addr_policy(): Adding new entry 'accept 206.117.25.79:10006'
Jan 12 13:26:27.000 [debug] parse_addr_policy(): Adding new entry 'reject *:*'
Jan 12 13:26:27.000 [debug] parse_addr_policy(): Adding new entry 'reject *:25'
Jan 12 13:26:27.000 [debug] parse_addr_policy(): Adding new entry 'reject *:119'
Jan 12 13:26:27.000 [debug] parse_addr_policy(): Adding new entry 'reject *:135-139'
Jan 12 13:26:27.000 [debug] parse_addr_policy(): Adding new entry 'reject *:445'
Jan 12 13:26:27.000 [debug] parse_addr_policy(): Adding new entry 'reject *:563'
Jan 12 13:26:27.000 [debug] parse_addr_policy(): Adding new entry 'reject *:1214'
Jan 12 13:26:27.000 [debug] parse_addr_policy(): Adding new entry 'reject *:4661-4666'
Jan 12 13:26:27.000 [debug] parse_addr_policy(): Adding new entry 'reject *:6346-6429'
Jan 12 13:26:27.000 [debug] parse_addr_policy(): Adding new entry 'reject *:6699'
Jan 12 13:26:27.000 [debug] parse_addr_policy(): Adding new entry 'reject *:6881-6999'
Jan 12 13:26:27.000 [debug] parse_addr_policy(): Adding new entry 'accept *:*'
Jan 12 13:26:27.000 [info] extrainfo_dump_to_string(): Adding stats to extra-info descriptor.
Jan 12 13:26:27.000 [debug] router_get_my_descriptor(): my desc is 'router Unnamed 206.117.25.79 10004 0 0
platform Tor 0.2.4.22 on Linux
protocols Link 1 2 Circuit 1
published 2023-01-12 21:26:27
fingerprint 816D E0B6 BD52 C671 B838 59CE 0715 A8DE 678F 1583
uptime 0
bandwidth 1073741824 1073741824 7
extra-info-digest 85BF78ED2F20BF61091B1A5E287FD30EBA82BDDE
caches-extra-info
onion-key
-----BEGIN RSA PUBLIC KEY-----
MIGJAoGBAMTBhtB+nS8IYRJ1msSa/LLrl4ysPR6vRHzVmgdXJlJ4SdkSByMbHU30
YZpWcv378RYBJzCimg6g/uPiCkzfOeQmGi99HYEVDkBT2YqaAgWSAv044jY5fp7c
x+EDv2j635Z5fLy1TVMtvgEpFBahvicQKLS3nsMReR7GaPzA8ePTAgMBAAE=
-----END RSA PUBLIC KEY-----
signing-key
-----BEGIN RSA PUBLIC KEY-----
MIGJAoGBAOGWFehBUWwavHVT4te5iN5+Z+i+KLi/LVjM4gZG7sCXSnlMZGRrPnKI
xZ4mWOlync8Hg8mUtW419jpAlfSwJOni85dwfV6VAXDhiU4K6FNsuEukrBXEMXsl
Cgf8TxisWjPPMY0w1h/ieMv/VOLM1wzThnRED/ZbsqHauaCPUvbDAgMBAAE=
-----END RSA PUBLIC KEY-----
hidden-service-dir
ntor-onion-key ihwfHyu11tWW1D2qcMxOBuTGLwhDPjX7iBgObl9/ZT8=
accept 206.117.25.79:10006
reject *:*
router-signature
-----BEGIN SIGNATURE-----
NIZhZHa6jXUqvBH2AhPskyfMRT/yZpnRGC02khkY8iqZILKdG9cJR/EfenXqkgR9
qF54LdvSLd6m60aXcm0hrF2dw1JVSbYB6ss+T3Kvmi0m2TsgE3oIGroIgbsDa8VO
I/Q0CQB1ZS7ua9oKGb1YYNLpjJtHKrgSAyyMu/+e/9I=
-----END SIGNATURE-----

'
Jan 12 13:26:27.000 [info] init_keys(): Dumping fingerprint to "/users/magesap/TorLatencyNormalizationFiles/ExperimentScripts/tingOnDeter/ting/tor/data/w/fingerprint"...
Jan 12 13:26:27.000 [notice] Your Tor server's identity key fingerprint is 'Unnamed 816DE0B6BD52C671B83859CE0715A8DE678F1583'
Jan 12 13:26:27.000 [debug] mp_pool_new(): Capacity is 244, item size is 536, alloc size is 130784
Jan 12 13:26:27.000 [info] Bootstrapped 0%: Starting.
Jan 12 13:26:27.000 [info] read_file_to_str(): Could not open "/users/magesap/TorLatencyNormalizationFiles/ExperimentScripts/tingOnDeter/ting/tor/data/w/cached-certs": No such file or directory
Jan 12 13:26:27.000 [warn] Consensus includes unrecognized authority 'dannenberg' at dannenberg.torauth.de:80 (contact Andreas Lehner; identity 0232AF901C31A04EE9848595AF9BB7620D4C5B2E)
Jan 12 13:26:27.000 [warn] Consensus includes unrecognized authority 'longclaw' at 199.58.81.140:80 (contact Riseup Networks <collective at riseup dot net> - 1nNzekuHGGzBYRzyjfjFEfeisNvxkn4RT; identity 23D15D965BC35114467363C165C4F724B64B4F66)
Jan 12 13:26:27.000 [warn] Consensus includes unrecognized authority 'bastet' at 204.13.164.118:80 (contact stefani <nocat at readthefinemanual dot net> 4096/F4B863AD6642E7EE; identity 27102BC123E7AF1D4741AE047E160C91ADC76B21)
Jan 12 13:26:27.000 [warn] Consensus includes unrecognized authority 'moria1' at 128.31.0.39:9231 (contact 1024D/EB5A896A28988BF5 arma mit edu; identity F533C81CEF0BC0267857C99B2F471ADF249FA232)
Jan 12 13:26:27.000 [warn] Looks like we need to download a new certificate from authority 'tor26' at 86.59.21.38:80 (contact Peter Palfrader; identity 14C131DFC5C6F93646BE72FA1401C02A8DF2E8B4)
Jan 12 13:26:27.000 [warn] Looks like we need to download a new certificate from authority 'maatuska' at 171.25.193.9:443 (contact 4096R/1E8BF34923291265 Linus Nordberg <linus@nordberg.se>; identity 49015F787433103580E3B66A1707A00E60F2D15B)
Jan 12 13:26:27.000 [warn] Looks like we need to download a new certificate from authority 'dizum' at 45.66.33.45:80 (contact email:usura[]sabotage.org url:https://386bsd.net proof:uri-rsa abuse:abuse[]sabotage.net twitter:adejoode ciissversion:2; identity E8A9C45EDE6D711294FADF8E7951F4DE6CA56B58)
Jan 12 13:26:27.000 [warn] Looks like we need to download a new certificate from authority 'gabelmoo' at 131.188.40.189:80 (contact 4096R/261C5FBE77285F88FB0C343266C8C2D7C5AA446D Sebastian Hahn <tor@sebastianhahn.net> - 12NbRAjAG5U3LLWETSF7fSTcdaz32Mu5CN; identity ED03BB616EB2F60BEC80151114BB25CEF515B226)
Jan 12 13:26:27.000 [warn] Consensus does not include configured authority 'moria1' at 128.31.0.39:9131 (identity D586D18309DED4CD6D57C18FDB97EFA96D330566)
Jan 12 13:26:27.000 [warn] Consensus does not include configured authority 'turtles' at 76.73.17.194:9030 (identity 27B6B5996C426270A5C95488AA5BCEB6BCC86956)
Jan 12 13:26:27.000 [warn] Consensus does not include configured authority 'dannenberg' at 193.23.244.244:80 (identity 585769C78764D58426B8B52B6651A5A71137189A)
Jan 12 13:26:27.000 [warn] Consensus does not include configured authority 'urras' at 208.83.223.34:443 (identity 80550987E1D626E3EBA5E5E75A458DE0626D088C)
Jan 12 13:26:27.000 [warn] Consensus does not include configured authority 'Faravahar' at 154.35.32.5:80 (identity EFCBE720AB3A82B99F9E953CD5BF50F7EEFC7B97)
Jan 12 13:26:27.000 [warn] A consensus needs 5 good signatures from recognized authorities for us to accept it. This one has 0 (). It has 4 signatures from authorities we don't recognize. We were unable to check 4 of the signatures, because we were missing the keys.
Jan 12 13:26:27.000 [warn] Not enough good signatures on networkstatus consensus
Jan 12 13:26:27.000 [warn] Couldn't load consensus ns networkstatus from "/users/magesap/TorLatencyNormalizationFiles/ExperimentScripts/tingOnDeter/ting/tor/data/w/cached-consensus"
Jan 12 13:26:27.000 [info] read_file_to_str(): Could not open "/users/magesap/TorLatencyNormalizationFiles/ExperimentScripts/tingOnDeter/ting/tor/data/w/unverified-consensus": No such file or directory
Jan 12 13:26:27.000 [info] read_file_to_str(): Could not open "/users/magesap/TorLatencyNormalizationFiles/ExperimentScripts/tingOnDeter/ting/tor/data/w/cached-microdesc-consensus": No such file or directory
Jan 12 13:26:27.000 [info] read_file_to_str(): Could not open "/users/magesap/TorLatencyNormalizationFiles/ExperimentScripts/tingOnDeter/ting/tor/data/w/unverified-microdesc-consensus": No such file or directory
Jan 12 13:26:27.000 [info] tor_mmap_file(): Could not open "/users/magesap/TorLatencyNormalizationFiles/ExperimentScripts/tingOnDeter/ting/tor/data/w/cached-microdescs" for mmap(): No such file or directory
Jan 12 13:26:27.000 [info] read_file_to_str(): Could not open "/users/magesap/TorLatencyNormalizationFiles/ExperimentScripts/tingOnDeter/ting/tor/data/w/cached-microdescs.new": No such file or directory
Jan 12 13:26:27.000 [info] microdesc_cache_reload(): Reloaded microdescriptor cache. Found 0 descriptors.
Jan 12 13:26:27.000 [info] tor_mmap_file(): Could not open "/users/magesap/TorLatencyNormalizationFiles/ExperimentScripts/tingOnDeter/ting/tor/data/w/cached-descriptors" for mmap(): No such file or directory
Jan 12 13:26:27.000 [info] tor_mmap_file(): Could not open "/users/magesap/TorLatencyNormalizationFiles/ExperimentScripts/tingOnDeter/ting/tor/data/w/cached-extrainfo" for mmap(): No such file or directory
Jan 12 13:26:27.000 [info] I learned some more directory information, but not enough to build a circuit: We have no usable consensus.
Jan 12 13:26:27.000 [info] router_pick_published_address(): Success: chose address '206.117.25.79'.
Jan 12 13:26:27.000 [debug] spawn_cpuworker(): just spawned a cpu worker.
Jan 12 13:26:27.000 [debug] connection_add_impl(): new conn type CPU worker, socket 12, address localhost, n_conns 4.
Jan 12 13:26:27.000 [debug] spawn_cpuworker(): just spawned a cpu worker.
Jan 12 13:26:27.000 [debug] connection_add_impl(): new conn type CPU worker, socket 14, address localhost, n_conns 5.
Jan 12 13:26:27.000 [debug] spawn_cpuworker(): just spawned a cpu worker.
Jan 12 13:26:27.000 [debug] connection_add_impl(): new conn type CPU worker, socket 16, address localhost, n_conns 6.
Jan 12 13:26:27.000 [debug] spawn_cpuworker(): just spawned a cpu worker.
Jan 12 13:26:27.000 [debug] connection_add_impl(): new conn type CPU worker, socket 18, address localhost, n_conns 7.
Jan 12 13:26:28.000 [info] router_pick_published_address(): Success: chose address '206.117.25.79'.
Jan 12 13:26:28.000 [debug] resolve_my_address(): Resolved Address to '206.117.25.79'.
Jan 12 13:26:28.000 [info] update_consensus_networkstatus_downloads(): Launching ns networkstatus consensus download.
Jan 12 13:26:28.000 [info] router_pick_published_address(): Success: chose address '206.117.25.79'.
Jan 12 13:26:28.000 [info] router_pick_directory_server(): No reachable router entries for dirservers. Trying them all again.
Jan 12 13:26:28.000 [info] directory_pick_generic_dirserver(): No router found for consensus network-status fetch; falling back to dirserver list.
Jan 12 13:26:28.000 [info] router_pick_published_address(): Success: chose address '206.117.25.79'.
Jan 12 13:26:28.000 [debug] directory_initiate_command_rend(): anonymized 0, use_begindir 1.
Jan 12 13:26:28.000 [debug] directory_initiate_command_rend(): Initiating consensus network-status fetch
Jan 12 13:26:28.000 [info] connection_ap_make_link(): Making internal direct tunnel to [scrubbed]:80 ...
Jan 12 13:26:28.000 [debug] connection_add_impl(): new conn type Socks, socket -1, address (Tor_internal), n_conns 8.
Jan 12 13:26:28.000 [debug] circuit_get_open_circ_or_launch(): considering 1, $0AD3FA884D18F89EEA2D89C019379E0E7FD94417
Jan 12 13:26:28.000 [debug] onion_pick_cpath_exit(): Launching a one-hop circuit for dir tunnel.
Jan 12 13:26:28.000 [info] onion_pick_cpath_exit(): Using requested exit node '$0AD3FA884D18F89EEA2D89C019379E0E7FD94417~0AD3FA884D18F89EEA2 at 208.83.223.34'
Jan 12 13:26:28.000 [debug] onion_extend_cpath(): Path is 0 long; we want 1
Jan 12 13:26:28.000 [debug] onion_extend_cpath(): Chose router $0AD3FA884D18F89EEA2D89C019379E0E7FD94417~0AD3FA884D18F89EEA2 at 208.83.223.34 for hop 1 (exit is 0AD3FA884D18F89EEA2D89C019379E0E7FD94417)
Jan 12 13:26:28.000 [debug] onion_extend_cpath(): Path is complete: 1 steps long
Jan 12 13:26:28.000 [debug] circuit_handle_first_hop(): Looking for firsthop '208.83.223.34:80'
Jan 12 13:26:28.000 [info] circuit_handle_first_hop(): Next router is [scrubbed]: Not connected. Connecting.
Jan 12 13:26:28.000 [notice] Bootstrapped 5%: Connecting to directory server.
Jan 12 13:26:28.000 [debug] channel_tls_connect(): In channel_tls_connect() for channel 0x5618ef0e6880 (global id 0)
Jan 12 13:26:28.000 [debug] channel_set_identity_digest(): Setting remote endpoint digest on channel 0x5618ef0e6880 with global ID 0 to digest 0AD3FA884D18F89EEA2D89C019379E0E7FD94417
Jan 12 13:26:28.000 [debug] connection_connect(): Connecting to [scrubbed]:80.
Jan 12 13:26:28.000 [debug] connection_connect(): Connection to [scrubbed]:80 in progress (sock 20).
Jan 12 13:26:28.000 [debug] connection_add_impl(): new conn type OR, socket 20, address 208.83.223.34, n_conns 9.
Jan 12 13:26:28.000 [debug] channel_tls_connect(): Got orconn 0x5618ef0e69e0 for channel with global id 0
Jan 12 13:26:28.000 [debug] channel_register(): Registering channel 0x5618ef0e6880 (ID 0) in state opening (1) with digest 0AD3FA884D18F89EEA2D89C019379E0E7FD94417
Jan 12 13:26:28.000 [debug] channel_add_to_digest_map(): Added channel 0x5618ef0e6880 (global ID 0) to identity map in state opening (1) with digest 0AD3FA884D18F89EEA2D89C019379E0E7FD94417
Jan 12 13:26:28.000 [debug] channel_set_cell_handlers(): Setting cell_handler callback for channel 0x5618ef0e6880 to 0x5618ed79e720
Jan 12 13:26:28.000 [debug] channel_set_cell_handlers(): Setting var_cell_handler callback for channel 0x5618ef0e6880 to 0x5618ed79db20
Jan 12 13:26:28.000 [debug] circuit_handle_first_hop(): connecting in progress (or finished). Good.
Jan 12 13:26:28.000 [info] connection_ap_make_link(): ... application connection created and linked.
Jan 12 13:26:28.000 [debug] connection_add_impl(): new conn type Directory, socket -1, address 208.83.223.34, n_conns 10.
Jan 12 13:26:28.000 [info] directory_send_command(): Downloading consensus from 208.83.223.34 using /tor/status-vote/current/consensus/14C131+27B6B5+49015F+585769+805509+D586D1+E8A9C4+ED03BB+EFCBE7.z
Jan 12 13:26:28.000 [info] or_state_save(): Saved state to "/users/magesap/TorLatencyNormalizationFiles/ExperimentScripts/tingOnDeter/ting/tor/data/w/state"
Jan 12 13:26:28.000 [debug] conn_read_callback(): socket -1 wants to read.
Jan 12 13:26:28.000 [info] connection_edge_process_inbuf(): data from edge while in 'waiting for circuit' state. Leaving it on buffer.
Jan 12 13:26:28.000 [info] connection_edge_process_inbuf(): data from edge while in 'waiting for circuit' state. Leaving it on buffer.
Jan 12 13:26:28.000 [debug] connection_dir_finished_flushing(): client finished sending command.
Jan 12 13:26:39.000 [info] router_pick_published_address(): Success: chose address '206.117.25.79'.
Jan 12 13:26:50.000 [info] router_pick_published_address(): Success: chose address '206.117.25.79'.
Jan 12 13:27:01.000 [info] router_pick_published_address(): Success: chose address '206.117.25.79'.
Jan 12 13:27:12.000 [info] router_pick_published_address(): Success: chose address '206.117.25.79'.
Jan 12 13:27:23.000 [info] router_pick_published_address(): Success: chose address '206.117.25.79'.
Jan 12 13:27:29.000 [debug] resolve_my_address(): Resolved Address to '206.117.25.79'.
Jan 12 13:27:34.000 [info] router_pick_published_address(): Success: chose address '206.117.25.79'.
Jan 12 13:27:45.000 [info] router_pick_published_address(): Success: chose address '206.117.25.79'.
Jan 12 13:27:56.000 [info] router_pick_published_address(): Success: chose address '206.117.25.79'.
Jan 12 13:28:03.000 [info] dns_launch_wildcard_checks(): Launching checks to see whether our nameservers like to hijack DNS failures.
Jan 12 13:28:03.000 [info] launch_wildcard_check(): Testing whether our DNS server is hijacking nonexistent domains with request for bogus hostname "l2egc4.invalid"
Jan 12 13:28:03.000 [info] evdns_log_cb(): eventdns: Resolve requested.
Jan 12 13:28:03.000 [info] eventdns: Setting timeout for request 0x5618ef0e8cf0, sent to nameserver 0x5618ef0d37d0
Jan 12 13:28:03.000 [info] launch_wildcard_check(): Testing whether our DNS server is hijacking nonexistent domains with request for bogus hostname "rjvtlur2.test"
Jan 12 13:28:03.000 [info] evdns_log_cb(): eventdns: Resolve requested.
Jan 12 13:28:03.000 [info] eventdns: Setting timeout for request 0x5618ef0e8e60, sent to nameserver 0x5618ef0d37d0
Jan 12 13:28:03.000 [info] launch_wildcard_check(): Testing whether our DNS server is hijacking nonexistent domains with request for bogus hostname "flrzd2ofo"
Jan 12 13:28:03.000 [info] evdns_log_cb(): eventdns: Resolve requested.
Jan 12 13:28:03.000 [info] eventdns: Setting timeout for request 0x5618ef0e8fd0, sent to nameserver 0x5618ef0d37d0
Jan 12 13:28:03.000 [info] launch_wildcard_check(): Testing whether our DNS server is hijacking nonexistent domains with request for bogus hostname "3wuag7hgt4wys7bt.com"
Jan 12 13:28:03.000 [info] evdns_log_cb(): eventdns: Resolve requested.
Jan 12 13:28:03.000 [info] eventdns: Setting timeout for request 0x5618ef0e9130, sent to nameserver 0x5618ef0d37d0
Jan 12 13:28:03.000 [info] launch_wildcard_check(): Testing whether our DNS server is hijacking nonexistent domains with request for bogus hostname "jdwl6k5w35sntx.org"
Jan 12 13:28:03.000 [info] evdns_log_cb(): eventdns: Resolve requested.
Jan 12 13:28:03.000 [info] eventdns: Setting timeout for request 0x5618ef0e9310, sent to nameserver 0x5618ef0d37d0
Jan 12 13:28:03.000 [info] launch_wildcard_check(): Testing whether our DNS server is hijacking nonexistent domains with request for bogus hostname "r6ascsejv.net"
Jan 12 13:28:03.000 [info] evdns_log_cb(): eventdns: Resolve requested.
Jan 12 13:28:03.000 [info] eventdns: Setting timeout for request 0x5618ef0e94c0, sent to nameserver 0x5618ef0d37d0
Jan 12 13:28:03.000 [info] launch_wildcard_check(): Testing whether our DNS server is hijacking nonexistent domains with request for bogus hostname "75yal5qt.invalid"
Jan 12 13:28:03.000 [info] evdns_log_cb(): eventdns: Resolve requested.
Jan 12 13:28:03.000 [info] eventdns: Setting timeout for request 0x5618ef0e9670, sent to nameserver 0x5618ef0d37d0
Jan 12 13:28:03.000 [info] launch_wildcard_check(): Testing whether our DNS server is hijacking nonexistent domains with request for bogus hostname "ytsa5sxxynlkfm.test"
Jan 12 13:28:03.000 [info] evdns_log_cb(): eventdns: Resolve requested.
Jan 12 13:28:03.000 [info] eventdns: Setting timeout for request 0x5618ef0e9820, sent to nameserver 0x5618ef0d37d0
Jan 12 13:28:03.000 [info] launch_wildcard_check(): Testing whether our DNS server is hijacking nonexistent domains with request for bogus hostname "zvmcvgagslsemo6"
Jan 12 13:28:03.000 [info] evdns_log_cb(): eventdns: Resolve requested.
Jan 12 13:28:03.000 [info] eventdns: Setting timeout for request 0x5618ef0e99d0, sent to nameserver 0x5618ef0d37d0
Jan 12 13:28:03.000 [info] launch_wildcard_check(): Testing whether our DNS server is hijacking nonexistent domains with request for bogus hostname "735fie2g7dzo2s.com"
Jan 12 13:28:03.000 [info] evdns_log_cb(): eventdns: Resolve requested.
Jan 12 13:28:03.000 [info] eventdns: Setting timeout for request 0x5618ef0e9b80, sent to nameserver 0x5618ef0d37d0
Jan 12 13:28:03.000 [info] launch_wildcard_check(): Testing whether our DNS server is hijacking nonexistent domains with request for bogus hostname "ysrbzehujfiq.org"
Jan 12 13:28:03.000 [info] evdns_log_cb(): eventdns: Resolve requested.
Jan 12 13:28:03.000 [info] eventdns: Setting timeout for request 0x5618ef0e9d30, sent to nameserver 0x5618ef0d37d0
Jan 12 13:28:03.000 [info] launch_wildcard_check(): Testing whether our DNS server is hijacking nonexistent domains with request for bogus hostname "eun7h6eqv5mi4.net"
Jan 12 13:28:03.000 [info] evdns_log_cb(): eventdns: Resolve requested.
Jan 12 13:28:03.000 [info] eventdns: Setting timeout for request 0x5618ef0e9ee0, sent to nameserver 0x5618ef0d37d0
Jan 12 13:28:03.000 [info] launch_wildcard_check(): Testing whether our DNS server is hijacking nonexistent domains with request for bogus hostname "jnkaor6n.invalid"
Jan 12 13:28:03.000 [info] evdns_log_cb(): eventdns: Resolve requested.
Jan 12 13:28:03.000 [info] eventdns: Setting timeout for request 0x5618ef0ea090, sent to nameserver 0x5618ef0d37d0
Jan 12 13:28:03.000 [info] launch_wildcard_check(): Testing whether our DNS server is hijacking nonexistent domains with request for bogus hostname "apd.test"
Jan 12 13:28:03.000 [info] evdns_log_cb(): eventdns: Resolve requested.
Jan 12 13:28:03.000 [info] eventdns: Setting timeout for request 0x5618ef0ea240, sent to nameserver 0x5618ef0d37d0
Jan 12 13:28:03.000 [info] launch_wildcard_check(): Testing whether our DNS server is hijacking nonexistent domains with request for bogus hostname "wo5kcoegjlytsqh"
Jan 12 13:28:03.000 [info] evdns_log_cb(): eventdns: Resolve requested.
Jan 12 13:28:03.000 [info] eventdns: Setting timeout for request 0x5618ef0ea3e0, sent to nameserver 0x5618ef0d37d0
Jan 12 13:28:03.000 [info] launch_wildcard_check(): Testing whether our DNS server is hijacking nonexistent domains with request for bogus hostname "z4tuffann5.com"
Jan 12 13:28:03.000 [info] evdns_log_cb(): eventdns: Resolve requested.
Jan 12 13:28:03.000 [info] eventdns: Setting timeout for request 0x5618ef0ea590, sent to nameserver 0x5618ef0d37d0
Jan 12 13:28:03.000 [info] launch_wildcard_check(): Testing whether our DNS server is hijacking nonexistent domains with request for bogus hostname "xbfdeka7rxiqxp.org"
Jan 12 13:28:03.000 [info] evdns_log_cb(): eventdns: Resolve requested.
Jan 12 13:28:03.000 [info] eventdns: Setting timeout for request 0x5618ef0ea700, sent to nameserver 0x5618ef0d37d0
Jan 12 13:28:03.000 [info] launch_wildcard_check(): Testing whether our DNS server is hijacking nonexistent domains with request for bogus hostname "bhtbqs3owmaonh.net"
Jan 12 13:28:03.000 [info] evdns_log_cb(): eventdns: Resolve requested.
Jan 12 13:28:03.000 [info] eventdns: Setting timeout for request 0x5618ef0ea8e0, sent to nameserver 0x5618ef0d37d0
Jan 12 13:28:03.000 [info] launch_wildcard_check(): Testing whether our DNS server is hijacking nonexistent domains with request for bogus hostname "xjta7f67i.invalid"
Jan 12 13:28:03.000 [info] evdns_log_cb(): eventdns: Resolve requested.
Jan 12 13:28:03.000 [info] eventdns: Setting timeout for request 0x5618ef0eaac0, sent to nameserver 0x5618ef0d37d0
Jan 12 13:28:03.000 [info] launch_wildcard_check(): Testing whether our DNS server is hijacking nonexistent domains with request for bogus hostname "j5esl3jiw.test"
Jan 12 13:28:03.000 [info] evdns_log_cb(): eventdns: Resolve requested.
Jan 12 13:28:03.000 [info] eventdns: Setting timeout for request 0x5618ef0eaca0, sent to nameserver 0x5618ef0d37d0
Jan 12 13:28:03.000 [info] launch_wildcard_check(): Testing whether our DNS server is hijacking nonexistent domains with request for bogus hostname "jupisvj5zj6vcig"
Jan 12 13:28:03.000 [info] evdns_log_cb(): eventdns: Resolve requested.
Jan 12 13:28:03.000 [info] eventdns: Setting timeout for request 0x5618ef0eae80, sent to nameserver 0x5618ef0d37d0
Jan 12 13:28:03.000 [info] launch_wildcard_check(): Testing whether our DNS server is hijacking nonexistent domains with request for bogus hostname "ewl6rlxoesp4y7z.com"
Jan 12 13:28:03.000 [info] evdns_log_cb(): eventdns: Resolve requested.
Jan 12 13:28:03.000 [info] eventdns: Setting timeout for request 0x5618ef0eb060, sent to nameserver 0x5618ef0d37d0
Jan 12 13:28:03.000 [info] launch_wildcard_check(): Testing whether our DNS server is hijacking nonexistent domains with request for bogus hostname "q5wk6a2ybrn7imql.org"
Jan 12 13:28:03.000 [info] evdns_log_cb(): eventdns: Resolve requested.
Jan 12 13:28:03.000 [info] eventdns: Setting timeout for request 0x5618ef0eb240, sent to nameserver 0x5618ef0d37d0
Jan 12 13:28:03.000 [info] launch_wildcard_check(): Testing whether our DNS server is hijacking nonexistent domains with request for bogus hostname "zziwitfsvayuxz.net"
Jan 12 13:28:03.000 [info] evdns_log_cb(): eventdns: Resolve requested.
Jan 12 13:28:03.000 [info] eventdns: Setting timeout for request 0x5618ef0eb420, sent to nameserver 0x5618ef0d37d0
Jan 12 13:28:03.000 [info] eventdns: Removing timeout for request 0x5618ef0e9310
Jan 12 13:28:03.000 [info] eventdns: Removing timeout for request 0x5618ef0e94c0
Jan 12 13:28:03.000 [info] eventdns: Removing timeout for request 0x5618ef0ea700
Jan 12 13:28:03.000 [info] eventdns: Removing timeout for request 0x5618ef0eb240
Jan 12 13:28:03.000 [info] eventdns: Removing timeout for request 0x5618ef0eb060
Jan 12 13:28:03.000 [info] eventdns: Removing timeout for request 0x5618ef0e9d30
Jan 12 13:28:03.000 [info] eventdns: Removing timeout for request 0x5618ef0e9ee0
Jan 12 13:28:03.000 [info] eventdns: Removing timeout for request 0x5618ef0e9b80
Jan 12 13:28:03.000 [info] eventdns: Removing timeout for request 0x5618ef0ea590
Jan 12 13:28:03.000 [info] eventdns: Removing timeout for request 0x5618ef0ea8e0
Jan 12 13:28:03.000 [info] eventdns: Removing timeout for request 0x5618ef0e9130
Jan 12 13:28:03.000 [info] eventdns: Removing timeout for request 0x5618ef0eb420
Jan 12 13:28:03.000 [info] eventdns: Removing timeout for request 0x5618ef0eaac0
Jan 12 13:28:03.000 [info] eventdns: Removing timeout for request 0x5618ef0e8e60
Jan 12 13:28:03.000 [info] eventdns: Removing timeout for request 0x5618ef0e8fd0
Jan 12 13:28:03.000 [info] eventdns: Removing timeout for request 0x5618ef0e99d0
Jan 12 13:28:03.000 [info] eventdns: Removing timeout for request 0x5618ef0ea090
Jan 12 13:28:03.000 [info] eventdns: Removing timeout for request 0x5618ef0e9820
Jan 12 13:28:03.000 [info] eventdns: Removing timeout for request 0x5618ef0ea240
Jan 12 13:28:03.000 [info] eventdns: Removing timeout for request 0x5618ef0eae80
Jan 12 13:28:03.000 [info] eventdns: Removing timeout for request 0x5618ef0e8cf0
Jan 12 13:28:03.000 [info] eventdns: Removing timeout for request 0x5618ef0ea3e0
Jan 12 13:28:03.000 [info] eventdns: Removing timeout for request 0x5618ef0e9670
Jan 12 13:28:03.000 [info] eventdns: Removing timeout for request 0x5618ef0eaca0
Jan 12 13:28:07.000 [info] router_pick_published_address(): Success: chose address '206.117.25.79'.
Jan 12 13:28:18.000 [info] router_pick_published_address(): Success: chose address '206.117.25.79'.
Jan 12 13:28:28.000 [info] connection_ap_expire_beginning(): Tried for 120 seconds to get a connection to [scrubbed]:80. Giving up. (waiting for circuit)
Jan 12 13:28:28.000 [debug] conn_close_if_marked(): Cleaning up connection (fd -1).
Jan 12 13:28:28.000 [debug] connection_remove(): removing socket -1 (type Socks), n_conns now 10
Jan 12 13:28:28.000 [info] connection_free_(): Freeing linked Socks connection [waiting for circuit] with 137 bytes on inbuf, 0 on outbuf.
Jan 12 13:28:28.000 [debug] conn_read_callback(): socket -1 wants to read.
Jan 12 13:28:28.000 [info] connection_dir_client_reached_eof(): 'fetch' response not all here, but we're at eof. Closing.
Jan 12 13:28:28.000 [debug] conn_close_if_marked(): Cleaning up connection (fd -1).
Jan 12 13:28:28.000 [info] update_consensus_networkstatus_downloads(): Launching ns networkstatus consensus download.
Jan 12 13:28:28.000 [info] router_pick_published_address(): Success: chose address '206.117.25.79'.
Jan 12 13:28:28.000 [info] router_pick_directory_server(): No reachable router entries for dirservers. Trying them all again.
Jan 12 13:28:28.000 [info] directory_pick_generic_dirserver(): No router found for consensus network-status fetch; falling back to dirserver list.
Jan 12 13:28:28.000 [info] router_pick_published_address(): Success: chose address '206.117.25.79'.
Jan 12 13:28:28.000 [debug] directory_initiate_command_rend(): anonymized 0, use_begindir 1.
Jan 12 13:28:28.000 [debug] directory_initiate_command_rend(): Initiating consensus network-status fetch
Jan 12 13:28:28.000 [info] connection_ap_make_link(): Making internal direct tunnel to [scrubbed]:443 ...
Jan 12 13:28:28.000 [debug] connection_add_impl(): new conn type Socks, socket -1, address (Tor_internal), n_conns 10.
Jan 12 13:28:28.000 [debug] circuit_get_open_circ_or_launch(): considering 1, $CF6D0AAFB385BE71B8E111FC5CFF4B47923733BC
Jan 12 13:28:28.000 [debug] onion_pick_cpath_exit(): Launching a one-hop circuit for dir tunnel.
Jan 12 13:28:28.000 [info] onion_pick_cpath_exit(): Using requested exit node '$CF6D0AAFB385BE71B8E111FC5CFF4B47923733BC~CF6D0AAFB385BE71B8E at 154.35.32.5'
Jan 12 13:28:28.000 [debug] onion_extend_cpath(): Path is 0 long; we want 1
Jan 12 13:28:28.000 [debug] onion_extend_cpath(): Chose router $CF6D0AAFB385BE71B8E111FC5CFF4B47923733BC~CF6D0AAFB385BE71B8E at 154.35.32.5 for hop 1 (exit is CF6D0AAFB385BE71B8E111FC5CFF4B47923733BC)
Jan 12 13:28:28.000 [debug] onion_extend_cpath(): Path is complete: 1 steps long
Jan 12 13:28:28.000 [debug] circuit_handle_first_hop(): Looking for firsthop '154.35.32.5:443'
Jan 12 13:28:28.000 [info] circuit_handle_first_hop(): Next router is [scrubbed]: Not connected. Connecting.
Jan 12 13:28:28.000 [debug] channel_tls_connect(): In channel_tls_connect() for channel 0x5618ef0e88a0 (global id 1)
Jan 12 13:28:28.000 [debug] channel_set_identity_digest(): Setting remote endpoint digest on channel 0x5618ef0e88a0 with global ID 1 to digest CF6D0AAFB385BE71B8E111FC5CFF4B47923733BC
Jan 12 13:28:28.000 [debug] connection_connect(): Connecting to [scrubbed]:443.
Jan 12 13:28:28.000 [debug] connection_connect(): Connection to [scrubbed]:443 in progress (sock 21).
Jan 12 13:28:28.000 [debug] connection_add_impl(): new conn type OR, socket 21, address 154.35.32.5, n_conns 11.
Jan 12 13:28:28.000 [debug] channel_tls_connect(): Got orconn 0x5618ef0e8a40 for channel with global id 1
Jan 12 13:28:28.000 [debug] channel_register(): Registering channel 0x5618ef0e88a0 (ID 1) in state opening (1) with digest CF6D0AAFB385BE71B8E111FC5CFF4B47923733BC
Jan 12 13:28:28.000 [debug] channel_add_to_digest_map(): Added channel 0x5618ef0e88a0 (global ID 1) to identity map in state opening (1) with digest CF6D0AAFB385BE71B8E111FC5CFF4B47923733BC
Jan 12 13:28:28.000 [debug] channel_set_cell_handlers(): Setting cell_handler callback for channel 0x5618ef0e88a0 to 0x5618ed79e720
Jan 12 13:28:28.000 [debug] channel_set_cell_handlers(): Setting var_cell_handler callback for channel 0x5618ef0e88a0 to 0x5618ed79db20
Jan 12 13:28:28.000 [debug] circuit_handle_first_hop(): connecting in progress (or finished). Good.
Jan 12 13:28:28.000 [info] connection_ap_make_link(): ... application connection created and linked.
Jan 12 13:28:28.000 [debug] connection_add_impl(): new conn type Directory, socket -1, address 154.35.32.5, n_conns 12.
Jan 12 13:28:28.000 [info] directory_send_command(): Downloading consensus from 154.35.32.5:443 using /tor/status-vote/current/consensus/14C131+27B6B5+49015F+585769+805509+D586D1+E8A9C4+ED03BB+EFCBE7.z
Jan 12 13:28:28.000 [debug] connection_remove(): removing socket -1 (type Directory), n_conns now 12
Jan 12 13:28:28.000 [info] connection_free_(): Freeing linked Directory connection [client reading] with 0 bytes on inbuf, 0 on outbuf.
Jan 12 13:28:28.000 [debug] conn_read_callback(): socket -1 wants to read.
Jan 12 13:28:28.000 [info] connection_edge_process_inbuf(): data from edge while in 'waiting for circuit' state. Leaving it on buffer.
Jan 12 13:28:28.000 [info] connection_edge_process_inbuf(): data from edge while in 'waiting for circuit' state. Leaving it on buffer.
Jan 12 13:28:28.000 [debug] connection_dir_finished_flushing(): client finished sending command.
Jan 12 13:28:29.000 [info] router_pick_published_address(): Success: chose address '206.117.25.79'.
Jan 12 13:28:30.000 [debug] resolve_my_address(): Resolved Address to '206.117.25.79'.
Jan 12 13:28:33.000 [info] launch_test_addresses(): Launching checks to see whether our nameservers like to hijack *everything*.
Jan 12 13:28:33.000 [info] evdns_log_cb(): eventdns: Resolve requested.
Jan 12 13:28:33.000 [info] eventdns: Setting timeout for request 0x5618ef0e9120, sent to nameserver 0x5618ef0d37d0
Jan 12 13:28:33.000 [info] evdns_log_cb(): eventdns: Resolve requested.
Jan 12 13:28:33.000 [info] eventdns: Setting timeout for request 0x5618ef0e92d0, sent to nameserver 0x5618ef0d37d0
Jan 12 13:28:33.000 [info] evdns_log_cb(): eventdns: Resolve requested.
Jan 12 13:28:33.000 [info] eventdns: Setting timeout for request 0x5618ef0e9480, sent to nameserver 0x5618ef0d37d0
Jan 12 13:28:33.000 [info] evdns_log_cb(): eventdns: Resolve requested.
Jan 12 13:28:33.000 [info] eventdns: Setting timeout for request 0x5618ef0e9630, sent to nameserver 0x5618ef0d37d0
Jan 12 13:28:33.000 [info] evdns_log_cb(): eventdns: Resolve requested.
Jan 12 13:28:33.000 [info] eventdns: Setting timeout for request 0x5618ef0e97e0, sent to nameserver 0x5618ef0d37d0
Jan 12 13:28:33.000 [info] evdns_log_cb(): eventdns: Resolve requested.
Jan 12 13:28:33.000 [info] eventdns: Setting timeout for request 0x5618ef0e9990, sent to nameserver 0x5618ef0d37d0
Jan 12 13:28:33.000 [info] evdns_log_cb(): eventdns: Resolve requested.
Jan 12 13:28:33.000 [info] eventdns: Setting timeout for request 0x5618ef0e9b40, sent to nameserver 0x5618ef0d37d0
Jan 12 13:28:33.000 [info] evdns_log_cb(): eventdns: Resolve requested.
Jan 12 13:28:33.000 [info] eventdns: Setting timeout for request 0x5618ef0e9cf0, sent to nameserver 0x5618ef0d37d0
Jan 12 13:28:33.000 [info] eventdns: Removing timeout for request 0x5618ef0e9120
Jan 12 13:28:33.000 [info] eventdns: Removing timeout for request 0x5618ef0e92d0
Jan 12 13:28:33.000 [debug] evdns_callback(): eventdns said that [scrubbed] resolves to [scrubbed]
Jan 12 13:28:33.000 [debug] evdns_callback(): eventdns said that [scrubbed] resolves to [scrubbed]
Jan 12 13:28:33.000 [info] eventdns: Removing timeout for request 0x5618ef0e9cf0
Jan 12 13:28:33.000 [info] eventdns: Removing timeout for request 0x5618ef0e9b40
Jan 12 13:28:33.000 [debug] evdns_callback(): eventdns said that [scrubbed] resolves to [scrubbed]
Jan 12 13:28:33.000 [info] eventdns: Removing timeout for request 0x5618ef0e9480
Jan 12 13:28:33.000 [debug] evdns_callback(): eventdns said that [scrubbed] resolves to [scrubbed]
Jan 12 13:28:33.000 [info] eventdns: Removing timeout for request 0x5618ef0e9630
Jan 12 13:28:33.000 [debug] evdns_callback(): eventdns said that [scrubbed] resolves to [scrubbed]
Jan 12 13:28:33.000 [info] eventdns: Removing timeout for request 0x5618ef0e9990
Jan 12 13:28:33.000 [debug] evdns_callback(): eventdns said that [scrubbed] resolves to [scrubbed]
Jan 12 13:28:33.000 [info] eventdns: Removing timeout for request 0x5618ef0e97e0
Jan 12 13:28:33.000 [debug] evdns_callback(): eventdns said that [scrubbed] resolves to [scrubbed]
Jan 12 13:28:39.000 [debug] conn_read_callback(): socket 20 wants to read.
Jan 12 13:28:39.000 [info] control_event_bootstrap_problem(): Problem bootstrapping. Stuck at 5%: Connecting to directory server. (Connection timed out; TIMEOUT; count 1; recommendation ignore)
Jan 12 13:28:39.000 [debug] channel_close_for_error(): Closing channel 0x5618ef0e6880 due to lower-layer error
Jan 12 13:28:39.000 [debug] channel_change_state(): Changing state of channel 0x5618ef0e6880 (global ID 0) from "opening" to "closing"
Jan 12 13:28:39.000 [debug] channel_remove_from_digest_map(): Removed channel 0x5618ef0e6880 (global ID 0) from identity map in state closing (4) with digest 0AD3FA884D18F89EEA2D89C019379E0E7FD94417
Jan 12 13:28:39.000 [debug] connection_mark_for_close_internal_(): Calling connection_mark_for_close_internal_() on an OR conn at src/or/connection.c:2865
Jan 12 13:28:39.000 [debug] conn_close_if_marked(): Cleaning up connection (fd -1).
Jan 12 13:28:39.000 [debug] circuit_n_chan_done(): chan to NULL/208.83.223.34:80, status=0
Jan 12 13:28:39.000 [info] circuit_n_chan_done(): Channel failed; closing circ.
Jan 12 13:28:39.000 [info] circuit_build_failed(): Our circuit died before the first hop with no connection
Jan 12 13:28:39.000 [debug] circuit_increment_failure_count(): n_circuit_failures now 1.
Jan 12 13:28:39.000 [debug] channel_change_state(): Changing state of channel 0x5618ef0e6880 (global ID 0) from "closing" to "channel error"
Jan 12 13:28:39.000 [info] connection_or_note_state_when_broken(): Connection died in state 'connect()ing with SSL state (No SSL object)'
Jan 12 13:28:39.000 [debug] connection_remove(): removing socket -1 (type OR), n_conns now 11
Jan 12 13:28:39.000 [debug] channel_free(): Freeing channel 0 at 0x5618ef0e6880
Jan 12 13:28:39.000 [debug] channel_clear_remote_end(): Clearing remote endpoint identity on channel 0x5618ef0e6880 with global ID 0
Jan 12 13:28:40.000 [info] router_pick_published_address(): Success: chose address '206.117.25.79'.
Jan 12 13:28:51.000 [info] router_pick_published_address(): Success: chose address '206.117.25.79'.
Jan 12 13:29:02.000 [info] router_pick_published_address(): Success: chose address '206.117.25.79'.
Jan 12 13:29:10.000 [notice] Catching signal TERM, exiting cleanly.
Jan 12 13:29:11.000 [info] or_state_save(): Saved state to "/users/magesap/TorLatencyNormalizationFiles/ExperimentScripts/tingOnDeter/ting/tor/data/w/state"
Jan 12 13:29:11.000 [debug] channel_tls_free_all(): Shutting down TLS channels...
Jan 12 13:29:11.000 [debug] channel_tls_free_all(): Done shutting down TLS channels
Jan 12 13:29:11.000 [debug] channel_free_all(): Shutting down channels...
Jan 12 13:29:11.000 [debug] channel_free_list(): Cleaning up channel 0x5618ef0e88a0 (global ID 1) in state opening (1)
Jan 12 13:29:11.000 [debug] channel_remove_from_digest_map(): Removed channel 0x5618ef0e88a0 (global ID 1) from identity map in state opening (1) with digest CF6D0AAFB385BE71B8E111FC5CFF4B47923733BC
Jan 12 13:29:11.000 [debug] channel_mark_for_close(): Closing channel 0x5618ef0e88a0 (global ID 1) by request
Jan 12 13:29:11.000 [debug] channel_change_state(): Changing state of channel 0x5618ef0e88a0 (global ID 1) from "opening" to "closing"
Jan 12 13:29:11.000 [debug] connection_mark_for_close_internal_(): Calling connection_mark_for_close_internal_() on an OR conn at src/or/connection_or.c:1186
Jan 12 13:29:11.000 [debug] channel_force_free(): Force-freeing channel 1 at 0x5618ef0e88a0
Jan 12 13:29:11.000 [debug] channel_clear_remote_end(): Clearing remote endpoint identity on channel 0x5618ef0e88a0 with global ID 1
Jan 12 13:29:11.000 [debug] channel_free_all(): Freeing channel_identity_map
Jan 12 13:29:11.000 [debug] channel_free_all(): Done cleaning up after channels
Jan 12 13:29:11.000 [debug] connection_free_(): closing fd 6.
Jan 12 13:29:11.000 [debug] connection_free_(): closing fd 7.
Jan 12 13:29:11.000 [debug] connection_free_(): closing fd 8.
Jan 12 13:29:11.000 [debug] connection_free_(): closing fd 12.
Jan 12 13:29:11.000 [debug] connection_free_(): closing fd 14.
Jan 12 13:29:11.000 [debug] connection_free_(): closing fd 16.
Jan 12 13:29:11.000 [debug] connection_free_(): closing fd 18.
Jan 12 13:29:11.000 [info] connection_free_(): Freeing linked Directory connection [client reading] with 0 bytes on inbuf, 0 on outbuf.
Jan 12 13:29:11.000 [debug] connection_free_(): closing fd 21.
Jan 12 13:29:11.000 [info] connection_free_(): Freeing linked Socks connection [waiting for circuit] with 139 bytes on inbuf, 0 on outbuf.
Jan 12 13:29:11.000 [info] buf_shrink_freelists(): Cleaned freelist for 4096-byte chunks: original length 1, kept 0, dropped 1.
Jan 12 13:29:11.000 [info] buf_shrink_freelists(): Cleaned freelist for 8192-byte chunks: original length 0, kept 0, dropped 0.
Jan 12 13:29:11.000 [info] buf_shrink_freelists(): Cleaned freelist for 16384-byte chunks: original length 0, kept 0, dropped 0.
Jan 12 13:29:11.000 [info] buf_shrink_freelists(): Cleaned freelist for 32768-byte chunks: original length 1, kept 0, dropped 1.
Jan 12 13:29:11.000 [info] cpuworker_main(): read request failed. Exiting.
Jan 12 13:29:11.000 [info] cpuworker_main(): read request failed. Exiting.
Jan 12 13:29:11.000 [info] tor_lockfile_unlock(): Unlocking "/users/magesap/TorLatencyNormalizationFiles/ExperimentScripts/tingOnDeter/ting/tor/data/w/lock"
Jan 12 13:30:54.000 [notice] Tor 0.2.4.22 (git-2ee56e4c2c841a45) opening log file.
Jan 12 13:30:54.000 [debug] tor_disable_debugger_attach(): Attemping to disable debugger attachment to Tor for unprivileged users.
Jan 12 13:30:54.000 [debug] tor_disable_debugger_attach(): Debugger attachment disabled for unprivileged users.
Jan 12 13:30:54.000 [info] tor_lockfile_lock(): Locking "/users/magesap/TorLatencyNormalizationFiles/ExperimentScripts/tingOnDeter/ting/tor/data/w/lock"
Jan 12 13:30:54.000 [debug] parse_dir_authority_line(): Trusted 100 dirserver at 128.31.0.39:9131 (9695)
Jan 12 13:30:54.000 [debug] parse_dir_authority_line(): Trusted 111 dirserver at 86.59.21.38:80 (847B)
Jan 12 13:30:54.000 [debug] parse_dir_authority_line(): Trusted 102 dirserver at 194.109.206.212:80 (7EA6)
Jan 12 13:30:54.000 [debug] parse_dir_authority_line(): Trusted 16 dirserver at 82.94.251.203:80 (4A0C)
Jan 12 13:30:54.000 [debug] parse_dir_authority_line(): Trusted 100 dirserver at 76.73.17.194:9030 (F397)
Jan 12 13:30:54.000 [debug] parse_dir_authority_line(): Trusted 100 dirserver at 212.112.245.170:80 (F204)
Jan 12 13:30:54.000 [debug] parse_dir_authority_line(): Trusted 100 dirserver at 193.23.244.244:80 (7BE6)
Jan 12 13:30:54.000 [debug] parse_dir_authority_line(): Trusted 100 dirserver at 208.83.223.34:443 (0AD3)
Jan 12 13:30:54.000 [debug] parse_dir_authority_line(): Trusted 100 dirserver at 171.25.193.9:443 (BD6A)
Jan 12 13:30:54.000 [debug] parse_dir_authority_line(): Trusted 100 dirserver at 154.35.32.5:80 (CF6D)
Jan 12 13:30:54.000 [info] or_state_load(): Loaded state from "/users/magesap/TorLatencyNormalizationFiles/ExperimentScripts/tingOnDeter/ting/tor/data/w/state"
Jan 12 13:30:54.000 [debug] circuit_build_times_disabled(): CircuitBuildTime learning is disabled. Consensus=0, Config=1, AuthDir=0, StateFile=0
Jan 12 13:30:54.000 [debug] circuit_build_times_min_timeout(): Bug: circuit_build_times_min_timeout() called, cbtmintimeout is 1500
Jan 12 13:30:54.000 [debug] circuit_build_times_initial_timeout(): Bug: circuit_build_times_initial_timeout() called, cbtinitialtimeout is 60000
Jan 12 13:30:54.000 [debug] circuit_build_times_disabled(): CircuitBuildTime learning is disabled. Consensus=0, Config=1, AuthDir=0, StateFile=0
Jan 12 13:30:54.000 [info] read_file_to_str(): Could not open "/users/magesap/TorLatencyNormalizationFiles/ExperimentScripts/tingOnDeter/ting/tor/data/w/router-stability": No such file or directory
Jan 12 13:30:54.000 [info] cell_ewma_set_scale_factor(): Disabled cell_ewma algorithm because of value in Default value
Jan 12 13:30:54.000 [info] geoip_load_file(): Failed to open GEOIP file /usr/local/share/tor/geoip.  
Jan 12 13:30:54.000 [info] geoip_load_file(): Failed to open GEOIP file /usr/local/share/tor/geoip6.  
Jan 12 13:30:54.000 [info] mark_my_descriptor_dirty(): Decided to publish new relay descriptor: config change
Jan 12 13:30:54.000 [info] crypto_global_init(): OpenSSL version matches version from headers (1000207f: OpenSSL 1.0.2g  1 Mar 2016).
Jan 12 13:30:54.000 [info] crypto_global_init(): NOT using OpenSSL engine support.
Jan 12 13:30:54.000 [info] evaluate_evp_for_aes(): This version of OpenSSL has a known-good EVP counter-mode implementation. Using it.
Jan 12 13:30:54.000 [info] crypto_strongest_rand(): Reading entropy from "/dev/urandom"
Jan 12 13:30:54.000 [info] configure_nameservers(): Parsing resolver configuration in '/etc/resolv.conf'
Jan 12 13:30:54.000 [info] eventdns: Parsing resolv.conf file /etc/resolv.conf
Jan 12 13:30:54.000 [info] eventdns: Added nameserver 192.168.252.1:53 as 0x5591b61d9780
Jan 12 13:30:54.000 [info] eventdns: Setting maximum allowed timeouts to 16
Jan 12 13:30:54.000 [info] eventdns: Setting timeout to 10
Jan 12 13:30:54.000 [info] init_keys(): Reading/making identity key "/users/magesap/TorLatencyNormalizationFiles/ExperimentScripts/tingOnDeter/ting/tor/data/w/keys/secret_id_key"...
Jan 12 13:30:54.000 [info] init_keys(): Reading/making onion key "/users/magesap/TorLatencyNormalizationFiles/ExperimentScripts/tingOnDeter/ting/tor/data/w/keys/secret_onion_key"...
Jan 12 13:30:54.000 [info] mark_my_descriptor_dirty(): Decided to publish new relay descriptor: set onion key
Jan 12 13:30:54.000 [info] tor_tls_init(): OpenSSL OpenSSL 1.0.2g  1 Mar 2016 looks like version 0.9.8m or later; I will try SSL_OP to enable renegotiation
Jan 12 13:30:55.000 [debug] resolve_my_address(): Resolved Address to '206.117.25.79'.
Jan 12 13:30:55.000 [info] router_pick_published_address(): Success: chose address '206.117.25.79'.
Jan 12 13:30:55.000 [info] router_rebuild_descriptor(): Rebuilding relay descriptor
Jan 12 13:30:55.000 [debug] parse_addr_policy(): Adding new entry 'reject *6:*'
Jan 12 13:30:55.000 [debug] parse_addr_policy(): Adding new entry 'accept 206.117.25.79:10006'
Jan 12 13:30:55.000 [debug] parse_addr_policy(): Adding new entry 'reject *:*'
Jan 12 13:30:55.000 [debug] parse_addr_policy(): Adding new entry 'reject *:25'
Jan 12 13:30:55.000 [debug] parse_addr_policy(): Adding new entry 'reject *:119'
Jan 12 13:30:55.000 [debug] parse_addr_policy(): Adding new entry 'reject *:135-139'
Jan 12 13:30:55.000 [debug] parse_addr_policy(): Adding new entry 'reject *:445'
Jan 12 13:30:55.000 [debug] parse_addr_policy(): Adding new entry 'reject *:563'
Jan 12 13:30:55.000 [debug] parse_addr_policy(): Adding new entry 'reject *:1214'
Jan 12 13:30:55.000 [debug] parse_addr_policy(): Adding new entry 'reject *:4661-4666'
Jan 12 13:30:55.000 [debug] parse_addr_policy(): Adding new entry 'reject *:6346-6429'
Jan 12 13:30:55.000 [debug] parse_addr_policy(): Adding new entry 'reject *:6699'
Jan 12 13:30:55.000 [debug] parse_addr_policy(): Adding new entry 'reject *:6881-6999'
Jan 12 13:30:55.000 [debug] parse_addr_policy(): Adding new entry 'accept *:*'
Jan 12 13:30:55.000 [info] extrainfo_dump_to_string(): Adding stats to extra-info descriptor.
Jan 12 13:30:55.000 [debug] router_get_my_descriptor(): my desc is 'router Unnamed 206.117.25.79 10004 0 0
platform Tor 0.2.4.22 on Linux
protocols Link 1 2 Circuit 1
published 2023-01-12 21:30:55
fingerprint 816D E0B6 BD52 C671 B838 59CE 0715 A8DE 678F 1583
uptime 0
bandwidth 1073741824 1073741824 6
extra-info-digest 0BC97F35B6F6614C29E9C2B49627FBDB84710758
caches-extra-info
onion-key
-----BEGIN RSA PUBLIC KEY-----
MIGJAoGBAMTBhtB+nS8IYRJ1msSa/LLrl4ysPR6vRHzVmgdXJlJ4SdkSByMbHU30
YZpWcv378RYBJzCimg6g/uPiCkzfOeQmGi99HYEVDkBT2YqaAgWSAv044jY5fp7c
x+EDv2j635Z5fLy1TVMtvgEpFBahvicQKLS3nsMReR7GaPzA8ePTAgMBAAE=
-----END RSA PUBLIC KEY-----
signing-key
-----BEGIN RSA PUBLIC KEY-----
MIGJAoGBAOGWFehBUWwavHVT4te5iN5+Z+i+KLi/LVjM4gZG7sCXSnlMZGRrPnKI
xZ4mWOlync8Hg8mUtW419jpAlfSwJOni85dwfV6VAXDhiU4K6FNsuEukrBXEMXsl
Cgf8TxisWjPPMY0w1h/ieMv/VOLM1wzThnRED/ZbsqHauaCPUvbDAgMBAAE=
-----END RSA PUBLIC KEY-----
hidden-service-dir
ntor-onion-key ihwfHyu11tWW1D2qcMxOBuTGLwhDPjX7iBgObl9/ZT8=
accept 206.117.25.79:10006
reject *:*
router-signature
-----BEGIN SIGNATURE-----
F+H2YH+z9t4gXjO3XGI/Evnrh9uU53RUo+3PhkVT3Ng2BRUPA+CfsIJ7d5BMuF1g
+i9mUyNla9FB7VNGSeptzv6AFKhzGQ0XTHD5sEreTpJnPLh6p+neSXRqf+rmLQjg
v0h2tIF5iLvmXJpYjwaGaxmXaezv43njCe6bmgM8Wiw=
-----END SIGNATURE-----

'
Jan 12 13:30:55.000 [info] init_keys(): Dumping fingerprint to "/users/magesap/TorLatencyNormalizationFiles/ExperimentScripts/tingOnDeter/ting/tor/data/w/fingerprint"...
Jan 12 13:30:55.000 [notice] Your Tor server's identity key fingerprint is 'Unnamed 816DE0B6BD52C671B83859CE0715A8DE678F1583'
Jan 12 13:30:55.000 [debug] mp_pool_new(): Capacity is 244, item size is 536, alloc size is 130784
Jan 12 13:30:55.000 [info] Bootstrapped 0%: Starting.
Jan 12 13:30:55.000 [info] read_file_to_str(): Could not open "/users/magesap/TorLatencyNormalizationFiles/ExperimentScripts/tingOnDeter/ting/tor/data/w/cached-certs": No such file or directory
Jan 12 13:30:55.000 [warn] Consensus includes unrecognized authority 'dannenberg' at dannenberg.torauth.de:80 (contact Andreas Lehner; identity 0232AF901C31A04EE9848595AF9BB7620D4C5B2E)
Jan 12 13:30:55.000 [warn] Consensus includes unrecognized authority 'longclaw' at 199.58.81.140:80 (contact Riseup Networks <collective at riseup dot net> - 1nNzekuHGGzBYRzyjfjFEfeisNvxkn4RT; identity 23D15D965BC35114467363C165C4F724B64B4F66)
Jan 12 13:30:55.000 [warn] Consensus includes unrecognized authority 'bastet' at 204.13.164.118:80 (contact stefani <nocat at readthefinemanual dot net> 4096/F4B863AD6642E7EE; identity 27102BC123E7AF1D4741AE047E160C91ADC76B21)
Jan 12 13:30:55.000 [warn] Consensus includes unrecognized authority 'moria1' at 128.31.0.39:9231 (contact 1024D/EB5A896A28988BF5 arma mit edu; identity F533C81CEF0BC0267857C99B2F471ADF249FA232)
Jan 12 13:30:55.000 [warn] Looks like we need to download a new certificate from authority 'tor26' at 86.59.21.38:80 (contact Peter Palfrader; identity 14C131DFC5C6F93646BE72FA1401C02A8DF2E8B4)
Jan 12 13:30:55.000 [warn] Looks like we need to download a new certificate from authority 'maatuska' at 171.25.193.9:443 (contact 4096R/1E8BF34923291265 Linus Nordberg <linus@nordberg.se>; identity 49015F787433103580E3B66A1707A00E60F2D15B)
Jan 12 13:30:55.000 [warn] Looks like we need to download a new certificate from authority 'dizum' at 45.66.33.45:80 (contact email:usura[]sabotage.org url:https://386bsd.net proof:uri-rsa abuse:abuse[]sabotage.net twitter:adejoode ciissversion:2; identity E8A9C45EDE6D711294FADF8E7951F4DE6CA56B58)
Jan 12 13:30:55.000 [warn] Looks like we need to download a new certificate from authority 'gabelmoo' at 131.188.40.189:80 (contact 4096R/261C5FBE77285F88FB0C343266C8C2D7C5AA446D Sebastian Hahn <tor@sebastianhahn.net> - 12NbRAjAG5U3LLWETSF7fSTcdaz32Mu5CN; identity ED03BB616EB2F60BEC80151114BB25CEF515B226)
Jan 12 13:30:55.000 [warn] Consensus does not include configured authority 'moria1' at 128.31.0.39:9131 (identity D586D18309DED4CD6D57C18FDB97EFA96D330566)
Jan 12 13:30:55.000 [warn] Consensus does not include configured authority 'turtles' at 76.73.17.194:9030 (identity 27B6B5996C426270A5C95488AA5BCEB6BCC86956)
Jan 12 13:30:55.000 [warn] Consensus does not include configured authority 'dannenberg' at 193.23.244.244:80 (identity 585769C78764D58426B8B52B6651A5A71137189A)
Jan 12 13:30:55.000 [warn] Consensus does not include configured authority 'urras' at 208.83.223.34:443 (identity 80550987E1D626E3EBA5E5E75A458DE0626D088C)
Jan 12 13:30:55.000 [warn] Consensus does not include configured authority 'Faravahar' at 154.35.32.5:80 (identity EFCBE720AB3A82B99F9E953CD5BF50F7EEFC7B97)
Jan 12 13:30:55.000 [warn] A consensus needs 5 good signatures from recognized authorities for us to accept it. This one has 0 (). It has 4 signatures from authorities we don't recognize. We were unable to check 4 of the signatures, because we were missing the keys.
Jan 12 13:30:55.000 [warn] Not enough good signatures on networkstatus consensus
Jan 12 13:30:55.000 [warn] Couldn't load consensus ns networkstatus from "/users/magesap/TorLatencyNormalizationFiles/ExperimentScripts/tingOnDeter/ting/tor/data/w/cached-consensus"
Jan 12 13:30:55.000 [info] read_file_to_str(): Could not open "/users/magesap/TorLatencyNormalizationFiles/ExperimentScripts/tingOnDeter/ting/tor/data/w/unverified-consensus": No such file or directory
Jan 12 13:30:55.000 [info] read_file_to_str(): Could not open "/users/magesap/TorLatencyNormalizationFiles/ExperimentScripts/tingOnDeter/ting/tor/data/w/cached-microdesc-consensus": No such file or directory
Jan 12 13:30:55.000 [info] read_file_to_str(): Could not open "/users/magesap/TorLatencyNormalizationFiles/ExperimentScripts/tingOnDeter/ting/tor/data/w/unverified-microdesc-consensus": No such file or directory
Jan 12 13:30:55.000 [info] tor_mmap_file(): Could not open "/users/magesap/TorLatencyNormalizationFiles/ExperimentScripts/tingOnDeter/ting/tor/data/w/cached-microdescs" for mmap(): No such file or directory
Jan 12 13:30:55.000 [info] read_file_to_str(): Could not open "/users/magesap/TorLatencyNormalizationFiles/ExperimentScripts/tingOnDeter/ting/tor/data/w/cached-microdescs.new": No such file or directory
Jan 12 13:30:55.000 [info] microdesc_cache_reload(): Reloaded microdescriptor cache. Found 0 descriptors.
Jan 12 13:30:55.000 [info] tor_mmap_file(): Could not open "/users/magesap/TorLatencyNormalizationFiles/ExperimentScripts/tingOnDeter/ting/tor/data/w/cached-descriptors" for mmap(): No such file or directory
Jan 12 13:30:55.000 [info] tor_mmap_file(): Could not open "/users/magesap/TorLatencyNormalizationFiles/ExperimentScripts/tingOnDeter/ting/tor/data/w/cached-extrainfo" for mmap(): No such file or directory
Jan 12 13:30:55.000 [info] I learned some more directory information, but not enough to build a circuit: We have no usable consensus.
Jan 12 13:30:55.000 [info] router_pick_published_address(): Success: chose address '206.117.25.79'.
Jan 12 13:30:55.000 [debug] spawn_cpuworker(): just spawned a cpu worker.
Jan 12 13:30:55.000 [debug] connection_add_impl(): new conn type CPU worker, socket 12, address localhost, n_conns 4.
Jan 12 13:30:55.000 [debug] spawn_cpuworker(): just spawned a cpu worker.
Jan 12 13:30:55.000 [debug] connection_add_impl(): new conn type CPU worker, socket 14, address localhost, n_conns 5.
Jan 12 13:30:55.000 [debug] spawn_cpuworker(): just spawned a cpu worker.
Jan 12 13:30:55.000 [debug] connection_add_impl(): new conn type CPU worker, socket 16, address localhost, n_conns 6.
Jan 12 13:30:55.000 [debug] spawn_cpuworker(): just spawned a cpu worker.
Jan 12 13:30:55.000 [debug] connection_add_impl(): new conn type CPU worker, socket 18, address localhost, n_conns 7.
Jan 12 13:30:56.000 [notice] Interrupt: we have stopped accepting new connections, and will shut down in 30 seconds. Interrupt again to exit now.
Jan 12 13:30:56.000 [info] router_pick_published_address(): Success: chose address '206.117.25.79'.
Jan 12 13:30:56.000 [info] check_descriptor_bandwidth_changed(): Measured bandwidth has changed; rebuilding descriptor.
Jan 12 13:30:56.000 [info] mark_my_descriptor_dirty(): Decided to publish new relay descriptor: bandwidth has changed
Jan 12 13:30:56.000 [debug] resolve_my_address(): Resolved Address to '206.117.25.79'.
Jan 12 13:30:56.000 [info] router_pick_published_address(): Success: chose address '206.117.25.79'.
Jan 12 13:30:56.000 [info] router_rebuild_descriptor(): Rebuilding relay descriptor
Jan 12 13:30:56.000 [debug] parse_addr_policy(): Adding new entry 'reject *6:*'
Jan 12 13:30:56.000 [debug] parse_addr_policy(): Adding new entry 'accept 206.117.25.79:10006'
Jan 12 13:30:56.000 [debug] parse_addr_policy(): Adding new entry 'reject *:*'
Jan 12 13:30:56.000 [debug] parse_addr_policy(): Adding new entry 'reject *:25'
Jan 12 13:30:56.000 [debug] parse_addr_policy(): Adding new entry 'reject *:119'
Jan 12 13:30:56.000 [debug] parse_addr_policy(): Adding new entry 'reject *:135-139'
Jan 12 13:30:56.000 [debug] parse_addr_policy(): Adding new entry 'reject *:445'
Jan 12 13:30:56.000 [debug] parse_addr_policy(): Adding new entry 'reject *:563'
Jan 12 13:30:56.000 [debug] parse_addr_policy(): Adding new entry 'reject *:1214'
Jan 12 13:30:56.000 [debug] parse_addr_policy(): Adding new entry 'reject *:4661-4666'
Jan 12 13:30:56.000 [debug] parse_addr_policy(): Adding new entry 'reject *:6346-6429'
Jan 12 13:30:56.000 [debug] parse_addr_policy(): Adding new entry 'reject *:6699'
Jan 12 13:30:56.000 [debug] parse_addr_policy(): Adding new entry 'reject *:6881-6999'
Jan 12 13:30:56.000 [debug] parse_addr_policy(): Adding new entry 'accept *:*'
Jan 12 13:30:56.000 [info] extrainfo_dump_to_string(): Adding stats to extra-info descriptor.
Jan 12 13:30:56.000 [info] update_consensus_networkstatus_downloads(): Launching ns networkstatus consensus download.
Jan 12 13:30:56.000 [info] router_pick_published_address(): Success: chose address '206.117.25.79'.
Jan 12 13:30:56.000 [info] router_pick_directory_server(): No reachable router entries for dirservers. Trying them all again.
Jan 12 13:30:56.000 [info] directory_pick_generic_dirserver(): No router found for consensus network-status fetch; falling back to dirserver list.
Jan 12 13:30:56.000 [info] router_pick_published_address(): Success: chose address '206.117.25.79'.
Jan 12 13:30:56.000 [debug] directory_initiate_command_rend(): anonymized 0, use_begindir 1.
Jan 12 13:30:56.000 [debug] directory_initiate_command_rend(): Initiating consensus network-status fetch
Jan 12 13:30:56.000 [info] connection_ap_make_link(): Making internal direct tunnel to [scrubbed]:443 ...
Jan 12 13:30:56.000 [debug] connection_add_impl(): new conn type Socks, socket -1, address (Tor_internal), n_conns 8.
Jan 12 13:30:56.000 [debug] circuit_get_open_circ_or_launch(): considering 1, $F2044413DAC2E02E3D6BCF4735A19BCA1DE97281
Jan 12 13:30:56.000 [debug] onion_pick_cpath_exit(): Launching a one-hop circuit for dir tunnel.
Jan 12 13:30:56.000 [info] onion_pick_cpath_exit(): Using requested exit node '$F2044413DAC2E02E3D6BCF4735A19BCA1DE97281~F2044413DAC2E02E3D6 at 212.112.245.170'
Jan 12 13:30:56.000 [debug] onion_extend_cpath(): Path is 0 long; we want 1
Jan 12 13:30:56.000 [debug] onion_extend_cpath(): Chose router $F2044413DAC2E02E3D6BCF4735A19BCA1DE97281~F2044413DAC2E02E3D6 at 212.112.245.170 for hop 1 (exit is F2044413DAC2E02E3D6BCF4735A19BCA1DE97281)
Jan 12 13:30:56.000 [debug] onion_extend_cpath(): Path is complete: 1 steps long
Jan 12 13:30:56.000 [debug] circuit_handle_first_hop(): Looking for firsthop '212.112.245.170:443'
Jan 12 13:30:56.000 [info] circuit_handle_first_hop(): Next router is [scrubbed]: Not connected. Connecting.
Jan 12 13:30:56.000 [notice] Bootstrapped 5%: Connecting to directory server.
Jan 12 13:30:56.000 [debug] channel_tls_connect(): In channel_tls_connect() for channel 0x5591b61e8680 (global id 0)
Jan 12 13:30:56.000 [debug] channel_set_identity_digest(): Setting remote endpoint digest on channel 0x5591b61e8680 with global ID 0 to digest F2044413DAC2E02E3D6BCF4735A19BCA1DE97281
Jan 12 13:30:56.000 [debug] connection_connect(): Connecting to [scrubbed]:443.
Jan 12 13:30:56.000 [debug] connection_connect(): Connection to [scrubbed]:443 in progress (sock 20).
Jan 12 13:30:56.000 [debug] connection_add_impl(): new conn type OR, socket 20, address 212.112.245.170, n_conns 9.
Jan 12 13:30:56.000 [debug] channel_tls_connect(): Got orconn 0x5591b61e89d0 for channel with global id 0
Jan 12 13:30:56.000 [debug] channel_register(): Registering channel 0x5591b61e8680 (ID 0) in state opening (1) with digest F2044413DAC2E02E3D6BCF4735A19BCA1DE97281
Jan 12 13:30:56.000 [debug] channel_add_to_digest_map(): Added channel 0x5591b61e8680 (global ID 0) to identity map in state opening (1) with digest F2044413DAC2E02E3D6BCF4735A19BCA1DE97281
Jan 12 13:30:56.000 [debug] channel_set_cell_handlers(): Setting cell_handler callback for channel 0x5591b61e8680 to 0x5591b598c720
Jan 12 13:30:56.000 [debug] channel_set_cell_handlers(): Setting var_cell_handler callback for channel 0x5591b61e8680 to 0x5591b598bb20
Jan 12 13:30:56.000 [debug] circuit_handle_first_hop(): connecting in progress (or finished). Good.
Jan 12 13:30:56.000 [info] connection_ap_make_link(): ... application connection created and linked.
Jan 12 13:30:56.000 [debug] connection_add_impl(): new conn type Directory, socket -1, address 212.112.245.170, n_conns 10.
Jan 12 13:30:56.000 [info] directory_send_command(): Downloading consensus from 212.112.245.170:443 using /tor/status-vote/current/consensus/14C131+27B6B5+49015F+585769+805509+D586D1+E8A9C4+ED03BB+EFCBE7.z
Jan 12 13:30:56.000 [debug] conn_close_if_marked(): Cleaning up connection (fd 6).
Jan 12 13:30:56.000 [debug] connection_remove(): removing socket 6 (type Socks listener), n_conns now 10
Jan 12 13:30:56.000 [debug] connection_free_(): closing fd 6.
Jan 12 13:30:56.000 [debug] conn_close_if_marked(): Cleaning up connection (fd 8).
Jan 12 13:30:56.000 [debug] connection_remove(): removing socket 8 (type OR listener), n_conns now 9
Jan 12 13:30:56.000 [debug] connection_free_(): closing fd 8.
Jan 12 13:30:56.000 [info] or_state_save(): Saved state to "/users/magesap/TorLatencyNormalizationFiles/ExperimentScripts/tingOnDeter/ting/tor/data/w/state"
Jan 12 13:30:56.000 [debug] conn_read_callback(): socket -1 wants to read.
Jan 12 13:30:56.000 [info] connection_edge_process_inbuf(): data from edge while in 'waiting for circuit' state. Leaving it on buffer.
Jan 12 13:30:56.000 [info] connection_edge_process_inbuf(): data from edge while in 'waiting for circuit' state. Leaving it on buffer.
Jan 12 13:30:56.000 [debug] connection_dir_finished_flushing(): client finished sending command.
Jan 12 13:30:57.000 [notice] SIGINT received a second time; exiting now.
Jan 12 13:30:57.000 [info] or_state_save(): Saved state to "/users/magesap/TorLatencyNormalizationFiles/ExperimentScripts/tingOnDeter/ting/tor/data/w/state"
Jan 12 13:30:57.000 [debug] channel_tls_free_all(): Shutting down TLS channels...
Jan 12 13:30:57.000 [debug] channel_tls_free_all(): Done shutting down TLS channels
Jan 12 13:30:57.000 [debug] channel_free_all(): Shutting down channels...
Jan 12 13:30:57.000 [debug] channel_free_list(): Cleaning up channel 0x5591b61e8680 (global ID 0) in state opening (1)
Jan 12 13:30:57.000 [debug] channel_remove_from_digest_map(): Removed channel 0x5591b61e8680 (global ID 0) from identity map in state opening (1) with digest F2044413DAC2E02E3D6BCF4735A19BCA1DE97281
Jan 12 13:30:57.000 [debug] channel_mark_for_close(): Closing channel 0x5591b61e8680 (global ID 0) by request
Jan 12 13:30:57.000 [debug] channel_change_state(): Changing state of channel 0x5591b61e8680 (global ID 0) from "opening" to "closing"
Jan 12 13:30:57.000 [debug] connection_mark_for_close_internal_(): Calling connection_mark_for_close_internal_() on an OR conn at src/or/connection_or.c:1186
Jan 12 13:30:57.000 [debug] channel_force_free(): Force-freeing channel 0 at 0x5591b61e8680
Jan 12 13:30:57.000 [debug] channel_clear_remote_end(): Clearing remote endpoint identity on channel 0x5591b61e8680 with global ID 0
Jan 12 13:30:57.000 [debug] channel_free_all(): Freeing channel_identity_map
Jan 12 13:30:57.000 [debug] channel_free_all(): Done cleaning up after channels
Jan 12 13:30:57.000 [info] connection_free_(): Freeing linked Directory connection [client reading] with 0 bytes on inbuf, 0 on outbuf.
Jan 12 13:30:57.000 [debug] connection_free_(): closing fd 7.
Jan 12 13:30:57.000 [debug] connection_free_(): closing fd 20.
Jan 12 13:30:57.000 [debug] connection_free_(): closing fd 12.
Jan 12 13:30:57.000 [debug] connection_free_(): closing fd 14.
Jan 12 13:30:57.000 [debug] connection_free_(): closing fd 16.
Jan 12 13:30:57.000 [info] cpuworker_main(): read request failed. Exiting.
Jan 12 13:30:57.000 [debug] connection_free_(): closing fd 18.
Jan 12 13:30:57.000 [info] cpuworker_main(): read request failed. Exiting.
Jan 12 13:30:57.000 [info] cpuworker_main(): read request failed. Exiting.
Jan 12 13:30:57.000 [info] connection_free_(): Freeing linked Socks connection [waiting for circuit] with 143 bytes on inbuf, 0 on outbuf.
Jan 12 13:30:57.000 [info] cpuworker_main(): read request failed. Exiting.
Jan 12 13:30:57.000 [info] buf_shrink_freelists(): Cleaned freelist for 4096-byte chunks: original length 1, kept 0, dropped 1.
Jan 12 13:30:57.000 [info] buf_shrink_freelists(): Cleaned freelist for 8192-byte chunks: original length 0, kept 0, dropped 0.
Jan 12 13:30:57.000 [info] buf_shrink_freelists(): Cleaned freelist for 16384-byte chunks: original length 0, kept 0, dropped 0.
Jan 12 13:30:57.000 [info] buf_shrink_freelists(): Cleaned freelist for 32768-byte chunks: original length 0, kept 0, dropped 0.
Jan 12 13:30:57.000 [info] tor_lockfile_unlock(): Unlocking "/users/magesap/TorLatencyNormalizationFiles/ExperimentScripts/tingOnDeter/ting/tor/data/w/lock"
Jan 12 13:31:34.000 [notice] Tor 0.2.4.22 (git-2ee56e4c2c841a45) opening log file.
Jan 12 13:31:34.000 [debug] tor_disable_debugger_attach(): Attemping to disable debugger attachment to Tor for unprivileged users.
Jan 12 13:31:34.000 [debug] tor_disable_debugger_attach(): Debugger attachment disabled for unprivileged users.
Jan 12 13:31:34.000 [info] tor_lockfile_lock(): Locking "/users/magesap/TorLatencyNormalizationFiles/ExperimentScripts/tingOnDeter/ting/tor/data/w/lock"
Jan 12 13:31:34.000 [debug] parse_dir_authority_line(): Trusted 100 dirserver at 128.31.0.39:9131 (9695)
Jan 12 13:31:34.000 [debug] parse_dir_authority_line(): Trusted 111 dirserver at 86.59.21.38:80 (847B)
Jan 12 13:31:34.000 [debug] parse_dir_authority_line(): Trusted 102 dirserver at 194.109.206.212:80 (7EA6)
Jan 12 13:31:34.000 [debug] parse_dir_authority_line(): Trusted 16 dirserver at 82.94.251.203:80 (4A0C)
Jan 12 13:31:34.000 [debug] parse_dir_authority_line(): Trusted 100 dirserver at 76.73.17.194:9030 (F397)
Jan 12 13:31:34.000 [debug] parse_dir_authority_line(): Trusted 100 dirserver at 212.112.245.170:80 (F204)
Jan 12 13:31:34.000 [debug] parse_dir_authority_line(): Trusted 100 dirserver at 193.23.244.244:80 (7BE6)
Jan 12 13:31:34.000 [debug] parse_dir_authority_line(): Trusted 100 dirserver at 208.83.223.34:443 (0AD3)
Jan 12 13:31:34.000 [debug] parse_dir_authority_line(): Trusted 100 dirserver at 171.25.193.9:443 (BD6A)
Jan 12 13:31:34.000 [debug] parse_dir_authority_line(): Trusted 100 dirserver at 154.35.32.5:80 (CF6D)
Jan 12 13:31:34.000 [info] or_state_load(): Loaded state from "/users/magesap/TorLatencyNormalizationFiles/ExperimentScripts/tingOnDeter/ting/tor/data/w/state"
Jan 12 13:31:34.000 [debug] circuit_build_times_disabled(): CircuitBuildTime learning is disabled. Consensus=0, Config=1, AuthDir=0, StateFile=0
Jan 12 13:31:34.000 [debug] circuit_build_times_min_timeout(): Bug: circuit_build_times_min_timeout() called, cbtmintimeout is 1500
Jan 12 13:31:34.000 [debug] circuit_build_times_initial_timeout(): Bug: circuit_build_times_initial_timeout() called, cbtinitialtimeout is 60000
Jan 12 13:31:34.000 [debug] circuit_build_times_disabled(): CircuitBuildTime learning is disabled. Consensus=0, Config=1, AuthDir=0, StateFile=0
Jan 12 13:31:34.000 [info] read_file_to_str(): Could not open "/users/magesap/TorLatencyNormalizationFiles/ExperimentScripts/tingOnDeter/ting/tor/data/w/router-stability": No such file or directory
Jan 12 13:31:34.000 [info] cell_ewma_set_scale_factor(): Disabled cell_ewma algorithm because of value in Default value
Jan 12 13:31:34.000 [info] geoip_load_file(): Failed to open GEOIP file /usr/local/share/tor/geoip.  
Jan 12 13:31:34.000 [info] geoip_load_file(): Failed to open GEOIP file /usr/local/share/tor/geoip6.  
Jan 12 13:31:34.000 [info] mark_my_descriptor_dirty(): Decided to publish new relay descriptor: config change
Jan 12 13:31:34.000 [info] crypto_global_init(): OpenSSL version matches version from headers (1000207f: OpenSSL 1.0.2g  1 Mar 2016).
Jan 12 13:31:34.000 [info] crypto_global_init(): NOT using OpenSSL engine support.
Jan 12 13:31:34.000 [info] evaluate_evp_for_aes(): This version of OpenSSL has a known-good EVP counter-mode implementation. Using it.
Jan 12 13:31:34.000 [info] crypto_strongest_rand(): Reading entropy from "/dev/urandom"
Jan 12 13:31:34.000 [info] configure_nameservers(): Parsing resolver configuration in '/etc/resolv.conf'
Jan 12 13:31:34.000 [info] eventdns: Parsing resolv.conf file /etc/resolv.conf
Jan 12 13:31:34.000 [info] eventdns: Added nameserver 192.168.252.1:53 as 0x5618a3806780
Jan 12 13:31:34.000 [info] eventdns: Setting maximum allowed timeouts to 16
Jan 12 13:31:34.000 [info] eventdns: Setting timeout to 10
Jan 12 13:31:34.000 [info] init_keys(): Reading/making identity key "/users/magesap/TorLatencyNormalizationFiles/ExperimentScripts/tingOnDeter/ting/tor/data/w/keys/secret_id_key"...
Jan 12 13:31:34.000 [info] init_keys(): Reading/making onion key "/users/magesap/TorLatencyNormalizationFiles/ExperimentScripts/tingOnDeter/ting/tor/data/w/keys/secret_onion_key"...
Jan 12 13:31:34.000 [info] mark_my_descriptor_dirty(): Decided to publish new relay descriptor: set onion key
Jan 12 13:31:34.000 [info] tor_tls_init(): OpenSSL OpenSSL 1.0.2g  1 Mar 2016 looks like version 0.9.8m or later; I will try SSL_OP to enable renegotiation
Jan 12 13:31:35.000 [debug] resolve_my_address(): Resolved Address to '206.117.25.79'.
Jan 12 13:31:35.000 [info] router_pick_published_address(): Success: chose address '206.117.25.79'.
Jan 12 13:31:35.000 [info] router_rebuild_descriptor(): Rebuilding relay descriptor
Jan 12 13:31:35.000 [debug] parse_addr_policy(): Adding new entry 'reject *6:*'
Jan 12 13:31:35.000 [debug] parse_addr_policy(): Adding new entry 'accept 206.117.25.79:10006'
Jan 12 13:31:35.000 [debug] parse_addr_policy(): Adding new entry 'reject *:*'
Jan 12 13:31:35.000 [debug] parse_addr_policy(): Adding new entry 'reject *:25'
Jan 12 13:31:35.000 [debug] parse_addr_policy(): Adding new entry 'reject *:119'
Jan 12 13:31:35.000 [debug] parse_addr_policy(): Adding new entry 'reject *:135-139'
Jan 12 13:31:35.000 [debug] parse_addr_policy(): Adding new entry 'reject *:445'
Jan 12 13:31:35.000 [debug] parse_addr_policy(): Adding new entry 'reject *:563'
Jan 12 13:31:35.000 [debug] parse_addr_policy(): Adding new entry 'reject *:1214'
Jan 12 13:31:35.000 [debug] parse_addr_policy(): Adding new entry 'reject *:4661-4666'
Jan 12 13:31:35.000 [debug] parse_addr_policy(): Adding new entry 'reject *:6346-6429'
Jan 12 13:31:35.000 [debug] parse_addr_policy(): Adding new entry 'reject *:6699'
Jan 12 13:31:35.000 [debug] parse_addr_policy(): Adding new entry 'reject *:6881-6999'
Jan 12 13:31:35.000 [debug] parse_addr_policy(): Adding new entry 'accept *:*'
Jan 12 13:31:35.000 [info] extrainfo_dump_to_string(): Adding stats to extra-info descriptor.
Jan 12 13:31:35.000 [debug] router_get_my_descriptor(): my desc is 'router Unnamed 206.117.25.79 10004 0 0
platform Tor 0.2.4.22 on Linux
protocols Link 1 2 Circuit 1
published 2023-01-12 21:31:35
fingerprint 816D E0B6 BD52 C671 B838 59CE 0715 A8DE 678F 1583
uptime 0
bandwidth 1073741824 1073741824 5
extra-info-digest 3F72F0A04F5B0615B83B5995052161C482E9A6BA
caches-extra-info
onion-key
-----BEGIN RSA PUBLIC KEY-----
MIGJAoGBAMTBhtB+nS8IYRJ1msSa/LLrl4ysPR6vRHzVmgdXJlJ4SdkSByMbHU30
YZpWcv378RYBJzCimg6g/uPiCkzfOeQmGi99HYEVDkBT2YqaAgWSAv044jY5fp7c
x+EDv2j635Z5fLy1TVMtvgEpFBahvicQKLS3nsMReR7GaPzA8ePTAgMBAAE=
-----END RSA PUBLIC KEY-----
signing-key
-----BEGIN RSA PUBLIC KEY-----
MIGJAoGBAOGWFehBUWwavHVT4te5iN5+Z+i+KLi/LVjM4gZG7sCXSnlMZGRrPnKI
xZ4mWOlync8Hg8mUtW419jpAlfSwJOni85dwfV6VAXDhiU4K6FNsuEukrBXEMXsl
Cgf8TxisWjPPMY0w1h/ieMv/VOLM1wzThnRED/ZbsqHauaCPUvbDAgMBAAE=
-----END RSA PUBLIC KEY-----
hidden-service-dir
ntor-onion-key ihwfHyu11tWW1D2qcMxOBuTGLwhDPjX7iBgObl9/ZT8=
accept 206.117.25.79:10006
reject *:*
router-signature
-----BEGIN SIGNATURE-----
AlcBhxrwyAos1fsK1ujwC32XWPTz+pgJD8zmec/IpFEzg3ZJxqbuHeGE/4z9X96k
Ep6Bi3rsskP7dBL2Wdha1WDAyoRhvargP7Crbw+cixS5Ac+Q26CB8WT8Mc5JjLH4
sEpJuqg5PFonJRPj6Mfw6yry19jvmxQDMK0IOGTMaoc=
-----END SIGNATURE-----

'
Jan 12 13:31:35.000 [info] init_keys(): Dumping fingerprint to "/users/magesap/TorLatencyNormalizationFiles/ExperimentScripts/tingOnDeter/ting/tor/data/w/fingerprint"...
Jan 12 13:31:35.000 [notice] Your Tor server's identity key fingerprint is 'Unnamed 816DE0B6BD52C671B83859CE0715A8DE678F1583'
Jan 12 13:31:35.000 [debug] mp_pool_new(): Capacity is 244, item size is 536, alloc size is 130784
Jan 12 13:31:35.000 [info] Bootstrapped 0%: Starting.
Jan 12 13:31:35.000 [info] read_file_to_str(): Could not open "/users/magesap/TorLatencyNormalizationFiles/ExperimentScripts/tingOnDeter/ting/tor/data/w/cached-certs": No such file or directory
Jan 12 13:31:35.000 [warn] Consensus includes unrecognized authority 'dannenberg' at dannenberg.torauth.de:80 (contact Andreas Lehner; identity 0232AF901C31A04EE9848595AF9BB7620D4C5B2E)
Jan 12 13:31:35.000 [warn] Consensus includes unrecognized authority 'longclaw' at 199.58.81.140:80 (contact Riseup Networks <collective at riseup dot net> - 1nNzekuHGGzBYRzyjfjFEfeisNvxkn4RT; identity 23D15D965BC35114467363C165C4F724B64B4F66)
Jan 12 13:31:35.000 [warn] Consensus includes unrecognized authority 'bastet' at 204.13.164.118:80 (contact stefani <nocat at readthefinemanual dot net> 4096/F4B863AD6642E7EE; identity 27102BC123E7AF1D4741AE047E160C91ADC76B21)
Jan 12 13:31:35.000 [warn] Consensus includes unrecognized authority 'moria1' at 128.31.0.39:9231 (contact 1024D/EB5A896A28988BF5 arma mit edu; identity F533C81CEF0BC0267857C99B2F471ADF249FA232)
Jan 12 13:31:35.000 [warn] Looks like we need to download a new certificate from authority 'tor26' at 86.59.21.38:80 (contact Peter Palfrader; identity 14C131DFC5C6F93646BE72FA1401C02A8DF2E8B4)
Jan 12 13:31:35.000 [warn] Looks like we need to download a new certificate from authority 'maatuska' at 171.25.193.9:443 (contact 4096R/1E8BF34923291265 Linus Nordberg <linus@nordberg.se>; identity 49015F787433103580E3B66A1707A00E60F2D15B)
Jan 12 13:31:35.000 [warn] Looks like we need to download a new certificate from authority 'dizum' at 45.66.33.45:80 (contact email:usura[]sabotage.org url:https://386bsd.net proof:uri-rsa abuse:abuse[]sabotage.net twitter:adejoode ciissversion:2; identity E8A9C45EDE6D711294FADF8E7951F4DE6CA56B58)
Jan 12 13:31:35.000 [warn] Looks like we need to download a new certificate from authority 'gabelmoo' at 131.188.40.189:80 (contact 4096R/261C5FBE77285F88FB0C343266C8C2D7C5AA446D Sebastian Hahn <tor@sebastianhahn.net> - 12NbRAjAG5U3LLWETSF7fSTcdaz32Mu5CN; identity ED03BB616EB2F60BEC80151114BB25CEF515B226)
Jan 12 13:31:35.000 [warn] Consensus does not include configured authority 'moria1' at 128.31.0.39:9131 (identity D586D18309DED4CD6D57C18FDB97EFA96D330566)
Jan 12 13:31:35.000 [warn] Consensus does not include configured authority 'turtles' at 76.73.17.194:9030 (identity 27B6B5996C426270A5C95488AA5BCEB6BCC86956)
Jan 12 13:31:35.000 [warn] Consensus does not include configured authority 'dannenberg' at 193.23.244.244:80 (identity 585769C78764D58426B8B52B6651A5A71137189A)
Jan 12 13:31:35.000 [warn] Consensus does not include configured authority 'urras' at 208.83.223.34:443 (identity 80550987E1D626E3EBA5E5E75A458DE0626D088C)
Jan 12 13:31:35.000 [warn] Consensus does not include configured authority 'Faravahar' at 154.35.32.5:80 (identity EFCBE720AB3A82B99F9E953CD5BF50F7EEFC7B97)
Jan 12 13:31:35.000 [warn] A consensus needs 5 good signatures from recognized authorities for us to accept it. This one has 0 (). It has 4 signatures from authorities we don't recognize. We were unable to check 4 of the signatures, because we were missing the keys.
Jan 12 13:31:35.000 [warn] Not enough good signatures on networkstatus consensus
Jan 12 13:31:35.000 [warn] Couldn't load consensus ns networkstatus from "/users/magesap/TorLatencyNormalizationFiles/ExperimentScripts/tingOnDeter/ting/tor/data/w/cached-consensus"
Jan 12 13:31:35.000 [info] read_file_to_str(): Could not open "/users/magesap/TorLatencyNormalizationFiles/ExperimentScripts/tingOnDeter/ting/tor/data/w/unverified-consensus": No such file or directory
Jan 12 13:31:35.000 [info] read_file_to_str(): Could not open "/users/magesap/TorLatencyNormalizationFiles/ExperimentScripts/tingOnDeter/ting/tor/data/w/cached-microdesc-consensus": No such file or directory
Jan 12 13:31:35.000 [info] read_file_to_str(): Could not open "/users/magesap/TorLatencyNormalizationFiles/ExperimentScripts/tingOnDeter/ting/tor/data/w/unverified-microdesc-consensus": No such file or directory
Jan 12 13:31:35.000 [info] tor_mmap_file(): Could not open "/users/magesap/TorLatencyNormalizationFiles/ExperimentScripts/tingOnDeter/ting/tor/data/w/cached-microdescs" for mmap(): No such file or directory
Jan 12 13:31:35.000 [info] read_file_to_str(): Could not open "/users/magesap/TorLatencyNormalizationFiles/ExperimentScripts/tingOnDeter/ting/tor/data/w/cached-microdescs.new": No such file or directory
Jan 12 13:31:35.000 [info] microdesc_cache_reload(): Reloaded microdescriptor cache. Found 0 descriptors.
Jan 12 13:31:35.000 [info] tor_mmap_file(): Could not open "/users/magesap/TorLatencyNormalizationFiles/ExperimentScripts/tingOnDeter/ting/tor/data/w/cached-descriptors" for mmap(): No such file or directory
Jan 12 13:31:35.000 [info] tor_mmap_file(): Could not open "/users/magesap/TorLatencyNormalizationFiles/ExperimentScripts/tingOnDeter/ting/tor/data/w/cached-extrainfo" for mmap(): No such file or directory
Jan 12 13:31:35.000 [info] I learned some more directory information, but not enough to build a circuit: We have no usable consensus.
Jan 12 13:31:35.000 [info] router_pick_published_address(): Success: chose address '206.117.25.79'.
Jan 12 13:31:35.000 [debug] spawn_cpuworker(): just spawned a cpu worker.
Jan 12 13:31:35.000 [debug] connection_add_impl(): new conn type CPU worker, socket 12, address localhost, n_conns 4.
Jan 12 13:31:35.000 [debug] spawn_cpuworker(): just spawned a cpu worker.
Jan 12 13:31:35.000 [debug] connection_add_impl(): new conn type CPU worker, socket 14, address localhost, n_conns 5.
Jan 12 13:31:35.000 [debug] spawn_cpuworker(): just spawned a cpu worker.
Jan 12 13:31:35.000 [debug] connection_add_impl(): new conn type CPU worker, socket 16, address localhost, n_conns 6.
Jan 12 13:31:35.000 [debug] spawn_cpuworker(): just spawned a cpu worker.
Jan 12 13:31:35.000 [debug] connection_add_impl(): new conn type CPU worker, socket 18, address localhost, n_conns 7.
Jan 12 13:31:36.000 [info] router_pick_published_address(): Success: chose address '206.117.25.79'.
Jan 12 13:31:36.000 [debug] resolve_my_address(): Resolved Address to '206.117.25.79'.
Jan 12 13:31:36.000 [info] update_consensus_networkstatus_downloads(): Launching ns networkstatus consensus download.
Jan 12 13:31:36.000 [info] router_pick_published_address(): Success: chose address '206.117.25.79'.
Jan 12 13:31:36.000 [info] router_pick_directory_server(): No reachable router entries for dirservers. Trying them all again.
Jan 12 13:31:36.000 [info] directory_pick_generic_dirserver(): No router found for consensus network-status fetch; falling back to dirserver list.
Jan 12 13:31:36.000 [info] router_pick_published_address(): Success: chose address '206.117.25.79'.
Jan 12 13:31:36.000 [debug] directory_initiate_command_rend(): anonymized 0, use_begindir 1.
Jan 12 13:31:36.000 [debug] directory_initiate_command_rend(): Initiating consensus network-status fetch
Jan 12 13:31:36.000 [info] connection_ap_make_link(): Making internal direct tunnel to [scrubbed]:443 ...
Jan 12 13:31:36.000 [debug] connection_add_impl(): new conn type Socks, socket -1, address (Tor_internal), n_conns 8.
Jan 12 13:31:36.000 [debug] circuit_get_open_circ_or_launch(): considering 1, $CF6D0AAFB385BE71B8E111FC5CFF4B47923733BC
Jan 12 13:31:36.000 [debug] onion_pick_cpath_exit(): Launching a one-hop circuit for dir tunnel.
Jan 12 13:31:36.000 [info] onion_pick_cpath_exit(): Using requested exit node '$CF6D0AAFB385BE71B8E111FC5CFF4B47923733BC~CF6D0AAFB385BE71B8E at 154.35.32.5'
Jan 12 13:31:36.000 [debug] onion_extend_cpath(): Path is 0 long; we want 1
Jan 12 13:31:36.000 [debug] onion_extend_cpath(): Chose router $CF6D0AAFB385BE71B8E111FC5CFF4B47923733BC~CF6D0AAFB385BE71B8E at 154.35.32.5 for hop 1 (exit is CF6D0AAFB385BE71B8E111FC5CFF4B47923733BC)
Jan 12 13:31:36.000 [debug] onion_extend_cpath(): Path is complete: 1 steps long
Jan 12 13:31:36.000 [debug] circuit_handle_first_hop(): Looking for firsthop '154.35.32.5:443'
Jan 12 13:31:36.000 [info] circuit_handle_first_hop(): Next router is [scrubbed]: Not connected. Connecting.
Jan 12 13:31:36.000 [notice] Bootstrapped 5%: Connecting to directory server.
Jan 12 13:31:36.000 [debug] channel_tls_connect(): In channel_tls_connect() for channel 0x5618a38198c0 (global id 0)
Jan 12 13:31:36.000 [debug] channel_set_identity_digest(): Setting remote endpoint digest on channel 0x5618a38198c0 with global ID 0 to digest CF6D0AAFB385BE71B8E111FC5CFF4B47923733BC
Jan 12 13:31:36.000 [debug] connection_connect(): Connecting to [scrubbed]:443.
Jan 12 13:31:36.000 [debug] connection_connect(): Connection to [scrubbed]:443 in progress (sock 20).
Jan 12 13:31:36.000 [debug] connection_add_impl(): new conn type OR, socket 20, address 154.35.32.5, n_conns 9.
Jan 12 13:31:36.000 [debug] channel_tls_connect(): Got orconn 0x5618a3819a80 for channel with global id 0
Jan 12 13:31:36.000 [debug] channel_register(): Registering channel 0x5618a38198c0 (ID 0) in state opening (1) with digest CF6D0AAFB385BE71B8E111FC5CFF4B47923733BC
Jan 12 13:31:36.000 [debug] channel_add_to_digest_map(): Added channel 0x5618a38198c0 (global ID 0) to identity map in state opening (1) with digest CF6D0AAFB385BE71B8E111FC5CFF4B47923733BC
Jan 12 13:31:36.000 [debug] channel_set_cell_handlers(): Setting cell_handler callback for channel 0x5618a38198c0 to 0x5618a2a52720
Jan 12 13:31:36.000 [debug] channel_set_cell_handlers(): Setting var_cell_handler callback for channel 0x5618a38198c0 to 0x5618a2a51b20
Jan 12 13:31:36.000 [debug] circuit_handle_first_hop(): connecting in progress (or finished). Good.
Jan 12 13:31:36.000 [info] connection_ap_make_link(): ... application connection created and linked.
Jan 12 13:31:36.000 [debug] connection_add_impl(): new conn type Directory, socket -1, address 154.35.32.5, n_conns 10.
Jan 12 13:31:36.000 [info] directory_send_command(): Downloading consensus from 154.35.32.5:443 using /tor/status-vote/current/consensus/14C131+27B6B5+49015F+585769+805509+D586D1+E8A9C4+ED03BB+EFCBE7.z
Jan 12 13:31:36.000 [info] or_state_save(): Saved state to "/users/magesap/TorLatencyNormalizationFiles/ExperimentScripts/tingOnDeter/ting/tor/data/w/state"
Jan 12 13:31:36.000 [debug] conn_read_callback(): socket -1 wants to read.
Jan 12 13:31:36.000 [info] connection_edge_process_inbuf(): data from edge while in 'waiting for circuit' state. Leaving it on buffer.
Jan 12 13:31:36.000 [info] connection_edge_process_inbuf(): data from edge while in 'waiting for circuit' state. Leaving it on buffer.
Jan 12 13:31:36.000 [debug] connection_dir_finished_flushing(): client finished sending command.
Jan 12 13:31:47.000 [info] router_pick_published_address(): Success: chose address '206.117.25.79'.
Jan 12 13:31:58.000 [info] router_pick_published_address(): Success: chose address '206.117.25.79'.
Jan 12 13:32:09.000 [info] router_pick_published_address(): Success: chose address '206.117.25.79'.
Jan 12 13:32:20.000 [info] router_pick_published_address(): Success: chose address '206.117.25.79'.
Jan 12 13:32:31.000 [info] router_pick_published_address(): Success: chose address '206.117.25.79'.
Jan 12 13:32:37.000 [debug] resolve_my_address(): Resolved Address to '206.117.25.79'.
Jan 12 13:32:42.000 [info] router_pick_published_address(): Success: chose address '206.117.25.79'.
Jan 12 13:32:53.000 [info] router_pick_published_address(): Success: chose address '206.117.25.79'.
Jan 12 13:33:04.000 [info] router_pick_published_address(): Success: chose address '206.117.25.79'.
Jan 12 13:33:06.000 [info] dns_launch_wildcard_checks(): Launching checks to see whether our nameservers like to hijack DNS failures.
Jan 12 13:33:06.000 [info] launch_wildcard_check(): Testing whether our DNS server is hijacking nonexistent domains with request for bogus hostname "miijk3uqwifcxgd.invalid"
Jan 12 13:33:06.000 [info] evdns_log_cb(): eventdns: Resolve requested.
Jan 12 13:33:06.000 [info] eventdns: Setting timeout for request 0x5618a381bd20, sent to nameserver 0x5618a3806780
Jan 12 13:33:06.000 [info] launch_wildcard_check(): Testing whether our DNS server is hijacking nonexistent domains with request for bogus hostname "ycq73gjwgug6b.test"
Jan 12 13:33:06.000 [info] evdns_log_cb(): eventdns: Resolve requested.
Jan 12 13:33:06.000 [info] eventdns: Setting timeout for request 0x5618a381be90, sent to nameserver 0x5618a3806780
Jan 12 13:33:06.000 [info] launch_wildcard_check(): Testing whether our DNS server is hijacking nonexistent domains with request for bogus hostname "3b7quysi7js"
Jan 12 13:33:06.000 [info] evdns_log_cb(): eventdns: Resolve requested.
Jan 12 13:33:06.000 [info] eventdns: Setting timeout for request 0x5618a381c000, sent to nameserver 0x5618a3806780
Jan 12 13:33:06.000 [info] launch_wildcard_check(): Testing whether our DNS server is hijacking nonexistent domains with request for bogus hostname "q3kybrotc7cay.com"
Jan 12 13:33:06.000 [info] evdns_log_cb(): eventdns: Resolve requested.
Jan 12 13:33:06.000 [info] eventdns: Setting timeout for request 0x5618a381c170, sent to nameserver 0x5618a3806780
Jan 12 13:33:06.000 [info] launch_wildcard_check(): Testing whether our DNS server is hijacking nonexistent domains with request for bogus hostname "eulvhnqi.org"
Jan 12 13:33:06.000 [info] evdns_log_cb(): eventdns: Resolve requested.
Jan 12 13:33:06.000 [info] eventdns: Setting timeout for request 0x5618a381c340, sent to nameserver 0x5618a3806780
Jan 12 13:33:06.000 [info] launch_wildcard_check(): Testing whether our DNS server is hijacking nonexistent domains with request for bogus hostname "wrlh5o7rns.net"
Jan 12 13:33:06.000 [info] evdns_log_cb(): eventdns: Resolve requested.
Jan 12 13:33:06.000 [info] eventdns: Setting timeout for request 0x5618a381c4f0, sent to nameserver 0x5618a3806780
Jan 12 13:33:06.000 [info] launch_wildcard_check(): Testing whether our DNS server is hijacking nonexistent domains with request for bogus hostname "gzfa.invalid"
Jan 12 13:33:06.000 [info] evdns_log_cb(): eventdns: Resolve requested.
Jan 12 13:33:06.000 [info] eventdns: Setting timeout for request 0x5618a381c6a0, sent to nameserver 0x5618a3806780
Jan 12 13:33:06.000 [info] launch_wildcard_check(): Testing whether our DNS server is hijacking nonexistent domains with request for bogus hostname "xkj6fgoj.test"
Jan 12 13:33:06.000 [info] evdns_log_cb(): eventdns: Resolve requested.
Jan 12 13:33:06.000 [info] eventdns: Setting timeout for request 0x5618a381c850, sent to nameserver 0x5618a3806780
Jan 12 13:33:06.000 [info] launch_wildcard_check(): Testing whether our DNS server is hijacking nonexistent domains with request for bogus hostname "nxyuo7hca"
Jan 12 13:33:06.000 [info] evdns_log_cb(): eventdns: Resolve requested.
Jan 12 13:33:06.000 [info] eventdns: Setting timeout for request 0x5618a381ca00, sent to nameserver 0x5618a3806780
Jan 12 13:33:06.000 [info] launch_wildcard_check(): Testing whether our DNS server is hijacking nonexistent domains with request for bogus hostname "ob5kpcpkb.com"
Jan 12 13:33:06.000 [info] evdns_log_cb(): eventdns: Resolve requested.
Jan 12 13:33:06.000 [info] eventdns: Setting timeout for request 0x5618a381cba0, sent to nameserver 0x5618a3806780
Jan 12 13:33:06.000 [info] launch_wildcard_check(): Testing whether our DNS server is hijacking nonexistent domains with request for bogus hostname "ed7epdqi7xr.org"
Jan 12 13:33:06.000 [info] evdns_log_cb(): eventdns: Resolve requested.
Jan 12 13:33:06.000 [info] eventdns: Setting timeout for request 0x5618a381cd50, sent to nameserver 0x5618a3806780
Jan 12 13:33:06.000 [info] launch_wildcard_check(): Testing whether our DNS server is hijacking nonexistent domains with request for bogus hostname "hfccbjpjypff.net"
Jan 12 13:33:06.000 [info] evdns_log_cb(): eventdns: Resolve requested.
Jan 12 13:33:06.000 [info] eventdns: Setting timeout for request 0x5618a381cf00, sent to nameserver 0x5618a3806780
Jan 12 13:33:06.000 [info] launch_wildcard_check(): Testing whether our DNS server is hijacking nonexistent domains with request for bogus hostname "ltgjiduy3zat4e.invalid"
Jan 12 13:33:06.000 [info] evdns_log_cb(): eventdns: Resolve requested.
Jan 12 13:33:06.000 [info] eventdns: Setting timeout for request 0x5618a381d0b0, sent to nameserver 0x5618a3806780
Jan 12 13:33:06.000 [info] launch_wildcard_check(): Testing whether our DNS server is hijacking nonexistent domains with request for bogus hostname "cyov4i22iksjo7.test"
Jan 12 13:33:06.000 [info] evdns_log_cb(): eventdns: Resolve requested.
Jan 12 13:33:06.000 [info] eventdns: Setting timeout for request 0x5618a381d260, sent to nameserver 0x5618a3806780
Jan 12 13:33:06.000 [info] launch_wildcard_check(): Testing whether our DNS server is hijacking nonexistent domains with request for bogus hostname "urzkglh4"
Jan 12 13:33:06.000 [info] evdns_log_cb(): eventdns: Resolve requested.
Jan 12 13:33:06.000 [info] eventdns: Setting timeout for request 0x5618a381d410, sent to nameserver 0x5618a3806780
Jan 12 13:33:06.000 [info] launch_wildcard_check(): Testing whether our DNS server is hijacking nonexistent domains with request for bogus hostname "kts7qwxf.com"
Jan 12 13:33:06.000 [info] evdns_log_cb(): eventdns: Resolve requested.
Jan 12 13:33:06.000 [info] eventdns: Setting timeout for request 0x5618a381d5b0, sent to nameserver 0x5618a3806780
Jan 12 13:33:06.000 [info] launch_wildcard_check(): Testing whether our DNS server is hijacking nonexistent domains with request for bogus hostname "sgjky3eh.org"
Jan 12 13:33:06.000 [info] evdns_log_cb(): eventdns: Resolve requested.
Jan 12 13:33:06.000 [info] eventdns: Setting timeout for request 0x5618a381d720, sent to nameserver 0x5618a3806780
Jan 12 13:33:06.000 [info] launch_wildcard_check(): Testing whether our DNS server is hijacking nonexistent domains with request for bogus hostname "e4nlpr4au.net"
Jan 12 13:33:06.000 [info] evdns_log_cb(): eventdns: Resolve requested.
Jan 12 13:33:06.000 [info] eventdns: Setting timeout for request 0x5618a381d8d0, sent to nameserver 0x5618a3806780
Jan 12 13:33:06.000 [info] launch_wildcard_check(): Testing whether our DNS server is hijacking nonexistent domains with request for bogus hostname "jyh4hasiepnclbep.invalid"
Jan 12 13:33:06.000 [info] evdns_log_cb(): eventdns: Resolve requested.
Jan 12 13:33:06.000 [info] eventdns: Setting timeout for request 0x5618a381dab0, sent to nameserver 0x5618a3806780
Jan 12 13:33:06.000 [info] launch_wildcard_check(): Testing whether our DNS server is hijacking nonexistent domains with request for bogus hostname "ngd.test"
Jan 12 13:33:06.000 [info] evdns_log_cb(): eventdns: Resolve requested.
Jan 12 13:33:06.000 [info] eventdns: Setting timeout for request 0x5618a381dc60, sent to nameserver 0x5618a3806780
Jan 12 13:33:06.000 [info] launch_wildcard_check(): Testing whether our DNS server is hijacking nonexistent domains with request for bogus hostname "7622j5lkbyoai6ag"
Jan 12 13:33:06.000 [info] evdns_log_cb(): eventdns: Resolve requested.
Jan 12 13:33:06.000 [info] eventdns: Setting timeout for request 0x5618a381de30, sent to nameserver 0x5618a3806780
Jan 12 13:33:06.000 [info] launch_wildcard_check(): Testing whether our DNS server is hijacking nonexistent domains with request for bogus hostname "vpm3impwuxeiwfx.com"
Jan 12 13:33:06.000 [info] evdns_log_cb(): eventdns: Resolve requested.
Jan 12 13:33:06.000 [info] eventdns: Setting timeout for request 0x5618a381e010, sent to nameserver 0x5618a3806780
Jan 12 13:33:06.000 [info] launch_wildcard_check(): Testing whether our DNS server is hijacking nonexistent domains with request for bogus hostname "4uv37kka.org"
Jan 12 13:33:06.000 [info] evdns_log_cb(): eventdns: Resolve requested.
Jan 12 13:33:06.000 [info] eventdns: Setting timeout for request 0x5618a381e1f0, sent to nameserver 0x5618a3806780
Jan 12 13:33:06.000 [info] launch_wildcard_check(): Testing whether our DNS server is hijacking nonexistent domains with request for bogus hostname "nwjtpgwf.net"
Jan 12 13:33:06.000 [info] evdns_log_cb(): eventdns: Resolve requested.
Jan 12 13:33:06.000 [info] eventdns: Setting timeout for request 0x5618a381e3d0, sent to nameserver 0x5618a3806780
Jan 12 13:33:06.000 [info] eventdns: Removing timeout for request 0x5618a381bd20
Jan 12 13:33:06.000 [info] eventdns: Removing timeout for request 0x5618a381c000
Jan 12 13:33:06.000 [info] eventdns: Removing timeout for request 0x5618a381be90
Jan 12 13:33:06.000 [info] eventdns: Removing timeout for request 0x5618a381ca00
Jan 12 13:33:06.000 [info] eventdns: Removing timeout for request 0x5618a381d410
Jan 12 13:33:06.000 [info] eventdns: Removing timeout for request 0x5618a381dc60
Jan 12 13:33:06.000 [info] eventdns: Removing timeout for request 0x5618a381cd50
Jan 12 13:33:06.000 [info] eventdns: Removing timeout for request 0x5618a381d720
Jan 12 13:33:06.000 [info] eventdns: Removing timeout for request 0x5618a381c4f0
Jan 12 13:33:06.000 [info] eventdns: Removing timeout for request 0x5618a381e1f0
Jan 12 13:33:06.000 [info] eventdns: Removing timeout for request 0x5618a381c850
Jan 12 13:33:06.000 [info] eventdns: Removing timeout for request 0x5618a381d0b0
Jan 12 13:33:06.000 [info] eventdns: Removing timeout for request 0x5618a381c340
Jan 12 13:33:06.000 [info] eventdns: Removing timeout for request 0x5618a381d260
Jan 12 13:33:06.000 [info] eventdns: Removing timeout for request 0x5618a381d8d0
Jan 12 13:33:06.000 [info] eventdns: Removing timeout for request 0x5618a381d5b0
Jan 12 13:33:06.000 [info] eventdns: Removing timeout for request 0x5618a381de30
Jan 12 13:33:06.000 [info] eventdns: Removing timeout for request 0x5618a381cba0
Jan 12 13:33:06.000 [info] eventdns: Removing timeout for request 0x5618a381e010
Jan 12 13:33:06.000 [info] eventdns: Removing timeout for request 0x5618a381e3d0
Jan 12 13:33:06.000 [info] eventdns: Removing timeout for request 0x5618a381c170
Jan 12 13:33:06.000 [info] eventdns: Removing timeout for request 0x5618a381cf00
Jan 12 13:33:06.000 [info] eventdns: Removing timeout for request 0x5618a381c6a0
Jan 12 13:33:06.000 [info] eventdns: Removing timeout for request 0x5618a381dab0
Jan 12 13:33:15.000 [info] router_pick_published_address(): Success: chose address '206.117.25.79'.
Jan 12 13:33:26.000 [info] router_pick_published_address(): Success: chose address '206.117.25.79'.
Jan 12 13:33:36.000 [info] connection_ap_expire_beginning(): Tried for 120 seconds to get a connection to [scrubbed]:443. Giving up. (waiting for circuit)
Jan 12 13:33:36.000 [debug] conn_close_if_marked(): Cleaning up connection (fd -1).
Jan 12 13:33:36.000 [debug] connection_remove(): removing socket -1 (type Socks), n_conns now 10
Jan 12 13:33:36.000 [info] connection_free_(): Freeing linked Socks connection [waiting for circuit] with 139 bytes on inbuf, 0 on outbuf.
Jan 12 13:33:36.000 [info] launch_test_addresses(): Launching checks to see whether our nameservers like to hijack *everything*.
Jan 12 13:33:36.000 [info] evdns_log_cb(): eventdns: Resolve requested.
Jan 12 13:33:36.000 [info] eventdns: Setting timeout for request 0x5618a381b9f0, sent to nameserver 0x5618a3806780
Jan 12 13:33:36.000 [info] evdns_log_cb(): eventdns: Resolve requested.
Jan 12 13:33:36.000 [info] eventdns: Setting timeout for request 0x5618a381b7d0, sent to nameserver 0x5618a3806780
Jan 12 13:33:36.000 [info] evdns_log_cb(): eventdns: Resolve requested.
Jan 12 13:33:36.000 [info] eventdns: Setting timeout for request 0x5618a381b400, sent to nameserver 0x5618a3806780
Jan 12 13:33:36.000 [info] evdns_log_cb(): eventdns: Resolve requested.
Jan 12 13:33:36.000 [info] eventdns: Setting timeout for request 0x5618a381b570, sent to nameserver 0x5618a3806780
Jan 12 13:33:36.000 [info] evdns_log_cb(): eventdns: Resolve requested.
Jan 12 13:33:36.000 [info] eventdns: Setting timeout for request 0x5618a3818f50, sent to nameserver 0x5618a3806780
Jan 12 13:33:36.000 [info] evdns_log_cb(): eventdns: Resolve requested.
Jan 12 13:33:36.000 [info] eventdns: Setting timeout for request 0x5618a38190e0, sent to nameserver 0x5618a3806780
Jan 12 13:33:36.000 [info] evdns_log_cb(): eventdns: Resolve requested.
Jan 12 13:33:36.000 [info] eventdns: Setting timeout for request 0x5618a3819270, sent to nameserver 0x5618a3806780
Jan 12 13:33:36.000 [info] evdns_log_cb(): eventdns: Resolve requested.
Jan 12 13:33:36.000 [info] eventdns: Setting timeout for request 0x5618a381c6a0, sent to nameserver 0x5618a3806780
Jan 12 13:33:36.000 [debug] conn_read_callback(): socket -1 wants to read.
Jan 12 13:33:36.000 [info] connection_dir_client_reached_eof(): 'fetch' response not all here, but we're at eof. Closing.
Jan 12 13:33:36.000 [debug] conn_close_if_marked(): Cleaning up connection (fd -1).
Jan 12 13:33:36.000 [info] update_consensus_networkstatus_downloads(): Launching ns networkstatus consensus download.
Jan 12 13:33:36.000 [info] router_pick_published_address(): Success: chose address '206.117.25.79'.
Jan 12 13:33:36.000 [info] router_pick_directory_server(): No reachable router entries for dirservers. Trying them all again.
Jan 12 13:33:36.000 [info] directory_pick_generic_dirserver(): No router found for consensus network-status fetch; falling back to dirserver list.
Jan 12 13:33:36.000 [info] router_pick_published_address(): Success: chose address '206.117.25.79'.
Jan 12 13:33:36.000 [debug] directory_initiate_command_rend(): anonymized 0, use_begindir 1.
Jan 12 13:33:36.000 [debug] directory_initiate_command_rend(): Initiating consensus network-status fetch
Jan 12 13:33:36.000 [info] connection_ap_make_link(): Making internal direct tunnel to [scrubbed]:443 ...
Jan 12 13:33:36.000 [debug] connection_add_impl(): new conn type Socks, socket -1, address (Tor_internal), n_conns 10.
Jan 12 13:33:36.000 [debug] circuit_get_open_circ_or_launch(): one on the way!
Jan 12 13:33:36.000 [info] connection_ap_make_link(): ... application connection created and linked.
Jan 12 13:33:36.000 [debug] connection_add_impl(): new conn type Directory, socket -1, address 154.35.32.5, n_conns 11.
Jan 12 13:33:36.000 [info] directory_send_command(): Downloading consensus from 154.35.32.5:443 using /tor/status-vote/current/consensus/14C131+27B6B5+49015F+585769+805509+D586D1+E8A9C4+ED03BB+EFCBE7.z
Jan 12 13:33:36.000 [debug] connection_remove(): removing socket -1 (type Directory), n_conns now 11
Jan 12 13:33:36.000 [info] connection_free_(): Freeing linked Directory connection [client reading] with 0 bytes on inbuf, 0 on outbuf.
Jan 12 13:33:36.000 [debug] conn_read_callback(): socket -1 wants to read.
Jan 12 13:33:36.000 [info] connection_edge_process_inbuf(): data from edge while in 'waiting for circuit' state. Leaving it on buffer.
Jan 12 13:33:36.000 [info] connection_edge_process_inbuf(): data from edge while in 'waiting for circuit' state. Leaving it on buffer.
Jan 12 13:33:36.000 [debug] connection_dir_finished_flushing(): client finished sending command.
Jan 12 13:33:36.000 [info] eventdns: Removing timeout for request 0x5618a381b9f0
Jan 12 13:33:36.000 [info] eventdns: Removing timeout for request 0x5618a381b7d0
Jan 12 13:33:36.000 [info] eventdns: Removing timeout for request 0x5618a381c6a0
Jan 12 13:33:36.000 [info] eventdns: Removing timeout for request 0x5618a3819270
Jan 12 13:33:36.000 [debug] evdns_callback(): eventdns said that [scrubbed] resolves to [scrubbed]
Jan 12 13:33:36.000 [debug] evdns_callback(): eventdns said that [scrubbed] resolves to [scrubbed]
Jan 12 13:33:36.000 [debug] evdns_callback(): eventdns said that [scrubbed] resolves to [scrubbed]
Jan 12 13:33:36.000 [info] eventdns: Removing timeout for request 0x5618a3818f50
Jan 12 13:33:36.000 [info] eventdns: Removing timeout for request 0x5618a381b400
Jan 12 13:33:36.000 [debug] evdns_callback(): eventdns said that [scrubbed] resolves to [scrubbed]
Jan 12 13:33:36.000 [debug] evdns_callback(): eventdns said that [scrubbed] resolves to [scrubbed]
Jan 12 13:33:36.000 [info] eventdns: Removing timeout for request 0x5618a38190e0
Jan 12 13:33:36.000 [debug] evdns_callback(): eventdns said that [scrubbed] resolves to [scrubbed]
Jan 12 13:33:36.000 [info] eventdns: Removing timeout for request 0x5618a381b570
Jan 12 13:33:36.000 [debug] evdns_callback(): eventdns said that [scrubbed] resolves to [scrubbed]
Jan 12 13:33:37.000 [info] router_pick_published_address(): Success: chose address '206.117.25.79'.
Jan 12 13:33:38.000 [debug] resolve_my_address(): Resolved Address to '206.117.25.79'.
Jan 12 13:33:46.000 [debug] conn_read_callback(): socket 20 wants to read.
Jan 12 13:33:46.000 [info] control_event_bootstrap_problem(): Problem bootstrapping. Stuck at 5%: Connecting to directory server. (Connection timed out; TIMEOUT; count 1; recommendation ignore)
Jan 12 13:33:46.000 [debug] channel_close_for_error(): Closing channel 0x5618a38198c0 due to lower-layer error
Jan 12 13:33:46.000 [debug] channel_change_state(): Changing state of channel 0x5618a38198c0 (global ID 0) from "opening" to "closing"
Jan 12 13:33:46.000 [debug] channel_remove_from_digest_map(): Removed channel 0x5618a38198c0 (global ID 0) from identity map in state closing (4) with digest CF6D0AAFB385BE71B8E111FC5CFF4B47923733BC
Jan 12 13:33:46.000 [debug] connection_mark_for_close_internal_(): Calling connection_mark_for_close_internal_() on an OR conn at src/or/connection.c:2865
Jan 12 13:33:46.000 [debug] conn_close_if_marked(): Cleaning up connection (fd -1).
Jan 12 13:33:46.000 [debug] circuit_n_chan_done(): chan to NULL/154.35.32.5:443, status=0
Jan 12 13:33:46.000 [info] circuit_n_chan_done(): Channel failed; closing circ.
Jan 12 13:33:46.000 [info] circuit_build_failed(): Our circuit died before the first hop with no connection
Jan 12 13:33:46.000 [info] connection_ap_fail_onehop(): Closing one-hop stream to '$CF6D0AAFB385BE71B8E111FC5CFF4B47923733BC/154.35.32.5' because the OR conn just failed.
Jan 12 13:33:46.000 [debug] circuit_increment_failure_count(): n_circuit_failures now 1.
Jan 12 13:33:46.000 [debug] channel_change_state(): Changing state of channel 0x5618a38198c0 (global ID 0) from "closing" to "channel error"
Jan 12 13:33:46.000 [info] connection_or_note_state_when_broken(): Connection died in state 'connect()ing with SSL state (No SSL object)'
Jan 12 13:33:46.000 [debug] connection_remove(): removing socket -1 (type OR), n_conns now 10
Jan 12 13:33:46.000 [debug] conn_close_if_marked(): Cleaning up connection (fd -1).
Jan 12 13:33:46.000 [debug] connection_remove(): removing socket -1 (type Socks), n_conns now 9
Jan 12 13:33:46.000 [info] connection_free_(): Freeing linked Socks connection [waiting for circuit] with 139 bytes on inbuf, 0 on outbuf.
Jan 12 13:33:46.000 [debug] conn_read_callback(): socket -1 wants to read.
Jan 12 13:33:46.000 [info] connection_dir_client_reached_eof(): 'fetch' response not all here, but we're at eof. Closing.
Jan 12 13:33:46.000 [debug] conn_close_if_marked(): Cleaning up connection (fd -1).
Jan 12 13:33:46.000 [debug] connection_remove(): removing socket -1 (type Directory), n_conns now 8
Jan 12 13:33:46.000 [info] connection_free_(): Freeing linked Directory connection [client reading] with 0 bytes on inbuf, 0 on outbuf.
Jan 12 13:33:47.000 [debug] channel_free(): Freeing channel 0 at 0x5618a38198c0
Jan 12 13:33:47.000 [debug] channel_clear_remote_end(): Clearing remote endpoint identity on channel 0x5618a38198c0 with global ID 0
Jan 12 13:33:48.000 [info] router_pick_published_address(): Success: chose address '206.117.25.79'.
Jan 12 13:33:59.000 [info] router_pick_published_address(): Success: chose address '206.117.25.79'.
Jan 12 13:34:10.000 [info] router_pick_published_address(): Success: chose address '206.117.25.79'.
Jan 12 13:34:21.000 [info] router_pick_published_address(): Success: chose address '206.117.25.79'.
Jan 12 13:34:32.000 [info] router_pick_published_address(): Success: chose address '206.117.25.79'.
Jan 12 13:34:39.000 [debug] resolve_my_address(): Resolved Address to '206.117.25.79'.
Jan 12 13:34:43.000 [info] router_pick_published_address(): Success: chose address '206.117.25.79'.
Jan 12 13:34:54.000 [info] router_pick_published_address(): Success: chose address '206.117.25.79'.
Jan 12 13:35:05.000 [info] router_pick_published_address(): Success: chose address '206.117.25.79'.
Jan 12 13:35:16.000 [info] router_pick_published_address(): Success: chose address '206.117.25.79'.
Jan 12 13:35:27.000 [info] router_pick_published_address(): Success: chose address '206.117.25.79'.
Jan 12 13:35:38.000 [info] router_pick_published_address(): Success: chose address '206.117.25.79'.
Jan 12 13:35:40.000 [debug] resolve_my_address(): Resolved Address to '206.117.25.79'.
Jan 12 13:35:40.000 [info] update_consensus_networkstatus_downloads(): Launching ns networkstatus consensus download.
Jan 12 13:35:40.000 [info] router_pick_published_address(): Success: chose address '206.117.25.79'.
Jan 12 13:35:40.000 [info] router_pick_directory_server(): No reachable router entries for dirservers. Trying them all again.
Jan 12 13:35:40.000 [info] directory_pick_generic_dirserver(): No router found for consensus network-status fetch; falling back to dirserver list.
Jan 12 13:35:40.000 [info] router_pick_published_address(): Success: chose address '206.117.25.79'.
Jan 12 13:35:40.000 [debug] directory_initiate_command_rend(): anonymized 0, use_begindir 1.
Jan 12 13:35:40.000 [debug] directory_initiate_command_rend(): Initiating consensus network-status fetch
Jan 12 13:35:40.000 [info] connection_ap_make_link(): Making internal direct tunnel to [scrubbed]:443 ...
Jan 12 13:35:40.000 [debug] connection_add_impl(): new conn type Socks, socket -1, address (Tor_internal), n_conns 8.
Jan 12 13:35:40.000 [debug] circuit_get_open_circ_or_launch(): considering 1, $F2044413DAC2E02E3D6BCF4735A19BCA1DE97281
Jan 12 13:35:40.000 [debug] onion_pick_cpath_exit(): Launching a one-hop circuit for dir tunnel.
Jan 12 13:35:40.000 [info] onion_pick_cpath_exit(): Using requested exit node '$F2044413DAC2E02E3D6BCF4735A19BCA1DE97281~F2044413DAC2E02E3D6 at 212.112.245.170'
Jan 12 13:35:40.000 [debug] onion_extend_cpath(): Path is 0 long; we want 1
Jan 12 13:35:40.000 [debug] onion_extend_cpath(): Chose router $F2044413DAC2E02E3D6BCF4735A19BCA1DE97281~F2044413DAC2E02E3D6 at 212.112.245.170 for hop 1 (exit is F2044413DAC2E02E3D6BCF4735A19BCA1DE97281)
Jan 12 13:35:40.000 [debug] onion_extend_cpath(): Path is complete: 1 steps long
Jan 12 13:35:40.000 [debug] circuit_handle_first_hop(): Looking for firsthop '212.112.245.170:443'
Jan 12 13:35:40.000 [info] circuit_handle_first_hop(): Next router is [scrubbed]: Not connected. Connecting.
Jan 12 13:35:40.000 [debug] channel_tls_connect(): In channel_tls_connect() for channel 0x5618a381b980 (global id 1)
Jan 12 13:35:40.000 [debug] channel_set_identity_digest(): Setting remote endpoint digest on channel 0x5618a381b980 with global ID 1 to digest F2044413DAC2E02E3D6BCF4735A19BCA1DE97281
Jan 12 13:35:40.000 [debug] connection_connect(): Connecting to [scrubbed]:443.
Jan 12 13:35:40.000 [debug] connection_connect(): Connection to [scrubbed]:443 in progress (sock 20).
Jan 12 13:35:40.000 [debug] connection_add_impl(): new conn type OR, socket 20, address 212.112.245.170, n_conns 9.
Jan 12 13:35:40.000 [debug] channel_tls_connect(): Got orconn 0x5618a3815c80 for channel with global id 1
Jan 12 13:35:40.000 [debug] channel_register(): Registering channel 0x5618a381b980 (ID 1) in state opening (1) with digest F2044413DAC2E02E3D6BCF4735A19BCA1DE97281
Jan 12 13:35:40.000 [debug] channel_add_to_digest_map(): Added channel 0x5618a381b980 (global ID 1) to identity map in state opening (1) with digest F2044413DAC2E02E3D6BCF4735A19BCA1DE97281
Jan 12 13:35:40.000 [debug] channel_set_cell_handlers(): Setting cell_handler callback for channel 0x5618a381b980 to 0x5618a2a52720
Jan 12 13:35:40.000 [debug] channel_set_cell_handlers(): Setting var_cell_handler callback for channel 0x5618a381b980 to 0x5618a2a51b20
Jan 12 13:35:40.000 [debug] circuit_handle_first_hop(): connecting in progress (or finished). Good.
Jan 12 13:35:40.000 [info] connection_ap_make_link(): ... application connection created and linked.
Jan 12 13:35:40.000 [debug] connection_add_impl(): new conn type Directory, socket -1, address 212.112.245.170, n_conns 10.
Jan 12 13:35:40.000 [info] directory_send_command(): Downloading consensus from 212.112.245.170:443 using /tor/status-vote/current/consensus/14C131+27B6B5+49015F+585769+805509+D586D1+E8A9C4+ED03BB+EFCBE7.z
Jan 12 13:35:40.000 [debug] conn_read_callback(): socket -1 wants to read.
Jan 12 13:35:40.000 [info] connection_edge_process_inbuf(): data from edge while in 'waiting for circuit' state. Leaving it on buffer.
Jan 12 13:35:40.000 [info] connection_edge_process_inbuf(): data from edge while in 'waiting for circuit' state. Leaving it on buffer.
Jan 12 13:35:40.000 [debug] connection_dir_finished_flushing(): client finished sending command.
Jan 12 13:35:49.000 [info] router_pick_published_address(): Success: chose address '206.117.25.79'.
Jan 12 13:36:00.000 [info] router_pick_published_address(): Success: chose address '206.117.25.79'.
Jan 12 13:36:01.000 [notice] Catching signal TERM, exiting cleanly.
Jan 12 13:36:01.000 [info] or_state_save(): Saved state to "/users/magesap/TorLatencyNormalizationFiles/ExperimentScripts/tingOnDeter/ting/tor/data/w/state"
Jan 12 13:36:01.000 [debug] channel_tls_free_all(): Shutting down TLS channels...
Jan 12 13:36:01.000 [debug] channel_tls_free_all(): Done shutting down TLS channels
Jan 12 13:36:01.000 [debug] channel_free_all(): Shutting down channels...
Jan 12 13:36:01.000 [debug] channel_free_list(): Cleaning up channel 0x5618a381b980 (global ID 1) in state opening (1)
Jan 12 13:36:01.000 [debug] channel_remove_from_digest_map(): Removed channel 0x5618a381b980 (global ID 1) from identity map in state opening (1) with digest F2044413DAC2E02E3D6BCF4735A19BCA1DE97281
Jan 12 13:36:01.000 [debug] channel_mark_for_close(): Closing channel 0x5618a381b980 (global ID 1) by request
Jan 12 13:36:01.000 [debug] channel_change_state(): Changing state of channel 0x5618a381b980 (global ID 1) from "opening" to "closing"
Jan 12 13:36:01.000 [debug] connection_mark_for_close_internal_(): Calling connection_mark_for_close_internal_() on an OR conn at src/or/connection_or.c:1186
Jan 12 13:36:01.000 [debug] channel_force_free(): Force-freeing channel 1 at 0x5618a381b980
Jan 12 13:36:01.000 [debug] channel_clear_remote_end(): Clearing remote endpoint identity on channel 0x5618a381b980 with global ID 1
Jan 12 13:36:01.000 [debug] channel_free_all(): Freeing channel_identity_map
Jan 12 13:36:01.000 [debug] channel_free_all(): Done cleaning up after channels
Jan 12 13:36:01.000 [debug] connection_free_(): closing fd 7.
Jan 12 13:36:01.000 [debug] connection_free_(): closing fd 8.
Jan 12 13:36:01.000 [debug] connection_free_(): closing fd 9.
Jan 12 13:36:01.000 [debug] connection_free_(): closing fd 12.
Jan 12 13:36:01.000 [debug] connection_free_(): closing fd 14.
Jan 12 13:36:01.000 [info] cpuworker_main(): read request failed. Exiting.
Jan 12 13:36:01.000 [info] cpuworker_main(): read request failed. Exiting.
Jan 12 13:36:01.000 [debug] connection_free_(): closing fd 16.
Jan 12 13:36:01.000 [debug] connection_free_(): closing fd 18.
Jan 12 13:36:01.000 [info] connection_free_(): Freeing linked Socks connection [waiting for circuit] with 143 bytes on inbuf, 0 on outbuf.
Jan 12 13:36:01.000 [debug] connection_free_(): closing fd 20.
Jan 12 13:36:01.000 [info] connection_free_(): Freeing linked Directory connection [client reading] with 0 bytes on inbuf, 0 on outbuf.
Jan 12 13:36:01.000 [info] buf_shrink_freelists(): Cleaned freelist for 4096-byte chunks: original length 1, kept 0, dropped 1.
Jan 12 13:36:01.000 [info] buf_shrink_freelists(): Cleaned freelist for 8192-byte chunks: original length 0, kept 0, dropped 0.
Jan 12 13:36:01.000 [info] buf_shrink_freelists(): Cleaned freelist for 16384-byte chunks: original length 0, kept 0, dropped 0.
Jan 12 13:36:01.000 [info] buf_shrink_freelists(): Cleaned freelist for 32768-byte chunks: original length 1, kept 0, dropped 1.
Jan 12 13:36:01.000 [info] cpuworker_main(): read request failed. Exiting.
Jan 12 13:36:01.000 [info] tor_lockfile_unlock(): Unlocking "/users/magesap/TorLatencyNormalizationFiles/ExperimentScripts/tingOnDeter/ting/tor/data/w/lock"
