Jan 12 12:43:13.000 [notice] Tor 0.2.4.22 (git-2ee56e4c2c841a45) opening new log file.
Jan 12 12:43:13.000 [debug] tor_disable_debugger_attach(): Attemping to disable debugger attachment to Tor for unprivileged users.
Jan 12 12:43:13.000 [debug] tor_disable_debugger_attach(): Debugger attachment disabled for unprivileged users.
Jan 12 12:43:13.000 [info] tor_lockfile_lock(): Locking "/users/magesap/TorLatencyNormalizationFiles/ExperimentScripts/tingOnDeter/ting/tor/data/z/lock"
Jan 12 12:43:13.000 [debug] parse_dir_authority_line(): Trusted 100 dirserver at 128.31.0.39:9131 (9695)
Jan 12 12:43:13.000 [debug] parse_dir_authority_line(): Trusted 111 dirserver at 86.59.21.38:80 (847B)
Jan 12 12:43:13.000 [debug] parse_dir_authority_line(): Trusted 102 dirserver at 194.109.206.212:80 (7EA6)
Jan 12 12:43:13.000 [debug] parse_dir_authority_line(): Trusted 16 dirserver at 82.94.251.203:80 (4A0C)
Jan 12 12:43:13.000 [debug] parse_dir_authority_line(): Trusted 100 dirserver at 76.73.17.194:9030 (F397)
Jan 12 12:43:13.000 [debug] parse_dir_authority_line(): Trusted 100 dirserver at 212.112.245.170:80 (F204)
Jan 12 12:43:13.000 [debug] parse_dir_authority_line(): Trusted 100 dirserver at 193.23.244.244:80 (7BE6)
Jan 12 12:43:13.000 [debug] parse_dir_authority_line(): Trusted 100 dirserver at 208.83.223.34:443 (0AD3)
Jan 12 12:43:13.000 [debug] parse_dir_authority_line(): Trusted 100 dirserver at 171.25.193.9:443 (BD6A)
Jan 12 12:43:13.000 [debug] parse_dir_authority_line(): Trusted 100 dirserver at 154.35.32.5:80 (CF6D)
Jan 12 12:43:13.000 [info] or_state_load(): Loaded state from "/users/magesap/TorLatencyNormalizationFiles/ExperimentScripts/tingOnDeter/ting/tor/data/z/state"
Jan 12 12:43:13.000 [debug] circuit_build_times_disabled(): CircuitBuildTime learning is disabled. Consensus=0, Config=1, AuthDir=0, StateFile=0
Jan 12 12:43:13.000 [debug] circuit_build_times_min_timeout(): Bug: circuit_build_times_min_timeout() called, cbtmintimeout is 1500
Jan 12 12:43:13.000 [debug] circuit_build_times_initial_timeout(): Bug: circuit_build_times_initial_timeout() called, cbtinitialtimeout is 60000
Jan 12 12:43:13.000 [debug] circuit_build_times_disabled(): CircuitBuildTime learning is disabled. Consensus=0, Config=1, AuthDir=0, StateFile=0
Jan 12 12:43:13.000 [info] read_file_to_str(): Could not open "/users/magesap/TorLatencyNormalizationFiles/ExperimentScripts/tingOnDeter/ting/tor/data/z/router-stability": No such file or directory
Jan 12 12:43:13.000 [info] cell_ewma_set_scale_factor(): Disabled cell_ewma algorithm because of value in Default value
Jan 12 12:43:13.000 [info] geoip_load_file(): Failed to open GEOIP file /usr/local/share/tor/geoip.  
Jan 12 12:43:13.000 [info] geoip_load_file(): Failed to open GEOIP file /usr/local/share/tor/geoip6.  
Jan 12 12:43:13.000 [info] mark_my_descriptor_dirty(): Decided to publish new relay descriptor: config change
Jan 12 12:43:13.000 [info] crypto_global_init(): OpenSSL version matches version from headers (1000207f: OpenSSL 1.0.2g  1 Mar 2016).
Jan 12 12:43:13.000 [info] crypto_global_init(): NOT using OpenSSL engine support.
Jan 12 12:43:13.000 [info] evaluate_evp_for_aes(): This version of OpenSSL has a known-good EVP counter-mode implementation. Using it.
Jan 12 12:43:13.000 [info] crypto_strongest_rand(): Reading entropy from "/dev/urandom"
Jan 12 12:43:13.000 [info] configure_nameservers(): Parsing resolver configuration in '/etc/resolv.conf'
Jan 12 12:43:13.000 [info] eventdns: Parsing resolv.conf file /etc/resolv.conf
Jan 12 12:43:13.000 [info] eventdns: Added nameserver 192.168.252.1:53 as 0x55ceb47bf530
Jan 12 12:43:13.000 [info] eventdns: Setting maximum allowed timeouts to 16
Jan 12 12:43:13.000 [info] eventdns: Setting timeout to 10
Jan 12 12:43:13.000 [info] init_keys(): Reading/making identity key "/users/magesap/TorLatencyNormalizationFiles/ExperimentScripts/tingOnDeter/ting/tor/data/z/keys/secret_id_key"...
Jan 12 12:43:13.000 [info] init_keys(): Reading/making onion key "/users/magesap/TorLatencyNormalizationFiles/ExperimentScripts/tingOnDeter/ting/tor/data/z/keys/secret_onion_key"...
Jan 12 12:43:13.000 [info] mark_my_descriptor_dirty(): Decided to publish new relay descriptor: set onion key
Jan 12 12:43:13.000 [info] tor_tls_init(): OpenSSL OpenSSL 1.0.2g  1 Mar 2016 looks like version 0.9.8m or later; I will try SSL_OP to enable renegotiation
Jan 12 12:43:13.000 [debug] resolve_my_address(): Resolved Address to '206.117.25.79'.
Jan 12 12:43:13.000 [info] router_pick_published_address(): Success: chose address '206.117.25.79'.
Jan 12 12:43:13.000 [info] router_rebuild_descriptor(): Rebuilding relay descriptor
Jan 12 12:43:13.000 [debug] parse_addr_policy(): Adding new entry 'reject *6:*'
Jan 12 12:43:13.000 [debug] parse_addr_policy(): Adding new entry 'accept 206.117.25.79:10006'
Jan 12 12:43:13.000 [debug] parse_addr_policy(): Adding new entry 'reject *:*'
Jan 12 12:43:13.000 [debug] parse_addr_policy(): Adding new entry 'reject *:25'
Jan 12 12:43:13.000 [debug] parse_addr_policy(): Adding new entry 'reject *:119'
Jan 12 12:43:13.000 [debug] parse_addr_policy(): Adding new entry 'reject *:135-139'
Jan 12 12:43:13.000 [debug] parse_addr_policy(): Adding new entry 'reject *:445'
Jan 12 12:43:13.000 [debug] parse_addr_policy(): Adding new entry 'reject *:563'
Jan 12 12:43:13.000 [debug] parse_addr_policy(): Adding new entry 'reject *:1214'
Jan 12 12:43:13.000 [debug] parse_addr_policy(): Adding new entry 'reject *:4661-4666'
Jan 12 12:43:13.000 [debug] parse_addr_policy(): Adding new entry 'reject *:6346-6429'
Jan 12 12:43:13.000 [debug] parse_addr_policy(): Adding new entry 'reject *:6699'
Jan 12 12:43:13.000 [debug] parse_addr_policy(): Adding new entry 'reject *:6881-6999'
Jan 12 12:43:13.000 [debug] parse_addr_policy(): Adding new entry 'accept *:*'
Jan 12 12:43:13.000 [info] extrainfo_dump_to_string(): Adding stats to extra-info descriptor.
Jan 12 12:43:13.000 [debug] router_get_my_descriptor(): my desc is 'router Unnamed 206.117.25.79 10002 0 0
platform Tor 0.2.4.22 on Linux
protocols Link 1 2 Circuit 1
published 2023-01-12 20:43:13
fingerprint 4D1B D087 46D3 077E B8AD 1457 B4B9 E834 C151 EAC3
uptime 0
bandwidth 1073741824 1073741824 0
extra-info-digest 8A61603190E2BAAD4AA1EA9AA31A591EF94D46B4
caches-extra-info
onion-key
-----BEGIN RSA PUBLIC KEY-----
MIGJAoGBANdcS3vyiz0OqgsyykiuB26iwSI7RHemt+5LnhFss3QTGPP3eP4C+NGi
Hb1cV60dUmdSsTsiUjJY/eLXmm3aFmXCq3E20emxXCbVKijSvrLcMXzG+Vh1qPho
/aowbFK6sdMFgX/QUIfbIXEZfdvpQIvbl84DcCn0kYbLIIwVwaj1AgMBAAE=
-----END RSA PUBLIC KEY-----
signing-key
-----BEGIN RSA PUBLIC KEY-----
MIGJAoGBAMIQ5rxvVEQqZIQaviTxd+X7KSSxPNrjLEaNDLbeuJGXNiqqL4Y4UDsi
/uuI9fOyYae37gv/LxncrWO+eT5gvVEESmdvqL3khwym3Ewqw6l6/R47j81lhYJ8
nism8WvNDgdBjjizKiS9tq8vC/qs9hvrkwaGB0LqzefYzXgj8AqBAgMBAAE=
-----END RSA PUBLIC KEY-----
hidden-service-dir
ntor-onion-key NnLpmlCbVowlK0PPjZamPB3gcu6uQWDBrcPETdIaPUI=
accept 206.117.25.79:10006
reject *:*
router-signature
-----BEGIN SIGNATURE-----
eaUjOrOaGKVo8sDz0uZjIicXfnQYbHEs05SX2Qv0/mqKefCuTMWiSjEWrjqzc6m6
DkbOOZkC7vPey2S7Bbv7eZkHnaAAnksk+F58vThTE0wRIRREsXGZpm4xzmTEO1ki
3mlUBWhanR2mIN1cQFDuCvFnpdRpc9Q2ivj+PLhClks=
-----END SIGNATURE-----

'
Jan 12 12:43:13.000 [info] init_keys(): Dumping fingerprint to "/users/magesap/TorLatencyNormalizationFiles/ExperimentScripts/tingOnDeter/ting/tor/data/z/fingerprint"...
Jan 12 12:43:13.000 [notice] Your Tor server's identity key fingerprint is 'Unnamed 4D1BD08746D3077EB8AD1457B4B9E834C151EAC3'
Jan 12 12:43:13.000 [debug] mp_pool_new(): Capacity is 244, item size is 536, alloc size is 130784
Jan 12 12:43:13.000 [info] Bootstrapped 0%: Starting.
Jan 12 12:43:13.000 [info] read_file_to_str(): Could not open "/users/magesap/TorLatencyNormalizationFiles/ExperimentScripts/tingOnDeter/ting/tor/data/z/cached-certs": No such file or directory
Jan 12 12:43:13.000 [info] read_file_to_str(): Could not open "/users/magesap/TorLatencyNormalizationFiles/ExperimentScripts/tingOnDeter/ting/tor/data/z/cached-consensus": No such file or directory
Jan 12 12:43:13.000 [info] read_file_to_str(): Could not open "/users/magesap/TorLatencyNormalizationFiles/ExperimentScripts/tingOnDeter/ting/tor/data/z/unverified-consensus": No such file or directory
Jan 12 12:43:13.000 [info] read_file_to_str(): Could not open "/users/magesap/TorLatencyNormalizationFiles/ExperimentScripts/tingOnDeter/ting/tor/data/z/cached-microdesc-consensus": No such file or directory
Jan 12 12:43:13.000 [info] read_file_to_str(): Could not open "/users/magesap/TorLatencyNormalizationFiles/ExperimentScripts/tingOnDeter/ting/tor/data/z/unverified-microdesc-consensus": No such file or directory
Jan 12 12:43:13.000 [info] tor_mmap_file(): Could not open "/users/magesap/TorLatencyNormalizationFiles/ExperimentScripts/tingOnDeter/ting/tor/data/z/cached-microdescs" for mmap(): No such file or directory
Jan 12 12:43:13.000 [info] read_file_to_str(): Could not open "/users/magesap/TorLatencyNormalizationFiles/ExperimentScripts/tingOnDeter/ting/tor/data/z/cached-microdescs.new": No such file or directory
Jan 12 12:43:13.000 [info] microdesc_cache_reload(): Reloaded microdescriptor cache. Found 0 descriptors.
Jan 12 12:43:13.000 [info] tor_mmap_file(): Could not open "/users/magesap/TorLatencyNormalizationFiles/ExperimentScripts/tingOnDeter/ting/tor/data/z/cached-descriptors" for mmap(): No such file or directory
Jan 12 12:43:13.000 [info] tor_mmap_file(): Could not open "/users/magesap/TorLatencyNormalizationFiles/ExperimentScripts/tingOnDeter/ting/tor/data/z/cached-extrainfo" for mmap(): No such file or directory
Jan 12 12:43:13.000 [info] I learned some more directory information, but not enough to build a circuit: We have no usable consensus.
Jan 12 12:43:13.000 [info] router_pick_published_address(): Success: chose address '206.117.25.79'.
Jan 12 12:43:13.000 [debug] spawn_cpuworker(): just spawned a cpu worker.
Jan 12 12:43:13.000 [debug] connection_add_impl(): new conn type CPU worker, socket 12, address localhost, n_conns 4.
Jan 12 12:43:13.000 [debug] spawn_cpuworker(): just spawned a cpu worker.
Jan 12 12:43:13.000 [debug] connection_add_impl(): new conn type CPU worker, socket 14, address localhost, n_conns 5.
Jan 12 12:43:13.000 [debug] spawn_cpuworker(): just spawned a cpu worker.
Jan 12 12:43:13.000 [debug] connection_add_impl(): new conn type CPU worker, socket 16, address localhost, n_conns 6.
Jan 12 12:43:13.000 [debug] spawn_cpuworker(): just spawned a cpu worker.
Jan 12 12:43:13.000 [debug] connection_add_impl(): new conn type CPU worker, socket 18, address localhost, n_conns 7.
Jan 12 12:43:14.000 [info] router_pick_published_address(): Success: chose address '206.117.25.79'.
Jan 12 12:43:14.000 [debug] resolve_my_address(): Resolved Address to '206.117.25.79'.
Jan 12 12:43:14.000 [info] update_consensus_networkstatus_downloads(): Launching ns networkstatus consensus download.
Jan 12 12:43:14.000 [info] router_pick_published_address(): Success: chose address '206.117.25.79'.
Jan 12 12:43:14.000 [info] router_pick_directory_server(): No reachable router entries for dirservers. Trying them all again.
Jan 12 12:43:14.000 [info] directory_pick_generic_dirserver(): No router found for consensus network-status fetch; falling back to dirserver list.
Jan 12 12:43:14.000 [info] router_pick_published_address(): Success: chose address '206.117.25.79'.
Jan 12 12:43:14.000 [debug] directory_initiate_command_rend(): anonymized 0, use_begindir 1.
Jan 12 12:43:14.000 [debug] directory_initiate_command_rend(): Initiating consensus network-status fetch
Jan 12 12:43:14.000 [info] connection_ap_make_link(): Making internal direct tunnel to [scrubbed]:443 ...
Jan 12 12:43:14.000 [debug] connection_add_impl(): new conn type Socks, socket -1, address (Tor_internal), n_conns 8.
Jan 12 12:43:14.000 [debug] circuit_get_open_circ_or_launch(): considering 1, $847B1F850344D7876491A54892F904934E4EB85D
Jan 12 12:43:14.000 [debug] onion_pick_cpath_exit(): Launching a one-hop circuit for dir tunnel.
Jan 12 12:43:14.000 [info] onion_pick_cpath_exit(): Using requested exit node '$847B1F850344D7876491A54892F904934E4EB85D~847B1F850344D787649 at 86.59.21.38'
Jan 12 12:43:14.000 [debug] onion_extend_cpath(): Path is 0 long; we want 1
Jan 12 12:43:14.000 [debug] onion_extend_cpath(): Chose router $847B1F850344D7876491A54892F904934E4EB85D~847B1F850344D787649 at 86.59.21.38 for hop 1 (exit is 847B1F850344D7876491A54892F904934E4EB85D)
Jan 12 12:43:14.000 [debug] onion_extend_cpath(): Path is complete: 1 steps long
Jan 12 12:43:14.000 [debug] circuit_handle_first_hop(): Looking for firsthop '86.59.21.38:443'
Jan 12 12:43:14.000 [info] circuit_handle_first_hop(): Next router is [scrubbed]: Not connected. Connecting.
Jan 12 12:43:14.000 [notice] Bootstrapped 5%: Connecting to directory server.
Jan 12 12:43:14.000 [debug] channel_tls_connect(): In channel_tls_connect() for channel 0x55ceb47d0300 (global id 0)
Jan 12 12:43:14.000 [debug] channel_set_identity_digest(): Setting remote endpoint digest on channel 0x55ceb47d0300 with global ID 0 to digest 847B1F850344D7876491A54892F904934E4EB85D
Jan 12 12:43:14.000 [debug] connection_connect(): Connecting to [scrubbed]:443.
Jan 12 12:43:14.000 [debug] connection_connect(): Connection to [scrubbed]:443 in progress (sock 20).
Jan 12 12:43:14.000 [debug] connection_add_impl(): new conn type OR, socket 20, address 86.59.21.38, n_conns 9.
Jan 12 12:43:14.000 [debug] channel_tls_connect(): Got orconn 0x55ceb47d0460 for channel with global id 0
Jan 12 12:43:14.000 [debug] channel_register(): Registering channel 0x55ceb47d0300 (ID 0) in state opening (1) with digest 847B1F850344D7876491A54892F904934E4EB85D
Jan 12 12:43:14.000 [debug] channel_add_to_digest_map(): Added channel 0x55ceb47d0300 (global ID 0) to identity map in state opening (1) with digest 847B1F850344D7876491A54892F904934E4EB85D
Jan 12 12:43:14.000 [debug] channel_set_cell_handlers(): Setting cell_handler callback for channel 0x55ceb47d0300 to 0x55ceb2c05720
Jan 12 12:43:14.000 [debug] channel_set_cell_handlers(): Setting var_cell_handler callback for channel 0x55ceb47d0300 to 0x55ceb2c04b20
Jan 12 12:43:14.000 [debug] circuit_handle_first_hop(): connecting in progress (or finished). Good.
Jan 12 12:43:14.000 [info] connection_ap_make_link(): ... application connection created and linked.
Jan 12 12:43:14.000 [debug] connection_add_impl(): new conn type Directory, socket -1, address 86.59.21.38, n_conns 10.
Jan 12 12:43:14.000 [info] directory_send_command(): Downloading consensus from 86.59.21.38:443 using /tor/status-vote/current/consensus/14C131+27B6B5+49015F+585769+805509+D586D1+E8A9C4+ED03BB+EFCBE7.z
Jan 12 12:43:14.000 [info] or_state_save(): Saved state to "/users/magesap/TorLatencyNormalizationFiles/ExperimentScripts/tingOnDeter/ting/tor/data/z/state"
Jan 12 12:43:14.000 [debug] conn_read_callback(): socket -1 wants to read.
Jan 12 12:43:14.000 [info] connection_edge_process_inbuf(): data from edge while in 'waiting for circuit' state. Leaving it on buffer.
Jan 12 12:43:14.000 [info] connection_edge_process_inbuf(): data from edge while in 'waiting for circuit' state. Leaving it on buffer.
Jan 12 12:43:14.000 [debug] connection_dir_finished_flushing(): client finished sending command.
Jan 12 12:43:14.000 [debug] conn_read_callback(): socket 20 wants to read.
Jan 12 12:43:14.000 [info] control_event_bootstrap_problem(): Problem bootstrapping. Stuck at 5%: Connecting to directory server. (Connection refused; CONNECTREFUSED; count 1; recommendation ignore)
Jan 12 12:43:14.000 [debug] channel_close_for_error(): Closing channel 0x55ceb47d0300 due to lower-layer error
Jan 12 12:43:14.000 [debug] channel_change_state(): Changing state of channel 0x55ceb47d0300 (global ID 0) from "opening" to "closing"
Jan 12 12:43:14.000 [debug] channel_remove_from_digest_map(): Removed channel 0x55ceb47d0300 (global ID 0) from identity map in state closing (4) with digest 847B1F850344D7876491A54892F904934E4EB85D
Jan 12 12:43:14.000 [debug] connection_mark_for_close_internal_(): Calling connection_mark_for_close_internal_() on an OR conn at src/or/connection.c:2865
Jan 12 12:43:14.000 [debug] conn_close_if_marked(): Cleaning up connection (fd -1).
Jan 12 12:43:14.000 [debug] circuit_n_chan_done(): chan to NULL/86.59.21.38:443, status=0
Jan 12 12:43:14.000 [info] circuit_n_chan_done(): Channel failed; closing circ.
Jan 12 12:43:14.000 [info] circuit_build_failed(): Our circuit died before the first hop with no connection
Jan 12 12:43:14.000 [info] connection_ap_fail_onehop(): Closing one-hop stream to '$847B1F850344D7876491A54892F904934E4EB85D/86.59.21.38' because the OR conn just failed.
Jan 12 12:43:14.000 [debug] circuit_increment_failure_count(): n_circuit_failures now 1.
Jan 12 12:43:14.000 [debug] channel_change_state(): Changing state of channel 0x55ceb47d0300 (global ID 0) from "closing" to "channel error"
Jan 12 12:43:14.000 [info] connection_or_note_state_when_broken(): Connection died in state 'connect()ing with SSL state (No SSL object)'
Jan 12 12:43:14.000 [debug] connection_remove(): removing socket -1 (type OR), n_conns now 10
Jan 12 12:43:14.000 [debug] conn_close_if_marked(): Cleaning up connection (fd -1).
Jan 12 12:43:14.000 [debug] connection_remove(): removing socket -1 (type Socks), n_conns now 9
Jan 12 12:43:14.000 [info] connection_free_(): Freeing linked Socks connection [waiting for circuit] with 139 bytes on inbuf, 0 on outbuf.
Jan 12 12:43:14.000 [debug] conn_read_callback(): socket -1 wants to read.
Jan 12 12:43:14.000 [info] connection_dir_client_reached_eof(): 'fetch' response not all here, but we're at eof. Closing.
Jan 12 12:43:14.000 [debug] conn_close_if_marked(): Cleaning up connection (fd -1).
Jan 12 12:43:14.000 [info] update_consensus_networkstatus_downloads(): Launching ns networkstatus consensus download.
Jan 12 12:43:14.000 [info] router_pick_published_address(): Success: chose address '206.117.25.79'.
Jan 12 12:43:14.000 [info] router_pick_directory_server(): No reachable router entries for dirservers. Trying them all again.
Jan 12 12:43:14.000 [info] directory_pick_generic_dirserver(): No router found for consensus network-status fetch; falling back to dirserver list.
Jan 12 12:43:14.000 [info] router_pick_published_address(): Success: chose address '206.117.25.79'.
Jan 12 12:43:14.000 [debug] directory_initiate_command_rend(): anonymized 0, use_begindir 1.
Jan 12 12:43:14.000 [debug] directory_initiate_command_rend(): Initiating consensus network-status fetch
Jan 12 12:43:14.000 [info] connection_ap_make_link(): Making internal direct tunnel to [scrubbed]:443 ...
Jan 12 12:43:14.000 [debug] connection_add_impl(): new conn type Socks, socket -1, address (Tor_internal), n_conns 9.
Jan 12 12:43:14.000 [debug] circuit_get_open_circ_or_launch(): considering 1, $7EA6EAD6FD83083C538F44038BBFA077587DD755
Jan 12 12:43:14.000 [debug] onion_pick_cpath_exit(): Launching a one-hop circuit for dir tunnel.
Jan 12 12:43:14.000 [info] onion_pick_cpath_exit(): Using requested exit node '$7EA6EAD6FD83083C538F44038BBFA077587DD755~7EA6EAD6FD83083C538 at 194.109.206.212'
Jan 12 12:43:14.000 [debug] onion_extend_cpath(): Path is 0 long; we want 1
Jan 12 12:43:14.000 [debug] onion_extend_cpath(): Chose router $7EA6EAD6FD83083C538F44038BBFA077587DD755~7EA6EAD6FD83083C538 at 194.109.206.212 for hop 1 (exit is 7EA6EAD6FD83083C538F44038BBFA077587DD755)
Jan 12 12:43:14.000 [debug] onion_extend_cpath(): Path is complete: 1 steps long
Jan 12 12:43:14.000 [debug] circuit_handle_first_hop(): Looking for firsthop '194.109.206.212:443'
Jan 12 12:43:14.000 [info] circuit_handle_first_hop(): Next router is [scrubbed]: Not connected. Connecting.
Jan 12 12:43:14.000 [debug] channel_tls_connect(): In channel_tls_connect() for channel 0x55ceb47da600 (global id 1)
Jan 12 12:43:14.000 [debug] channel_set_identity_digest(): Setting remote endpoint digest on channel 0x55ceb47da600 with global ID 1 to digest 7EA6EAD6FD83083C538F44038BBFA077587DD755
Jan 12 12:43:14.000 [debug] connection_connect(): Connecting to [scrubbed]:443.
Jan 12 12:43:14.000 [debug] connection_connect(): Connection to [scrubbed]:443 in progress (sock 20).
Jan 12 12:43:14.000 [debug] connection_add_impl(): new conn type OR, socket 20, address 194.109.206.212, n_conns 10.
Jan 12 12:43:14.000 [debug] channel_tls_connect(): Got orconn 0x55ceb47da760 for channel with global id 1
Jan 12 12:43:14.000 [debug] channel_register(): Registering channel 0x55ceb47da600 (ID 1) in state opening (1) with digest 7EA6EAD6FD83083C538F44038BBFA077587DD755
Jan 12 12:43:14.000 [debug] channel_add_to_digest_map(): Added channel 0x55ceb47da600 (global ID 1) to identity map in state opening (1) with digest 7EA6EAD6FD83083C538F44038BBFA077587DD755
Jan 12 12:43:14.000 [debug] channel_set_cell_handlers(): Setting cell_handler callback for channel 0x55ceb47da600 to 0x55ceb2c05720
Jan 12 12:43:14.000 [debug] channel_set_cell_handlers(): Setting var_cell_handler callback for channel 0x55ceb47da600 to 0x55ceb2c04b20
Jan 12 12:43:14.000 [debug] circuit_handle_first_hop(): connecting in progress (or finished). Good.
Jan 12 12:43:14.000 [info] connection_ap_make_link(): ... application connection created and linked.
Jan 12 12:43:14.000 [debug] connection_add_impl(): new conn type Directory, socket -1, address 194.109.206.212, n_conns 11.
Jan 12 12:43:14.000 [info] directory_send_command(): Downloading consensus from 194.109.206.212:443 using /tor/status-vote/current/consensus/14C131+27B6B5+49015F+585769+805509+D586D1+E8A9C4+ED03BB+EFCBE7.z
Jan 12 12:43:14.000 [debug] connection_remove(): removing socket -1 (type Directory), n_conns now 11
Jan 12 12:43:14.000 [info] connection_free_(): Freeing linked Directory connection [client reading] with 0 bytes on inbuf, 0 on outbuf.
Jan 12 12:43:14.000 [debug] conn_read_callback(): socket -1 wants to read.
Jan 12 12:43:14.000 [info] connection_edge_process_inbuf(): data from edge while in 'waiting for circuit' state. Leaving it on buffer.
Jan 12 12:43:14.000 [info] connection_edge_process_inbuf(): data from edge while in 'waiting for circuit' state. Leaving it on buffer.
Jan 12 12:43:14.000 [debug] connection_dir_finished_flushing(): client finished sending command.
Jan 12 12:43:15.000 [debug] channel_free(): Freeing channel 0 at 0x55ceb47d0300
Jan 12 12:43:15.000 [debug] channel_clear_remote_end(): Clearing remote endpoint identity on channel 0x55ceb47d0300 with global ID 0
Jan 12 12:43:25.000 [info] router_pick_published_address(): Success: chose address '206.117.25.79'.
Jan 12 12:43:36.000 [info] router_pick_published_address(): Success: chose address '206.117.25.79'.
Jan 12 12:43:47.000 [info] router_pick_published_address(): Success: chose address '206.117.25.79'.
Jan 12 12:43:58.000 [info] router_pick_published_address(): Success: chose address '206.117.25.79'.
Jan 12 12:44:09.000 [info] router_pick_published_address(): Success: chose address '206.117.25.79'.
Jan 12 12:44:15.000 [debug] resolve_my_address(): Resolved Address to '206.117.25.79'.
Jan 12 12:44:20.000 [info] router_pick_published_address(): Success: chose address '206.117.25.79'.
Jan 12 12:44:31.000 [info] router_pick_published_address(): Success: chose address '206.117.25.79'.
Jan 12 12:44:42.000 [info] router_pick_published_address(): Success: chose address '206.117.25.79'.
Jan 12 12:44:53.000 [info] router_pick_published_address(): Success: chose address '206.117.25.79'.
Jan 12 12:45:04.000 [info] router_pick_published_address(): Success: chose address '206.117.25.79'.
Jan 12 12:45:14.000 [info] connection_ap_expire_beginning(): Tried for 120 seconds to get a connection to [scrubbed]:443. Giving up. (waiting for circuit)
Jan 12 12:45:14.000 [debug] conn_close_if_marked(): Cleaning up connection (fd -1).
Jan 12 12:45:14.000 [debug] connection_remove(): removing socket -1 (type Socks), n_conns now 10
Jan 12 12:45:14.000 [info] connection_free_(): Freeing linked Socks connection [waiting for circuit] with 143 bytes on inbuf, 0 on outbuf.
Jan 12 12:45:14.000 [debug] conn_read_callback(): socket -1 wants to read.
Jan 12 12:45:14.000 [info] connection_dir_client_reached_eof(): 'fetch' response not all here, but we're at eof. Closing.
Jan 12 12:45:14.000 [debug] conn_close_if_marked(): Cleaning up connection (fd -1).
Jan 12 12:45:14.000 [debug] connection_remove(): removing socket -1 (type Directory), n_conns now 9
Jan 12 12:45:14.000 [info] connection_free_(): Freeing linked Directory connection [client reading] with 0 bytes on inbuf, 0 on outbuf.
Jan 12 12:45:15.000 [info] router_pick_published_address(): Success: chose address '206.117.25.79'.
Jan 12 12:45:15.000 [info] dns_launch_wildcard_checks(): Launching checks to see whether our nameservers like to hijack DNS failures.
Jan 12 12:45:15.000 [info] launch_wildcard_check(): Testing whether our DNS server is hijacking nonexistent domains with request for bogus hostname "2g7reizbb.invalid"
Jan 12 12:45:15.000 [info] evdns_log_cb(): eventdns: Resolve requested.
Jan 12 12:45:15.000 [info] eventdns: Setting timeout for request 0x55ceb47d0300, sent to nameserver 0x55ceb47bf530
Jan 12 12:45:15.000 [info] launch_wildcard_check(): Testing whether our DNS server is hijacking nonexistent domains with request for bogus hostname "pgdwk.test"
Jan 12 12:45:15.000 [info] evdns_log_cb(): eventdns: Resolve requested.
Jan 12 12:45:15.000 [info] eventdns: Setting timeout for request 0x55ceb47cfab0, sent to nameserver 0x55ceb47bf530
Jan 12 12:45:15.000 [info] launch_wildcard_check(): Testing whether our DNS server is hijacking nonexistent domains with request for bogus hostname "hqljggh5rwp3xfp"
Jan 12 12:45:15.000 [info] evdns_log_cb(): eventdns: Resolve requested.
Jan 12 12:45:15.000 [info] eventdns: Setting timeout for request 0x55ceb47cfdc0, sent to nameserver 0x55ceb47bf530
Jan 12 12:45:15.000 [info] launch_wildcard_check(): Testing whether our DNS server is hijacking nonexistent domains with request for bogus hostname "idoyokmpoyfrt7v.com"
Jan 12 12:45:15.000 [info] evdns_log_cb(): eventdns: Resolve requested.
Jan 12 12:45:15.000 [info] eventdns: Setting timeout for request 0x55ceb47da0c0, sent to nameserver 0x55ceb47bf530
Jan 12 12:45:15.000 [info] launch_wildcard_check(): Testing whether our DNS server is hijacking nonexistent domains with request for bogus hostname "pgx77f4fd.org"
Jan 12 12:45:15.000 [info] evdns_log_cb(): eventdns: Resolve requested.
Jan 12 12:45:15.000 [info] eventdns: Setting timeout for request 0x55ceb47da270, sent to nameserver 0x55ceb47bf530
Jan 12 12:45:15.000 [info] launch_wildcard_check(): Testing whether our DNS server is hijacking nonexistent domains with request for bogus hostname "hfxzv42em.net"
Jan 12 12:45:15.000 [info] evdns_log_cb(): eventdns: Resolve requested.
Jan 12 12:45:15.000 [info] eventdns: Setting timeout for request 0x55ceb47da420, sent to nameserver 0x55ceb47bf530
Jan 12 12:45:15.000 [info] launch_wildcard_check(): Testing whether our DNS server is hijacking nonexistent domains with request for bogus hostname "4ar.invalid"
Jan 12 12:45:15.000 [info] evdns_log_cb(): eventdns: Resolve requested.
Jan 12 12:45:15.000 [info] eventdns: Setting timeout for request 0x55ceb47dad80, sent to nameserver 0x55ceb47bf530
Jan 12 12:45:15.000 [info] launch_wildcard_check(): Testing whether our DNS server is hijacking nonexistent domains with request for bogus hostname "xb5ise5fp.test"
Jan 12 12:45:15.000 [info] evdns_log_cb(): eventdns: Resolve requested.
Jan 12 12:45:15.000 [info] eventdns: Setting timeout for request 0x55ceb47daef0, sent to nameserver 0x55ceb47bf530
Jan 12 12:45:15.000 [info] launch_wildcard_check(): Testing whether our DNS server is hijacking nonexistent domains with request for bogus hostname "jkehu2sqbp3a2j"
Jan 12 12:45:15.000 [info] evdns_log_cb(): eventdns: Resolve requested.
Jan 12 12:45:15.000 [info] eventdns: Setting timeout for request 0x55ceb47db060, sent to nameserver 0x55ceb47bf530
Jan 12 12:45:15.000 [info] launch_wildcard_check(): Testing whether our DNS server is hijacking nonexistent domains with request for bogus hostname "kbzgjjyb.com"
Jan 12 12:45:15.000 [info] evdns_log_cb(): eventdns: Resolve requested.
Jan 12 12:45:15.000 [info] eventdns: Setting timeout for request 0x55ceb47db1d0, sent to nameserver 0x55ceb47bf530
Jan 12 12:45:15.000 [info] launch_wildcard_check(): Testing whether our DNS server is hijacking nonexistent domains with request for bogus hostname "uivutrumzireq.org"
Jan 12 12:45:15.000 [info] evdns_log_cb(): eventdns: Resolve requested.
Jan 12 12:45:15.000 [info] eventdns: Setting timeout for request 0x55ceb47db340, sent to nameserver 0x55ceb47bf530
Jan 12 12:45:15.000 [info] launch_wildcard_check(): Testing whether our DNS server is hijacking nonexistent domains with request for bogus hostname "pmmxikjevkellp7.net"
Jan 12 12:45:15.000 [info] evdns_log_cb(): eventdns: Resolve requested.
Jan 12 12:45:15.000 [info] eventdns: Setting timeout for request 0x55ceb47db4b0, sent to nameserver 0x55ceb47bf530
Jan 12 12:45:15.000 [info] launch_wildcard_check(): Testing whether our DNS server is hijacking nonexistent domains with request for bogus hostname "afbj.invalid"
Jan 12 12:45:15.000 [info] evdns_log_cb(): eventdns: Resolve requested.
Jan 12 12:45:15.000 [info] eventdns: Setting timeout for request 0x55ceb47db620, sent to nameserver 0x55ceb47bf530
Jan 12 12:45:15.000 [info] launch_wildcard_check(): Testing whether our DNS server is hijacking nonexistent domains with request for bogus hostname "nhixclaxsl4cpw5.test"
Jan 12 12:45:15.000 [info] evdns_log_cb(): eventdns: Resolve requested.
Jan 12 12:45:15.000 [info] eventdns: Setting timeout for request 0x55ceb47db790, sent to nameserver 0x55ceb47bf530
Jan 12 12:45:15.000 [info] launch_wildcard_check(): Testing whether our DNS server is hijacking nonexistent domains with request for bogus hostname "2p3daww4mvaypvw"
Jan 12 12:45:15.000 [info] evdns_log_cb(): eventdns: Resolve requested.
Jan 12 12:45:15.000 [info] eventdns: Setting timeout for request 0x55ceb47db900, sent to nameserver 0x55ceb47bf530
Jan 12 12:45:15.000 [info] launch_wildcard_check(): Testing whether our DNS server is hijacking nonexistent domains with request for bogus hostname "fnsi3czhreof.com"
Jan 12 12:45:15.000 [info] evdns_log_cb(): eventdns: Resolve requested.
Jan 12 12:45:15.000 [info] eventdns: Setting timeout for request 0x55ceb47dba70, sent to nameserver 0x55ceb47bf530
Jan 12 12:45:15.000 [info] launch_wildcard_check(): Testing whether our DNS server is hijacking nonexistent domains with request for bogus hostname "qwlej35bp3syml.org"
Jan 12 12:45:15.000 [info] evdns_log_cb(): eventdns: Resolve requested.
Jan 12 12:45:15.000 [info] eventdns: Setting timeout for request 0x55ceb47dbbe0, sent to nameserver 0x55ceb47bf530
Jan 12 12:45:15.000 [info] launch_wildcard_check(): Testing whether our DNS server is hijacking nonexistent domains with request for bogus hostname "3sdnhfg3q6wiu3.net"
Jan 12 12:45:15.000 [info] evdns_log_cb(): eventdns: Resolve requested.
Jan 12 12:45:15.000 [info] eventdns: Setting timeout for request 0x55ceb47dbd50, sent to nameserver 0x55ceb47bf530
Jan 12 12:45:15.000 [info] launch_wildcard_check(): Testing whether our DNS server is hijacking nonexistent domains with request for bogus hostname "vxqghf.invalid"
Jan 12 12:45:15.000 [info] evdns_log_cb(): eventdns: Resolve requested.
Jan 12 12:45:15.000 [info] eventdns: Setting timeout for request 0x55ceb47dbec0, sent to nameserver 0x55ceb47bf530
Jan 12 12:45:15.000 [info] launch_wildcard_check(): Testing whether our DNS server is hijacking nonexistent domains with request for bogus hostname "opuxrm.test"
Jan 12 12:45:15.000 [info] evdns_log_cb(): eventdns: Resolve requested.
Jan 12 12:45:15.000 [info] eventdns: Setting timeout for request 0x55ceb47dc030, sent to nameserver 0x55ceb47bf530
Jan 12 12:45:15.000 [info] launch_wildcard_check(): Testing whether our DNS server is hijacking nonexistent domains with request for bogus hostname "piyzykq6isjn"
Jan 12 12:45:15.000 [info] evdns_log_cb(): eventdns: Resolve requested.
Jan 12 12:45:15.000 [info] eventdns: Setting timeout for request 0x55ceb47dc1a0, sent to nameserver 0x55ceb47bf530
Jan 12 12:45:15.000 [info] launch_wildcard_check(): Testing whether our DNS server is hijacking nonexistent domains with request for bogus hostname "bugj3mqp6p.com"
Jan 12 12:45:15.000 [info] evdns_log_cb(): eventdns: Resolve requested.
Jan 12 12:45:15.000 [info] eventdns: Setting timeout for request 0x55ceb47dc350, sent to nameserver 0x55ceb47bf530
Jan 12 12:45:15.000 [info] launch_wildcard_check(): Testing whether our DNS server is hijacking nonexistent domains with request for bogus hostname "y3cektv3qkhlh.org"
Jan 12 12:45:15.000 [info] evdns_log_cb(): eventdns: Resolve requested.
Jan 12 12:45:15.000 [info] eventdns: Setting timeout for request 0x55ceb47dc530, sent to nameserver 0x55ceb47bf530
Jan 12 12:45:15.000 [info] launch_wildcard_check(): Testing whether our DNS server is hijacking nonexistent domains with request for bogus hostname "ktni37hvcd.net"
Jan 12 12:45:15.000 [info] evdns_log_cb(): eventdns: Resolve requested.
Jan 12 12:45:15.000 [info] eventdns: Setting timeout for request 0x55ceb47dc710, sent to nameserver 0x55ceb47bf530
Jan 12 12:45:15.000 [info] eventdns: Removing timeout for request 0x55ceb47dbbe0
Jan 12 12:45:15.000 [info] eventdns: Removing timeout for request 0x55ceb47da270
Jan 12 12:45:15.000 [info] eventdns: Removing timeout for request 0x55ceb47db340
Jan 12 12:45:15.000 [info] eventdns: Removing timeout for request 0x55ceb47dc530
Jan 12 12:45:15.000 [info] eventdns: Removing timeout for request 0x55ceb47da420
Jan 12 12:45:15.000 [info] eventdns: Removing timeout for request 0x55ceb47dba70
Jan 12 12:45:15.000 [info] eventdns: Removing timeout for request 0x55ceb47db1d0
Jan 12 12:45:15.000 [info] eventdns: Removing timeout for request 0x55ceb47dbd50
Jan 12 12:45:15.000 [info] eventdns: Removing timeout for request 0x55ceb47db4b0
Jan 12 12:45:15.000 [info] eventdns: Removing timeout for request 0x55ceb47dc350
Jan 12 12:45:15.000 [info] eventdns: Removing timeout for request 0x55ceb47dc710
Jan 12 12:45:15.000 [info] eventdns: Removing timeout for request 0x55ceb47da0c0
Jan 12 12:45:15.000 [info] eventdns: Removing timeout for request 0x55ceb47cfdc0
Jan 12 12:45:15.000 [info] eventdns: Removing timeout for request 0x55ceb47db620
Jan 12 12:45:15.000 [info] eventdns: Removing timeout for request 0x55ceb47dbec0
Jan 12 12:45:15.000 [info] eventdns: Removing timeout for request 0x55ceb47dad80
Jan 12 12:45:15.000 [info] eventdns: Removing timeout for request 0x55ceb47db790
Jan 12 12:45:15.000 [info] eventdns: Removing timeout for request 0x55ceb47cfab0
Jan 12 12:45:15.000 [info] eventdns: Removing timeout for request 0x55ceb47d0300
Jan 12 12:45:15.000 [info] eventdns: Removing timeout for request 0x55ceb47daef0
Jan 12 12:45:15.000 [info] eventdns: Removing timeout for request 0x55ceb47dc1a0
Jan 12 12:45:15.000 [info] eventdns: Removing timeout for request 0x55ceb47db900
Jan 12 12:45:15.000 [info] eventdns: Removing timeout for request 0x55ceb47db060
Jan 12 12:45:15.000 [info] eventdns: Removing timeout for request 0x55ceb47dc030
Jan 12 12:45:16.000 [debug] resolve_my_address(): Resolved Address to '206.117.25.79'.
Jan 12 12:45:24.000 [debug] conn_read_callback(): socket 20 wants to read.
Jan 12 12:45:24.000 [info] control_event_bootstrap_problem(): Problem bootstrapping. Stuck at 5%: Connecting to directory server. (Connection timed out; TIMEOUT; count 2; recommendation ignore)
Jan 12 12:45:24.000 [info] 1 connections have failed:
Jan 12 12:45:24.000 [info]  1 connections died in state connect()ing with SSL state (No SSL object)
Jan 12 12:45:24.000 [debug] channel_close_for_error(): Closing channel 0x55ceb47da600 due to lower-layer error
Jan 12 12:45:24.000 [debug] channel_change_state(): Changing state of channel 0x55ceb47da600 (global ID 1) from "opening" to "closing"
Jan 12 12:45:24.000 [debug] channel_remove_from_digest_map(): Removed channel 0x55ceb47da600 (global ID 1) from identity map in state closing (4) with digest 7EA6EAD6FD83083C538F44038BBFA077587DD755
Jan 12 12:45:24.000 [debug] connection_mark_for_close_internal_(): Calling connection_mark_for_close_internal_() on an OR conn at src/or/connection.c:2865
Jan 12 12:45:24.000 [debug] conn_close_if_marked(): Cleaning up connection (fd -1).
Jan 12 12:45:24.000 [debug] circuit_n_chan_done(): chan to NULL/194.109.206.212:443, status=0
Jan 12 12:45:24.000 [info] circuit_n_chan_done(): Channel failed; closing circ.
Jan 12 12:45:24.000 [info] circuit_build_failed(): Our circuit died before the first hop with no connection
Jan 12 12:45:24.000 [debug] circuit_increment_failure_count(): n_circuit_failures now 2.
Jan 12 12:45:24.000 [debug] channel_change_state(): Changing state of channel 0x55ceb47da600 (global ID 1) from "closing" to "channel error"
Jan 12 12:45:24.000 [info] connection_or_note_state_when_broken(): Connection died in state 'connect()ing with SSL state (No SSL object)'
Jan 12 12:45:24.000 [debug] connection_remove(): removing socket -1 (type OR), n_conns now 8
Jan 12 12:45:24.000 [debug] channel_free(): Freeing channel 1 at 0x55ceb47da600
Jan 12 12:45:24.000 [debug] channel_clear_remote_end(): Clearing remote endpoint identity on channel 0x55ceb47da600 with global ID 1
Jan 12 12:45:26.000 [info] router_pick_published_address(): Success: chose address '206.117.25.79'.
Jan 12 12:45:37.000 [info] router_pick_published_address(): Success: chose address '206.117.25.79'.
Jan 12 12:45:45.000 [info] launch_test_addresses(): Launching checks to see whether our nameservers like to hijack *everything*.
Jan 12 12:45:45.000 [info] evdns_log_cb(): eventdns: Resolve requested.
Jan 12 12:45:45.000 [info] eventdns: Setting timeout for request 0x55ceb47da270, sent to nameserver 0x55ceb47bf530
Jan 12 12:45:45.000 [info] evdns_log_cb(): eventdns: Resolve requested.
Jan 12 12:45:45.000 [info] eventdns: Setting timeout for request 0x55ceb47dc530, sent to nameserver 0x55ceb47bf530
Jan 12 12:45:45.000 [info] evdns_log_cb(): eventdns: Resolve requested.
Jan 12 12:45:45.000 [info] eventdns: Setting timeout for request 0x55ceb47da420, sent to nameserver 0x55ceb47bf530
Jan 12 12:45:45.000 [info] evdns_log_cb(): eventdns: Resolve requested.
Jan 12 12:45:45.000 [info] eventdns: Setting timeout for request 0x55ceb47dc350, sent to nameserver 0x55ceb47bf530
Jan 12 12:45:45.000 [info] evdns_log_cb(): eventdns: Resolve requested.
Jan 12 12:45:45.000 [info] eventdns: Setting timeout for request 0x55ceb47dc710, sent to nameserver 0x55ceb47bf530
Jan 12 12:45:45.000 [info] evdns_log_cb(): eventdns: Resolve requested.
Jan 12 12:45:45.000 [info] eventdns: Setting timeout for request 0x55ceb47da0c0, sent to nameserver 0x55ceb47bf530
Jan 12 12:45:45.000 [info] evdns_log_cb(): eventdns: Resolve requested.
Jan 12 12:45:45.000 [info] eventdns: Setting timeout for request 0x55ceb47cfdc0, sent to nameserver 0x55ceb47bf530
Jan 12 12:45:45.000 [info] evdns_log_cb(): eventdns: Resolve requested.
Jan 12 12:45:45.000 [info] eventdns: Setting timeout for request 0x55ceb47da600, sent to nameserver 0x55ceb47bf530
Jan 12 12:45:45.000 [info] eventdns: Removing timeout for request 0x55ceb47da270
Jan 12 12:45:45.000 [debug] evdns_callback(): eventdns said that [scrubbed] resolves to [scrubbed]
Jan 12 12:45:45.000 [info] eventdns: Removing timeout for request 0x55ceb47dc530
Jan 12 12:45:45.000 [debug] evdns_callback(): eventdns said that [scrubbed] resolves to [scrubbed]
Jan 12 12:45:45.000 [info] eventdns: Removing timeout for request 0x55ceb47da600
Jan 12 12:45:45.000 [info] eventdns: Removing timeout for request 0x55ceb47cfdc0
Jan 12 12:45:45.000 [debug] evdns_callback(): eventdns said that [scrubbed] resolves to [scrubbed]
Jan 12 12:45:45.000 [info] eventdns: Removing timeout for request 0x55ceb47dc350
Jan 12 12:45:45.000 [debug] evdns_callback(): eventdns said that [scrubbed] resolves to [scrubbed]
Jan 12 12:45:45.000 [info] eventdns: Removing timeout for request 0x55ceb47da420
Jan 12 12:45:45.000 [debug] evdns_callback(): eventdns said that [scrubbed] resolves to [scrubbed]
Jan 12 12:45:45.000 [info] eventdns: Removing timeout for request 0x55ceb47dc710
Jan 12 12:45:45.000 [debug] evdns_callback(): eventdns said that [scrubbed] resolves to [scrubbed]
Jan 12 12:45:46.000 [info] eventdns: Removing timeout for request 0x55ceb47da0c0
Jan 12 12:45:46.000 [debug] evdns_callback(): eventdns said that [scrubbed] resolves to [scrubbed]
Jan 12 12:45:48.000 [info] router_pick_published_address(): Success: chose address '206.117.25.79'.
Jan 12 12:45:59.000 [info] router_pick_published_address(): Success: chose address '206.117.25.79'.
Jan 12 12:46:10.000 [info] router_pick_published_address(): Success: chose address '206.117.25.79'.
Jan 12 12:46:17.000 [debug] resolve_my_address(): Resolved Address to '206.117.25.79'.
Jan 12 12:46:17.000 [info] update_consensus_networkstatus_downloads(): Launching ns networkstatus consensus download.
Jan 12 12:46:17.000 [info] router_pick_published_address(): Success: chose address '206.117.25.79'.
Jan 12 12:46:17.000 [info] router_pick_directory_server(): No reachable router entries for dirservers. Trying them all again.
Jan 12 12:46:17.000 [info] directory_pick_generic_dirserver(): No router found for consensus network-status fetch; falling back to dirserver list.
Jan 12 12:46:17.000 [info] router_pick_published_address(): Success: chose address '206.117.25.79'.
Jan 12 12:46:17.000 [debug] directory_initiate_command_rend(): anonymized 0, use_begindir 1.
Jan 12 12:46:17.000 [debug] directory_initiate_command_rend(): Initiating consensus network-status fetch
Jan 12 12:46:17.000 [info] connection_ap_make_link(): Making internal direct tunnel to [scrubbed]:9090 ...
Jan 12 12:46:17.000 [debug] connection_add_impl(): new conn type Socks, socket -1, address (Tor_internal), n_conns 8.
Jan 12 12:46:17.000 [debug] circuit_get_open_circ_or_launch(): considering 1, $F397038ADC51336135E7B80BD99CA3844360292B
Jan 12 12:46:17.000 [debug] onion_pick_cpath_exit(): Launching a one-hop circuit for dir tunnel.
Jan 12 12:46:17.000 [info] onion_pick_cpath_exit(): Using requested exit node '$F397038ADC51336135E7B80BD99CA3844360292B~F397038ADC51336135E at 76.73.17.194'
Jan 12 12:46:17.000 [debug] onion_extend_cpath(): Path is 0 long; we want 1
Jan 12 12:46:17.000 [debug] onion_extend_cpath(): Chose router $F397038ADC51336135E7B80BD99CA3844360292B~F397038ADC51336135E at 76.73.17.194 for hop 1 (exit is F397038ADC51336135E7B80BD99CA3844360292B)
Jan 12 12:46:17.000 [debug] onion_extend_cpath(): Path is complete: 1 steps long
Jan 12 12:46:17.000 [debug] circuit_handle_first_hop(): Looking for firsthop '76.73.17.194:9090'
Jan 12 12:46:17.000 [info] circuit_handle_first_hop(): Next router is [scrubbed]: Not connected. Connecting.
Jan 12 12:46:17.000 [debug] channel_tls_connect(): In channel_tls_connect() for channel 0x55ceb47d0300 (global id 2)
Jan 12 12:46:17.000 [debug] channel_set_identity_digest(): Setting remote endpoint digest on channel 0x55ceb47d0300 with global ID 2 to digest F397038ADC51336135E7B80BD99CA3844360292B
Jan 12 12:46:17.000 [debug] connection_connect(): Connecting to [scrubbed]:9090.
Jan 12 12:46:17.000 [debug] connection_connect(): Connection to [scrubbed]:9090 in progress (sock 20).
Jan 12 12:46:17.000 [debug] connection_add_impl(): new conn type OR, socket 20, address 76.73.17.194, n_conns 9.
Jan 12 12:46:17.000 [debug] channel_tls_connect(): Got orconn 0x55ceb47d0b90 for channel with global id 2
Jan 12 12:46:17.000 [debug] channel_register(): Registering channel 0x55ceb47d0300 (ID 2) in state opening (1) with digest F397038ADC51336135E7B80BD99CA3844360292B
Jan 12 12:46:17.000 [debug] channel_add_to_digest_map(): Added channel 0x55ceb47d0300 (global ID 2) to identity map in state opening (1) with digest F397038ADC51336135E7B80BD99CA3844360292B
Jan 12 12:46:17.000 [debug] channel_set_cell_handlers(): Setting cell_handler callback for channel 0x55ceb47d0300 to 0x55ceb2c05720
Jan 12 12:46:17.000 [debug] channel_set_cell_handlers(): Setting var_cell_handler callback for channel 0x55ceb47d0300 to 0x55ceb2c04b20
Jan 12 12:46:17.000 [debug] circuit_handle_first_hop(): connecting in progress (or finished). Good.
Jan 12 12:46:17.000 [info] connection_ap_make_link(): ... application connection created and linked.
Jan 12 12:46:17.000 [debug] connection_add_impl(): new conn type Directory, socket -1, address 76.73.17.194, n_conns 10.
Jan 12 12:46:17.000 [info] directory_send_command(): Downloading consensus from 76.73.17.194:9090 using /tor/status-vote/current/consensus/14C131+27B6B5+49015F+585769+805509+D586D1+E8A9C4+ED03BB+EFCBE7.z
Jan 12 12:46:17.000 [debug] conn_read_callback(): socket -1 wants to read.
Jan 12 12:46:17.000 [info] connection_edge_process_inbuf(): data from edge while in 'waiting for circuit' state. Leaving it on buffer.
Jan 12 12:46:17.000 [info] connection_edge_process_inbuf(): data from edge while in 'waiting for circuit' state. Leaving it on buffer.
Jan 12 12:46:17.000 [debug] connection_dir_finished_flushing(): client finished sending command.
Jan 12 12:46:21.000 [info] router_pick_published_address(): Success: chose address '206.117.25.79'.
Jan 12 12:46:32.000 [info] router_pick_published_address(): Success: chose address '206.117.25.79'.
Jan 12 12:46:43.000 [info] router_pick_published_address(): Success: chose address '206.117.25.79'.
Jan 12 12:46:54.000 [info] router_pick_published_address(): Success: chose address '206.117.25.79'.
Jan 12 12:47:05.000 [info] router_pick_published_address(): Success: chose address '206.117.25.79'.
Jan 12 12:47:16.000 [info] router_pick_published_address(): Success: chose address '206.117.25.79'.
Jan 12 12:47:18.000 [debug] resolve_my_address(): Resolved Address to '206.117.25.79'.
Jan 12 12:47:27.000 [info] router_pick_published_address(): Success: chose address '206.117.25.79'.
Jan 12 12:47:38.000 [info] router_pick_published_address(): Success: chose address '206.117.25.79'.
Jan 12 12:47:49.000 [info] router_pick_published_address(): Success: chose address '206.117.25.79'.
Jan 12 12:48:00.000 [info] router_pick_published_address(): Success: chose address '206.117.25.79'.
Jan 12 12:48:11.000 [info] router_pick_published_address(): Success: chose address '206.117.25.79'.
Jan 12 12:48:17.000 [info] connection_ap_expire_beginning(): Tried for 120 seconds to get a connection to [scrubbed]:9090. Giving up. (waiting for circuit)
Jan 12 12:48:17.000 [debug] conn_close_if_marked(): Cleaning up connection (fd -1).
Jan 12 12:48:17.000 [debug] connection_remove(): removing socket -1 (type Socks), n_conns now 10
Jan 12 12:48:17.000 [info] connection_free_(): Freeing linked Socks connection [waiting for circuit] with 141 bytes on inbuf, 0 on outbuf.
Jan 12 12:48:17.000 [debug] conn_read_callback(): socket -1 wants to read.
Jan 12 12:48:17.000 [info] connection_dir_client_reached_eof(): 'fetch' response not all here, but we're at eof. Closing.
Jan 12 12:48:17.000 [debug] conn_close_if_marked(): Cleaning up connection (fd -1).
Jan 12 12:48:17.000 [debug] connection_remove(): removing socket -1 (type Directory), n_conns now 9
Jan 12 12:48:17.000 [info] connection_free_(): Freeing linked Directory connection [client reading] with 0 bytes on inbuf, 0 on outbuf.
Jan 12 12:48:19.000 [debug] resolve_my_address(): Resolved Address to '206.117.25.79'.
Jan 12 12:48:22.000 [info] router_pick_published_address(): Success: chose address '206.117.25.79'.
Jan 12 12:48:28.000 [debug] conn_read_callback(): socket 20 wants to read.
Jan 12 12:48:28.000 [info] control_event_bootstrap_problem(): Problem bootstrapping. Stuck at 5%: Connecting to directory server. (Connection timed out; TIMEOUT; count 3; recommendation ignore)
Jan 12 12:48:28.000 [info] 2 connections have failed:
Jan 12 12:48:28.000 [info]  2 connections died in state connect()ing with SSL state (No SSL object)
Jan 12 12:48:28.000 [debug] channel_close_for_error(): Closing channel 0x55ceb47d0300 due to lower-layer error
Jan 12 12:48:28.000 [debug] channel_change_state(): Changing state of channel 0x55ceb47d0300 (global ID 2) from "opening" to "closing"
Jan 12 12:48:28.000 [debug] channel_remove_from_digest_map(): Removed channel 0x55ceb47d0300 (global ID 2) from identity map in state closing (4) with digest F397038ADC51336135E7B80BD99CA3844360292B
Jan 12 12:48:28.000 [debug] connection_mark_for_close_internal_(): Calling connection_mark_for_close_internal_() on an OR conn at src/or/connection.c:2865
Jan 12 12:48:28.000 [debug] conn_close_if_marked(): Cleaning up connection (fd -1).
Jan 12 12:48:28.000 [debug] circuit_n_chan_done(): chan to NULL/76.73.17.194:9090, status=0
Jan 12 12:48:28.000 [info] circuit_n_chan_done(): Channel failed; closing circ.
Jan 12 12:48:28.000 [info] circuit_build_failed(): Our circuit died before the first hop with no connection
Jan 12 12:48:28.000 [debug] circuit_increment_failure_count(): n_circuit_failures now 3.
Jan 12 12:48:28.000 [debug] channel_change_state(): Changing state of channel 0x55ceb47d0300 (global ID 2) from "closing" to "channel error"
Jan 12 12:48:28.000 [info] connection_or_note_state_when_broken(): Connection died in state 'connect()ing with SSL state (No SSL object)'
Jan 12 12:48:28.000 [debug] connection_remove(): removing socket -1 (type OR), n_conns now 8
Jan 12 12:48:28.000 [debug] channel_free(): Freeing channel 2 at 0x55ceb47d0300
Jan 12 12:48:28.000 [debug] channel_clear_remote_end(): Clearing remote endpoint identity on channel 0x55ceb47d0300 with global ID 2
Jan 12 12:48:33.000 [info] router_pick_published_address(): Success: chose address '206.117.25.79'.
Jan 12 12:48:44.000 [info] router_pick_published_address(): Success: chose address '206.117.25.79'.
Jan 12 12:48:55.000 [info] router_pick_published_address(): Success: chose address '206.117.25.79'.
Jan 12 12:49:06.000 [info] router_pick_published_address(): Success: chose address '206.117.25.79'.
Jan 12 12:49:17.000 [info] router_pick_published_address(): Success: chose address '206.117.25.79'.
Jan 12 12:49:20.000 [debug] resolve_my_address(): Resolved Address to '206.117.25.79'.
Jan 12 12:49:28.000 [info] router_pick_published_address(): Success: chose address '206.117.25.79'.
Jan 12 12:49:39.000 [info] router_pick_published_address(): Success: chose address '206.117.25.79'.
Jan 12 12:49:50.000 [info] router_pick_published_address(): Success: chose address '206.117.25.79'.
Jan 12 12:50:01.000 [info] router_pick_published_address(): Success: chose address '206.117.25.79'.
Jan 12 12:50:12.000 [info] router_pick_published_address(): Success: chose address '206.117.25.79'.
Jan 12 12:50:21.000 [debug] resolve_my_address(): Resolved Address to '206.117.25.79'.
Jan 12 12:50:23.000 [info] router_pick_published_address(): Success: chose address '206.117.25.79'.
Jan 12 12:50:34.000 [info] router_pick_published_address(): Success: chose address '206.117.25.79'.
Jan 12 12:50:45.000 [info] router_pick_published_address(): Success: chose address '206.117.25.79'.
Jan 12 12:50:56.000 [info] router_pick_published_address(): Success: chose address '206.117.25.79'.
Jan 12 12:51:07.000 [info] router_pick_published_address(): Success: chose address '206.117.25.79'.
Jan 12 12:51:18.000 [info] router_pick_published_address(): Success: chose address '206.117.25.79'.
Jan 12 12:51:22.000 [debug] resolve_my_address(): Resolved Address to '206.117.25.79'.
Jan 12 12:51:29.000 [info] router_pick_published_address(): Success: chose address '206.117.25.79'.
Jan 12 12:51:40.000 [info] router_pick_published_address(): Success: chose address '206.117.25.79'.
Jan 12 12:51:51.000 [info] router_pick_published_address(): Success: chose address '206.117.25.79'.
Jan 12 12:52:02.000 [info] router_pick_published_address(): Success: chose address '206.117.25.79'.
Jan 12 12:52:13.000 [info] router_pick_published_address(): Success: chose address '206.117.25.79'.
Jan 12 12:52:23.000 [debug] resolve_my_address(): Resolved Address to '206.117.25.79'.
Jan 12 12:52:24.000 [info] router_pick_published_address(): Success: chose address '206.117.25.79'.
Jan 12 12:52:35.000 [info] router_pick_published_address(): Success: chose address '206.117.25.79'.
Jan 12 12:52:46.000 [info] router_pick_published_address(): Success: chose address '206.117.25.79'.
Jan 12 12:52:57.000 [info] router_pick_published_address(): Success: chose address '206.117.25.79'.
Jan 12 12:53:08.000 [info] router_pick_published_address(): Success: chose address '206.117.25.79'.
Jan 12 12:53:19.000 [info] router_pick_published_address(): Success: chose address '206.117.25.79'.
Jan 12 12:53:24.000 [debug] resolve_my_address(): Resolved Address to '206.117.25.79'.
Jan 12 12:53:24.000 [info] update_consensus_networkstatus_downloads(): Launching ns networkstatus consensus download.
Jan 12 12:53:24.000 [info] router_pick_published_address(): Success: chose address '206.117.25.79'.
Jan 12 12:53:24.000 [info] router_pick_directory_server(): No reachable router entries for dirservers. Trying them all again.
Jan 12 12:53:24.000 [info] directory_pick_generic_dirserver(): No router found for consensus network-status fetch; falling back to dirserver list.
Jan 12 12:53:24.000 [info] router_pick_published_address(): Success: chose address '206.117.25.79'.
Jan 12 12:53:24.000 [debug] directory_initiate_command_rend(): anonymized 0, use_begindir 1.
Jan 12 12:53:24.000 [debug] directory_initiate_command_rend(): Initiating consensus network-status fetch
Jan 12 12:53:24.000 [info] connection_ap_make_link(): Making internal direct tunnel to [scrubbed]:443 ...
Jan 12 12:53:24.000 [debug] connection_add_impl(): new conn type Socks, socket -1, address (Tor_internal), n_conns 8.
Jan 12 12:53:24.000 [debug] circuit_get_open_circ_or_launch(): considering 1, $CF6D0AAFB385BE71B8E111FC5CFF4B47923733BC
Jan 12 12:53:24.000 [debug] onion_pick_cpath_exit(): Launching a one-hop circuit for dir tunnel.
Jan 12 12:53:24.000 [info] onion_pick_cpath_exit(): Using requested exit node '$CF6D0AAFB385BE71B8E111FC5CFF4B47923733BC~CF6D0AAFB385BE71B8E at 154.35.32.5'
Jan 12 12:53:24.000 [debug] onion_extend_cpath(): Path is 0 long; we want 1
Jan 12 12:53:24.000 [debug] onion_extend_cpath(): Chose router $CF6D0AAFB385BE71B8E111FC5CFF4B47923733BC~CF6D0AAFB385BE71B8E at 154.35.32.5 for hop 1 (exit is CF6D0AAFB385BE71B8E111FC5CFF4B47923733BC)
Jan 12 12:53:24.000 [debug] onion_extend_cpath(): Path is complete: 1 steps long
Jan 12 12:53:24.000 [debug] circuit_handle_first_hop(): Looking for firsthop '154.35.32.5:443'
Jan 12 12:53:24.000 [info] circuit_handle_first_hop(): Next router is [scrubbed]: Not connected. Connecting.
Jan 12 12:53:24.000 [debug] channel_tls_connect(): In channel_tls_connect() for channel 0x55ceb47da170 (global id 3)
Jan 12 12:53:24.000 [debug] channel_set_identity_digest(): Setting remote endpoint digest on channel 0x55ceb47da170 with global ID 3 to digest CF6D0AAFB385BE71B8E111FC5CFF4B47923733BC
Jan 12 12:53:24.000 [debug] connection_connect(): Connecting to [scrubbed]:443.
Jan 12 12:53:24.000 [debug] connection_connect(): Connection to [scrubbed]:443 in progress (sock 20).
Jan 12 12:53:24.000 [debug] connection_add_impl(): new conn type OR, socket 20, address 154.35.32.5, n_conns 9.
Jan 12 12:53:24.000 [debug] channel_tls_connect(): Got orconn 0x55ceb47cf870 for channel with global id 3
Jan 12 12:53:24.000 [debug] channel_register(): Registering channel 0x55ceb47da170 (ID 3) in state opening (1) with digest CF6D0AAFB385BE71B8E111FC5CFF4B47923733BC
Jan 12 12:53:24.000 [debug] channel_add_to_digest_map(): Added channel 0x55ceb47da170 (global ID 3) to identity map in state opening (1) with digest CF6D0AAFB385BE71B8E111FC5CFF4B47923733BC
Jan 12 12:53:24.000 [debug] channel_set_cell_handlers(): Setting cell_handler callback for channel 0x55ceb47da170 to 0x55ceb2c05720
Jan 12 12:53:24.000 [debug] channel_set_cell_handlers(): Setting var_cell_handler callback for channel 0x55ceb47da170 to 0x55ceb2c04b20
Jan 12 12:53:24.000 [debug] circuit_handle_first_hop(): connecting in progress (or finished). Good.
Jan 12 12:53:24.000 [info] connection_ap_make_link(): ... application connection created and linked.
Jan 12 12:53:24.000 [debug] connection_add_impl(): new conn type Directory, socket -1, address 154.35.32.5, n_conns 10.
Jan 12 12:53:24.000 [info] directory_send_command(): Downloading consensus from 154.35.32.5:443 using /tor/status-vote/current/consensus/14C131+27B6B5+49015F+585769+805509+D586D1+E8A9C4+ED03BB+EFCBE7.z
Jan 12 12:53:24.000 [debug] conn_read_callback(): socket -1 wants to read.
Jan 12 12:53:24.000 [info] connection_edge_process_inbuf(): data from edge while in 'waiting for circuit' state. Leaving it on buffer.
Jan 12 12:53:24.000 [info] connection_edge_process_inbuf(): data from edge while in 'waiting for circuit' state. Leaving it on buffer.
Jan 12 12:53:24.000 [debug] connection_dir_finished_flushing(): client finished sending command.
Jan 12 12:53:30.000 [info] router_pick_published_address(): Success: chose address '206.117.25.79'.
Jan 12 12:53:41.000 [info] router_pick_published_address(): Success: chose address '206.117.25.79'.
Jan 12 12:53:52.000 [info] router_pick_published_address(): Success: chose address '206.117.25.79'.
Jan 12 12:54:03.000 [info] router_pick_published_address(): Success: chose address '206.117.25.79'.
Jan 12 12:54:14.000 [info] router_pick_published_address(): Success: chose address '206.117.25.79'.
Jan 12 12:54:25.000 [info] router_pick_published_address(): Success: chose address '206.117.25.79'.
Jan 12 12:54:25.000 [debug] resolve_my_address(): Resolved Address to '206.117.25.79'.
Jan 12 12:54:36.000 [info] router_pick_published_address(): Success: chose address '206.117.25.79'.
Jan 12 12:54:47.000 [info] router_pick_published_address(): Success: chose address '206.117.25.79'.
Jan 12 12:54:58.000 [info] router_pick_published_address(): Success: chose address '206.117.25.79'.
Jan 12 12:55:09.000 [info] router_pick_published_address(): Success: chose address '206.117.25.79'.
Jan 12 12:55:20.000 [info] router_pick_published_address(): Success: chose address '206.117.25.79'.
Jan 12 12:55:24.000 [info] connection_ap_expire_beginning(): Tried for 120 seconds to get a connection to [scrubbed]:443. Giving up. (waiting for circuit)
Jan 12 12:55:24.000 [debug] conn_close_if_marked(): Cleaning up connection (fd -1).
Jan 12 12:55:24.000 [debug] connection_remove(): removing socket -1 (type Socks), n_conns now 10
Jan 12 12:55:24.000 [info] connection_free_(): Freeing linked Socks connection [waiting for circuit] with 139 bytes on inbuf, 0 on outbuf.
Jan 12 12:55:24.000 [debug] conn_read_callback(): socket -1 wants to read.
Jan 12 12:55:24.000 [info] connection_dir_client_reached_eof(): 'fetch' response not all here, but we're at eof. Closing.
Jan 12 12:55:24.000 [debug] conn_close_if_marked(): Cleaning up connection (fd -1).
Jan 12 12:55:24.000 [debug] connection_remove(): removing socket -1 (type Directory), n_conns now 9
Jan 12 12:55:24.000 [info] connection_free_(): Freeing linked Directory connection [client reading] with 0 bytes on inbuf, 0 on outbuf.
Jan 12 12:55:26.000 [debug] resolve_my_address(): Resolved Address to '206.117.25.79'.
Jan 12 12:55:31.000 [info] router_pick_published_address(): Success: chose address '206.117.25.79'.
Jan 12 12:55:34.000 [debug] conn_read_callback(): socket 20 wants to read.
Jan 12 12:55:34.000 [info] control_event_bootstrap_problem(): Problem bootstrapping. Stuck at 5%: Connecting to directory server. (Connection timed out; TIMEOUT; count 4; recommendation ignore)
Jan 12 12:55:34.000 [info] 3 connections have failed:
Jan 12 12:55:34.000 [info]  3 connections died in state connect()ing with SSL state (No SSL object)
Jan 12 12:55:34.000 [debug] channel_close_for_error(): Closing channel 0x55ceb47da170 due to lower-layer error
Jan 12 12:55:34.000 [debug] channel_change_state(): Changing state of channel 0x55ceb47da170 (global ID 3) from "opening" to "closing"
Jan 12 12:55:34.000 [debug] channel_remove_from_digest_map(): Removed channel 0x55ceb47da170 (global ID 3) from identity map in state closing (4) with digest CF6D0AAFB385BE71B8E111FC5CFF4B47923733BC
Jan 12 12:55:34.000 [debug] connection_mark_for_close_internal_(): Calling connection_mark_for_close_internal_() on an OR conn at src/or/connection.c:2865
Jan 12 12:55:34.000 [debug] conn_close_if_marked(): Cleaning up connection (fd -1).
Jan 12 12:55:34.000 [debug] circuit_n_chan_done(): chan to NULL/154.35.32.5:443, status=0
Jan 12 12:55:34.000 [info] circuit_n_chan_done(): Channel failed; closing circ.
Jan 12 12:55:34.000 [info] circuit_build_failed(): Our circuit died before the first hop with no connection
Jan 12 12:55:34.000 [debug] circuit_increment_failure_count(): n_circuit_failures now 4.
Jan 12 12:55:34.000 [debug] channel_change_state(): Changing state of channel 0x55ceb47da170 (global ID 3) from "closing" to "channel error"
Jan 12 12:55:34.000 [info] connection_or_note_state_when_broken(): Connection died in state 'connect()ing with SSL state (No SSL object)'
Jan 12 12:55:34.000 [debug] connection_remove(): removing socket -1 (type OR), n_conns now 8
Jan 12 12:55:34.000 [debug] channel_free(): Freeing channel 3 at 0x55ceb47da170
Jan 12 12:55:34.000 [debug] channel_clear_remote_end(): Clearing remote endpoint identity on channel 0x55ceb47da170 with global ID 3
Jan 12 12:55:42.000 [info] router_pick_published_address(): Success: chose address '206.117.25.79'.
Jan 12 12:55:53.000 [info] router_pick_published_address(): Success: chose address '206.117.25.79'.
Jan 12 12:56:04.000 [info] router_pick_published_address(): Success: chose address '206.117.25.79'.
Jan 12 12:56:15.000 [info] router_pick_published_address(): Success: chose address '206.117.25.79'.
Jan 12 12:56:26.000 [info] router_pick_published_address(): Success: chose address '206.117.25.79'.
Jan 12 12:56:27.000 [debug] resolve_my_address(): Resolved Address to '206.117.25.79'.
Jan 12 12:56:37.000 [info] router_pick_published_address(): Success: chose address '206.117.25.79'.
Jan 12 12:56:48.000 [info] router_pick_published_address(): Success: chose address '206.117.25.79'.
Jan 12 12:56:59.000 [info] router_pick_published_address(): Success: chose address '206.117.25.79'.
Jan 12 12:57:10.000 [info] router_pick_published_address(): Success: chose address '206.117.25.79'.
Jan 12 12:57:21.000 [info] router_pick_published_address(): Success: chose address '206.117.25.79'.
Jan 12 12:57:28.000 [debug] resolve_my_address(): Resolved Address to '206.117.25.79'.
Jan 12 12:57:32.000 [info] router_pick_published_address(): Success: chose address '206.117.25.79'.
Jan 12 12:57:43.000 [info] router_pick_published_address(): Success: chose address '206.117.25.79'.
Jan 12 12:57:54.000 [info] router_pick_published_address(): Success: chose address '206.117.25.79'.
Jan 12 12:58:05.000 [info] router_pick_published_address(): Success: chose address '206.117.25.79'.
Jan 12 12:58:16.000 [info] router_pick_published_address(): Success: chose address '206.117.25.79'.
Jan 12 12:58:27.000 [info] router_pick_published_address(): Success: chose address '206.117.25.79'.
Jan 12 12:58:29.000 [debug] resolve_my_address(): Resolved Address to '206.117.25.79'.
Jan 12 12:58:38.000 [info] router_pick_published_address(): Success: chose address '206.117.25.79'.
Jan 12 12:58:49.000 [info] router_pick_published_address(): Success: chose address '206.117.25.79'.
Jan 12 12:59:00.000 [info] router_pick_published_address(): Success: chose address '206.117.25.79'.
Jan 12 12:59:11.000 [info] router_pick_published_address(): Success: chose address '206.117.25.79'.
Jan 12 12:59:22.000 [info] router_pick_published_address(): Success: chose address '206.117.25.79'.
Jan 12 12:59:30.000 [debug] resolve_my_address(): Resolved Address to '206.117.25.79'.
Jan 12 12:59:33.000 [info] router_pick_published_address(): Success: chose address '206.117.25.79'.
Jan 12 12:59:44.000 [info] router_pick_published_address(): Success: chose address '206.117.25.79'.
Jan 12 12:59:55.000 [info] router_pick_published_address(): Success: chose address '206.117.25.79'.
Jan 12 13:00:06.000 [info] router_pick_published_address(): Success: chose address '206.117.25.79'.
Jan 12 13:00:17.000 [info] router_pick_published_address(): Success: chose address '206.117.25.79'.
Jan 12 13:00:28.000 [info] router_pick_published_address(): Success: chose address '206.117.25.79'.
Jan 12 13:00:31.000 [debug] resolve_my_address(): Resolved Address to '206.117.25.79'.
Jan 12 13:00:39.000 [info] router_pick_published_address(): Success: chose address '206.117.25.79'.
Jan 12 13:00:50.000 [info] router_pick_published_address(): Success: chose address '206.117.25.79'.
Jan 12 13:01:01.000 [info] router_pick_published_address(): Success: chose address '206.117.25.79'.
Jan 12 13:01:12.000 [info] router_pick_published_address(): Success: chose address '206.117.25.79'.
Jan 12 13:01:23.000 [info] router_pick_published_address(): Success: chose address '206.117.25.79'.
Jan 12 13:01:32.000 [debug] resolve_my_address(): Resolved Address to '206.117.25.79'.
Jan 12 13:01:34.000 [info] router_pick_published_address(): Success: chose address '206.117.25.79'.
Jan 12 13:01:45.000 [info] router_pick_published_address(): Success: chose address '206.117.25.79'.
Jan 12 13:01:56.000 [info] router_pick_published_address(): Success: chose address '206.117.25.79'.
Jan 12 13:02:07.000 [info] router_pick_published_address(): Success: chose address '206.117.25.79'.
Jan 12 13:02:18.000 [info] router_pick_published_address(): Success: chose address '206.117.25.79'.
Jan 12 13:02:29.000 [info] router_pick_published_address(): Success: chose address '206.117.25.79'.
Jan 12 13:02:33.000 [debug] resolve_my_address(): Resolved Address to '206.117.25.79'.
Jan 12 13:02:40.000 [info] router_pick_published_address(): Success: chose address '206.117.25.79'.
Jan 12 13:02:51.000 [info] router_pick_published_address(): Success: chose address '206.117.25.79'.
Jan 12 13:03:02.000 [info] router_pick_published_address(): Success: chose address '206.117.25.79'.
Jan 12 13:03:13.000 [info] router_pick_published_address(): Success: chose address '206.117.25.79'.
Jan 12 13:03:24.000 [info] router_pick_published_address(): Success: chose address '206.117.25.79'.
Jan 12 13:03:34.000 [debug] resolve_my_address(): Resolved Address to '206.117.25.79'.
Jan 12 13:03:35.000 [info] router_pick_published_address(): Success: chose address '206.117.25.79'.
Jan 12 13:03:46.000 [info] router_pick_published_address(): Success: chose address '206.117.25.79'.
Jan 12 13:03:57.000 [info] router_pick_published_address(): Success: chose address '206.117.25.79'.
Jan 12 13:04:08.000 [info] router_pick_published_address(): Success: chose address '206.117.25.79'.
Jan 12 13:04:19.000 [info] router_pick_published_address(): Success: chose address '206.117.25.79'.
Jan 12 13:04:30.000 [info] router_pick_published_address(): Success: chose address '206.117.25.79'.
Jan 12 13:04:35.000 [debug] resolve_my_address(): Resolved Address to '206.117.25.79'.
Jan 12 13:04:41.000 [info] router_pick_published_address(): Success: chose address '206.117.25.79'.
Jan 12 13:04:52.000 [info] router_pick_published_address(): Success: chose address '206.117.25.79'.
Jan 12 13:05:03.000 [info] router_pick_published_address(): Success: chose address '206.117.25.79'.
Jan 12 13:05:14.000 [info] router_pick_published_address(): Success: chose address '206.117.25.79'.
Jan 12 13:05:25.000 [info] router_pick_published_address(): Success: chose address '206.117.25.79'.
Jan 12 13:05:36.000 [info] router_pick_published_address(): Success: chose address '206.117.25.79'.
Jan 12 13:05:36.000 [debug] resolve_my_address(): Resolved Address to '206.117.25.79'.
Jan 12 13:05:36.000 [info] update_consensus_networkstatus_downloads(): Launching ns networkstatus consensus download.
Jan 12 13:05:36.000 [info] router_pick_published_address(): Success: chose address '206.117.25.79'.
Jan 12 13:05:36.000 [info] router_pick_directory_server(): No reachable router entries for dirservers. Trying them all again.
Jan 12 13:05:36.000 [info] directory_pick_generic_dirserver(): No router found for consensus network-status fetch; falling back to dirserver list.
Jan 12 13:05:36.000 [info] router_pick_published_address(): Success: chose address '206.117.25.79'.
Jan 12 13:05:36.000 [debug] directory_initiate_command_rend(): anonymized 0, use_begindir 1.
Jan 12 13:05:36.000 [debug] directory_initiate_command_rend(): Initiating consensus network-status fetch
Jan 12 13:05:36.000 [info] connection_ap_make_link(): Making internal direct tunnel to [scrubbed]:443 ...
Jan 12 13:05:36.000 [debug] connection_add_impl(): new conn type Socks, socket -1, address (Tor_internal), n_conns 8.
Jan 12 13:05:36.000 [debug] circuit_get_open_circ_or_launch(): considering 1, $CF6D0AAFB385BE71B8E111FC5CFF4B47923733BC
Jan 12 13:05:36.000 [debug] onion_pick_cpath_exit(): Launching a one-hop circuit for dir tunnel.
Jan 12 13:05:36.000 [info] onion_pick_cpath_exit(): Using requested exit node '$CF6D0AAFB385BE71B8E111FC5CFF4B47923733BC~CF6D0AAFB385BE71B8E at 154.35.32.5'
Jan 12 13:05:36.000 [debug] onion_extend_cpath(): Path is 0 long; we want 1
Jan 12 13:05:36.000 [debug] onion_extend_cpath(): Chose router $CF6D0AAFB385BE71B8E111FC5CFF4B47923733BC~CF6D0AAFB385BE71B8E at 154.35.32.5 for hop 1 (exit is CF6D0AAFB385BE71B8E111FC5CFF4B47923733BC)
Jan 12 13:05:36.000 [debug] onion_extend_cpath(): Path is complete: 1 steps long
Jan 12 13:05:36.000 [debug] circuit_handle_first_hop(): Looking for firsthop '154.35.32.5:443'
Jan 12 13:05:36.000 [info] circuit_handle_first_hop(): Next router is [scrubbed]: Not connected. Connecting.
Jan 12 13:05:36.000 [debug] channel_tls_connect(): In channel_tls_connect() for channel 0x55ceb47da300 (global id 4)
Jan 12 13:05:36.000 [debug] channel_set_identity_digest(): Setting remote endpoint digest on channel 0x55ceb47da300 with global ID 4 to digest CF6D0AAFB385BE71B8E111FC5CFF4B47923733BC
Jan 12 13:05:36.000 [debug] connection_connect(): Connecting to [scrubbed]:443.
Jan 12 13:05:36.000 [debug] connection_connect(): Connection to [scrubbed]:443 in progress (sock 20).
Jan 12 13:05:36.000 [debug] connection_add_impl(): new conn type OR, socket 20, address 154.35.32.5, n_conns 9.
Jan 12 13:05:36.000 [debug] channel_tls_connect(): Got orconn 0x55ceb47daa20 for channel with global id 4
Jan 12 13:05:36.000 [debug] channel_register(): Registering channel 0x55ceb47da300 (ID 4) in state opening (1) with digest CF6D0AAFB385BE71B8E111FC5CFF4B47923733BC
Jan 12 13:05:36.000 [debug] channel_add_to_digest_map(): Added channel 0x55ceb47da300 (global ID 4) to identity map in state opening (1) with digest CF6D0AAFB385BE71B8E111FC5CFF4B47923733BC
Jan 12 13:05:36.000 [debug] channel_set_cell_handlers(): Setting cell_handler callback for channel 0x55ceb47da300 to 0x55ceb2c05720
Jan 12 13:05:36.000 [debug] channel_set_cell_handlers(): Setting var_cell_handler callback for channel 0x55ceb47da300 to 0x55ceb2c04b20
Jan 12 13:05:36.000 [debug] circuit_handle_first_hop(): connecting in progress (or finished). Good.
Jan 12 13:05:36.000 [info] connection_ap_make_link(): ... application connection created and linked.
Jan 12 13:05:36.000 [debug] connection_add_impl(): new conn type Directory, socket -1, address 154.35.32.5, n_conns 10.
Jan 12 13:05:36.000 [info] directory_send_command(): Downloading consensus from 154.35.32.5:443 using /tor/status-vote/current/consensus/14C131+27B6B5+49015F+585769+805509+D586D1+E8A9C4+ED03BB+EFCBE7.z
Jan 12 13:05:36.000 [debug] conn_read_callback(): socket -1 wants to read.
Jan 12 13:05:36.000 [info] connection_edge_process_inbuf(): data from edge while in 'waiting for circuit' state. Leaving it on buffer.
Jan 12 13:05:36.000 [info] connection_edge_process_inbuf(): data from edge while in 'waiting for circuit' state. Leaving it on buffer.
Jan 12 13:05:36.000 [debug] connection_dir_finished_flushing(): client finished sending command.
Jan 12 13:05:47.000 [info] router_pick_published_address(): Success: chose address '206.117.25.79'.
Jan 12 13:05:58.000 [info] router_pick_published_address(): Success: chose address '206.117.25.79'.
Jan 12 13:06:09.000 [info] router_pick_published_address(): Success: chose address '206.117.25.79'.
Jan 12 13:06:20.000 [info] router_pick_published_address(): Success: chose address '206.117.25.79'.
Jan 12 13:06:31.000 [info] router_pick_published_address(): Success: chose address '206.117.25.79'.
Jan 12 13:06:37.000 [debug] resolve_my_address(): Resolved Address to '206.117.25.79'.
Jan 12 13:06:42.000 [info] router_pick_published_address(): Success: chose address '206.117.25.79'.
Jan 12 13:06:53.000 [info] router_pick_published_address(): Success: chose address '206.117.25.79'.
Jan 12 13:07:04.000 [info] router_pick_published_address(): Success: chose address '206.117.25.79'.
Jan 12 13:07:15.000 [info] router_pick_published_address(): Success: chose address '206.117.25.79'.
Jan 12 13:07:26.000 [info] router_pick_published_address(): Success: chose address '206.117.25.79'.
Jan 12 13:07:36.000 [info] connection_ap_expire_beginning(): Tried for 120 seconds to get a connection to [scrubbed]:443. Giving up. (waiting for circuit)
Jan 12 13:07:36.000 [debug] conn_close_if_marked(): Cleaning up connection (fd -1).
Jan 12 13:07:36.000 [debug] connection_remove(): removing socket -1 (type Socks), n_conns now 10
Jan 12 13:07:36.000 [info] connection_free_(): Freeing linked Socks connection [waiting for circuit] with 139 bytes on inbuf, 0 on outbuf.
Jan 12 13:07:36.000 [debug] conn_read_callback(): socket -1 wants to read.
Jan 12 13:07:36.000 [info] connection_dir_client_reached_eof(): 'fetch' response not all here, but we're at eof. Closing.
Jan 12 13:07:36.000 [debug] conn_close_if_marked(): Cleaning up connection (fd -1).
Jan 12 13:07:36.000 [debug] connection_remove(): removing socket -1 (type Directory), n_conns now 9
Jan 12 13:07:36.000 [info] connection_free_(): Freeing linked Directory connection [client reading] with 0 bytes on inbuf, 0 on outbuf.
Jan 12 13:07:37.000 [info] router_pick_published_address(): Success: chose address '206.117.25.79'.
Jan 12 13:07:38.000 [debug] resolve_my_address(): Resolved Address to '206.117.25.79'.
Jan 12 13:07:47.000 [debug] conn_read_callback(): socket 20 wants to read.
Jan 12 13:07:47.000 [info] control_event_bootstrap_problem(): Problem bootstrapping. Stuck at 5%: Connecting to directory server. (Connection timed out; TIMEOUT; count 5; recommendation ignore)
Jan 12 13:07:47.000 [info] 4 connections have failed:
Jan 12 13:07:47.000 [info]  4 connections died in state connect()ing with SSL state (No SSL object)
Jan 12 13:07:47.000 [debug] channel_close_for_error(): Closing channel 0x55ceb47da300 due to lower-layer error
Jan 12 13:07:47.000 [debug] channel_change_state(): Changing state of channel 0x55ceb47da300 (global ID 4) from "opening" to "closing"
Jan 12 13:07:47.000 [debug] channel_remove_from_digest_map(): Removed channel 0x55ceb47da300 (global ID 4) from identity map in state closing (4) with digest CF6D0AAFB385BE71B8E111FC5CFF4B47923733BC
Jan 12 13:07:47.000 [debug] connection_mark_for_close_internal_(): Calling connection_mark_for_close_internal_() on an OR conn at src/or/connection.c:2865
Jan 12 13:07:47.000 [debug] conn_close_if_marked(): Cleaning up connection (fd -1).
Jan 12 13:07:47.000 [debug] circuit_n_chan_done(): chan to NULL/154.35.32.5:443, status=0
Jan 12 13:07:47.000 [info] circuit_n_chan_done(): Channel failed; closing circ.
Jan 12 13:07:47.000 [info] circuit_build_failed(): Our circuit died before the first hop with no connection
Jan 12 13:07:47.000 [debug] circuit_increment_failure_count(): n_circuit_failures now 5.
Jan 12 13:07:47.000 [debug] channel_change_state(): Changing state of channel 0x55ceb47da300 (global ID 4) from "closing" to "channel error"
Jan 12 13:07:47.000 [info] connection_or_note_state_when_broken(): Connection died in state 'connect()ing with SSL state (No SSL object)'
Jan 12 13:07:47.000 [debug] connection_remove(): removing socket -1 (type OR), n_conns now 8
Jan 12 13:07:48.000 [info] router_pick_published_address(): Success: chose address '206.117.25.79'.
Jan 12 13:07:48.000 [debug] channel_free(): Freeing channel 4 at 0x55ceb47da300
Jan 12 13:07:48.000 [debug] channel_clear_remote_end(): Clearing remote endpoint identity on channel 0x55ceb47da300 with global ID 4
Jan 12 13:07:59.000 [info] router_pick_published_address(): Success: chose address '206.117.25.79'.
Jan 12 13:08:10.000 [info] router_pick_published_address(): Success: chose address '206.117.25.79'.
Jan 12 13:08:21.000 [info] router_pick_published_address(): Success: chose address '206.117.25.79'.
Jan 12 13:08:32.000 [info] router_pick_published_address(): Success: chose address '206.117.25.79'.
Jan 12 13:08:39.000 [debug] resolve_my_address(): Resolved Address to '206.117.25.79'.
Jan 12 13:08:43.000 [info] router_pick_published_address(): Success: chose address '206.117.25.79'.
Jan 12 13:08:54.000 [info] router_pick_published_address(): Success: chose address '206.117.25.79'.
Jan 12 13:09:05.000 [info] router_pick_published_address(): Success: chose address '206.117.25.79'.
Jan 12 13:09:16.000 [info] router_pick_published_address(): Success: chose address '206.117.25.79'.
Jan 12 13:09:27.000 [info] router_pick_published_address(): Success: chose address '206.117.25.79'.
Jan 12 13:09:38.000 [info] router_pick_published_address(): Success: chose address '206.117.25.79'.
Jan 12 13:09:40.000 [debug] resolve_my_address(): Resolved Address to '206.117.25.79'.
Jan 12 13:09:49.000 [info] router_pick_published_address(): Success: chose address '206.117.25.79'.
Jan 12 13:10:00.000 [info] router_pick_published_address(): Success: chose address '206.117.25.79'.
Jan 12 13:10:11.000 [info] router_pick_published_address(): Success: chose address '206.117.25.79'.
Jan 12 13:10:22.000 [info] router_pick_published_address(): Success: chose address '206.117.25.79'.
Jan 12 13:10:33.000 [info] router_pick_published_address(): Success: chose address '206.117.25.79'.
Jan 12 13:10:41.000 [debug] resolve_my_address(): Resolved Address to '206.117.25.79'.
Jan 12 13:10:44.000 [info] router_pick_published_address(): Success: chose address '206.117.25.79'.
Jan 12 13:10:55.000 [info] router_pick_published_address(): Success: chose address '206.117.25.79'.
Jan 12 13:11:06.000 [info] router_pick_published_address(): Success: chose address '206.117.25.79'.
Jan 12 13:11:17.000 [info] router_pick_published_address(): Success: chose address '206.117.25.79'.
Jan 12 13:11:28.000 [info] router_pick_published_address(): Success: chose address '206.117.25.79'.
Jan 12 13:11:39.000 [info] router_pick_published_address(): Success: chose address '206.117.25.79'.
Jan 12 13:11:42.000 [debug] resolve_my_address(): Resolved Address to '206.117.25.79'.
Jan 12 13:11:50.000 [info] router_pick_published_address(): Success: chose address '206.117.25.79'.
Jan 12 13:12:01.000 [info] router_pick_published_address(): Success: chose address '206.117.25.79'.
Jan 12 13:12:12.000 [info] router_pick_published_address(): Success: chose address '206.117.25.79'.
Jan 12 13:12:23.000 [info] router_pick_published_address(): Success: chose address '206.117.25.79'.
Jan 12 13:12:34.000 [info] router_pick_published_address(): Success: chose address '206.117.25.79'.
Jan 12 13:12:43.000 [debug] resolve_my_address(): Resolved Address to '206.117.25.79'.
Jan 12 13:12:45.000 [info] router_pick_published_address(): Success: chose address '206.117.25.79'.
Jan 12 13:12:56.000 [info] router_pick_published_address(): Success: chose address '206.117.25.79'.
Jan 12 13:13:07.000 [info] router_pick_published_address(): Success: chose address '206.117.25.79'.
Jan 12 13:13:18.000 [info] router_pick_published_address(): Success: chose address '206.117.25.79'.
Jan 12 13:13:29.000 [info] router_pick_published_address(): Success: chose address '206.117.25.79'.
Jan 12 13:13:40.000 [info] router_pick_published_address(): Success: chose address '206.117.25.79'.
Jan 12 13:13:44.000 [debug] resolve_my_address(): Resolved Address to '206.117.25.79'.
Jan 12 13:13:51.000 [info] router_pick_published_address(): Success: chose address '206.117.25.79'.
Jan 12 13:14:02.000 [info] router_pick_published_address(): Success: chose address '206.117.25.79'.
Jan 12 13:14:13.000 [info] router_pick_published_address(): Success: chose address '206.117.25.79'.
Jan 12 13:14:24.000 [info] router_pick_published_address(): Success: chose address '206.117.25.79'.
Jan 12 13:14:35.000 [info] router_pick_published_address(): Success: chose address '206.117.25.79'.
Jan 12 13:14:45.000 [debug] resolve_my_address(): Resolved Address to '206.117.25.79'.
Jan 12 13:14:46.000 [info] router_pick_published_address(): Success: chose address '206.117.25.79'.
Jan 12 13:14:57.000 [info] router_pick_published_address(): Success: chose address '206.117.25.79'.
Jan 12 13:15:08.000 [info] router_pick_published_address(): Success: chose address '206.117.25.79'.
Jan 12 13:15:19.000 [info] router_pick_published_address(): Success: chose address '206.117.25.79'.
Jan 12 13:15:30.000 [info] router_pick_published_address(): Success: chose address '206.117.25.79'.
Jan 12 13:15:41.000 [info] router_pick_published_address(): Success: chose address '206.117.25.79'.
Jan 12 13:15:46.000 [debug] resolve_my_address(): Resolved Address to '206.117.25.79'.
Jan 12 13:15:52.000 [info] router_pick_published_address(): Success: chose address '206.117.25.79'.
Jan 12 13:16:03.000 [info] router_pick_published_address(): Success: chose address '206.117.25.79'.
Jan 12 13:16:14.000 [info] router_pick_published_address(): Success: chose address '206.117.25.79'.
Jan 12 13:16:25.000 [info] router_pick_published_address(): Success: chose address '206.117.25.79'.
Jan 12 13:16:36.000 [info] router_pick_published_address(): Success: chose address '206.117.25.79'.
Jan 12 13:16:47.000 [info] router_pick_published_address(): Success: chose address '206.117.25.79'.
Jan 12 13:16:47.000 [debug] resolve_my_address(): Resolved Address to '206.117.25.79'.
Jan 12 13:16:58.000 [info] router_pick_published_address(): Success: chose address '206.117.25.79'.
Jan 12 13:17:09.000 [info] router_pick_published_address(): Success: chose address '206.117.25.79'.
Jan 12 13:17:20.000 [info] router_pick_published_address(): Success: chose address '206.117.25.79'.
Jan 12 13:17:31.000 [info] router_pick_published_address(): Success: chose address '206.117.25.79'.
Jan 12 13:17:42.000 [info] router_pick_published_address(): Success: chose address '206.117.25.79'.
Jan 12 13:17:48.000 [debug] resolve_my_address(): Resolved Address to '206.117.25.79'.
Jan 12 13:17:53.000 [info] router_pick_published_address(): Success: chose address '206.117.25.79'.
Jan 12 13:18:04.000 [info] router_pick_published_address(): Success: chose address '206.117.25.79'.
Jan 12 13:18:15.000 [info] router_pick_published_address(): Success: chose address '206.117.25.79'.
Jan 12 13:18:26.000 [info] router_pick_published_address(): Success: chose address '206.117.25.79'.
Jan 12 13:18:37.000 [info] router_pick_published_address(): Success: chose address '206.117.25.79'.
Jan 12 13:18:48.000 [info] router_pick_published_address(): Success: chose address '206.117.25.79'.
Jan 12 13:18:49.000 [debug] resolve_my_address(): Resolved Address to '206.117.25.79'.
Jan 12 13:18:59.000 [info] router_pick_published_address(): Success: chose address '206.117.25.79'.
Jan 12 13:19:10.000 [info] router_pick_published_address(): Success: chose address '206.117.25.79'.
Jan 12 13:19:21.000 [info] router_pick_published_address(): Success: chose address '206.117.25.79'.
Jan 12 13:19:32.000 [info] router_pick_published_address(): Success: chose address '206.117.25.79'.
Jan 12 13:19:43.000 [info] router_pick_published_address(): Success: chose address '206.117.25.79'.
Jan 12 13:19:50.000 [debug] resolve_my_address(): Resolved Address to '206.117.25.79'.
Jan 12 13:19:54.000 [info] router_pick_published_address(): Success: chose address '206.117.25.79'.
Jan 12 13:20:05.000 [info] router_pick_published_address(): Success: chose address '206.117.25.79'.
Jan 12 13:20:16.000 [info] router_pick_published_address(): Success: chose address '206.117.25.79'.
Jan 12 13:20:27.000 [info] router_pick_published_address(): Success: chose address '206.117.25.79'.
Jan 12 13:20:38.000 [info] router_pick_published_address(): Success: chose address '206.117.25.79'.
Jan 12 13:20:49.000 [info] router_pick_published_address(): Success: chose address '206.117.25.79'.
Jan 12 13:20:51.000 [debug] resolve_my_address(): Resolved Address to '206.117.25.79'.
Jan 12 13:21:00.000 [info] router_pick_published_address(): Success: chose address '206.117.25.79'.
Jan 12 13:21:11.000 [info] router_pick_published_address(): Success: chose address '206.117.25.79'.
Jan 12 13:21:22.000 [info] router_pick_published_address(): Success: chose address '206.117.25.79'.
Jan 12 13:21:33.000 [info] router_pick_published_address(): Success: chose address '206.117.25.79'.
Jan 12 13:21:44.000 [info] router_pick_published_address(): Success: chose address '206.117.25.79'.
Jan 12 13:21:52.000 [debug] resolve_my_address(): Resolved Address to '206.117.25.79'.
Jan 12 13:21:55.000 [info] router_pick_published_address(): Success: chose address '206.117.25.79'.
Jan 12 13:22:06.000 [info] router_pick_published_address(): Success: chose address '206.117.25.79'.
Jan 12 13:22:17.000 [info] router_pick_published_address(): Success: chose address '206.117.25.79'.
Jan 12 13:22:28.000 [info] router_pick_published_address(): Success: chose address '206.117.25.79'.
Jan 12 13:22:39.000 [info] router_pick_published_address(): Success: chose address '206.117.25.79'.
Jan 12 13:22:50.000 [info] router_pick_published_address(): Success: chose address '206.117.25.79'.
Jan 12 13:22:53.000 [debug] resolve_my_address(): Resolved Address to '206.117.25.79'.
Jan 12 13:23:01.000 [info] router_pick_published_address(): Success: chose address '206.117.25.79'.
Jan 12 13:23:12.000 [info] router_pick_published_address(): Success: chose address '206.117.25.79'.
Jan 12 13:23:23.000 [info] router_pick_published_address(): Success: chose address '206.117.25.79'.
Jan 12 13:23:34.000 [info] router_pick_published_address(): Success: chose address '206.117.25.79'.
Jan 12 13:23:45.000 [info] router_pick_published_address(): Success: chose address '206.117.25.79'.
Jan 12 13:23:54.000 [debug] resolve_my_address(): Resolved Address to '206.117.25.79'.
Jan 12 13:23:56.000 [info] router_pick_published_address(): Success: chose address '206.117.25.79'.
Jan 12 13:24:07.000 [info] router_pick_published_address(): Success: chose address '206.117.25.79'.
Jan 12 13:24:18.000 [info] router_pick_published_address(): Success: chose address '206.117.25.79'.
Jan 12 13:24:29.000 [info] router_pick_published_address(): Success: chose address '206.117.25.79'.
Jan 12 13:24:40.000 [info] router_pick_published_address(): Success: chose address '206.117.25.79'.
Jan 12 13:24:51.000 [info] router_pick_published_address(): Success: chose address '206.117.25.79'.
Jan 12 13:24:55.000 [debug] resolve_my_address(): Resolved Address to '206.117.25.79'.
Jan 12 13:25:02.000 [info] router_pick_published_address(): Success: chose address '206.117.25.79'.
Jan 12 13:25:13.000 [info] router_pick_published_address(): Success: chose address '206.117.25.79'.
Jan 12 13:25:24.000 [info] router_pick_published_address(): Success: chose address '206.117.25.79'.
Jan 12 13:25:35.000 [info] router_pick_published_address(): Success: chose address '206.117.25.79'.
Jan 12 13:25:46.000 [info] router_pick_published_address(): Success: chose address '206.117.25.79'.
Jan 12 13:25:56.000 [debug] resolve_my_address(): Resolved Address to '206.117.25.79'.
Jan 12 13:25:57.000 [info] router_pick_published_address(): Success: chose address '206.117.25.79'.
Jan 12 13:26:08.000 [info] router_pick_published_address(): Success: chose address '206.117.25.79'.
Jan 12 13:26:19.000 [info] router_pick_published_address(): Success: chose address '206.117.25.79'.
Jan 12 13:26:30.000 [info] router_pick_published_address(): Success: chose address '206.117.25.79'.
Jan 12 13:26:41.000 [info] router_pick_published_address(): Success: chose address '206.117.25.79'.
Jan 12 13:26:52.000 [info] router_pick_published_address(): Success: chose address '206.117.25.79'.
Jan 12 13:26:57.000 [debug] resolve_my_address(): Resolved Address to '206.117.25.79'.
Jan 12 13:27:03.000 [info] router_pick_published_address(): Success: chose address '206.117.25.79'.
Jan 12 13:27:14.000 [info] router_pick_published_address(): Success: chose address '206.117.25.79'.
Jan 12 13:27:25.000 [info] router_pick_published_address(): Success: chose address '206.117.25.79'.
Jan 12 13:27:36.000 [info] router_pick_published_address(): Success: chose address '206.117.25.79'.
Jan 12 13:27:47.000 [info] router_pick_published_address(): Success: chose address '206.117.25.79'.
Jan 12 13:27:58.000 [info] router_pick_published_address(): Success: chose address '206.117.25.79'.
Jan 12 13:27:58.000 [debug] resolve_my_address(): Resolved Address to '206.117.25.79'.
Jan 12 13:28:09.000 [info] router_pick_published_address(): Success: chose address '206.117.25.79'.
Jan 12 13:28:20.000 [info] router_pick_published_address(): Success: chose address '206.117.25.79'.
Jan 12 13:28:31.000 [info] router_pick_published_address(): Success: chose address '206.117.25.79'.
Jan 12 13:28:42.000 [info] router_pick_published_address(): Success: chose address '206.117.25.79'.
Jan 12 13:28:53.000 [info] router_pick_published_address(): Success: chose address '206.117.25.79'.
Jan 12 13:28:59.000 [debug] resolve_my_address(): Resolved Address to '206.117.25.79'.
Jan 12 13:29:04.000 [info] router_pick_published_address(): Success: chose address '206.117.25.79'.
Jan 12 13:29:10.000 [notice] Catching signal TERM, exiting cleanly.
Jan 12 13:29:11.000 [info] or_state_save(): Saved state to "/users/magesap/TorLatencyNormalizationFiles/ExperimentScripts/tingOnDeter/ting/tor/data/z/state"
Jan 12 13:29:11.000 [debug] channel_tls_free_all(): Shutting down TLS channels...
Jan 12 13:29:11.000 [debug] channel_tls_free_all(): Done shutting down TLS channels
Jan 12 13:29:11.000 [debug] channel_free_all(): Shutting down channels...
Jan 12 13:29:11.000 [debug] channel_free_all(): Freeing channel_identity_map
Jan 12 13:29:11.000 [debug] channel_free_all(): Done cleaning up after channels
Jan 12 13:29:11.000 [debug] connection_free_(): closing fd 6.
Jan 12 13:29:11.000 [debug] connection_free_(): closing fd 7.
Jan 12 13:29:11.000 [debug] connection_free_(): closing fd 8.
Jan 12 13:29:11.000 [debug] connection_free_(): closing fd 12.
Jan 12 13:29:11.000 [debug] connection_free_(): closing fd 14.
Jan 12 13:29:11.000 [debug] connection_free_(): closing fd 16.
Jan 12 13:29:11.000 [debug] connection_free_(): closing fd 18.
Jan 12 13:29:11.000 [info] buf_shrink_freelists(): Cleaned freelist for 4096-byte chunks: original length 1, kept 0, dropped 1.
Jan 12 13:29:11.000 [info] buf_shrink_freelists(): Cleaned freelist for 8192-byte chunks: original length 0, kept 0, dropped 0.
Jan 12 13:29:11.000 [info] buf_shrink_freelists(): Cleaned freelist for 16384-byte chunks: original length 0, kept 0, dropped 0.
Jan 12 13:29:11.000 [info] buf_shrink_freelists(): Cleaned freelist for 32768-byte chunks: original length 1, kept 0, dropped 1.
Jan 12 13:29:11.000 [info] cpuworker_main(): read request failed. Exiting.
Jan 12 13:29:11.000 [info] cpuworker_main(): read request failed. Exiting.
Jan 12 13:29:11.000 [info] cpuworker_main(): read request failed. Exiting.
Jan 12 13:29:11.000 [info] tor_lockfile_unlock(): Unlocking "/users/magesap/TorLatencyNormalizationFiles/ExperimentScripts/tingOnDeter/ting/tor/data/z/lock"
Jan 12 13:31:36.000 [notice] Tor 0.2.4.22 (git-2ee56e4c2c841a45) opening log file.
Jan 12 13:31:36.000 [debug] tor_disable_debugger_attach(): Attemping to disable debugger attachment to Tor for unprivileged users.
Jan 12 13:31:36.000 [debug] tor_disable_debugger_attach(): Debugger attachment disabled for unprivileged users.
Jan 12 13:31:36.000 [info] tor_lockfile_lock(): Locking "/users/magesap/TorLatencyNormalizationFiles/ExperimentScripts/tingOnDeter/ting/tor/data/z/lock"
Jan 12 13:31:36.000 [debug] parse_dir_authority_line(): Trusted 100 dirserver at 128.31.0.39:9131 (9695)
Jan 12 13:31:36.000 [debug] parse_dir_authority_line(): Trusted 111 dirserver at 86.59.21.38:80 (847B)
Jan 12 13:31:36.000 [debug] parse_dir_authority_line(): Trusted 102 dirserver at 194.109.206.212:80 (7EA6)
Jan 12 13:31:36.000 [debug] parse_dir_authority_line(): Trusted 16 dirserver at 82.94.251.203:80 (4A0C)
Jan 12 13:31:36.000 [debug] parse_dir_authority_line(): Trusted 100 dirserver at 76.73.17.194:9030 (F397)
Jan 12 13:31:36.000 [debug] parse_dir_authority_line(): Trusted 100 dirserver at 212.112.245.170:80 (F204)
Jan 12 13:31:36.000 [debug] parse_dir_authority_line(): Trusted 100 dirserver at 193.23.244.244:80 (7BE6)
Jan 12 13:31:36.000 [debug] parse_dir_authority_line(): Trusted 100 dirserver at 208.83.223.34:443 (0AD3)
Jan 12 13:31:36.000 [debug] parse_dir_authority_line(): Trusted 100 dirserver at 171.25.193.9:443 (BD6A)
Jan 12 13:31:36.000 [debug] parse_dir_authority_line(): Trusted 100 dirserver at 154.35.32.5:80 (CF6D)
Jan 12 13:31:36.000 [info] or_state_load(): Loaded state from "/users/magesap/TorLatencyNormalizationFiles/ExperimentScripts/tingOnDeter/ting/tor/data/z/state"
Jan 12 13:31:36.000 [debug] circuit_build_times_disabled(): CircuitBuildTime learning is disabled. Consensus=0, Config=1, AuthDir=0, StateFile=0
Jan 12 13:31:36.000 [debug] circuit_build_times_min_timeout(): Bug: circuit_build_times_min_timeout() called, cbtmintimeout is 1500
Jan 12 13:31:36.000 [debug] circuit_build_times_initial_timeout(): Bug: circuit_build_times_initial_timeout() called, cbtinitialtimeout is 60000
Jan 12 13:31:36.000 [debug] circuit_build_times_disabled(): CircuitBuildTime learning is disabled. Consensus=0, Config=1, AuthDir=0, StateFile=0
Jan 12 13:31:36.000 [info] read_file_to_str(): Could not open "/users/magesap/TorLatencyNormalizationFiles/ExperimentScripts/tingOnDeter/ting/tor/data/z/router-stability": No such file or directory
Jan 12 13:31:36.000 [info] cell_ewma_set_scale_factor(): Disabled cell_ewma algorithm because of value in Default value
Jan 12 13:31:36.000 [info] geoip_load_file(): Failed to open GEOIP file /usr/local/share/tor/geoip.  
Jan 12 13:31:36.000 [info] geoip_load_file(): Failed to open GEOIP file /usr/local/share/tor/geoip6.  
Jan 12 13:31:36.000 [info] mark_my_descriptor_dirty(): Decided to publish new relay descriptor: config change
Jan 12 13:31:36.000 [info] crypto_global_init(): OpenSSL version matches version from headers (1000207f: OpenSSL 1.0.2g  1 Mar 2016).
Jan 12 13:31:36.000 [info] crypto_global_init(): NOT using OpenSSL engine support.
Jan 12 13:31:36.000 [info] evaluate_evp_for_aes(): This version of OpenSSL has a known-good EVP counter-mode implementation. Using it.
Jan 12 13:31:36.000 [info] crypto_strongest_rand(): Reading entropy from "/dev/urandom"
Jan 12 13:31:36.000 [info] configure_nameservers(): Parsing resolver configuration in '/etc/resolv.conf'
Jan 12 13:31:36.000 [info] eventdns: Parsing resolv.conf file /etc/resolv.conf
Jan 12 13:31:36.000 [info] eventdns: Added nameserver 192.168.252.1:53 as 0x55e7687034e0
Jan 12 13:31:36.000 [info] eventdns: Setting maximum allowed timeouts to 16
Jan 12 13:31:36.000 [info] eventdns: Setting timeout to 10
Jan 12 13:31:36.000 [info] init_keys(): Reading/making identity key "/users/magesap/TorLatencyNormalizationFiles/ExperimentScripts/tingOnDeter/ting/tor/data/z/keys/secret_id_key"...
Jan 12 13:31:36.000 [info] init_keys(): Reading/making onion key "/users/magesap/TorLatencyNormalizationFiles/ExperimentScripts/tingOnDeter/ting/tor/data/z/keys/secret_onion_key"...
Jan 12 13:31:36.000 [info] mark_my_descriptor_dirty(): Decided to publish new relay descriptor: set onion key
Jan 12 13:31:36.000 [info] tor_tls_init(): OpenSSL OpenSSL 1.0.2g  1 Mar 2016 looks like version 0.9.8m or later; I will try SSL_OP to enable renegotiation
Jan 12 13:31:36.000 [debug] resolve_my_address(): Resolved Address to '206.117.25.79'.
Jan 12 13:31:36.000 [info] router_pick_published_address(): Success: chose address '206.117.25.79'.
Jan 12 13:31:36.000 [info] router_rebuild_descriptor(): Rebuilding relay descriptor
Jan 12 13:31:36.000 [debug] parse_addr_policy(): Adding new entry 'reject *6:*'
Jan 12 13:31:36.000 [debug] parse_addr_policy(): Adding new entry 'accept 206.117.25.79:10006'
Jan 12 13:31:36.000 [debug] parse_addr_policy(): Adding new entry 'reject *:*'
Jan 12 13:31:36.000 [debug] parse_addr_policy(): Adding new entry 'reject *:25'
Jan 12 13:31:36.000 [debug] parse_addr_policy(): Adding new entry 'reject *:119'
Jan 12 13:31:36.000 [debug] parse_addr_policy(): Adding new entry 'reject *:135-139'
Jan 12 13:31:36.000 [debug] parse_addr_policy(): Adding new entry 'reject *:445'
Jan 12 13:31:36.000 [debug] parse_addr_policy(): Adding new entry 'reject *:563'
Jan 12 13:31:36.000 [debug] parse_addr_policy(): Adding new entry 'reject *:1214'
Jan 12 13:31:36.000 [debug] parse_addr_policy(): Adding new entry 'reject *:4661-4666'
Jan 12 13:31:36.000 [debug] parse_addr_policy(): Adding new entry 'reject *:6346-6429'
Jan 12 13:31:36.000 [debug] parse_addr_policy(): Adding new entry 'reject *:6699'
Jan 12 13:31:36.000 [debug] parse_addr_policy(): Adding new entry 'reject *:6881-6999'
Jan 12 13:31:36.000 [debug] parse_addr_policy(): Adding new entry 'accept *:*'
Jan 12 13:31:36.000 [info] extrainfo_dump_to_string(): Adding stats to extra-info descriptor.
Jan 12 13:31:36.000 [debug] router_get_my_descriptor(): my desc is 'router Unnamed 206.117.25.79 10002 0 0
platform Tor 0.2.4.22 on Linux
protocols Link 1 2 Circuit 1
published 2023-01-12 21:31:36
fingerprint 4D1B D087 46D3 077E B8AD 1457 B4B9 E834 C151 EAC3
uptime 0
bandwidth 1073741824 1073741824 0
extra-info-digest 391E6BDA36214C819FF6ABF1823C71948F3ADCF5
caches-extra-info
onion-key
-----BEGIN RSA PUBLIC KEY-----
MIGJAoGBANdcS3vyiz0OqgsyykiuB26iwSI7RHemt+5LnhFss3QTGPP3eP4C+NGi
Hb1cV60dUmdSsTsiUjJY/eLXmm3aFmXCq3E20emxXCbVKijSvrLcMXzG+Vh1qPho
/aowbFK6sdMFgX/QUIfbIXEZfdvpQIvbl84DcCn0kYbLIIwVwaj1AgMBAAE=
-----END RSA PUBLIC KEY-----
signing-key
-----BEGIN RSA PUBLIC KEY-----
MIGJAoGBAMIQ5rxvVEQqZIQaviTxd+X7KSSxPNrjLEaNDLbeuJGXNiqqL4Y4UDsi
/uuI9fOyYae37gv/LxncrWO+eT5gvVEESmdvqL3khwym3Ewqw6l6/R47j81lhYJ8
nism8WvNDgdBjjizKiS9tq8vC/qs9hvrkwaGB0LqzefYzXgj8AqBAgMBAAE=
-----END RSA PUBLIC KEY-----
hidden-service-dir
ntor-onion-key NnLpmlCbVowlK0PPjZamPB3gcu6uQWDBrcPETdIaPUI=
accept 206.117.25.79:10006
reject *:*
router-signature
-----BEGIN SIGNATURE-----
F7SAYLfZuYFsqMiAHCWc0bk1Hvu58nxOsD9z6u263D7t50Xe1NGYzR5LiWAL6Gft
vUCMTUGfw8hFnPmjp9YLJnTKNlyrf++1qtcQX2QcR2f6hPEq8FJayM0lYQJijkj0
kSaq1XNiW4gsi9mNRiM5dzHgysEotVDbA2Nvpy5TQKA=
-----END SIGNATURE-----

'
Jan 12 13:31:36.000 [info] init_keys(): Dumping fingerprint to "/users/magesap/TorLatencyNormalizationFiles/ExperimentScripts/tingOnDeter/ting/tor/data/z/fingerprint"...
Jan 12 13:31:36.000 [notice] Your Tor server's identity key fingerprint is 'Unnamed 4D1BD08746D3077EB8AD1457B4B9E834C151EAC3'
Jan 12 13:31:36.000 [debug] mp_pool_new(): Capacity is 244, item size is 536, alloc size is 130784
Jan 12 13:31:36.000 [info] Bootstrapped 0%: Starting.
Jan 12 13:31:36.000 [info] read_file_to_str(): Could not open "/users/magesap/TorLatencyNormalizationFiles/ExperimentScripts/tingOnDeter/ting/tor/data/z/cached-certs": No such file or directory
Jan 12 13:31:36.000 [info] read_file_to_str(): Could not open "/users/magesap/TorLatencyNormalizationFiles/ExperimentScripts/tingOnDeter/ting/tor/data/z/cached-consensus": No such file or directory
Jan 12 13:31:36.000 [info] read_file_to_str(): Could not open "/users/magesap/TorLatencyNormalizationFiles/ExperimentScripts/tingOnDeter/ting/tor/data/z/unverified-consensus": No such file or directory
Jan 12 13:31:36.000 [info] read_file_to_str(): Could not open "/users/magesap/TorLatencyNormalizationFiles/ExperimentScripts/tingOnDeter/ting/tor/data/z/cached-microdesc-consensus": No such file or directory
Jan 12 13:31:36.000 [info] read_file_to_str(): Could not open "/users/magesap/TorLatencyNormalizationFiles/ExperimentScripts/tingOnDeter/ting/tor/data/z/unverified-microdesc-consensus": No such file or directory
Jan 12 13:31:36.000 [info] tor_mmap_file(): Could not open "/users/magesap/TorLatencyNormalizationFiles/ExperimentScripts/tingOnDeter/ting/tor/data/z/cached-microdescs" for mmap(): No such file or directory
Jan 12 13:31:36.000 [info] read_file_to_str(): Could not open "/users/magesap/TorLatencyNormalizationFiles/ExperimentScripts/tingOnDeter/ting/tor/data/z/cached-microdescs.new": No such file or directory
Jan 12 13:31:36.000 [info] microdesc_cache_reload(): Reloaded microdescriptor cache. Found 0 descriptors.
Jan 12 13:31:36.000 [info] tor_mmap_file(): Could not open "/users/magesap/TorLatencyNormalizationFiles/ExperimentScripts/tingOnDeter/ting/tor/data/z/cached-descriptors" for mmap(): No such file or directory
Jan 12 13:31:36.000 [info] tor_mmap_file(): Could not open "/users/magesap/TorLatencyNormalizationFiles/ExperimentScripts/tingOnDeter/ting/tor/data/z/cached-extrainfo" for mmap(): No such file or directory
Jan 12 13:31:36.000 [info] I learned some more directory information, but not enough to build a circuit: We have no usable consensus.
Jan 12 13:31:36.000 [info] router_pick_published_address(): Success: chose address '206.117.25.79'.
Jan 12 13:31:36.000 [debug] spawn_cpuworker(): just spawned a cpu worker.
Jan 12 13:31:36.000 [debug] connection_add_impl(): new conn type CPU worker, socket 12, address localhost, n_conns 4.
Jan 12 13:31:36.000 [debug] spawn_cpuworker(): just spawned a cpu worker.
Jan 12 13:31:36.000 [debug] connection_add_impl(): new conn type CPU worker, socket 14, address localhost, n_conns 5.
Jan 12 13:31:36.000 [debug] spawn_cpuworker(): just spawned a cpu worker.
Jan 12 13:31:36.000 [debug] connection_add_impl(): new conn type CPU worker, socket 16, address localhost, n_conns 6.
Jan 12 13:31:36.000 [debug] spawn_cpuworker(): just spawned a cpu worker.
Jan 12 13:31:36.000 [debug] connection_add_impl(): new conn type CPU worker, socket 18, address localhost, n_conns 7.
Jan 12 13:31:37.000 [info] router_pick_published_address(): Success: chose address '206.117.25.79'.
Jan 12 13:31:37.000 [debug] resolve_my_address(): Resolved Address to '206.117.25.79'.
Jan 12 13:31:37.000 [info] update_consensus_networkstatus_downloads(): Launching ns networkstatus consensus download.
Jan 12 13:31:37.000 [info] router_pick_published_address(): Success: chose address '206.117.25.79'.
Jan 12 13:31:37.000 [info] router_pick_directory_server(): No reachable router entries for dirservers. Trying them all again.
Jan 12 13:31:37.000 [info] directory_pick_generic_dirserver(): No router found for consensus network-status fetch; falling back to dirserver list.
Jan 12 13:31:37.000 [info] router_pick_published_address(): Success: chose address '206.117.25.79'.
Jan 12 13:31:37.000 [debug] directory_initiate_command_rend(): anonymized 0, use_begindir 1.
Jan 12 13:31:37.000 [debug] directory_initiate_command_rend(): Initiating consensus network-status fetch
Jan 12 13:31:37.000 [info] connection_ap_make_link(): Making internal direct tunnel to [scrubbed]:443 ...
Jan 12 13:31:37.000 [debug] connection_add_impl(): new conn type Socks, socket -1, address (Tor_internal), n_conns 8.
Jan 12 13:31:37.000 [debug] circuit_get_open_circ_or_launch(): considering 1, $7EA6EAD6FD83083C538F44038BBFA077587DD755
Jan 12 13:31:37.000 [debug] onion_pick_cpath_exit(): Launching a one-hop circuit for dir tunnel.
Jan 12 13:31:37.000 [info] onion_pick_cpath_exit(): Using requested exit node '$7EA6EAD6FD83083C538F44038BBFA077587DD755~7EA6EAD6FD83083C538 at 194.109.206.212'
Jan 12 13:31:37.000 [debug] onion_extend_cpath(): Path is 0 long; we want 1
Jan 12 13:31:37.000 [debug] onion_extend_cpath(): Chose router $7EA6EAD6FD83083C538F44038BBFA077587DD755~7EA6EAD6FD83083C538 at 194.109.206.212 for hop 1 (exit is 7EA6EAD6FD83083C538F44038BBFA077587DD755)
Jan 12 13:31:37.000 [debug] onion_extend_cpath(): Path is complete: 1 steps long
Jan 12 13:31:37.000 [debug] circuit_handle_first_hop(): Looking for firsthop '194.109.206.212:443'
Jan 12 13:31:37.000 [info] circuit_handle_first_hop(): Next router is [scrubbed]: Not connected. Connecting.
Jan 12 13:31:37.000 [notice] Bootstrapped 5%: Connecting to directory server.
Jan 12 13:31:37.000 [debug] channel_tls_connect(): In channel_tls_connect() for channel 0x55e768714420 (global id 0)
Jan 12 13:31:37.000 [debug] channel_set_identity_digest(): Setting remote endpoint digest on channel 0x55e768714420 with global ID 0 to digest 7EA6EAD6FD83083C538F44038BBFA077587DD755
Jan 12 13:31:37.000 [debug] connection_connect(): Connecting to [scrubbed]:443.
Jan 12 13:31:37.000 [debug] connection_connect(): Connection to [scrubbed]:443 in progress (sock 20).
Jan 12 13:31:37.000 [debug] connection_add_impl(): new conn type OR, socket 20, address 194.109.206.212, n_conns 9.
Jan 12 13:31:37.000 [debug] channel_tls_connect(): Got orconn 0x55e7687145f0 for channel with global id 0
Jan 12 13:31:37.000 [debug] channel_register(): Registering channel 0x55e768714420 (ID 0) in state opening (1) with digest 7EA6EAD6FD83083C538F44038BBFA077587DD755
Jan 12 13:31:37.000 [debug] channel_add_to_digest_map(): Added channel 0x55e768714420 (global ID 0) to identity map in state opening (1) with digest 7EA6EAD6FD83083C538F44038BBFA077587DD755
Jan 12 13:31:37.000 [debug] channel_set_cell_handlers(): Setting cell_handler callback for channel 0x55e768714420 to 0x55e767e96720
Jan 12 13:31:37.000 [debug] channel_set_cell_handlers(): Setting var_cell_handler callback for channel 0x55e768714420 to 0x55e767e95b20
Jan 12 13:31:37.000 [debug] circuit_handle_first_hop(): connecting in progress (or finished). Good.
Jan 12 13:31:37.000 [info] connection_ap_make_link(): ... application connection created and linked.
Jan 12 13:31:37.000 [debug] connection_add_impl(): new conn type Directory, socket -1, address 194.109.206.212, n_conns 10.
Jan 12 13:31:37.000 [info] directory_send_command(): Downloading consensus from 194.109.206.212:443 using /tor/status-vote/current/consensus/14C131+27B6B5+49015F+585769+805509+D586D1+E8A9C4+ED03BB+EFCBE7.z
Jan 12 13:31:37.000 [info] or_state_save(): Saved state to "/users/magesap/TorLatencyNormalizationFiles/ExperimentScripts/tingOnDeter/ting/tor/data/z/state"
Jan 12 13:31:37.000 [debug] conn_read_callback(): socket -1 wants to read.
Jan 12 13:31:37.000 [info] connection_edge_process_inbuf(): data from edge while in 'waiting for circuit' state. Leaving it on buffer.
Jan 12 13:31:37.000 [info] connection_edge_process_inbuf(): data from edge while in 'waiting for circuit' state. Leaving it on buffer.
Jan 12 13:31:37.000 [debug] connection_dir_finished_flushing(): client finished sending command.
Jan 12 13:31:48.000 [info] router_pick_published_address(): Success: chose address '206.117.25.79'.
Jan 12 13:31:59.000 [info] router_pick_published_address(): Success: chose address '206.117.25.79'.
Jan 12 13:32:10.000 [info] router_pick_published_address(): Success: chose address '206.117.25.79'.
Jan 12 13:32:21.000 [info] router_pick_published_address(): Success: chose address '206.117.25.79'.
Jan 12 13:32:32.000 [info] router_pick_published_address(): Success: chose address '206.117.25.79'.
Jan 12 13:32:38.000 [debug] resolve_my_address(): Resolved Address to '206.117.25.79'.
Jan 12 13:32:43.000 [info] router_pick_published_address(): Success: chose address '206.117.25.79'.
Jan 12 13:32:54.000 [info] router_pick_published_address(): Success: chose address '206.117.25.79'.
Jan 12 13:33:05.000 [info] router_pick_published_address(): Success: chose address '206.117.25.79'.
Jan 12 13:33:16.000 [info] router_pick_published_address(): Success: chose address '206.117.25.79'.
Jan 12 13:33:27.000 [info] router_pick_published_address(): Success: chose address '206.117.25.79'.
Jan 12 13:33:37.000 [info] connection_ap_expire_beginning(): Tried for 120 seconds to get a connection to [scrubbed]:443. Giving up. (waiting for circuit)
Jan 12 13:33:37.000 [debug] conn_close_if_marked(): Cleaning up connection (fd -1).
Jan 12 13:33:37.000 [debug] connection_remove(): removing socket -1 (type Socks), n_conns now 10
Jan 12 13:33:37.000 [info] connection_free_(): Freeing linked Socks connection [waiting for circuit] with 143 bytes on inbuf, 0 on outbuf.
Jan 12 13:33:37.000 [debug] conn_read_callback(): socket -1 wants to read.
Jan 12 13:33:37.000 [info] connection_dir_client_reached_eof(): 'fetch' response not all here, but we're at eof. Closing.
Jan 12 13:33:37.000 [debug] conn_close_if_marked(): Cleaning up connection (fd -1).
Jan 12 13:33:37.000 [info] update_consensus_networkstatus_downloads(): Launching ns networkstatus consensus download.
Jan 12 13:33:37.000 [info] router_pick_published_address(): Success: chose address '206.117.25.79'.
Jan 12 13:33:37.000 [info] router_pick_directory_server(): No reachable router entries for dirservers. Trying them all again.
Jan 12 13:33:37.000 [info] directory_pick_generic_dirserver(): No router found for consensus network-status fetch; falling back to dirserver list.
Jan 12 13:33:37.000 [info] router_pick_published_address(): Success: chose address '206.117.25.79'.
Jan 12 13:33:37.000 [debug] directory_initiate_command_rend(): anonymized 0, use_begindir 1.
Jan 12 13:33:37.000 [debug] directory_initiate_command_rend(): Initiating consensus network-status fetch
Jan 12 13:33:37.000 [info] connection_ap_make_link(): Making internal direct tunnel to [scrubbed]:443 ...
Jan 12 13:33:37.000 [debug] connection_add_impl(): new conn type Socks, socket -1, address (Tor_internal), n_conns 10.
Jan 12 13:33:37.000 [debug] circuit_get_open_circ_or_launch(): considering 1, $F2044413DAC2E02E3D6BCF4735A19BCA1DE97281
Jan 12 13:33:37.000 [debug] onion_pick_cpath_exit(): Launching a one-hop circuit for dir tunnel.
Jan 12 13:33:37.000 [info] onion_pick_cpath_exit(): Using requested exit node '$F2044413DAC2E02E3D6BCF4735A19BCA1DE97281~F2044413DAC2E02E3D6 at 212.112.245.170'
Jan 12 13:33:37.000 [debug] onion_extend_cpath(): Path is 0 long; we want 1
Jan 12 13:33:37.000 [debug] onion_extend_cpath(): Chose router $F2044413DAC2E02E3D6BCF4735A19BCA1DE97281~F2044413DAC2E02E3D6 at 212.112.245.170 for hop 1 (exit is F2044413DAC2E02E3D6BCF4735A19BCA1DE97281)
Jan 12 13:33:37.000 [debug] onion_extend_cpath(): Path is complete: 1 steps long
Jan 12 13:33:37.000 [debug] circuit_handle_first_hop(): Looking for firsthop '212.112.245.170:443'
Jan 12 13:33:37.000 [info] circuit_handle_first_hop(): Next router is [scrubbed]: Not connected. Connecting.
Jan 12 13:33:37.000 [debug] channel_tls_connect(): In channel_tls_connect() for channel 0x55e7687160b0 (global id 1)
Jan 12 13:33:37.000 [debug] channel_set_identity_digest(): Setting remote endpoint digest on channel 0x55e7687160b0 with global ID 1 to digest F2044413DAC2E02E3D6BCF4735A19BCA1DE97281
Jan 12 13:33:37.000 [debug] connection_connect(): Connecting to [scrubbed]:443.
Jan 12 13:33:37.000 [debug] connection_connect(): Connection to [scrubbed]:443 in progress (sock 21).
Jan 12 13:33:37.000 [debug] connection_add_impl(): new conn type OR, socket 21, address 212.112.245.170, n_conns 11.
Jan 12 13:33:37.000 [debug] channel_tls_connect(): Got orconn 0x55e7687167b0 for channel with global id 1
Jan 12 13:33:37.000 [debug] channel_register(): Registering channel 0x55e7687160b0 (ID 1) in state opening (1) with digest F2044413DAC2E02E3D6BCF4735A19BCA1DE97281
Jan 12 13:33:37.000 [debug] channel_add_to_digest_map(): Added channel 0x55e7687160b0 (global ID 1) to identity map in state opening (1) with digest F2044413DAC2E02E3D6BCF4735A19BCA1DE97281
Jan 12 13:33:37.000 [debug] channel_set_cell_handlers(): Setting cell_handler callback for channel 0x55e7687160b0 to 0x55e767e96720
Jan 12 13:33:37.000 [debug] channel_set_cell_handlers(): Setting var_cell_handler callback for channel 0x55e7687160b0 to 0x55e767e95b20
Jan 12 13:33:37.000 [debug] circuit_handle_first_hop(): connecting in progress (or finished). Good.
Jan 12 13:33:37.000 [info] connection_ap_make_link(): ... application connection created and linked.
Jan 12 13:33:37.000 [debug] connection_add_impl(): new conn type Directory, socket -1, address 212.112.245.170, n_conns 12.
Jan 12 13:33:37.000 [info] directory_send_command(): Downloading consensus from 212.112.245.170:443 using /tor/status-vote/current/consensus/14C131+27B6B5+49015F+585769+805509+D586D1+E8A9C4+ED03BB+EFCBE7.z
Jan 12 13:33:37.000 [debug] connection_remove(): removing socket -1 (type Directory), n_conns now 12
Jan 12 13:33:37.000 [info] connection_free_(): Freeing linked Directory connection [client reading] with 0 bytes on inbuf, 0 on outbuf.
Jan 12 13:33:37.000 [debug] conn_read_callback(): socket -1 wants to read.
Jan 12 13:33:37.000 [info] connection_edge_process_inbuf(): data from edge while in 'waiting for circuit' state. Leaving it on buffer.
Jan 12 13:33:37.000 [info] connection_edge_process_inbuf(): data from edge while in 'waiting for circuit' state. Leaving it on buffer.
Jan 12 13:33:37.000 [debug] connection_dir_finished_flushing(): client finished sending command.
Jan 12 13:33:38.000 [info] router_pick_published_address(): Success: chose address '206.117.25.79'.
Jan 12 13:33:39.000 [debug] resolve_my_address(): Resolved Address to '206.117.25.79'.
Jan 12 13:33:48.000 [debug] conn_read_callback(): socket 20 wants to read.
Jan 12 13:33:48.000 [info] control_event_bootstrap_problem(): Problem bootstrapping. Stuck at 5%: Connecting to directory server. (Connection timed out; TIMEOUT; count 1; recommendation ignore)
Jan 12 13:33:48.000 [debug] channel_close_for_error(): Closing channel 0x55e768714420 due to lower-layer error
Jan 12 13:33:48.000 [debug] channel_change_state(): Changing state of channel 0x55e768714420 (global ID 0) from "opening" to "closing"
Jan 12 13:33:48.000 [debug] channel_remove_from_digest_map(): Removed channel 0x55e768714420 (global ID 0) from identity map in state closing (4) with digest 7EA6EAD6FD83083C538F44038BBFA077587DD755
Jan 12 13:33:48.000 [debug] connection_mark_for_close_internal_(): Calling connection_mark_for_close_internal_() on an OR conn at src/or/connection.c:2865
Jan 12 13:33:48.000 [debug] conn_close_if_marked(): Cleaning up connection (fd -1).
Jan 12 13:33:48.000 [debug] circuit_n_chan_done(): chan to NULL/194.109.206.212:443, status=0
Jan 12 13:33:48.000 [info] circuit_n_chan_done(): Channel failed; closing circ.
Jan 12 13:33:48.000 [info] circuit_build_failed(): Our circuit died before the first hop with no connection
Jan 12 13:33:48.000 [debug] circuit_increment_failure_count(): n_circuit_failures now 1.
Jan 12 13:33:48.000 [debug] channel_change_state(): Changing state of channel 0x55e768714420 (global ID 0) from "closing" to "channel error"
Jan 12 13:33:48.000 [info] connection_or_note_state_when_broken(): Connection died in state 'connect()ing with SSL state (No SSL object)'
Jan 12 13:33:48.000 [debug] connection_remove(): removing socket -1 (type OR), n_conns now 11
Jan 12 13:33:48.000 [debug] channel_free(): Freeing channel 0 at 0x55e768714420
Jan 12 13:33:48.000 [debug] channel_clear_remote_end(): Clearing remote endpoint identity on channel 0x55e768714420 with global ID 0
Jan 12 13:33:49.000 [info] router_pick_published_address(): Success: chose address '206.117.25.79'.
Jan 12 13:34:00.000 [info] router_pick_published_address(): Success: chose address '206.117.25.79'.
Jan 12 13:34:07.000 [info] dns_launch_wildcard_checks(): Launching checks to see whether our nameservers like to hijack DNS failures.
Jan 12 13:34:07.000 [info] launch_wildcard_check(): Testing whether our DNS server is hijacking nonexistent domains with request for bogus hostname "pa2a.invalid"
Jan 12 13:34:07.000 [info] evdns_log_cb(): eventdns: Resolve requested.
Jan 12 13:34:07.000 [info] eventdns: Setting timeout for request 0x55e768714080, sent to nameserver 0x55e7687034e0
Jan 12 13:34:07.000 [info] launch_wildcard_check(): Testing whether our DNS server is hijacking nonexistent domains with request for bogus hostname "uj3r5pg5gbf726vi.test"
Jan 12 13:34:07.000 [info] evdns_log_cb(): eventdns: Resolve requested.
Jan 12 13:34:07.000 [info] eventdns: Setting timeout for request 0x55e7687141f0, sent to nameserver 0x55e7687034e0
Jan 12 13:34:07.000 [info] launch_wildcard_check(): Testing whether our DNS server is hijacking nonexistent domains with request for bogus hostname "guiq6dtq6op"
Jan 12 13:34:07.000 [info] evdns_log_cb(): eventdns: Resolve requested.
Jan 12 13:34:07.000 [info] eventdns: Setting timeout for request 0x55e768714390, sent to nameserver 0x55e7687034e0
Jan 12 13:34:07.000 [info] launch_wildcard_check(): Testing whether our DNS server is hijacking nonexistent domains with request for bogus hostname "du6mzesxn.com"
Jan 12 13:34:07.000 [info] evdns_log_cb(): eventdns: Resolve requested.
Jan 12 13:34:07.000 [info] eventdns: Setting timeout for request 0x55e76871ecd0, sent to nameserver 0x55e7687034e0
Jan 12 13:34:07.000 [info] launch_wildcard_check(): Testing whether our DNS server is hijacking nonexistent domains with request for bogus hostname "jebcmr4q5g4.org"
Jan 12 13:34:07.000 [info] evdns_log_cb(): eventdns: Resolve requested.
Jan 12 13:34:07.000 [info] eventdns: Setting timeout for request 0x55e76871ee40, sent to nameserver 0x55e7687034e0
Jan 12 13:34:07.000 [info] launch_wildcard_check(): Testing whether our DNS server is hijacking nonexistent domains with request for bogus hostname "ffsbxrnqi.net"
Jan 12 13:34:07.000 [info] evdns_log_cb(): eventdns: Resolve requested.
Jan 12 13:34:07.000 [info] eventdns: Setting timeout for request 0x55e76871efb0, sent to nameserver 0x55e7687034e0
Jan 12 13:34:07.000 [info] launch_wildcard_check(): Testing whether our DNS server is hijacking nonexistent domains with request for bogus hostname "dqlvs2fqtklbo6z.invalid"
Jan 12 13:34:07.000 [info] evdns_log_cb(): eventdns: Resolve requested.
Jan 12 13:34:07.000 [info] eventdns: Setting timeout for request 0x55e76871f120, sent to nameserver 0x55e7687034e0
Jan 12 13:34:07.000 [info] launch_wildcard_check(): Testing whether our DNS server is hijacking nonexistent domains with request for bogus hostname "humwovinnne.test"
Jan 12 13:34:07.000 [info] evdns_log_cb(): eventdns: Resolve requested.
Jan 12 13:34:07.000 [info] eventdns: Setting timeout for request 0x55e76871f290, sent to nameserver 0x55e7687034e0
Jan 12 13:34:07.000 [info] launch_wildcard_check(): Testing whether our DNS server is hijacking nonexistent domains with request for bogus hostname "svtzgmj3jzafnn6h"
Jan 12 13:34:07.000 [info] evdns_log_cb(): eventdns: Resolve requested.
Jan 12 13:34:07.000 [info] eventdns: Setting timeout for request 0x55e76871f440, sent to nameserver 0x55e7687034e0
Jan 12 13:34:07.000 [info] launch_wildcard_check(): Testing whether our DNS server is hijacking nonexistent domains with request for bogus hostname "4zug2vv3.com"
Jan 12 13:34:07.000 [info] evdns_log_cb(): eventdns: Resolve requested.
Jan 12 13:34:07.000 [info] eventdns: Setting timeout for request 0x55e76871f620, sent to nameserver 0x55e7687034e0
Jan 12 13:34:07.000 [info] launch_wildcard_check(): Testing whether our DNS server is hijacking nonexistent domains with request for bogus hostname "xyw6kuyz.org"
Jan 12 13:34:07.000 [info] evdns_log_cb(): eventdns: Resolve requested.
Jan 12 13:34:07.000 [info] eventdns: Setting timeout for request 0x55e76871f800, sent to nameserver 0x55e7687034e0
Jan 12 13:34:07.000 [info] launch_wildcard_check(): Testing whether our DNS server is hijacking nonexistent domains with request for bogus hostname "kebzxxm3.net"
Jan 12 13:34:07.000 [info] evdns_log_cb(): eventdns: Resolve requested.
Jan 12 13:34:07.000 [info] eventdns: Setting timeout for request 0x55e76871f9e0, sent to nameserver 0x55e7687034e0
Jan 12 13:34:07.000 [info] launch_wildcard_check(): Testing whether our DNS server is hijacking nonexistent domains with request for bogus hostname "zpnra6jg4quai4n.invalid"
Jan 12 13:34:07.000 [info] evdns_log_cb(): eventdns: Resolve requested.
Jan 12 13:34:07.000 [info] eventdns: Setting timeout for request 0x55e76871fbc0, sent to nameserver 0x55e7687034e0
Jan 12 13:34:07.000 [info] launch_wildcard_check(): Testing whether our DNS server is hijacking nonexistent domains with request for bogus hostname "7kfobcy64sck.test"
Jan 12 13:34:07.000 [info] evdns_log_cb(): eventdns: Resolve requested.
Jan 12 13:34:07.000 [info] eventdns: Setting timeout for request 0x55e76871fda0, sent to nameserver 0x55e7687034e0
Jan 12 13:34:07.000 [info] launch_wildcard_check(): Testing whether our DNS server is hijacking nonexistent domains with request for bogus hostname "bp4qmx356"
Jan 12 13:34:07.000 [info] evdns_log_cb(): eventdns: Resolve requested.
Jan 12 13:34:07.000 [info] eventdns: Setting timeout for request 0x55e76871ff80, sent to nameserver 0x55e7687034e0
Jan 12 13:34:07.000 [info] launch_wildcard_check(): Testing whether our DNS server is hijacking nonexistent domains with request for bogus hostname "3olyvnjbu.com"
Jan 12 13:34:07.000 [info] evdns_log_cb(): eventdns: Resolve requested.
Jan 12 13:34:07.000 [info] eventdns: Setting timeout for request 0x55e768720150, sent to nameserver 0x55e7687034e0
Jan 12 13:34:07.000 [info] launch_wildcard_check(): Testing whether our DNS server is hijacking nonexistent domains with request for bogus hostname "afik6ulmitgaa.org"
Jan 12 13:34:07.000 [info] evdns_log_cb(): eventdns: Resolve requested.
Jan 12 13:34:07.000 [info] eventdns: Setting timeout for request 0x55e7687203d0, sent to nameserver 0x55e7687034e0
Jan 12 13:34:07.000 [info] launch_wildcard_check(): Testing whether our DNS server is hijacking nonexistent domains with request for bogus hostname "s56urpntlha4u3.net"
Jan 12 13:34:07.000 [info] evdns_log_cb(): eventdns: Resolve requested.
Jan 12 13:34:07.000 [info] eventdns: Setting timeout for request 0x55e7687205b0, sent to nameserver 0x55e7687034e0
Jan 12 13:34:07.000 [info] launch_wildcard_check(): Testing whether our DNS server is hijacking nonexistent domains with request for bogus hostname "ujm.invalid"
Jan 12 13:34:07.000 [info] evdns_log_cb(): eventdns: Resolve requested.
Jan 12 13:34:07.000 [info] eventdns: Setting timeout for request 0x55e768720790, sent to nameserver 0x55e7687034e0
Jan 12 13:34:07.000 [info] launch_wildcard_check(): Testing whether our DNS server is hijacking nonexistent domains with request for bogus hostname "2q5c2.test"
Jan 12 13:34:07.000 [info] evdns_log_cb(): eventdns: Resolve requested.
Jan 12 13:34:07.000 [info] eventdns: Setting timeout for request 0x55e768720970, sent to nameserver 0x55e7687034e0
Jan 12 13:34:07.000 [info] launch_wildcard_check(): Testing whether our DNS server is hijacking nonexistent domains with request for bogus hostname "5o7nc6md3"
Jan 12 13:34:07.000 [info] evdns_log_cb(): eventdns: Resolve requested.
Jan 12 13:34:07.000 [info] eventdns: Setting timeout for request 0x55e768720b40, sent to nameserver 0x55e7687034e0
Jan 12 13:34:07.000 [info] launch_wildcard_check(): Testing whether our DNS server is hijacking nonexistent domains with request for bogus hostname "otj3jztcuebkgz4k.com"
Jan 12 13:34:07.000 [info] evdns_log_cb(): eventdns: Resolve requested.
Jan 12 13:34:07.000 [info] eventdns: Setting timeout for request 0x55e768720d10, sent to nameserver 0x55e7687034e0
Jan 12 13:34:07.000 [info] launch_wildcard_check(): Testing whether our DNS server is hijacking nonexistent domains with request for bogus hostname "xlmujpyiz.org"
Jan 12 13:34:07.000 [info] evdns_log_cb(): eventdns: Resolve requested.
Jan 12 13:34:07.000 [info] eventdns: Setting timeout for request 0x55e768720ef0, sent to nameserver 0x55e7687034e0
Jan 12 13:34:07.000 [info] launch_wildcard_check(): Testing whether our DNS server is hijacking nonexistent domains with request for bogus hostname "6bwu3vjykxlme7.net"
Jan 12 13:34:07.000 [info] evdns_log_cb(): eventdns: Resolve requested.
Jan 12 13:34:07.000 [info] eventdns: Setting timeout for request 0x55e7687210d0, sent to nameserver 0x55e7687034e0
Jan 12 13:34:07.000 [info] eventdns: Removing timeout for request 0x55e76871efb0
Jan 12 13:34:07.000 [info] eventdns: Removing timeout for request 0x55e7687203d0
Jan 12 13:34:07.000 [info] eventdns: Removing timeout for request 0x55e768720ef0
Jan 12 13:34:07.000 [info] eventdns: Removing timeout for request 0x55e76871f9e0
Jan 12 13:34:07.000 [info] eventdns: Removing timeout for request 0x55e768720150
Jan 12 13:34:07.000 [info] eventdns: Removing timeout for request 0x55e76871f800
Jan 12 13:34:07.000 [info] eventdns: Removing timeout for request 0x55e76871ecd0
Jan 12 13:34:07.000 [info] eventdns: Removing timeout for request 0x55e7687205b0
Jan 12 13:34:07.000 [info] eventdns: Removing timeout for request 0x55e7687210d0
Jan 12 13:34:07.000 [info] eventdns: Removing timeout for request 0x55e768720d10
Jan 12 13:34:07.000 [info] eventdns: Removing timeout for request 0x55e76871f620
Jan 12 13:34:07.000 [info] eventdns: Removing timeout for request 0x55e76871ee40
Jan 12 13:34:07.000 [info] eventdns: Removing timeout for request 0x55e76871ff80
Jan 12 13:34:07.000 [info] eventdns: Removing timeout for request 0x55e76871fbc0
Jan 12 13:34:07.000 [info] eventdns: Removing timeout for request 0x55e76871f290
Jan 12 13:34:07.000 [info] eventdns: Removing timeout for request 0x55e7687141f0
Jan 12 13:34:07.000 [info] eventdns: Removing timeout for request 0x55e768720970
Jan 12 13:34:07.000 [info] eventdns: Removing timeout for request 0x55e768714390
Jan 12 13:34:07.000 [info] eventdns: Removing timeout for request 0x55e768720790
Jan 12 13:34:07.000 [info] eventdns: Removing timeout for request 0x55e76871f120
Jan 12 13:34:07.000 [info] eventdns: Removing timeout for request 0x55e76871fda0
Jan 12 13:34:07.000 [info] eventdns: Removing timeout for request 0x55e768714080
Jan 12 13:34:07.000 [info] eventdns: Removing timeout for request 0x55e76871f440
Jan 12 13:34:07.000 [info] eventdns: Removing timeout for request 0x55e768720b40
Jan 12 13:34:11.000 [info] router_pick_published_address(): Success: chose address '206.117.25.79'.
Jan 12 13:34:22.000 [info] router_pick_published_address(): Success: chose address '206.117.25.79'.
Jan 12 13:34:33.000 [info] router_pick_published_address(): Success: chose address '206.117.25.79'.
Jan 12 13:34:37.000 [info] launch_test_addresses(): Launching checks to see whether our nameservers like to hijack *everything*.
Jan 12 13:34:37.000 [info] evdns_log_cb(): eventdns: Resolve requested.
Jan 12 13:34:37.000 [info] eventdns: Setting timeout for request 0x55e7687203d0, sent to nameserver 0x55e7687034e0
Jan 12 13:34:37.000 [info] evdns_log_cb(): eventdns: Resolve requested.
Jan 12 13:34:37.000 [info] eventdns: Setting timeout for request 0x55e768720ef0, sent to nameserver 0x55e7687034e0
Jan 12 13:34:37.000 [info] evdns_log_cb(): eventdns: Resolve requested.
Jan 12 13:34:37.000 [info] eventdns: Setting timeout for request 0x55e76871f9e0, sent to nameserver 0x55e7687034e0
Jan 12 13:34:37.000 [info] evdns_log_cb(): eventdns: Resolve requested.
Jan 12 13:34:37.000 [info] eventdns: Setting timeout for request 0x55e768720150, sent to nameserver 0x55e7687034e0
Jan 12 13:34:37.000 [info] evdns_log_cb(): eventdns: Resolve requested.
Jan 12 13:34:37.000 [info] eventdns: Setting timeout for request 0x55e76871f800, sent to nameserver 0x55e7687034e0
Jan 12 13:34:37.000 [info] evdns_log_cb(): eventdns: Resolve requested.
Jan 12 13:34:37.000 [info] eventdns: Setting timeout for request 0x55e7687205b0, sent to nameserver 0x55e7687034e0
Jan 12 13:34:37.000 [info] evdns_log_cb(): eventdns: Resolve requested.
Jan 12 13:34:37.000 [info] eventdns: Setting timeout for request 0x55e7687210d0, sent to nameserver 0x55e7687034e0
Jan 12 13:34:37.000 [info] evdns_log_cb(): eventdns: Resolve requested.
Jan 12 13:34:37.000 [info] eventdns: Setting timeout for request 0x55e768720d10, sent to nameserver 0x55e7687034e0
Jan 12 13:34:37.000 [info] eventdns: Removing timeout for request 0x55e7687203d0
Jan 12 13:34:37.000 [info] eventdns: Removing timeout for request 0x55e768720ef0
Jan 12 13:34:37.000 [debug] evdns_callback(): eventdns said that [scrubbed] resolves to [scrubbed]
Jan 12 13:34:37.000 [debug] evdns_callback(): eventdns said that [scrubbed] resolves to [scrubbed]
Jan 12 13:34:37.000 [info] eventdns: Removing timeout for request 0x55e768720d10
Jan 12 13:34:37.000 [info] eventdns: Removing timeout for request 0x55e7687210d0
Jan 12 13:34:37.000 [debug] evdns_callback(): eventdns said that [scrubbed] resolves to [scrubbed]
Jan 12 13:34:37.000 [info] eventdns: Removing timeout for request 0x55e76871f9e0
Jan 12 13:34:37.000 [debug] evdns_callback(): eventdns said that [scrubbed] resolves to [scrubbed]
Jan 12 13:34:37.000 [info] eventdns: Removing timeout for request 0x55e768720150
Jan 12 13:34:37.000 [debug] evdns_callback(): eventdns said that [scrubbed] resolves to [scrubbed]
Jan 12 13:34:37.000 [info] eventdns: Removing timeout for request 0x55e7687205b0
Jan 12 13:34:37.000 [debug] evdns_callback(): eventdns said that [scrubbed] resolves to [scrubbed]
Jan 12 13:34:37.000 [info] eventdns: Removing timeout for request 0x55e76871f800
Jan 12 13:34:37.000 [debug] evdns_callback(): eventdns said that [scrubbed] resolves to [scrubbed]
Jan 12 13:34:40.000 [debug] resolve_my_address(): Resolved Address to '206.117.25.79'.
Jan 12 13:34:44.000 [info] router_pick_published_address(): Success: chose address '206.117.25.79'.
Jan 12 13:34:55.000 [info] router_pick_published_address(): Success: chose address '206.117.25.79'.
Jan 12 13:35:06.000 [info] router_pick_published_address(): Success: chose address '206.117.25.79'.
Jan 12 13:35:17.000 [info] router_pick_published_address(): Success: chose address '206.117.25.79'.
Jan 12 13:35:28.000 [info] router_pick_published_address(): Success: chose address '206.117.25.79'.
Jan 12 13:35:37.000 [info] connection_ap_expire_beginning(): Tried for 120 seconds to get a connection to [scrubbed]:443. Giving up. (waiting for circuit)
Jan 12 13:35:37.000 [debug] conn_close_if_marked(): Cleaning up connection (fd -1).
Jan 12 13:35:37.000 [debug] connection_remove(): removing socket -1 (type Socks), n_conns now 10
Jan 12 13:35:37.000 [info] connection_free_(): Freeing linked Socks connection [waiting for circuit] with 143 bytes on inbuf, 0 on outbuf.
Jan 12 13:35:37.000 [debug] conn_read_callback(): socket -1 wants to read.
Jan 12 13:35:37.000 [info] connection_dir_client_reached_eof(): 'fetch' response not all here, but we're at eof. Closing.
Jan 12 13:35:37.000 [debug] conn_close_if_marked(): Cleaning up connection (fd -1).
Jan 12 13:35:37.000 [debug] connection_remove(): removing socket -1 (type Directory), n_conns now 9
Jan 12 13:35:37.000 [info] connection_free_(): Freeing linked Directory connection [client reading] with 0 bytes on inbuf, 0 on outbuf.
Jan 12 13:35:39.000 [info] router_pick_published_address(): Success: chose address '206.117.25.79'.
Jan 12 13:35:41.000 [debug] resolve_my_address(): Resolved Address to '206.117.25.79'.
Jan 12 13:35:47.000 [debug] conn_read_callback(): socket 21 wants to read.
Jan 12 13:35:47.000 [info] control_event_bootstrap_problem(): Problem bootstrapping. Stuck at 5%: Connecting to directory server. (Connection timed out; TIMEOUT; count 2; recommendation ignore)
Jan 12 13:35:47.000 [info] 1 connections have failed:
Jan 12 13:35:47.000 [info]  1 connections died in state connect()ing with SSL state (No SSL object)
Jan 12 13:35:47.000 [debug] channel_close_for_error(): Closing channel 0x55e7687160b0 due to lower-layer error
Jan 12 13:35:47.000 [debug] channel_change_state(): Changing state of channel 0x55e7687160b0 (global ID 1) from "opening" to "closing"
Jan 12 13:35:47.000 [debug] channel_remove_from_digest_map(): Removed channel 0x55e7687160b0 (global ID 1) from identity map in state closing (4) with digest F2044413DAC2E02E3D6BCF4735A19BCA1DE97281
Jan 12 13:35:47.000 [debug] connection_mark_for_close_internal_(): Calling connection_mark_for_close_internal_() on an OR conn at src/or/connection.c:2865
Jan 12 13:35:47.000 [debug] conn_close_if_marked(): Cleaning up connection (fd -1).
Jan 12 13:35:47.000 [debug] circuit_n_chan_done(): chan to NULL/212.112.245.170:443, status=0
Jan 12 13:35:47.000 [info] circuit_n_chan_done(): Channel failed; closing circ.
Jan 12 13:35:47.000 [info] circuit_build_failed(): Our circuit died before the first hop with no connection
Jan 12 13:35:47.000 [debug] circuit_increment_failure_count(): n_circuit_failures now 2.
Jan 12 13:35:47.000 [debug] channel_change_state(): Changing state of channel 0x55e7687160b0 (global ID 1) from "closing" to "channel error"
Jan 12 13:35:47.000 [info] connection_or_note_state_when_broken(): Connection died in state 'connect()ing with SSL state (No SSL object)'
Jan 12 13:35:47.000 [debug] connection_remove(): removing socket -1 (type OR), n_conns now 8
Jan 12 13:35:47.000 [debug] channel_free(): Freeing channel 1 at 0x55e7687160b0
Jan 12 13:35:47.000 [debug] channel_clear_remote_end(): Clearing remote endpoint identity on channel 0x55e7687160b0 with global ID 1
Jan 12 13:35:50.000 [info] router_pick_published_address(): Success: chose address '206.117.25.79'.
Jan 12 13:36:01.000 [notice] Catching signal TERM, exiting cleanly.
Jan 12 13:36:01.000 [info] or_state_save(): Saved state to "/users/magesap/TorLatencyNormalizationFiles/ExperimentScripts/tingOnDeter/ting/tor/data/z/state"
Jan 12 13:36:01.000 [debug] channel_tls_free_all(): Shutting down TLS channels...
Jan 12 13:36:01.000 [debug] channel_tls_free_all(): Done shutting down TLS channels
Jan 12 13:36:01.000 [debug] channel_free_all(): Shutting down channels...
Jan 12 13:36:01.000 [debug] channel_free_all(): Freeing channel_identity_map
Jan 12 13:36:01.000 [debug] channel_free_all(): Done cleaning up after channels
Jan 12 13:36:01.000 [debug] connection_free_(): closing fd 7.
Jan 12 13:36:01.000 [debug] connection_free_(): closing fd 8.
Jan 12 13:36:01.000 [debug] connection_free_(): closing fd 9.
Jan 12 13:36:01.000 [debug] connection_free_(): closing fd 12.
Jan 12 13:36:01.000 [debug] connection_free_(): closing fd 14.
Jan 12 13:36:01.000 [info] cpuworker_main(): read request failed. Exiting.
Jan 12 13:36:01.000 [info] cpuworker_main(): read request failed. Exiting.
Jan 12 13:36:01.000 [debug] connection_free_(): closing fd 16.
Jan 12 13:36:01.000 [debug] connection_free_(): closing fd 18.
Jan 12 13:36:01.000 [info] cpuworker_main(): read request failed. Exiting.
Jan 12 13:36:01.000 [info] buf_shrink_freelists(): Cleaned freelist for 4096-byte chunks: original length 1, kept 0, dropped 1.
Jan 12 13:36:01.000 [info] buf_shrink_freelists(): Cleaned freelist for 8192-byte chunks: original length 0, kept 0, dropped 0.
Jan 12 13:36:01.000 [info] buf_shrink_freelists(): Cleaned freelist for 16384-byte chunks: original length 0, kept 0, dropped 0.
Jan 12 13:36:01.000 [info] buf_shrink_freelists(): Cleaned freelist for 32768-byte chunks: original length 1, kept 0, dropped 1.
Jan 12 13:36:01.000 [info] cpuworker_main(): read request failed. Exiting.
Jan 12 13:36:01.000 [info] tor_lockfile_unlock(): Unlocking "/users/magesap/TorLatencyNormalizationFiles/ExperimentScripts/tingOnDeter/ting/tor/data/z/lock"
