0,12.164,1.2804,0.79462,190.64,193.03,195.44,191.32,78.16800000000001,88.684,89.667,84.248,112.64,119.1,21.541,86.953,198.45,198.6,63.823,37.65,44.636,41.058,37.156,78.934,79.14700000000001,234.54,231.03,101.76,95.97199999999999,30.303,29.533,191.14,72.848,80.14100000000001,235.26,236.81,107.33,179.92,216.13,81.03400000000001,82.256,39.185,40.624,121.04,119.64,36.344,33.946,30.912,138.9,131.33,146.93,112.32,114.21,217.8,214.22,58.094,41.53,39.367,41.21,47.895,38.262,41.395,42.494,38.278,41.688,46.074,46.2,62.516,64.703,196.98,204.74,198.89,198.59,198.95,191.62,194.51,157.25,97.3,99.06100000000001,71.65600000000001,67.589,84.938,46.792,47.012,47.254,59.219,59.491,136.98,89.149,89.337,89.059,89.438,89.477,249.63,248.04,88.68000000000001,88.44199999999999,190.56,255.19,241.75,81.086,79.786,78.063,100.29,103.7,72.77200000000001,73.89400000000001,46.585,87.23,87.527,86.98399999999999,95.59999999999999,78.018,86.762,93.36499999999999,94.68000000000001,86.741,95.504,89.55,92.70099999999999,91.68300000000001,93.154,307.65,310.49,98.926,126.36,100.9,98.42400000000001,190.06,196.39,196.54,203.24,115.63,245.26,246.78,79.71599999999999,79.378,80.294,114.45,121.09,130.41,151.72,130.18,153.43,93.19499999999999,85.47499999999999,196.44,201.39,264.45,307.24,307.38,36.322,36.797,46.458,37.938,200.94,225.11,312.78,233.28,228.68,85.53400000000001,82.96599999999999,73.396,109.62,109.56,193.03,78.494,80.139,80.857,82.373,100.23,113.35,74.562,79.758,12.83,98.134,116.15,76.449,170.67,165.27,168.47,197.81,197,31.18,34.829,113.99,106.93,188.2,188.12,196.35,187.93,45.369,199.56,194.93,33.441,28.702,28.861,30.076,77.794,79.646,76.399,247.31,289.66,276.52,278.06,25.378,22.472,59.523,59.622,122.21,182.74,102.52,107.65,190.22,188.04,188.17,23.694,31.621,24.177,86.48699999999999,89.76300000000001,215.37,255.94,94.248,94.807,94.111,88.312,102.38,53.084,54.632,58.31,52.556,257.06,254.21,146.74,187.18,191.33,216.05,77.72199999999999,80.209,80.717,236.63,209.98,153.31,172.36,171.07,193.32,188.17,104.82,116.45,275.49,275.64,96.38800000000001,94.47799999999999,81.23999999999999,78.476,160.51,86.75700000000001,87.004,196.05,206.11,106.19,109.3,108.77,277.56,280.21,71.357,71.151,193.78,193.96,195.85,267.85,266.27,196.89,194.88,39.793,201.14,198.88,89.649,82.241,79.06,256.92,205.13,204.8,157.15,37.704,183.21,178.8,178.46,99,96.304,104.69,250.76,251.57,109.4,72.205,77.905,71.205,83.139,88.581,93.602,191.85,216.8,221.29,224.92,191.08,80.411,78.334,79.185,260.31,253.52,268.59,87.31100000000001,199.73,198.72,266.7,264.16,185.45,192.73,74.557,74.336,89.896,189.43,220.27,71.405,74.815,86.47,81.932,82.417,102.05,94.79600000000001,94.873,235.24,233.92,184.45
12.164,0,0.78657,17.138,191.49,193.07,192.94,191.28,78.40600000000001,84.117,88.089,83.494,113.29,164.9,15.373,59.105,198.55,199.54,74.27,38.706,40.602,42.602,41.042,81.742,80.38800000000001,230.7,231.92,90.502,86.742,35.295,30.764,185.13,72.76300000000001,73.062,231.46,232.12,107.2,182.94,238.84,84.13200000000001,79.56,43.487,40.485,115.79,115.51,30.996,30.469,30.451,124.13,126.23,131.69,134.87,109.87,213.93,213.58,41.179,41.607,40.771,43.343,38.235,39.447,41.985,38.611,39.206,38.78,38.687,38.661,62.444,62.47,194.48,311.46,199.71,198.91,198.87,192.37,192.65,159.24,97.34,97.37,68.789,68.158,77.027,185.73,48.75,47.556,60.481,59.996,121.28,94.09999999999999,89.879,90.092,91.092,89.679,295.83,248.13,89.44,90.56,187.28,252.16,229.95,77.813,96.039,78.41200000000001,102.54,102.25,73.194,74.071,79.64700000000001,89.419,88.181,87.429,93.167,89.768,119.66,86.81,93.229,77.405,91.071,92.80800000000001,91.014,90.068,89.955,307.79,310.33,99.62,370.95,99.81399999999999,94.996,196.48,198.74,197.96,208.33,118.16,245.27,246.79,79.637,80.119,79.959,114.83,113.36,433.32,128.59,127.52,141.7,81.09699999999999,81.164,196.45,196.88,292.82,316.83,313.45,34.038,34.119,39.248,38.868,202.15,423.31,225.33,229.09,229.2,80.89,74.46299999999999,62.048,105.97,105.49,191.89,79.82599999999999,78.77500000000001,85.212,82.42700000000001,96.303,112.33,74.739,74.7,14.334,97.67100000000001,112.31,85.752,172.7,163.35,161.78,195.59,197.52,46.537,30.239,107.91,107.58,191.42,188.38,189.02,192.83,45.977,194.87,195.14,28.681,29.816,30.077,28.851,76.20999999999999,76.661,77.301,231.44,290.99,275.57,275.84,23.116,28.077,59.38,61.811,122.23,213.86,98.901,98.761,187.49,185.52,191.72,373.51,29.206,23.187,86.41500000000001,87.504,199.46,248.27,94.497,95.26300000000001,127.94,91.672,89.90600000000001,53.413,55.491,53.451,52.582,256.27,254.45,147.39,186.23,189.13,208.49,80.334,81.044,75.551,277.71,210.4,154.19,171.5,172.2,188.71,188.09,104.79,104.82,275.64,275.62,95.36199999999999,95.389,79.17700000000001,82.375,101.52,89.40300000000001,87.081,196.11,204.19,106.43,106.63,107.33,280.65,277.86,71.267,71.393,198.54,196.18,206.17,267.63,266.7,195.43,194.72,43.019,200.07,201.15,86.843,104.16,82.92,283.84,206.08,203.87,154.49,40.128,172.76,178.52,186.15,97.041,106.31,97.977,251.45,251.02,107.56,74.34699999999999,72.121,71.184,72.434,163.59,286.49,192.05,211.5,217.89,223.07,236.87,79.38800000000001,76.535,75.074,256.08,253.34,267.8,90.235,201.66,199.51,264.58,265.23,187.04,187.11,76.69,74.672,87.86799999999999,189.31,222.21,71.181,71.645,89.98099999999999,78.52200000000001,83.593,99.337,95.79300000000001,123.45,234.58,235.41,186.36
1.2804,0.78657,0,1.0113,191.05,193.74,192.8,192.95,78.905,83.92,83.886,83.563,103.36,109,32.111,53.119,198.32,198.01,58.277,41.876,45.4,37.7,37.309,79.375,108.31,231.34,230.99,88.96899999999999,96.815,29.519,29.882,185.45,72.29000000000001,71.027,237.11,231.72,109.27,186.66,276.51,80.113,83.116,42.937,39.168,115.61,152.29,30.652,32.582,35.607,111.24,121.58,126.43,121.54,148.86,213.35,215.35,51.9,41.22,39.349,40.491,38.465,43.211,40.633,40.359,40.873,40.058,38.918,44.663,63.65,64.303,194.62,203.05,199.81,199.23,203.65,192,191.42,157.35,97.70399999999999,97.944,67.563,66.45699999999999,76.756,47.126,47.205,47.556,59.608,61.879,116.33,91.601,89.831,89.229,97.30800000000001,93.18000000000001,247.68,248.18,89.68000000000001,88.67700000000001,187.22,242.28,255.96,77.983,78.30500000000001,77.997,101.57,100.42,70.105,70.435,111.02,87.98699999999999,87.527,88.586,93.104,79.15300000000001,86.55,86.64700000000001,86.41500000000001,78.279,92.553,99.188,90.595,93.514,93.361,309.33,307.96,99.003,355.51,99.11799999999999,93.825,190.49,198.29,196.34,196.33,116.89,245.72,245.52,79.38800000000001,80.95699999999999,79.31100000000001,116.47,112.09,127.35,128.39,146.81,144.56,81.43300000000001,82.84699999999999,196.02,195.85,272.81,312.52,314.75,34.011,36.045,38.02,37.852,199.83,225.04,232.72,228.67,230.48,76.98099999999999,75.19799999999999,62.004,105.57,105.54,186.78,78.675,79.931,95.181,85.869,93.961,112.53,75.129,74.39700000000001,22.578,100.89,112.22,77.19199999999999,163.82,163.25,159.14,194.97,198.04,30.017,42.557,106.82,106.96,188.43,188.67,191.66,188.2,46.63,210.53,194.83,28.732,35.61,30.195,30.014,75.956,80.983,76.03700000000001,208.91,247.52,275.71,274.21,22.637,22.471,59.803,69.352,121.85,153.3,97.58,98.229,185.56,188.74,188.44,24.864,22.578,30.346,87.587,87.101,203.92,257.72,94.37,93.73699999999999,94.366,89.70399999999999,90.66500000000001,52.832,53.545,52.453,56.601,257.34,258.59,141.16,186.25,188.2,196.61,80.435,80.43899999999999,105.79,269.75,212.46,152.62,171.72,173.84,188.53,188.61,105.41,104.76,275.44,276.93,94.64400000000001,94.593,77.67700000000001,77.515,149.49,86.34699999999999,86.15300000000001,196.2,214.67,106.21,106.72,107.73,277.55,279.56,71.947,71.252,193.94,193.73,197.21,268.36,267.65,196.63,195.35,41.626,200.05,199.27,89.107,75.22499999999999,70.69,257.5,202.72,203.53,155.14,37.04,178.69,179.06,184.93,96.369,98.43600000000001,101.75,252.89,251.46,105.89,72.38800000000001,73.06100000000001,70.89700000000001,72.29900000000001,93.148,93.34399999999999,192.12,205.82,218.26,217.96,193.26,78.235,76.747,77.622,254.43,253.72,263.76,84.94499999999999,198.83,199.13,264.12,263.96,315.6,185.41,74.322,75.04600000000001,88.56,189.56,222.27,69.548,69.849,83.92700000000001,78.517,78.687,95.444,107.47,118.95,235.27,233.88,184.38
0.79462,17.138,1.0113,0,191.32,197.48,193.06,191.54,78.17,86.669,83.461,84.226,137.67,109.18,16.121,25.11,203.06,203.68,60.334,37.669,37.975,37.408,43.986,79.008,79.379,230.95,230.67,127.84,101.76,29.433,29.392,186.63,72.16500000000001,84.461,232.07,234.58,108.15,182.27,210.47,79.79600000000001,95.699,43.561,39.095,118.83,115.92,30.674,31.151,30.603,122.85,135.83,108.13,123.72,163.15,213.22,213.58,50.7,39.522,38.888,54.551,39.065,38.243,40.906,75.539,38.306,38.413,38.804,42.595,66.184,62.502,195.5,197.68,198.66,198.77,198.79,195.61,191.98,158.66,97.252,97.941,67.55800000000001,67.86799999999999,76.884,49.556,47.205,46.817,59.914,61.165,120.41,91.357,89.214,88.852,96.65000000000001,90.48999999999999,251.09,249.08,96.845,88.654,188.87,248.53,248.6,81.532,95.387,78.098,100.76,102.21,67.752,79.96599999999999,14.644,88.29300000000001,93.584,86.995,93.104,81.425,90.47199999999999,95.062,96.232,80.367,92.14400000000001,89.682,90.187,89.64100000000001,89.73099999999999,309.38,307.6,101.09,513.78,100.07,94.104,190.13,196.42,196.63,201.75,115.57,245.64,245.48,79.541,80.822,91.087,113.68,116.59,153.93,129.88,159.74,153.28,80.867,81.063,195.92,203.21,245.97,312.55,308.93,38.409,34.776,37.892,39.899,199.87,224.82,225.17,228.92,228.77,80.443,80.652,63.926,111.94,106.59,189.26,81.953,78.664,78.077,84.78100000000001,99.563,114.61,76.842,77.834,13.243,98.048,112.91,83.675,160.28,161.98,165.61,194.18,195.08,29.713,29.74,107.15,111.97,188.12,189.8,190.06,192.37,44.834,194.78,198.21,28.821,34.548,29.307,29.454,75.843,76.08199999999999,76.252,219.25,238.35,274.25,274.05,24.157,25.873,59.477,59.794,152.73,157.11,97.977,144.15,185.79,184.81,190.76,29.799,27.11,23.368,86.577,86.71599999999999,202.62,256.72,93.922,99.2,97.309,97.794,97.908,53.593,52.4,52.538,56.508,257.59,256.25,148.45,191.08,187.1,196.35,80.89100000000001,79.768,103.03,238.81,208.12,157.91,170.83,171.22,192.63,192.3,138.92,126.97,275.23,275,96.425,94.71299999999999,84.09099999999999,96.848,138.14,87.486,86.14100000000001,201.92,208.79,109.28,109.62,106.13,277.74,277.64,74.09399999999999,73.009,193.31,198.5,206.14,266.52,266.38,197.56,194.91,41.514,199.07,199.04,86.956,73.851,95.008,256.87,203.02,204.81,154.45,41.23,172.86,179.12,178.49,97.854,100.16,99.67400000000001,250.46,250.75,106.6,71.142,71.04600000000001,71.63500000000001,71.399,58.054,93.521,192.09,203.71,217.75,219.67,190.63,76.196,77.682,76.361,254.55,255.32,275.15,86.675,200.54,202.2,264.07,264.14,186.33,185.66,74.8,74.461,95.624,189.25,222.15,72.517,71.494,80.18899999999999,78.23699999999999,78.76000000000001,95.592,95.52500000000001,102.26,236,233.76,184.54
190.64,191.49,191.05,191.32,0,5.1471,36.838,34.588,121.38,141.91,151.95,152.67,167.74,169.28,198.81,234.3,26.361,25.378,171.65,196.06,190.9,201.05,189.68,140.46,139.09,59.897,65.67100000000001,134.14,164.55,185.87,184.28,27.599,135.56,143.23,58.554,68.72499999999999,104.64,16.936,75.998,146.3,142.93,192.51,199.08,108.46,110.92,187.98,188.98,184.39,150.95,162.79,117.28,172.48,141.27,45.556,40.29,191.91,194.25,196.12,198.55,198.4,197.68,197.47,201.15,199.81,191.43,193.64,192.95,145.38,146.69,26.647,21.554,40.499,40.294,40.31,40.107,33.401,161.25,126.52,126.65,149.47,148.63,123.97,163.3,161.81,163.5,163.27,161.53,113.95,107.16,106.17,106.67,120.05,119.45,299.84,300.21,106.88,109.04,17.675,256.8,107.04,124.64,124.45,134.88,138.36,141.25,127.63,128.45,223.8,117.22,121.72,115.69,103.53,132.4,107.43,108.2,109.38,107.11,119.61,113.89,114.88,115.82,127.67,233.5,232.33,122.64,441.45,121.43,125.96,18.027,7.7211,6.8954,6.6647,299.58,302.87,286.78,160.94,158.41,160.05,104.84,109.08,172.33,175,175.91,310.1,166.62,164.86,25.049,23.393,102.33,243.41,231.77,187.72,188.01,149.1,146.13,23.285,53.024,58.876,40.248,46.168,116.76,109.68,145.32,109.78,109.96,17.816,137.05,137.84,125.41,127.58,132.46,104.98,134.17,136.36,204.11,130.95,118.07,137.21,23.482,23.525,28.753,30.27,22.551,172.16,180.26,108.77,107.51,16.062,19.36,15.4,14.902,199.23,35.969,36.399,184.92,183.26,182.57,184.87,134.12,133.12,137.14,40.296,137.72,294.47,302.7,172.37,167.12,143.97,149.36,164.89,208.15,161.39,170.4,29.465,31.084,15.91,194.82,194.87,190.12,117.33,119.15,38.772,301.52,127.03,125.74,125.87,106.53,105.63,194.87,195.31,202.99,194.92,295.76,301.7,312.78,13.045,12.981,24.394,125.63,127.74,148.69,127.62,30.913,305.39,329.81,328.06,15.488,14.963,127.46,120.45,317.94,316.22,112.78,112.21,156.4,155.85,133.5,147.88,150.74,23.319,27.226,104.02,104.96,103.68,308.79,307.37,135.51,135.64,20.287,20.098,25.283,294.61,289.14,37.301,36.119,192.95,34.719,35.347,116.41,140.2,147.34,298.56,56.407,14.332,307.32,190.62,379.25,381.15,364.96,118.2,117.31,123.61,77.383,80.413,107.48,128.46,127.58,127.45,128.32,247.82,129.71,19.184,42.592,249.51,251.53,18.246,119.19,122.1,120.09,295.46,299.48,287.34,115.16,9.9588,12.939,312.73,314.33,354.51,354.99,132.6,132.17,142.72,27.791,47.809,136.58,135.4,121.93,122.28,122.86,102.87,101.85,148.82,63.357,61.752,41.537
193.03,193.07,193.74,197.48,5.1471,0,36.097,35.833,124.48,143.62,154.32,154.87,139.77,164.87,193.38,230.06,28.107,30.744,174.88,196.49,198.41,199.34,192.3,140.93,140.95,61.303,60.447,132.41,174.63,184.31,188.32,28.906,137.5,137.9,61.511,61.337,107.59,12.225,85.173,140.76,142.15,197.6,198.38,114.61,113,187.73,188.98,191.12,149.19,146.78,150.11,149.7,116.55,43.088,43.206,195.18,200.67,198.3,194.3,200.84,196.39,196.92,219.92,195.37,192.84,193.07,198.55,148.49,148.46,24.411,24.453,45.86,44.941,42.981,36.261,37.78,163.74,129.06,130.13,152.48,151.92,126.7,166.78,166.29,164.29,160.71,160.5,112.66,110.7,109.64,109.74,123.46,123.39,308.11,304.63,112.25,108.87,16.854,123.84,189.5,126.43,130.07,127.53,141.02,141.01,130.49,129.03,216.71,118.64,119.73,119.63,105.81,135.96,109.39,109.18,108.66,110.61,120.89,116.84,122.03,116.31,125.37,234.55,234.63,124.4,916.65,124.72,128.21,19.24,2.8174,2.7919,2.8763,320.99,289.66,295.61,162.57,161.69,161.63,107.75,107.77,177.89,176.96,177.3,310.36,166.42,166.63,25.938,30.944,117.26,239.75,234.41,193.36,194.17,149.63,149.47,17.048,54.827,55.164,43.148,43.31,116.07,122.11,148.51,112.87,112.98,15.703,143.09,140.38,136.94,136.81,134.79,107.87,134.69,134.81,209.97,133.06,120.03,139.19,27.346,26.104,26.929,30.057,24.078,174.47,177.57,109.03,107.51,18.1,17.891,25.989,17.935,202.03,39.129,39.15,185.05,185.28,184.96,186.09,135.14,135.27,135.82,80.261,133.91,305.23,296.91,176.49,172.71,145.75,145.77,167.89,218.61,170.9,160.1,31.386,31.413,18.084,285.38,199.28,197.26,118.78,118.67,27.763,304.06,128.43,128.25,133.68,107.34,107.35,199.05,197.98,197.99,198,299.34,298.55,308.26,18.133,16.214,41.113,134.01,129.64,138.11,67.01600000000001,33.717,302.2,330.42,330.36,29.739,22.768,117.99,114.46,319.28,319.3,122.02,115.27,159.03,159.11,135.51,151.8,150.27,25.962,28.135,106.73,110.09,106.59,300.22,300.6,137.68,137.87,22.934,23.154,28.228,298.93,298.69,39.239,45.113,195.53,16.329,16.201,114.56,133.23,144.91,301.16,20.693,17.189,310.28,191.5,366.76,379.29,381.99,124.1,132.49,121.41,80.352,80.833,106.36,132.79,130.69,131.2,139.92,328.14,127.98,21.778,50.796,251.65,258.19,20.553,122.4,120.77,122.98,298.84,300.02,295.17,118.58,12.932,13.036,315.47,315.09,357.7,357.98,136.17,134.61,143.53,17.167,51.089,135.88,138.53,124.59,124.36,124.69,106.56,104.71,146.2,63.881,63.73,28.724
195.44,192.94,192.8,193.06,36.838,36.097,0,0.72697,121.53,142.62,170.3,170.21,153.73,143.31,159.23,180.43,44.382,41.962,171.11,186.08,188.18,186.17,186.3,147.65,147.29,51.831,51.885,138.48,157.43,179.24,178.36,10.624,127.14,126.76,52.014,52.359,106.55,44.883,111.68,140.52,776.92,187.88,188.72,124.2,112.21,180.06,181.06,179.04,102.32,120.76,110.71,170.37,102.86,34.855,34.352,206.45,187.66,186.97,189.07,188.22,187.15,188.68,221.5,191.81,187.43,187.31,190.29,155.92,154.63,30.595,33.954,47.372,47.871,47.669,43.754,41.323,180.06,124.09,123.74,153.24,154.95,137.11,163.39,164.61,164.21,151.19,151.61,112.33,116.92,115.24,116.03,120.35,120.59,309.64,310.69,115.66,115.72,29.816,113.66,106.01,134.05,132.4,132.13,160.57,154.2,96.962,97.423,293.9,114.49,115.17,113.65,107.9,117.51,111.39,107.72,115.14,95.179,117.21,117.77,125.16,118.97,117.18,239.51,239.52,109.93,130.54,128.69,147.98,33.744,39.328,39.736,44.806,275.62,302.64,303.77,166.31,167.07,166.25,106.29,106.41,171.7,171.63,171.64,297.77,168.65,178.35,40.114,38.966,107.77,249.86,250.78,182.66,181.77,163.08,166.48,43.253,55.596,46.123,75.14100000000001,74.834,114.49,94.34999999999999,153.27,127.98,126.4,28.841,147.53,146.05,101.77,101.88,121.67,106.89,147.78,147.71,153.08,147,133.61,143.59,27.397,27.502,27.494,40.574,37.011,176.37,178.74,108.16,109.19,31.962,31.367,34.982,32.063,193.42,43.912,50.31,179.99,179.71,178.83,179.94,134.24,134.55,134.26,30.086,61.711,302.59,302.41,164.26,163.89,151.18,153.42,166.34,188.2,153.31,155.83,11.922,12.414,37.113,156.66,154.24,156.9,117.23,117.34,52.62,304.59,114.88,114.46,114.95,121.15,122.16,211.06,211.14,211.14,211.28,311.83,312.03,296.61,30.756,30.026,58.401,133.63,358.46,155.41,44.438,44.551,305.26,336.57,336.42,31.935,31.131,125.04,113.47,332.68,332.56,113.79,113.91,172.11,173.09,133.98,143.36,143.49,40.496,38.021,106.72,105.3,106.12,306.43,305.97,127.05,127.85,30,29.24,31.085,294.64,294.76,14.129,14.822,190.32,44.468,44.156,113.36,143.96,134.67,314.93,49.163,48.829,308.95,186.57,386.79,383.83,389.23,106.52,112.53,108.47,89.48099999999999,89.32599999999999,111.31,132.57,130.04,129.08,142.67,227.42,126.93,27.485,56.393,242.48,245.4,33.768,103,95.902,95.09099999999999,312.44,311.17,301.21,92.54000000000001,41.956,44.964,313.55,313.78,371.46,372.09,147.97,147.57,131.95,30.427,41.64,127.73,126.86,121.86,121.75,122.28,103.98,102.61,144.96,78.488,78.005,11.175
191.32,191.28,192.95,191.54,34.588,35.833,0.72697,0,121.59,140.76,170.2,172.1,213.37,143.43,154.2,198.31,41.117,41.003,171.03,187.61,188.3,185.73,185.59,146.62,148.54,52.437,53.349,159.78,157.76,180.56,181.23,17.315,127.15,129.27,52.324,61.559,106.12,48.695,118.62,141.36,143.28,187.58,187.43,111.4,109.6,181.72,201.33,179.99,154.85,107.53,114.59,104.94,106.69,34.018,41.692,196.32,187.23,187.13,188.27,187.06,186.83,187.05,192.72,190.15,189.4,190.21,187.28,154.03,154.05,30.603,31.148,47.331,47.384,47.342,40.729,40.333,190.53,123.53,123.75,156.58,152.81,130.73,162.42,162.58,162.55,152.7,151.05,111.99,115.29,115.54,115.45,121.82,121.66,308.56,309.91,114.85,114.93,29.708,104.29,110.61,132.02,133.03,131.88,154.05,153.88,96.607,95.965,253.21,113.92,113.66,117.9,104.46,120.25,108.02,108.09,116.96,94.946,120.93,128.07,115.76,115.75,117.68,239.02,239.1,109.18,253.37,113.78,126.66,34.818,39.212,39.15,40.742,268.21,302.8,302.55,168.32,167.88,167.73,106.09,107.02,173.54,171.74,173.19,295.02,171.03,167.7,44.826,38.587,99.07899999999999,244.19,244.68,184.28,181.55,162.99,167.46,42.456,61.876,49.285,78.896,74.946,101.88,101.44,153.06,127.32,125.85,28.633,147.68,145.99,101.61,103.14,102.32,110.52,149.38,147.57,160.38,146.31,133.32,145.25,324.41,27.245,27.649,37.407,44.181,175.74,409.43,106.6,106.3,35.381,30.808,30.889,30.746,193.24,44.331,43.497,178.69,178.96,185.41,178.55,133.42,133.65,135.44,63.617,79.154,302.37,302.3,164.07,171.29,152.11,152.2,166.35,193.65,152.39,153.28,10.742,15.492,31.137,269.63,157.93,157.83,119.65,117.07,54.35,302.57,116.92,114.42,114.32,120.32,120.6,211.19,210.91,210.99,210.89,311.75,311.63,296.93,29.924,30.725,49.399,134.71,135.93,152.89,43.719,43.553,303.91,336.02,336.06,31,38.811,122.08,116.49,334.6,332.36,114.41,119.16,172.27,175.52,182.93,143.9,149.14,39.795,41.995,105.15,105.15,104.99,305.7,305.84,127.1,127.06,29.527,48.156,28.763,294.4,294.5,16.354,13.905,189.48,41.91,41.913,115.7,339.04,141.75,314.17,48.936,48.617,308.6,188.83,386.95,386.34,389.59,107.84,108.46,115.28,88.82599999999999,89.396,104.5,128.77,128.84,128.39,129.6,280.74,127.92,28.228,48.75,242.42,243.59,34.063,96.14400000000001,105.99,96.932,311.37,310.74,291.47,112.99,41.919,46.416,314.24,313.48,373.14,370.94,147.53,147.36,132.5,31.489,40.646,127.38,129.6,121.8,121.81,121.81,102.21,107.59,145.1,76.843,77.60599999999999,11.1
78.16800000000001,78.40600000000001,78.905,78.17,121.38,124.48,121.53,121.59,0,31.299,15.445,14.177,21.408,27.566,64.602,115.87,130.04,126.36,64.556,66.142,66.386,66.107,69.73999999999999,36.017,44.783,147.84,148,42.863,83.11,58.287,58.245,114.62,17.137,17.116,159.59,159.63,24.888,125.4,170.33,28.374,27.944,67.88800000000001,70.221,31.202,28.523,59.796,59.399,59.249,41.944,38.795,68.17700000000001,38.004,66.02,142.45,141.53,67.94799999999999,69.214,72.721,68.08199999999999,67.13200000000001,67.014,68.254,83.922,67.67700000000001,66.979,67.113,67.822,29.41,29.447,123.57,126.13,123.5,124.11,123.37,116.51,117.39,68.44199999999999,21.307,21.266,30.962,30.632,25.705,59.837,55.32,55.409,26.364,26.945,223.18,18.934,18.657,18.498,37.329,37.536,179.33,179.09,18.116,18.314,115.22,185.41,192.83,26.911,34.085,27.005,29.721,26.516,19.288,19.219,91.205,16.69,16.808,16.704,24.235,35.601,16.627,18.605,18.329,27.646,15.349,16.935,17.739,13.34,13.474,291.99,290.31,29.267,172.56,37.754,34.327,117.37,124.64,126.31,124.64,193.67,172.75,173.27,31.474,31.333,31.438,25.22,25.223,75.217,131.41,76.048,217.64,17.085,11.22,124.35,124.09,215.92,290.14,291.97,62.808,62.039,29.554,29.522,129.62,142.2,141.93,156.97,156.97,33.014,27.881,28.541,22.979,23.039,113.96,47.512,47.495,60.297,38.786,59.617,26.673,23.308,23.694,85.46599999999999,21.338,30.11,50.39,113.13,112.41,112.02,122.44,123.3,67.63800000000001,66.289,26.603,25.014,116.86,116.15,116.41,116.2,75.20999999999999,119.79,119.82,71.35599999999999,71.304,71.36799999999999,71.925,44.796,46.293,45.633,135.01,159.85,184.07,183.92,56.392,56.39,26.456,31.718,69.98999999999999,108.08,46.241,76.227,115.87,116.15,116.44,81.842,79.18000000000001,79.792,34.173,34.408,129.64,202.23,23.723,23.549,33.158,17.745,17.909,81.039,81.111,81.13,81.044,181.75,181.64,216,114.99,114.27,134.47,27.605,28.567,31.995,200.43,147.41,197.73,224,223.9,116.57,116.47,60.995,44.938,197.92,199.64,33.675,33.777,42.168,43.511,71.92100000000001,35.177,35.212,124.22,376.48,23.98,25.5,23.779,187.35,187.6,17.292,17.27,122.81,122.27,124.37,176.36,176.27,124.83,124.85,83.206,127.16,129.9,10.999,40.123,31.837,184.27,131.16,130.95,199.3,65.95,243.75,249,253.38,29.654,27.063,33.243,179.34,178.93,23.868,20.069,21.332,19.676,22.886,331.76,32.601,120.32,130.39,128.08,221.29,118.74,24.304,23.185,23.267,181.13,180.83,172.72,26.149,126.77,126.87,213.41,213.32,228.21,228.19,22.274,22.38,12.375,114.24,152.78,21.082,19.431,2.0077,1.7382,1.8308,22.227,24.554,72.58199999999999,162.04,162.01,115.17
88.684,84.117,83.92,86.669,141.91,143.62,142.62,140.76,31.299,0,65.985,67.273,54.337,41.832,66.66,91.732,146.42,147.27,78.152,79.91500000000001,79.626,88.893,91.596,48.969,49.414,179.84,178.74,47.238,52.021,72.062,72.00700000000001,133.8,15.526,16.42,179.89,180.12,45.592,147.3,175.31,25.71,25.99,94.816,82.235,50.125,50.741,73.48399999999999,74.06,72.899,54.908,59.323,54.345,78.45,82.58499999999999,161.63,162.49,81.767,80.843,81.956,84.89700000000001,80.91800000000001,80.709,81.554,132.32,81.069,93.197,81.69199999999999,80.96299999999999,44.784,44.596,143.57,144.03,143.73,143.75,149.03,138.33,136.63,89.22499999999999,52.578,52.537,48.559,48.109,20.561,77.559,75.999,68.637,56.971,56.804,53.962,37.083,36.354,36.393,18.481,18.457,237.53,238.98,38.588,46.889,135.11,196.08,203.25,19.993,23.91,27.538,27.048,27.097,39.165,39.255,79.139,34.512,35.131,47.796,41.526,45.65,35.088,40.047,34.019,39.134,45.931,45.744,44.58,50.079,45.155,312.62,312.69,46.577,368.06,47.36,48.548,139.46,144.89,145.24,144.99,183.01,203.36,203.29,61.645,61.778,61.715,46.101,45.749,118.04,84.422,73.23999999999999,196.9,63.309,63.341,144.43,144.3,204.53,317.71,317.68,77.27800000000001,75.83499999999999,63.626,68.578,148.04,178.06,173.15,177.08,177.02,47.239,52.983,59.337,41.564,41.082,138.17,47.874,53.496,51.643,48.534,47.752,46.152,22.346,20.849,80.76000000000001,55.867,48.223,47.194,125.89,126.82,130.62,142.61,143.47,86.99299999999999,88.108,55.917,51.359,136.47,136.33,136.55,138.75,87.34,139.98,140.15,70.098,78.515,71.66800000000001,69.848,21.271,40.642,21.861,182.58,199.6,224.05,224.01,70.96599999999999,70.261,56.897,56.869,68.218,95.021,43.958,99.11,135.56,134.11,136.54,71.48699999999999,76.149,75.14,21.831,22.003,150.18,247.3,46.804,44.191,56.426,35.584,45.746,111.63,111.7,111.5,111.59,212.59,212.17,195.88,134.75,134.24,160.31,21.38,28.311,43.833,156.24,156.54,217.07,221.25,221.36,136.96,136.59,76.71599999999999,73.533,219.96,223.76,42.405,41.848,72.821,75,57.854,39.364,39.884,151.32,151.64,44.748,45.859,44.456,227.72,227.49,15.754,16.129,149.05,164.24,151.91,218.08,216.24,146.12,144.26,79.705,149.72,153.68,42.814,16.386,35.465,217.32,151.1,151.01,214.13,82.354,350.88,351.27,357,46.371,47.888,45.723,199.02,199.21,49.288,16.348,16.5,16.267,16.284,74.833,52.125,140.27,155.54,168.79,261.87,139.09,38.604,34.567,41.364,211.54,213.91,217.53,41.093,146.84,147.19,253.33,253.23,225.61,225.62,32.334,20.474,43.232,135.79,169.32,17.983,16.145,31.941,31.859,31.855,39.503,54.423,35.608,177.42,172.64,134.27
89.667,88.089,83.886,83.461,151.95,154.32,170.3,170.2,15.445,65.985,0,0.63485,41.264,106.16,92.541,195.72,168.22,167.99,75.71299999999999,65.47199999999999,67.70999999999999,71.045,69.5,46.909,53.555,186.95,186.49,95.967,66.84699999999999,58.385,58.216,163.48,53.122,53.372,211.39,210.51,50.216,163.78,170.24,62.446,63.693,68.755,67.851,39.206,39.279,58.753,71.64400000000001,58.68,74.73399999999999,97.74299999999999,59.132,83.569,78.21299999999999,192.72,192.2,69.196,66.66200000000001,68.09699999999999,67.044,66.819,67.226,76.10599999999999,70.54300000000001,79.99299999999999,66.21299999999999,69.252,66.907,29.779,29.258,173.24,173.38,173.06,174.35,172.57,166.2,165.93,58.254,70.087,70.732,33.816,33.12,48.223,68.18600000000001,66.026,67.191,31.561,35.464,49.459,48.518,48.818,48.376,84.613,80.28,179.86,178.33,47.962,47.96,157.15,267.21,214.1,49.562,52.417,50.133,63.559,63.173,40.901,39.141,163.64,46.94,49.204,46.614,75.218,46.332,65.346,69.756,66.36799999999999,52.73,70.636,63.062,62.165,70.45999999999999,62.566,308.61,307.14,84.02200000000001,81.837,77.696,78.89700000000001,151.63,155.18,160.86,169.04,230.58,171.98,175.2,15.19,14.436,14.751,36.534,37.125,110.33,109.31,110.9,254.79,13.92,9.4108,171.68,166.93,245.42,317.8,312.7,62.649,61.177,44.344,49.412,178.58,187.77,182.52,207.88,207.89,49.167,50.884,38.527,34.303,33.79,164.32,49.014,47.206,59.364,55.499,67.77500000000001,42.209,56.912,58.914,108.32,26.466,40.851,44.234,129.47,131.96,131.16,175.46,167.02,97.765,99.639,35.864,35.687,157.64,157.33,161.91,157.48,77.124,170.12,168.96,83.29000000000001,83.804,83.89,83.85899999999999,58.009,56.718,56.807,245.14,232.03,212.98,212.88,108.11,107.88,31.708,32.961,145.04,130.3,80.479,125.11,175.32,165.6,166.7,107.82,97.10899999999999,96.61,77.663,76.548,175.69,207.77,73.496,72.295,72.31100000000001,49.636,52.52,92.26000000000001,91.983,92.133,93.63500000000001,180.85,181.89,255.86,155.61,158.33,178.8,52.944,52.256,51.022,193.95,186.93,212.2,225.92,227.52,166.35,167.33,45.795,37.758,201.74,202.22,82.584,83.05800000000001,55.034,55.373,84.30500000000001,54.032,56.241,164.07,182.07,40.908,35.919,34.909,216.11,217.36,59.164,58.383,172.67,173.13,174.12,205.16,205.96,173.85,174.33,95.062,178.08,179.28,59.907,57.146,55.366,183.43,182.31,181.67,218.91,68.621,232.61,232.39,227.99,102.34,76.196,77.73699999999999,231.13,229.91,41.645,42.266,43.641,42.367,44.823,145.41,79.261,170.76,195.87,132.36,132.76,161.05,50.238,45.709,46.369,181.25,181.43,201.56,49.377,178.42,177.72,218.44,218.8,240.04,240.03,57.28,57.403,24.327,147.58,199.85,59.025,51.931,13.925,14.422,14.001,72.492,71.56999999999999,79.59699999999999,213.83,212.77,163.67
84.248,83.494,83.563,84.226,152.67,154.87,170.21,172.1,14.177,67.273,0.63485,0,45.092,47.81,93.512,120.4,169.29,168.02,88.39,65.40000000000001,66.31999999999999,69.738,65.65000000000001,46.906,49.054,187.24,185.54,86.729,70.413,59.908,58.057,164.16,52.636,52.38,210.43,211.44,35.959,162.35,201.85,61.949,80.432,67.26600000000001,67.41,39.538,39.468,59.505,59.8,58.573,71.413,61.413,60.154,56.326,81.277,193.14,193.01,67.015,68.48399999999999,68.485,69.327,66.291,66.95399999999999,69.125,75.52,66.303,66.593,66.389,67.648,28.669,29.095,173.56,173.61,172.74,174.48,173.98,167.27,165.81,53.484,70.26300000000001,70.971,37.829,32.917,48.146,66.432,65.967,67.18300000000001,31.425,32,44.062,48.562,48.9,48.532,78.684,78.892,178.58,178.71,48.614,48.08,156.73,195.39,206.28,49.731,50.934,49.761,65.813,63.409,38.837,38.543,129.51,46.829,48.449,46.341,73.021,47.317,65.188,65.73,68.24299999999999,54.34,64.31699999999999,63.876,81.974,63.101,66.645,306.96,307.3,77.929,153.51,77.771,84.023,150.21,156.3,156.99,161.77,228.23,172.1,173.1,14.533,14.604,15.191,36.5,36.484,122.13,127.58,145.17,256.63,11.912,10.746,166.74,168.03,269.92,312.33,306.73,83.04300000000001,61.439,43.059,43.255,179.2,181.74,181.82,207.91,207.81,59.192,63.388,33.49,34.261,35.402,164.64,46.681,49.343,59.521,55.445,64.026,36.177,56.859,56.819,107.87,26.503,40.97,44.004,129.37,130.47,130,165.96,166.26,98.015,97.753,38.366,38.837,157.33,157.3,158.42,157.11,74.91,169.95,169.47,83.70399999999999,83.22499999999999,83.203,84.136,56.606,56.673,57.816,195.1,234.82,212.58,213.44,107.78,107.98,31.597,31.501,140.21,148.18,89.40000000000001,89.084,165.54,164.3,167.09,99.12,101.22,95.93000000000001,75.73399999999999,75.467,181.22,207.8,73.054,72.649,73.34999999999999,47.646,47.844,92.32299999999999,93.087,93.12,92.57899999999999,182.46,181.49,257.45,156.39,155.9,188.32,50.225,51.103,62.407,277.87,187.86,208.27,225.4,225.47,166.55,167.36,33.426,33.623,202.09,206.93,82.953,83.54300000000001,53.563,53.305,134.92,54.263,54.64,166.18,181.35,36.519,34.902,34.896,216.2,216.67,52.196,52.126,173.89,172.84,180.38,205.85,204.82,173.57,173.6,94.577,178.01,179.99,59.538,52.75,51.728,184.24,182.27,182.1,208.99,66.024,232.89,232.14,233.75,78.227,77.001,77.81,230.31,230.34,35.119,42.691,42.701,42.79,42.227,215.88,81.42100000000001,171.54,178.24,247.55,248.12,163.68,45.701,44.54,47.908,182.4,182.41,202.27,50.912,177.7,178.11,218.97,218.85,240.11,240.39,57.819,57.525,23.624,147.65,199.82,52.862,52.512,15.089,14.549,14.766,72.702,71.992,96.209,215.49,213.6,163.91
112.64,113.29,103.36,137.67,167.74,139.77,153.73,213.37,21.408,54.337,41.264,45.092,0,53.24,122.08,187.66,153.59,162.91,93.733,105.11,93.482,97.84099999999999,76.90900000000001,75.82299999999999,111.45,176.7,183.81,80.07899999999999,86.104,88.78100000000001,91.136,142.89,94.06,74.678,192.59,170.38,93.511,192.45,229.94,51.084,76.962,119.18,101.55,41.242,38.689,69.874,103.8,90.53400000000001,81.154,70.199,72.80200000000001,105.71,85.614,172.1,152.55,97.59699999999999,77.804,108.85,95.18600000000001,87.21599999999999,127.38,118.1,95.199,93.236,98.687,84.798,106.12,72.169,97.352,146.65,152.68,144.57,152.92,155.16,146.96,639.49,98.92,60.288,56.518,74.994,47.019,69.916,72.542,76.19799999999999,80.36799999999999,65.22199999999999,70.76300000000001,78.753,52.755,39.085,96.411,71.867,50.503,201.36,212.38,52.25,53.437,173.15,211.89,207.67,68.777,82.621,99.749,46.609,41.474,62.056,123.83,184.4,37.11,56.091,44.232,36.362,87.864,29.397,28.379,32.34,236.65,50.515,45.736,26.525,42.139,33.591,304.41,355.43,76.303,1189.7,52.944,43.127,131.31,146.04,166.73,139.04,228.03,202.68,216.29,54.359,61.439,143.56,106.63,69.771,99.599,85.58499999999999,173.81,250.63,21.934,21.667,135.11,142.62,200.54,325.17,320.35,73.205,89.191,98.693,48.903,198.96,177.27,173.5,190.15,231.2,80.654,120.95,38.857,52.429,53.386,172.06,58.196,67.971,53.526,49.055,64.541,107.22,48.376,44.353,151.83,26.433,55.982,54.002,168.22,128.89,583.7,159.08,161.88,92.154,91.075,92.306,60.765,381.81,174.76,355.61,144.99,124.16,131.88,142.32,124.82,96.925,91.44199999999999,118.21,68.982,62.965,39.719,198.19,191.31,279.4,199.11,106.36,101.91,97.285,52.8,103.57,163.89,72.598,116.19,126.24,125.99,168.54,116.73,112.9,103.34,45.078,80.383,173.8,283.78,76.908,66.157,47.508,40.589,57.658,166.95,135.46,149.69,121.98,192.13,198.79,240.82,182.83,156.77,655.22,71.086,47.052,54.718,205.14,158.39,263.73,248.58,247.48,180.64,182.51,101.84,64.70999999999999,279.78,242.12,44.252,92.84399999999999,100.52,58.634,77.42,77.568,45.663,136.06,171.97,35.553,41.579,34.1,239.42,261.58,78.13800000000001,30.49,157.37,545.75,170.95,193.53,210.77,153.06,156,93.393,158.73,152.73,73.441,41.157,70.857,195.6,167.98,163.45,209.63,98.63200000000001,254.72,264.78,302.02,60.603,84.294,57.577,216.71,206.62,46.979,82.29300000000001,52.302,44.172,64.316,133.87,70.765,167.13,170.46,140.95,143.51,146.88,44.422,746.75,57.564,208.06,236.85,200.02,51.923,175.57,159.5,325.6,280.61,308.45,257.09,98.941,100.9,23.739,412.3,182.35,70.376,35.541,18.103,53.824,30.959,169.88,113.74,81.267,183.74,182.96,128.31
119.1,164.9,109,109.18,169.28,164.87,143.31,143.43,27.566,41.832,106.16,47.81,53.24,0,149.71,155.09,135.74,159.6,89.559,76.589,90.90300000000001,87.56699999999999,76.351,59.207,63.121,174.89,186.39,63.761,120.37,68.718,86.43300000000001,150.31,28.355,74.363,196.46,187.03,35.626,207.92,251.84,39.507,61.413,78.574,83.56,41.921,100.53,81.675,98.96299999999999,88.386,99.10899999999999,80.65900000000001,88.282,85.03,50.672,169.03,157.8,109.12,95.188,79.39100000000001,115.34,86.53,79.071,79.02800000000001,117.67,115.82,78.114,78.654,143.55,55.241,93.73,145.47,133.47,136.79,168.18,133.98,143.35,159.43,86.134,66.758,31.662,46.004,65.485,54.665,119.63,104.06,87.83799999999999,42.669,74.72799999999999,48.806,63.84,30.066,37.196,63.138,70.68300000000001,189.45,218.09,79.209,40.586,125.76,227.13,221.78,58.097,84.38500000000001,37.36,63.176,62.825,40.327,34.372,239.88,52.63,36.024,28.785,40.561,81.572,93.967,125.07,42.603,173.09,24.083,23.928,29.106,53.214,67.328,311.3,309.95,57.606,449.39,72.505,54.109,167.92,272.35,190.54,174.56,213.69,208.11,201.24,59.558,41.743,144.47,33.754,39.124,99.98999999999999,137.21,96.092,252.8,79.64400000000001,21.498,178.89,168.93,223.57,319.24,319.51,93.922,109.99,83.512,48.268,138.18,171.95,180.53,189.01,191.92,178.89,42.555,67.441,33.321,44.413,146.96,52.569,65.294,47.485,53.983,114.17,70.289,61.313,38.788,294.17,32.252,49.263,74.52500000000001,171.08,156.66,139.28,150.97,195.02,79.435,90.642,70.03700000000001,60.135,187.34,175.11,132.59,130.42,115.59,146.78,130.34,90.63800000000001,124.08,119.48,142.24,74.80800000000001,51.742,35.014,202.25,202.62,206.51,213.63,67.15600000000001,124.15,99.476,65.328,116.17,143.7,146.75,141.65,134.85,125.19,126.01,117.58,174.81,150.66,84.946,44.615,290.92,277.69,45.96,34.015,43.081,56.465,100.11,133.72,145.09,132.55,121.44,207.04,191.98,249.58,153.63,135.66,183.42,48.461,61.66,51.449,234.66,188.24,271.17,250.57,262.43,156.41,171.7,106.26,60.986,238.74,215.52,72.208,55.609,133.62,52.706,71.767,67.961,78.20999999999999,198.97,156.28,84.438,35.876,70.261,229.82,210.66,56.762,72.377,157.03,173.94,155.84,207.84,217.08,176.63,153.39,101.41,188.23,145.39,26.774,51.625,62.366,205.5,180.42,180.6,225.01,104.21,243.39,289.45,256.97,37.643,67.773,40.771,202.03,202.47,34.864,30.491,30.55,30.168,30.151,167.7,57.189,130.65,162.05,178.19,155.98,158.7,74.012,62.561,135.14,276.83,209.28,202.61,64.515,165.73,150.39,258.87,265.13,284.52,251.06,32.741,41.187,22.784,199.75,200.27,81.648,56.505,12.501,75.11799999999999,12.295,68.40000000000001,33.541,96.443,208.51,189.57,141.51
21.541,15.373,32.111,16.121,198.81,193.38,159.23,154.2,64.602,66.66,92.541,93.512,122.08,149.71,0,66.419,170.4,169.69,36.153,6.0726,12.249,5.6747,5.7885,78.18300000000001,78.837,241.6,244.53,97.43300000000001,125.26,15.256,23.29,154.42,56.316,62.173,203.38,207.74,86.968,186.33,250.47,62.171,61.288,8.830500000000001,9.0943,84.801,86.91,19.634,46.632,16.778,85.033,175.84,84.121,125.67,98.589,178.65,167.11,10.549,7.4236,10.522,8.101900000000001,6.9335,8.028700000000001,8.416499999999999,8.8376,14.007,6.7272,7.5732,10.815,55.935,55.849,179.96,169.52,180.62,175.83,181.54,196.63,176.6,111.54,79.95699999999999,76.398,53.611,59.762,60.211,24.577,29.421,21.866,53.152,62.915,98.7,88.372,84.482,80.593,93.28400000000001,106.88,128.38,129.79,92.134,80.04600000000001,177.14,299.61,261.84,58.835,61.711,61.603,62.383,63.033,75.97499999999999,99.355,96.25700000000001,78.31100000000001,78.922,79.024,80.501,68.35299999999999,78.613,93.084,78.465,77.72199999999999,101.64,86.211,97.459,86.345,86.626,214.46,214.46,92.992,312.2,93.09399999999999,90.062,171.64,178.36,188.53,183.27,133.12,122.11,120.45,81.14100000000001,73.06100000000001,73.93899999999999,79.07599999999999,79.13200000000001,26.949,27.083,27.151,146.57,78.31399999999999,78.559,181.57,187.16,272.11,219.05,219.11,21.855,28.749,57.418,52.071,179.55,212.38,234.4,225.16,219.79,95.015,100.66,60.215,78.709,63.461,174.38,51.31,68.059,85.126,89.294,93.872,79.39400000000001,57.511,56.877,7.7004,65.039,68.651,54.053,164.7,162.35,174.27,176.7,169.64,6.499,5.5284,77.518,89.03700000000001,177.1,177.52,178.6,180.49,28.974,170.97,179.17,51.339,55.029,25.856,26.354,71.679,84.004,72.244,211.07,199.2,232.5,232.17,26.403,22.578,59.259,47.101,27.768,77.611,60.61,53.362,153.37,153.52,185.68,12.86,14.539,13.877,78.34099999999999,78.69,224.63,130.47,87.694,88.608,87.413,100.43,79.43300000000001,31.253,45.476,42.756,31.327,150.07,132.92,143.67,191.33,194.47,199.92,65.628,70.485,68.499,187.68,185.67,168.91,142.28,146.5,186.5,176.26,97.69799999999999,95.932,139.98,134.26,90.002,80.425,67.80800000000001,68.55200000000001,86.34,79.176,52.656,180.49,177.95,81.429,90.994,80.246,250.44,237.7,58.524,61.532,179.69,185.01,173.67,227.09,227.71,160.73,155.53,39.032,188.59,185.71,93.21299999999999,75.37,74.46599999999999,129.12,200.46,201.26,151.53,9.8164,193.7,187.66,193.94,84.39700000000001,78.52500000000001,81.937,251.72,230.22,83.29000000000001,75.15600000000001,56.617,56.475,58.417,233.9,111.03,176.13,178.23,150.9,153.12,182.03,74.04600000000001,73.999,73.8,125.51,127.1,223.51,80.626,197.99,193.39,170.08,145.38,189.06,175.51,56.593,56.66,90.127,163.41,182.94,55.512,56.305,71.999,67.863,93.042,75.557,74.22199999999999,85.435,222.86,229.02,158.62
86.953,59.105,53.119,25.11,234.3,230.06,180.43,198.31,115.87,91.732,195.72,120.4,187.66,155.09,66.419,0,191.15,178.06,102.06,95.426,74.771,81.357,62.687,141.47,122.67,269.8,244.23,197.6,132.34,74.291,45.066,188.99,119.94,77.54900000000001,257.01,239.31,102.45,208.62,235.95,78.38200000000001,73.95399999999999,84.938,47.111,125.07,92.571,70.98999999999999,53.888,59.474,129.85,187.68,147.21,116.28,155.4,210.42,210.85,126.69,54.312,55.015,44.172,25.863,14.543,32.334,48.288,50.065,125.42,82.72499999999999,75.51600000000001,76.246,87.255,194.98,402.66,247.38,182.19,217.63,209.16,184.22,157.48,141.6,102.28,135.18,90.236,99.881,59.079,56.377,42.174,69.94199999999999,89.646,96.76000000000001,138.94,101.59,119.02,121.52,99.42100000000001,147.02,130,117.89,92.89400000000001,174.35,405.95,278.33,125.29,112.17,95.926,132.6,75.864,93.187,130.26,83.468,108.87,144.69,118.77,114.16,98.267,109.79,131.48,132.74,119.49,112.9,113.35,153.62,130.49,139.65,268.62,219.38,119.32,314.01,131.32,183.73,188.62,198.71,247.93,205.44,148.06,148.64,154.44,99.996,90.09999999999999,116.07,106.85,99.508,32.405,78.97499999999999,112.85,184.56,146.77,88.456,208.28,230.02,282.69,243.97,235.13,46.404,74.414,137.73,93.36499999999999,243.88,240.95,245.59,242.56,255.26,149.31,128.65,110.71,107.38,94.529,232.65,75.09699999999999,83.262,119.41,148.53,144.09,131.2,110.24,90.47499999999999,56.295,134.59,75.252,100.87,179.78,194.45,166.11,256.16,198.74,33.984,31.911,108.73,118.32,181.31,190.49,212.77,216.35,60.62,193.49,209.98,62.299,82.211,70.056,55.039,87.753,106.85,159.51,180.17,248.5,253.13,234.81,126.96,57.181,100.8,98.583,98.11799999999999,122.56,112.66,113.18,197.58,230.72,191.66,94.10599999999999,35.888,39.881,91.611,109.3,233.1,179.07,107.98,134.36,147.63,134.41,163,80.078,44.904,76.23399999999999,115.03,136.88,172.91,185.04,211.08,256.45,209.69,102.24,96.468,89.706,308.51,195.38,176.41,152.51,144.26,201.23,194.17,159.18,131.53,183.81,179.57,141.17,106.73,89.773,141.63,145.93,80.752,72.789,202.16,193.72,122.88,107.1,152.25,264.16,255.16,91.357,99.41800000000001,238.42,201.02,198.93,230.3,327.35,210.84,194.67,65.577,217.03,222.51,109.25,113.87,75.04600000000001,172.89,240.55,212.36,163.74,24.982,218.6,223.46,209.34,127.14,96.31100000000001,109.25,319.3,306.27,105.69,89.08199999999999,97.398,95.026,110.94,103.14,120.11,242.19,247.13,153.99,166.15,237.61,100.47,94.045,136.18,156.27,149.39,258.92,135.74,221.66,201.01,169.46,183.59,204.3,215.61,96.629,88.06999999999999,133.08,197.94,225.74,143.61,89.508,110.76,98.607,133.91,87.67100000000001,78.545,109.89,270.52,240.99,184.67
198.45,198.55,198.32,203.06,26.361,28.107,44.382,41.117,130.04,146.42,168.22,169.29,153.59,135.74,170.4,191.15,0,6.3056,177.86,191.19,243.27,197.6,190.27,146.14,146.21,65.621,65.65300000000001,141.6,168.66,182.64,182.66,35.049,132.05,133.39,66.645,72.35899999999999,115.91,36.752,43.706,145.83,148.76,192.28,194.23,120.65,117.58,184.1,184.31,183.77,158.7,118.92,143.17,155.09,135.52,48.404,48.55,191.89,195.89,193.03,192.68,192.08,191.31,193.98,198.23,191.97,191.5,192.39,193.77,153.77,153.68,29.748,30.084,48.436,48.333,48.077,41.204,41.169,168.96,136.71,140.33,160.27,157.42,125.91,166.51,166.68,166.46,148.68,148.54,121.66,120.2,113.39,113.75,126.51,128.32,308.24,308.24,112.93,113.99,21.981,110.28,112.29,123.25,123.65,123.18,146.43,146.63,121.2,120.47,203.46,115.6,115.86,184.6,111.18,123.15,114.8,116.38,116.62,109.63,131.13,129.14,129.07,137.2,128.99,239.78,240.08,120.43,678.27,119.6,116.31,24.302,31.497,31.596,31.569,313.89,295.13,294.88,157.76,173.12,157.77,112.99,113.23,178.43,178.56,178.39,319.48,163.61,163.73,7.2663,7.1658,100.66,239.58,244.87,187.08,188.44,155.51,155.34,42.39,59.929,60.182,63.906,63.887,146.51,119.45,152.66,118.07,120.41,13.384,146.11,145.79,137.82,114.47,136.73,116.78,139.95,139.97,193.28,138.7,125.34,146.31,21.944,21.858,21.796,7.0402,5.5519,179.74,183.32,115.67,118.74,23.556,22.987,23.291,24.638,204.08,44.369,44.378,182.48,182.41,182.5,182.34,140.48,146.03,140.61,112.18,95.621,316.65,318.32,167.43,167.53,149.01,148.49,173.29,219.46,159.66,161.54,35.618,34.553,15.767,185.4,184.87,185.71,124.75,123.39,32.791,318.2,121.51,121.25,121.14,116.15,127.57,204.96,203.23,203.25,203.15,304.94,303.76,320.32,14.344,13.421,36.196,133.29,133.62,145.2,107.85,43.242,314.94,325.23,325.18,15.834,16.013,135.37,120.57,324.79,328.14,120.58,120.52,164.28,164.23,134.46,146.92,146.99,8.238,37.444,117.49,116.48,115.42,320,320.26,131.53,171.6,28.406,28.274,30.281,308.76,308.9,44.396,44.463,194.59,34.203,34.175,126.34,148.58,136.58,306.43,37.937,37.975,317.51,192.49,465.68,465.67,467.48,114.97,115.08,119.83,85.714,85.80500000000001,111.53,135.52,135.95,136.4,136.62,329.4,115.99,27.201,39.606,256.88,257.16,26.015,109.89,110.21,110.02,303.69,306.06,306.71,116.27,33.531,33.731,320.53,322.15,362.97,363.2,139.9,139.78,140.97,22.998,59.158,132.42,131.99,126.68,126.67,126.58,109.42,110.84,149.87,71.191,68.926,35.058
198.6,199.54,198.01,203.68,25.378,30.744,41.962,41.003,126.36,147.27,167.99,168.02,162.91,159.6,169.69,178.06,6.3056,0,181.51,191.32,191.27,194.7,190.26,146.3,146.48,68.99299999999999,65.553,172.52,164.02,182.86,182.65,34.236,133.35,131.8,68.672,67.21599999999999,116.25,36.682,90.005,147.05,162.81,192.19,193.11,119.62,126.41,184.51,184.83,183.91,145.34,125.21,142.6,191.49,162.59,49.743,48.685,193.89,192.93,191.72,191.6,191.44,191.55,193.28,193.12,193.04,191.29,192.87,191.67,153.87,153.66,30.024,30.436,48.022,50.563,48.1,45.026,41.039,169.19,136.64,142.62,157.31,157.31,125.91,166.33,167.35,166.45,148.49,148.44,117.39,115.55,113.63,113.49,128.01,129.07,308.31,308.4,112.83,114.13,21.74,140.36,116.32,124.78,123.72,123.09,146.21,153.11,207.53,120.53,254.61,115.58,115.68,115.96,112.25,120.01,114.36,115,115.44,109.39,135.24,135.27,128.86,129.07,129.19,239.91,240.53,119.65,744.12,126.35,117.87,24.263,31.675,31.453,31.473,309.53,295.14,295.22,157.77,157.72,158.62,112.98,112.93,178.36,179.04,178.98,321.11,168.56,163.48,7.2562,7.352,113.19,239.56,244.82,186.96,189.14,155.57,155.34,35.056,60.073,63.453,63.896,63.891,110.39,107.69,157.32,127.47,119.47,18.646,145.54,152.42,115.44,126.28,128.46,115.95,141.17,139.95,193.07,138.15,125.62,145.18,21.709,21.771,22.96,6.7654,6.9132,179.15,180.9,113.39,114.06,23.077,23.075,23.314,22.956,204.1,44.249,44.282,182.44,182.46,182.65,182.88,140.51,140.31,405.79,82.40300000000001,122.83,318.03,316.54,167.49,326.56,150.02,150.04,186.86,204.55,170.39,161.01,35.766,35.279,16.332,184.9,182.98,189.5,123.49,123.24,33.92,311.8,121.4,125.35,124.84,117.52,116.24,203.2,203.28,203.33,203.13,306.42,303.77,316.87,13.781,13.526,26.129,133.75,133.16,163.04,70.76900000000001,42.972,319.23,325.12,325.16,17.224,17.356,115.19,127.16,324.53,324.57,121.7,121.53,166.14,165.37,121.76,146.91,146.89,7.2548,37.862,115.64,118.05,115.87,319.98,320.07,135.11,131.63,33.782,29.419,28.15,308.84,310.03,44.34,46.221,194.84,41.082,34.132,126.37,142.15,144.13,307.8,38.62,37.836,316.24,189.88,465,466.93,471.01,117.12,113.44,114.41,86.355,85.806,111.56,143.26,135.85,137.28,136.2,233.78,116.97,28.246,45.543,256.73,256.81,25.821,111.4,109.53,116.22,302.97,302.94,306.26,118.21,36.184,36.296,320.44,321.54,363.32,362.95,139.72,139.95,139.02,41.618,55.027,131.74,134.45,126.82,128.88,126.86,109.22,109.63,151.73,73.869,68.938,34.549
63.823,74.27,58.277,60.334,171.65,174.88,171.11,171.03,64.556,78.152,75.71299999999999,88.39,93.733,89.559,36.153,102.06,177.86,181.51,0,42.601,52.724,45.454,42.231,54.507,50.385,210.1,210.44,77.045,89.328,40.852,45.693,165.35,46.481,55.615,211.1,212.21,88.09,177.73,214.83,52.144,72.22799999999999,45.159,52.921,93.254,91.226,36.148,35.522,46.695,106.12,109.42,118.96,131.77,136.48,192.96,193.7,50.14,48.732,49.301,46.173,43.86,44.098,44.123,53.458,43.817,43.33,57.079,50.544,52.896,52.997,174.33,174.44,174.08,179.22,173.98,166.49,167.93,122.69,90.712,82.702,67.77,56.92,95.351,36.034,27.008,21.559,61.79,71.063,94.405,76.32599999999999,76.389,80.779,78.577,76.756,165.57,181.83,79.905,75.626,166.43,420.95,254.65,86.581,99.232,85.93000000000001,72.767,88.788,85.105,90.068,47.195,74.28100000000001,74.526,88.544,68.751,69.977,64.262,64.82899999999999,64.00700000000001,58.973,86.974,75.5,74.84399999999999,74.86199999999999,75.078,261.55,261.96,70.387,274.95,70.82599999999999,69.248,169.37,180.67,174.64,187.55,145.85,149.52,149.55,74.319,74.148,74.3,88.008,88.51900000000001,124.58,103.76,107.94,194.62,72.491,72.643,177.22,181.25,232.38,271.58,266.56,38.36,45.675,73.83,67.97499999999999,179.46,205.25,208.76,208.48,208.59,117.36,83.932,63.05,83.783,81.038,165.62,49.762,50.824,88.32899999999999,85.92100000000001,104.95,88.828,84.069,68.301,46.221,89.81399999999999,88.012,48.403,175.62,176.56,175.6,178.9,175.14,44.454,353.56,87.80200000000001,88.977,167.84,168.42,168.02,167.61,51.54,169.82,169.84,44.365,43.784,45.109,43.592,51.443,51.256,51.653,208.68,234.4,258.81,260,45.681,52.258,61.258,64.051,106.77,157.05,214.86,75.627,168.44,164.57,168.33,39.075,41.177,41,86.611,72.45399999999999,184.43,155.69,82.857,72.88200000000001,82.242,76.89400000000001,75.40300000000001,68.60299999999999,68.824,69.46899999999999,69.03100000000001,158.35,158.85,190.88,166.73,166,184.54,93.29600000000001,94.75,60.595,230.79,187.59,167.48,196.11,196.82,168.39,167.96,96.38200000000001,94.702,178.82,178.77,83.31999999999999,83.267,79.02500000000001,76.999,76.629,53.01,59.07,175.76,184.63,87.306,99.09,96.31100000000001,261.5,262.25,46.6,46.668,174.28,175.49,173.08,250.62,252.23,174.43,174.47,55.427,178.91,178.6,72.325,56.918,57.989,160.69,185.33,196.64,169.29,43.264,344.39,340.9,346.08,84.91200000000001,76.794,80.994,232.44,235.04,88.224,56.951,56.975,59.83,63.88,125.06,70.179,171.73,189.98,297.34,295.51,171.09,56.242,61.611,56.629,165.51,157.26,249.49,79.517,178.27,178.08,165.89,166.17,195.31,207.07,66.20699999999999,67.26600000000001,76.137,166.92,200.7,46.807,49.386,63.967,68.48399999999999,64.313,69.55200000000001,70.86499999999999,91.279,220.82,213.48,164.77
37.65,38.706,41.876,37.669,196.06,196.49,186.08,187.61,66.142,79.91500000000001,65.47199999999999,65.40000000000001,105.11,76.589,6.0726,95.426,191.19,191.32,42.601,0,2.4094,0.64278,2.6639,60.879,60.79,223.3,224.65,103.69,81.11799999999999,11.738,11.226,178.81,67.892,67.43600000000001,418.84,224.16,89.07899999999999,192.12,237.56,75.006,76.191,4.7541,8.272,97.059,99.108,12.511,12.586,15.159,107.25,94.809,138.22,125.31,126.09,207.08,205.73,4.5691,4.4509,4.2314,4.2465,10.235,4.126,12.815,50.425,4.019,4.1639,4.5548,3.9884,44.934,44.269,187.55,187.05,187.76,187.9,187.62,180.86,180.6,132.72,85.47799999999999,85.46899999999999,51.774,48.07,81.598,50.021,33.981,33.958,42.481,44.943,100.28,82.908,84.96899999999999,82.88800000000001,92.899,93.002,128.47,133.1,82.229,82.36199999999999,179.19,287.79,257.9,82.67,95.01600000000001,82.869,82.181,82.23999999999999,82.804,84.136,15.895,81.197,80.94799999999999,80.809,89.364,73.14100000000001,80.7,80.70699999999999,82.578,77.251,81.303,77.91500000000001,77.658,77.557,79.745,239.26,238.27,94.328,163.68,93.384,82.529,183.32,188.68,188.84,188.81,128.16,125.87,127.15,61.31,62.243,61.357,100.64,98.042,125.08,144.65,124.5,139.89,63.016,62.878,188.36,188.22,269.59,243.36,243.32,15.251,62.512,50.444,50.944,191.95,217.89,217.17,221.54,222.23,83.251,96.28100000000001,44.392,87.087,87.205,180.53,73.627,60.953,90.485,89.989,104.57,94.059,72.64700000000001,69.797,8.1523,79.673,94.572,58.027,170.49,168.32,168.2,188.6,186.63,3.7273,6.442,88.821,88.77500000000001,180.52,180.43,180.7,182.86,8.207599999999999,183.94,183.97,21.083,23.861,20.98,21.118,71.035,71.01300000000001,71.396,213.04,243.16,271.12,263.94,34.966,44.8,42.516,42.513,117.91,127.85,93.50700000000001,93.22799999999999,183.17,179.08,180.6,12.688,9.330500000000001,10.336,89.846,89.91200000000001,198.26,122.58,88.146,87.901,90.242,81.99299999999999,82.056,34.402,35.052,34.336,330.91,136.27,134.85,144.42,178.76,178.46,192.64,82.76900000000001,84.42100000000001,72.57299999999999,252.36,200.31,145.36,173.57,177.19,180.73,180.59,86.741,86.70999999999999,155.61,156.12,99.43600000000001,97.955,59.368,59.279,152.37,82.196,82.53,190.5,196.58,89.024,89.533,88.67,267.21,267.14,67.34999999999999,67.40300000000001,187.8,186.94,186.73,255.81,255.81,189.24,189.11,32.036,193.18,191.37,75.176,68.88800000000001,77.16500000000001,137.41,195.12,195.13,146.82,3.1885,186.7,181.56,181.71,94.526,93.447,96.04600000000001,242.8,242.85,91.59099999999999,67.31399999999999,69.06100000000001,67.592,68.008,93.997,82.53100000000001,184.35,218.45,212.3,305.18,183.75,73.822,74.211,81.167,134.23,134.05,253.24,78.861,191.29,193.12,142.82,142.72,177.81,178.01,69.64400000000001,69.691,76.452,179.64,212.92,65.247,66.121,66.328,66.221,66.426,93.04300000000001,94.76900000000001,83.988,226.33,226.14,179.55
44.636,40.602,45.4,37.975,190.9,198.41,188.18,188.3,66.386,79.626,67.70999999999999,66.31999999999999,93.482,90.90300000000001,12.249,74.771,243.27,191.27,52.724,2.4094,0,1.9214,0.25201,61.638,68.72799999999999,225.94,225.13,93.03700000000001,122.95,27.054,17.384,184.66,71.474,68.58499999999999,227.46,224.27,90.05200000000001,199.16,208.01,76.56999999999999,76.264,6.6522,8.081899999999999,103.49,107.22,12.492,17.852,12.952,103.73,102.01,105.49,116.37,129.68,207.04,205.97,9.476800000000001,4.0734,9.406499999999999,8.817,3.8497,7.2733,5.4781,8.835900000000001,10.067,3.7848,9.3668,9.149900000000001,49.35,47.178,189.43,190.85,187.71,188.43,192.1,185.13,186.41,132.72,86.10899999999999,87.956,55.032,48.952,81.48699999999999,33.848,33.639,35.194,43.33,53.498,103.47,92.38200000000001,83.325,84.336,95.301,95.274,132.3,128.69,83.482,82.193,179.06,271.53,305.28,84.247,84.876,86.52800000000001,82.413,83.309,82.94799999999999,82.005,8.986499999999999,85.086,83.05500000000001,87.297,87.855,73.745,80.651,90.373,85.565,81.02,78.301,80.509,88.22799999999999,77.61,77.986,239.47,240.68,94.755,863.3,93.057,84.73,186.67,191.52,190.32,188.99,129.16,130.55,126.25,62.339,62.637,63.772,100.19,100.94,144.93,122.97,152.75,144.59,64.602,64.233,190.04,189.64,271.44,244.22,246,15.328,15.43,52.547,50.721,191.78,219.71,222.02,229.82,221.09,77.49299999999999,84.036,46.127,89.636,87.521,182.12,62.044,69.45,95.93600000000001,94.09699999999999,100.52,104.35,69.854,74.33199999999999,6.899,83.532,100.82,61.64,173.05,167.39,169.77,188.92,186.51,6.9176,6.0999,95.075,89.04900000000001,184.03,182.97,181.84,180.44,23.481,185.47,184.09,20.928,21.076,21.905,20.919,73.169,73.32599999999999,80.3,236.52,262.87,265.65,263.47,34.901,42.789,42.971,49.777,123.68,177.08,107.04,154.07,182.05,179.4,180.64,19.736,15.367,9.6835,89.806,97.012,191.64,122.38,88.211,87.583,92.575,90.83499999999999,85.21299999999999,34.073,37.567,35.887,37.09,135.59,134.68,136.8,178.92,179,226.96,84.197,90.20699999999999,59.218,224.82,200.45,147.89,176.68,173.36,181.16,180.47,119.91,113.45,155.36,155.37,97.76900000000001,99.30800000000001,59.783,64.67400000000001,91.199,82.792,82.62,198.01,196.85,88.996,90.744,91.339,266.88,268,76.22,72.595,192.42,187.37,188.83,259.59,256.01,191.9,190.37,34.91,191.18,191.14,74.97799999999999,70.482,80.833,138.09,201.55,195.82,151.72,3.5492,186.14,181.05,193.99,91.75,91.488,95.459,246.45,245.49,90.258,71.15600000000001,68.61199999999999,69.91,70.437,50.62,82.18000000000001,188.69,201,211.95,306.75,182.98,78.667,73.90600000000001,73.73099999999999,133.93,134.72,252.48,80.45099999999999,192.64,193.78,142.55,150.01,179.11,181.54,69.91200000000001,74.004,76.379,194.71,212.97,76.36199999999999,66.452,67.128,71.31699999999999,68.874,88.54900000000001,88.474,83.678,227.33,226.85,179.15
41.058,42.602,37.7,37.408,201.05,199.34,186.17,185.73,66.107,88.893,71.045,69.738,97.84099999999999,87.56699999999999,5.6747,81.357,197.6,194.7,45.454,0.64278,1.9214,0,0.24313,62.998,60.673,223.03,223.78,131.02,109.13,11.081,13.366,187.88,67.97799999999999,80.76300000000001,226.88,233.36,89.062,196.35,226.15,84.45399999999999,75.92700000000001,17.962,7.5424,105.96,101.52,13.364,15.299,13.925,150.01,131.41,108.17,115.78,101.54,205.56,207.72,11.369,6.5885,4.8107,11.805,3.872,3.7515,16.589,12.676,31.309,10.596,4.0433,23.186,44.422,44.175,191.38,189.33,201.59,188.1,199.92,180.45,182.45,134.09,88.108,93.95099999999999,49.004,49.227,83.881,33.865,33.65,40.294,44.6,42.147,104.21,107.44,98.187,82.871,94.741,94.696,129.4,130.42,81.989,91.614,179.94,293.41,311.29,82.36499999999999,87.708,82.35299999999999,82.53700000000001,89.306,86.15900000000001,87.38200000000001,118.69,80.715,87.098,84.423,87.245,73.37,89.155,84.229,87.48099999999999,77.52,78.68600000000001,89.16200000000001,85.107,83.419,77.791,252.54,244.18,96.59999999999999,325.59,95.17700000000001,82.59,183.84,195.27,192.71,190.77,126.25,131.86,127.66,61.22,61.225,75.39700000000001,97.154,97.767,127.35,140.87,143.92,147.28,70.89,62.668,197.48,194.37,255.11,237.98,246.96,16.517,15.141,56.639,50.179,193.09,220.86,218.86,222.34,229.11,92.776,81.967,50.962,86.816,94.538,189.74,59.96,62.48,88.327,89.23999999999999,109.46,96.621,74.996,72.15300000000001,6.1564,91.777,93.852,61.956,170.95,168.35,176.66,192.5,197.84,4.963,3.6924,89.31100000000001,97.614,184.48,182.45,186.03,184.45,17.236,186.1,185.62,26.947,23.701,20.898,20.847,74.759,70.825,72.717,224.5,205.65,266.48,270.26,37.485,37.47,42.318,46.136,127.08,165.55,92.985,100.29,183.97,182.14,180.37,11.9,11.086,9.404500000000001,90.741,91.191,199.67,129.75,88.059,88.125,92.816,81.81999999999999,94.931,34.058,34.142,57.427,34.102,148.08,134.62,149.57,182.31,184.1,192.51,92.06699999999999,84.363,60.822,215.81,200.2,149.15,174.19,174.58,187.69,192.24,123.2,127.34,155.98,155.42,101.98,97.742,60.024,68.88,111.85,83.235,84.273,190.8,195.71,92.047,89.779,103.83,270.08,269.92,67.90900000000001,67.098,185.49,198.36,185.13,258.46,259.7,190.52,198.93,32.586,191.23,191.93,78.495,69.74299999999999,81.937,137.24,195.95,196.3,146.61,22.147,199.14,188.42,197.12,94.93000000000001,106.88,96.633,263.41,247.46,92.489,92.68899999999999,67.56,78.73999999999999,76.092,10.399,94.468,186.61,209.31,305.74,308.8,182.7,76.521,76.944,73.428,143.19,146.32,256.28,78.658,190.55,190.23,145.72,156.92,180.56,180.72,71.643,84.113,87.824,180.52,220.92,69.154,69.56100000000001,67.093,68.761,66.255,89.254,89.497,96.003,230.86,228.5,184.69
37.156,41.042,37.309,43.986,189.68,192.3,186.3,185.59,69.73999999999999,91.596,69.5,65.65000000000001,76.90900000000001,76.351,5.7885,62.687,190.27,190.26,42.231,2.6639,0.25201,0.24313,0,60.55,60.512,222.99,223.85,104.47,134.97,11.061,11.056,178.57,67.027,69.869,223.77,224.41,88.837,192.37,284.38,74.742,74.779,4.5039,10.757,100.16,97.539,12.057,16.376,12.107,99.363,100.04,108.26,155.58,97.217,205.42,205.5,4.0237,7.2909,4.2421,4.223,3.755,3.768,4.923,4.3175,3.8282,3.7726,4.5316,4.9882,44.016,43.983,186.54,187.66,187.47,187.64,187.54,180.77,181.02,131.08,85.286,85.277,47.65,48.499,81.184,33.467,33.672,33.591,42.251,42.26,106.47,82.517,82.581,82.46599999999999,94.31,94.169,131.24,128.13,82.15300000000001,82.032,178.98,404.72,247.26,88.73099999999999,88.459,82.232,81.923,81.977,81.20699999999999,80.758,14.872,80.66800000000001,80.876,80.65600000000001,87.26000000000001,72.69499999999999,88.467,85.20399999999999,81.834,77.22,79.539,77.711,77.48099999999999,77.389,77.91500000000001,238.07,238.07,93.746,122.57,93.133,84.312,181.41,188.65,188.59,188.55,124.89,125.69,125.68,61.061,61.079,64.779,93.706,93.709,122,149.39,121.97,138.35,62.621,62.676,188.12,188.12,275.57,238,237.95,18.041,15.967,52.137,50.204,191.71,217.64,217.02,220.91,220.85,112.6,76.518,49.318,87.149,87.021,177.92,60.007,60.019,100.5,87.227,108.56,95.271,71.11199999999999,69.61,6.1337,78.893,94.81,58.825,167.16,167.02,166.99,187.67,187.06,33.35,3.8628,99.10599999999999,89.131,180.25,180.13,180.14,180.61,7.1221,183.74,183.83,21.1,20.834,20.803,21.707,70.639,70.788,73.697,207.12,301.93,263.46,263.51,34.853,35.826,42.239,42.531,116.83,116.99,124.87,93.25,182.05,192.4,180.31,11.919,9.3926,9.537599999999999,89.657,89.65600000000001,208.28,136.5,87.98399999999999,87.572,87.518,82.023,84.54000000000001,34.057,34.089,34.053,36.193,134.98,134.59,139.71,180.87,178.2,225.01,83.94499999999999,84.324,76.89,297.73,223.8,150.1,173.4,173.37,180.47,180.55,86.41,107.46,155.43,155.31,97.735,97.703,59.145,59.241,101.53,81.986,81.973,191.37,194.43,87.872,87.895,88.572,266.86,267.16,67.16500000000001,67.47799999999999,185.79,186.08,186.36,255.67,263.99,196.33,188.95,30.487,194.97,191.19,74.925,76.08,72.92100000000001,137.21,195.07,194.86,146.58,2.2934,191.65,192.46,189.82,91.86199999999999,103.84,94.026,242.7,242.94,88.765,67.04900000000001,67.173,67.104,68.26000000000001,109.19,81.807,185.15,195.43,305.63,211.36,183.24,73.90000000000001,73.548,78.074,133.9,133.77,257.24,79.595,190.47,190.7,142.53,142.49,177.6,177.64,69.43899999999999,69.47499999999999,75.94199999999999,179.31,213.39,66.203,65.83499999999999,66.191,66.15300000000001,66.313,89.64400000000001,89.494,126.9,225.93,227.22,180.36
78.934,81.742,79.375,79.008,140.46,140.93,147.65,146.62,36.017,48.969,46.909,46.906,75.82299999999999,59.207,78.18300000000001,141.47,146.14,146.3,54.507,60.879,61.638,62.998,60.55,0,1.2244,178.71,179.12,46.458,45.435,60.299,52.917,140.05,17.782,16.443,179.18,179.35,48.12,157.43,177.3,14.002,15.053,62.536,63.147,55.776,51.267,54.196,53.95,53.958,50.783,58.8,51.342,67.255,75.41,162.14,161.54,61.909,62.689,62.39,63.215,61.686,62.028,63.19,63.904,61.748,61.761,61.996,62.153,23.985,23.906,135.99,136.18,145.76,145.84,146.59,221.54,140.43,87.09699999999999,54.576,54.637,72.548,70.434,44.677,30.737,30.449,30.485,20.816,21.058,54.089,36.772,36.44,36.193,47.491,47.483,212.06,212.12,35.557,35.41,137.51,218.56,225.33,45.765,46.537,45.732,58.273,57.997,59.015,59.327,155.9,34.032,34.441,34.019,35.75,45.154,36.291,34.838,33.408,56.378,47.619,48.967,46.885,46.718,47.384,279.92,279.69,34.377,279.92,39.467,32.034,137.19,144.64,144.39,144.72,213.54,167.39,167.36,49.571,49.47,49.463,47.956,48.006,90.696,73.337,72.682,204.92,44.436,44.469,143.93,143.87,209.8,284.76,285.29,57.88,56.623,69.137,69.393,147.94,173.63,175.19,176.66,176.68,58.437,59.303,29.002,40.627,40.849,133.86,9.590299999999999,9.647,68.76300000000001,73.48,73.16200000000001,49.116,53.195,51.878,75.929,56.312,47.884,7.8604,142.13,138.92,140.66,397.58,144.26,68.646,70.931,52.357,47.482,136.04,135.97,136.58,135.91,68.28100000000001,142.03,142.03,72.994,47.174,47.079,47.584,21.529,21.564,22.751,198.86,196.83,223.67,223.69,31.485,35.544,21.069,21.045,68.913,104.47,45.067,46.446,140.25,140.05,138.15,91.395,81.60599999999999,80.105,44.408,44.419,151.84,244.29,40.951,41.722,45.731,35.146,35.564,75.727,75.82599999999999,75.85299999999999,75.714,176.43,176.26,205.22,139.14,134.17,156.18,49.822,50.097,5.6077,262.28,156.18,218.88,199.62,199.72,136.11,136.2,59.119,66.098,218.86,219.34,55.473,55.454,36.883,44.352,58.945,12.301,12.928,144.14,149.6,48.131,47.623,48.48,227.86,227.18,20.97,17.463,134.68,145.25,136.11,215.86,215.9,150.07,149.99,57.73,147.17,147.01,44.284,21.484,16.51,178.85,154.11,150.7,197.5,62.783,350.07,354.93,352.02,55.026,49.926,48.959,199.15,198.52,46.467,17.971,17.347,16.611,22.141,164.42,31.264,133.39,140.89,170.41,261.27,138.61,56.054,55.674,56.347,175.8,175.63,212.55,64.864,146.62,147.05,255.46,255.42,203.94,203.97,51.548,51.635,46.497,135.42,168.1,16.741,17.059,36.249,36.334,36.219,39.838,40.415,36.8,181.94,181.96,139.86
79.14700000000001,80.38800000000001,108.31,79.379,139.09,140.95,147.29,148.54,44.783,49.414,53.555,49.054,111.45,63.121,78.837,122.67,146.21,146.48,50.385,60.79,68.72799999999999,60.673,60.512,1.2244,0,178.55,178.33,51.474,78.068,53.685,55.909,144.98,22.457,16.481,179.37,181.69,48.288,160.44,216.23,16.166,15.907,68.872,62.687,56.822,68.88800000000001,53.921,54.74,54.946,67.509,50.242,103.52,78.208,74.864,161.12,162.55,63.766,61.659,82.991,63.765,62.039,61.816,62.768,62.612,61.672,62.511,65.68600000000001,61.728,23.836,23.901,135.71,138.63,145.84,146,145.82,140,139,80.883,54.681,58.236,70.288,80.782,44.721,33.498,30.533,31.354,20.764,20.922,53.94,38.499,36.101,35.897,49.231,49.084,212.6,216.49,35.43,35.496,134.96,239.75,233.85,45.768,46.502,45.775,57.962,57.982,59.142,66.04600000000001,119.8,39.731,34.882,37.002,35.576,45.758,33.507,33.603,38.81,54.789,49.844,47.121,47.214,46.679,47.153,279.73,286.86,34.439,494.97,34.517,32.426,145.06,144.85,144.32,144.41,217.04,167.8,169.2,49.627,50.494,49.573,49.618,49.056,72.788,72.483,116.15,204.87,44.379,45.406,146.73,143.92,197.48,279.67,284.88,63.741,56.564,79.218,75.965,147.47,173.69,173.04,178.91,176.74,66.456,58.677,22.783,40.639,41.029,133.73,9.6746,24.321,69.161,66.41800000000001,86.098,48.2,51.792,56.179,70.52200000000001,49.676,56.984,14.884,147.45,148.97,139.36,162.79,142.02,69.599,69.16500000000001,48.887,48.832,136.27,141.59,138.12,136.26,68.637,142.12,142,47.149,47.247,47.324,47.328,21.615,27.739,22.05,178.65,225.84,223.7,224.22,31.416,33.333,20.921,21.638,69.70999999999999,108.07,49.324,49.82,143.31,140.57,136.07,81.83499999999999,83.89400000000001,82.878,44.422,44.349,155.85,244.35,42.552,44.431,41.102,37.301,35.851,78.124,85.267,76.258,75.68899999999999,176.35,176.29,205.28,134.35,133.94,160.18,49.75,54.564,16.867,227.02,156.05,217.45,199.68,203.15,136.57,136.25,65.56,103.03,219,219.34,55.574,55.536,36.777,42.34,57.702,20.543,20.656,152.26,152.76,46.85,47.175,46.873,227.27,227.13,20.279,18.03,134.64,135.8,136.53,216.08,215.98,150.08,150.99,64.626,148.84,150.93,50.765,16.258,29.644,178.89,151.6,150.95,204.21,60.235,349.91,353.76,354.23,48.823,49.018,48.263,198.48,199.53,46.468,16.692,17.536,16.89,17.375,140.1,31.334,133.16,150.8,170.74,260.94,138.59,61.928,55.972,59.059,176.47,175.5,213.36,64.357,146.32,146.42,255.58,255.4,203.96,204.03,51.636,51.555,61.414,135.12,176.3,23.404,17.273,36.998,36.366,37.487,41.882,46.775,52.324,187.65,181.91,139.52
234.54,230.7,231.34,230.95,59.897,61.303,51.831,52.437,147.84,179.84,186.95,187.24,176.7,174.89,241.6,269.8,65.621,68.99299999999999,210.1,223.3,225.94,223.03,222.99,178.71,178.55,0,0.26304,181.83,179.32,216.3,215.05,46.876,163.82,165.2,39.334,48.171,138.23,67.824,88.79000000000001,182.11,182.46,225.48,228.1,149.52,161.29,216.37,215.8,217.12,177.38,199.22,153.19,206.92,164.32,22.089,20.947,226.89,224.44,226.04,224.94,226.61,225.84,226,241.97,223.75,223.61,225.88,224.56,185.92,185.99,47.978,47.574,80.566,82.139,80.31699999999999,73.899,73.3,201.63,169.32,169.47,173.73,175.74,164.77,200.18,199.9,199.86,181.62,181.64,151.56,146.69,146.06,145.69,157.17,159.59,341.59,341.02,145.67,146.58,55.87,148.63,148.87,155.55,157.42,155.41,178.92,178.59,128.06,125.27,237.07,133.15,133.48,133.22,143.25,152.21,150.52,148.68,158.78,137.42,163.32,162.06,175.82,161.58,165.79,272.17,272.13,144.17,1236.2,148.28,167.99,56.817,61.563,61.252,61.549,335.66,327.09,328.24,175.63,176.99,176.49,174.79,146.62,214.78,210.57,211.65,357.08,184.81,183.2,63.714,64.913,170.97,272.25,277.36,225.44,219.27,170.37,170.61,67.645,12.575,8.889699999999999,93.54000000000001,94.09699999999999,139.65,137.35,185.1,150.61,155.3,53.757,179.05,178.46,159.51,149.54,158.04,140.71,173.57,173.51,245.82,170.49,157.36,173.3,64.173,64.336,66.90000000000001,63.359,64.414,211.51,214.7,145.67,144.89,56.3,56.145,55.944,57.346,230.34,76.95999999999999,76.827,215.13,215.68,214.89,214.86,168.17,167.57,169.77,50.24,121.82,288.56,289.6,199.76,201.83,181.51,180.7,205.37,235.86,192.25,192.22,46.311,44.712,55.575,223.33,221.7,222.71,155.12,155.27,70.71899999999999,358.81,142.03,142.15,143.16,134.17,134.71,235.64,236.18,235.64,235.55,336.98,336.33,356.13,59.803,54.812,78.033,164.14,165.77,180.67,135.39,60.757,339.61,368.29,368.25,55.862,56.141,163.36,170.34,459.78,357.15,148.35,147.9,197.25,196.56,186.02,180.78,173.69,63.491,293.27,132.17,131.27,130.66,294.37,297.28,161.02,165.42,45.522,45.356,44.746,281.06,282.03,54.951,57.105,227.35,66.429,67.206,158.59,156.7,163.31,339.04,72.14700000000001,67.724,349.32,218.8,505.62,506.57,503.98,141.39,143.5,148.94,119.07,120.84,143.31,163.07,165.37,163.57,165.76,236.19,165.55,43.912,65.04600000000001,229.33,229.06,58.938,149.11,146.37,145.93,336.43,335.35,277.82,138.64,66.535,66.38500000000001,353.13,353.21,395.41,395.5,172.35,172.62,158.08,56.972,34.468,164.18,166.64,147.76,147.62,147.57,144.17,142.15,183.44,119.77,101.48,45.183
231.03,231.92,230.99,230.67,65.67100000000001,60.447,51.885,53.349,148,178.74,186.49,185.54,183.81,186.39,244.53,244.23,65.65300000000001,65.553,210.44,224.65,225.13,223.78,223.85,179.12,178.33,0.26304,0,190.4,167.39,216.07,214.98,48.462,167.37,164.71,39.3,56.697,140.94,66.54000000000001,116.48,180.23,182.7,224.82,226.06,152.67,151.07,216.31,216.43,215.95,171.04,150.27,229.98,159.51,199.45,38.403,21.251,237.61,224.18,224.19,226.55,224.65,224.14,224.05,246.47,226.78,223.98,224.8,224.71,186.17,185.93,46.007,45.755,81.021,81.361,80.586,76.102,73.235,201.23,168.88,169.12,173.61,173.42,154.22,200.51,211.39,200.4,180.66,182.53,365.21,145.92,146.84,147.65,159.6,158.63,340.34,343.23,146.04,145.76,55.485,150.87,161.85,155.57,156.96,155.37,178.54,178.54,123.81,130.44,280.52,134.14,133.43,132.9,145.62,153.03,149.21,147.36,153.95,143.34,163.87,162.44,176.91,161.44,161.67,272.19,272.17,144.55,178.5,143.66,166.67,58.373,63.164,61.12,61.267,328.95,327.65,329.91,178.37,176.36,177.25,145.2,146.12,241.1,210.68,210.53,350.58,182.15,182.98,63.554,63.767,158.15,282.64,277.77,218.85,219.76,170.28,170.08,68.729,11.661,8.2346,93.613,93.51000000000001,145.11,152.57,185.17,151.97,151.76,53.755,178.47,178.31,161.79,156.25,164.78,139.69,173.67,172.27,232.63,171.39,158.29,178.45,64.98399999999999,62.183,62.994,67.515,62.85,211.45,212.84,148.62,159.35,57.159,70.179,57.17,63.834,235.97,76.553,76.595,214.43,214.54,214.84,215.5,170.6,169.48,169.58,100.75,88.072,290.68,288.67,202.48,201.18,180.84,181.89,206.68,242.11,191.24,194.18,48.469,45.377,55.542,221.11,220.08,220.93,155.5,154.2,80.364,347.25,141.99,141.59,143.26,133.99,133.37,235.4,236.27,236,236.68,336.35,336.07,355.91,53.546,53.594,81.768,165.86,165.79,174.23,59.428,59.148,347.04,368.02,367.78,55.644,55.95,159.58,152.04,357.32,357.01,153.29,170.69,196.53,197.08,206.24,174.94,174.05,63.387,53.618,131.16,131.93,131.26,293.08,292.18,165.39,163.19,52.368,45.416,45.04,280.86,280.91,57.359,55.582,225.48,81.63800000000001,66.59999999999999,158.8,165.71,171.48,338.8,119.27,67.51600000000001,347.71,218.18,502.57,503.02,508.07,143.62,146.63,145.75,118.58,118.27,139.44,164.01,165.96,162.37,165.41,253.47,165.19,43.299,70.746,228.66,229.02,58.468,146.03,145.74,147.67,335.63,336.54,277.16,135.86,65.908,66.241,352.86,352.6,395.19,395.41,172.9,172.33,157.21,54.752,27.113,162.94,163.68,147.62,147.6,171.1,142.32,141.24,182.27,101.15,101.26,44.848
101.76,90.502,88.96899999999999,127.84,134.14,132.41,138.48,159.78,42.863,47.238,95.967,86.729,80.07899999999999,63.761,97.43300000000001,197.6,141.6,172.52,77.045,103.69,93.03700000000001,131.02,104.47,46.458,51.474,181.83,190.4,0,97.15600000000001,100.51,111.07,121.64,33.551,29.27,171.32,172.85,59.148,139.29,199.52,53.771,679.67,100.35,115.04,68.989,70.08,91.139,88.34999999999999,92.327,64.732,62.712,36.013,66.048,108.24,159.27,152.89,106.15,107.87,102.79,80.474,99.56100000000001,103.51,105.18,136.56,83.607,95.589,88.572,86.044,59.799,55.558,136.04,148.36,124.57,137.6,134.21,128.56,122.14,126.1,84.325,60.72,84.428,70.005,30.976,70.676,71.072,68.77500000000001,69.18000000000001,76.88500000000001,47.281,50.086,65.02,55.768,36.965,9.9533,224.14,224.4,51.822,67.828,128.23,191.95,349.03,214.32,43.672,78.51000000000001,72.267,73.04600000000001,48.477,35.685,100.35,32.993,86.393,51.687,38.068,49.425,53.414,64.331,60.715,59.562,62.133,60.731,64.309,81.09099999999999,54.623,295.35,310.4,41.47,97.539,48.471,63.856,149.88,147.69,129.9,146.47,216.54,194.87,203.41,71.991,66.438,93.20099999999999,87.05800000000001,74.61499999999999,81.661,71.958,93.143,238.75,78.67700000000001,68.455,136.66,148.98,248.54,311.51,310.79,120.15,85.968,61.609,69.583,147.52,169.46,152.38,183.98,175.62,53.461,46.819,52.014,65.749,46.141,125.87,49.368,40.492,54.984,73.51600000000001,73.252,60.291,58.028,70.637,109.41,77.279,58.81,33.365,155.01,137.76,129.24,132.36,134.2,76.996,92.123,48.878,52.355,125.55,152.59,151.87,112.63,89.39400000000001,151.8,151.93,93.268,87.526,81.854,84.377,34.174,46.544,42.909,187.57,222.39,236.98,255.83,76.855,71.95099999999999,74.777,66.803,87.84699999999999,121.88,48.922,70.07299999999999,135.93,122.62,136.6,82.38,91.205,86.08799999999999,17.178,48.456,172.91,245.86,42.534,45.594,68.816,65.045,50.15,112.81,115.72,109.68,97.004,208.83,224.9,214.36,151.22,124.39,169.76,65.193,57.085,54.241,193.34,159.12,204.48,261.58,250.01,131.34,146.48,60.717,85.852,244.62,235.65,56.939,54.824,85.09099999999999,77.593,52.421,43.511,49.39,132.63,152.62,66.18300000000001,109.53,56.601,224.8,213.02,31.861,20.116,149.84,140.88,141.19,204.92,231.51,128.98,140.45,118.13,150.39,138.12,42.529,48.728,49.644,209,151.19,155.79,221.03,147.44,450.89,473.79,471.4,73.643,62.407,73.199,212.08,179.22,50.757,69.21899999999999,72.39,30.947,65.982,281.24,54.417,145.92,133.45,153.36,161.66,133.27,61.082,46.131,52.633,235.64,207.79,221.67,62.897,148.98,137.21,238.28,254.96,238.75,231.51,87.914,72.887,59.032,137.55,170.75,54.988,32.333,37.269,54.594,50.696,64.057,58.148,63.73,191.95,192.03,137.06
95.97199999999999,86.742,96.815,101.76,164.55,174.63,157.43,157.76,83.11,52.021,66.84699999999999,70.413,86.104,120.37,125.26,132.34,168.66,164.02,89.328,81.11799999999999,122.95,109.13,134.97,45.435,78.068,179.32,167.39,97.15600000000001,0,116.13,94.626,127.34,76.688,42.993,189.85,198.07,40.098,186.78,212.99,38.152,25.211,79.175,79.843,43.012,40.959,82.462,79.145,70.217,107.56,97.417,102.47,56.298,150.92,161.42,181.23,126.67,88.843,94.642,102.94,152.33,114,101.24,153.08,124.95,95.616,108.65,117.53,104,126.37,192.83,142.81,210.2,150.04,168.39,178,142.31,120.27,65.014,84.991,94.886,76.934,33.556,75.544,120.74,95.271,42.689,39.875,45.611,33.735,62.241,33.17,71.373,83.703,233.63,245.88,68.742,78.15300000000001,138.15,237.44,252.35,127.24,246.72,38.658,67.026,61.71,58.962,45,198.59,106.5,90.761,86.072,18.931,24.591,31.842,46.686,89.393,44.53,40.577,90.68000000000001,40.706,57.479,71.322,300.23,322.31,73.66,862,22.721,18.525,118.17,182.63,167.75,175.19,285.26,188.25,263.47,108.35,107.28,91.45099999999999,93.384,51.744,89.142,124.76,130.62,254.15,126.93,78.19499999999999,143.73,132.58,250.81,341.43,347.92,144.02,136.01,89.598,75.628,177.97,179.98,175.71,191.63,172.59,72.117,86.797,42.634,85.68000000000001,66.099,117.23,66.042,44.492,89.925,110.8,59.571,40.073,40.947,39.873,109.64,65.569,45.711,28.211,124.84,113.97,160.11,137.42,177.56,72.57899999999999,72.03,36.447,38.158,169.86,147.27,137.24,162.3,108.63,144.33,139.65,153.92,67.069,71.29300000000001,132.6,61.355,78.351,19.773,199.08,180.47,280.82,218.62,61.512,52.019,74.76600000000001,75.827,75.254,142.62,114.52,120.3,144.42,143.36,153.51,148.04,124.68,184.85,51.439,30.392,151.07,264.23,72.961,65.946,95.663,34.559,38.561,117.32,103.73,99.783,137.31,210.65,223.64,264.81,149.96,143.72,160.26,119.33,71.11499999999999,56.922,202.69,190.47,254.25,220.41,243.04,153.51,196.23,35.043,34.854,264.08,288.53,138.34,36.776,88.91200000000001,91.038,77.69,73.90300000000001,57.214,140.29,218.44,101.22,42.928,82.86,211.66,262.81,14.109,16.946,158.68,144.69,186.42,211.32,215.84,217.04,178.9,135.11,132.51,187.29,82.03700000000001,38.141,70.59,211.76,158.49,155.03,271.41,86.30800000000001,522.47,449.49,482.13,74.53700000000001,92.41,65.383,226.42,190.26,35.822,14.716,79.89,14.223,17.795,194.04,90.27800000000001,146.86,144.65,170.21,169.19,131.36,33.174,38.894,33.244,223.91,210.33,238.73,49.098,165.32,155.35,257.95,262.82,286.5,289.98,59.072,63.239,41.816,135.77,197.86,14.287,61.213,95.59999999999999,76.166,59.825,93.273,55.047,39.444,174.82,218.66,175.92
30.303,35.295,29.519,29.433,185.87,184.31,179.24,180.56,58.287,72.062,58.385,59.908,88.78100000000001,68.718,15.256,74.291,182.64,182.86,40.852,11.738,27.054,11.081,11.061,60.299,53.685,216.3,216.07,100.51,116.13,0,0.47719,172.43,59.969,62.221,215.95,215.73,83.30800000000001,181.86,211.38,66.96299999999999,67.57599999999999,12.803,33.631,90.08499999999999,89.639,4.4719,5.0107,4.5828,106.64,93.08499999999999,116.44,151.14,99.20699999999999,199.23,198.06,16.302,12.978,14.169,13.812,15.281,18.665,14.385,12.221,33.714,12.204,12.371,12.593,36.271,36.268,178.97,180.88,179.9,180.04,179.9,172.9,172.86,124.34,77.649,82.334,40.908,44.488,73.45699999999999,26.048,25.974,27.652,34.537,35.068,92.28400000000001,74.94199999999999,75.232,74.97799999999999,86.604,86.59399999999999,120.55,124.56,74.46899999999999,74.41500000000001,171.5,317.16,281.11,74.66500000000001,96.405,77.068,74.319,74.286,83.777,83.337,110.79,72.99299999999999,73.604,72.935,79.717,74.01000000000001,72.93600000000001,73.994,78.247,84.636,71.127,70.626,69.694,69.783,74.62,230.55,234.55,85.48699999999999,119.53,86.848,75.217,173.95,181.19,180.84,186.5,116.65,118.61,120.1,53.389,53.333,53.232,90.95399999999999,86.185,122.68,145.32,114.35,148.72,56.037,55.052,180.5,180.9,260.59,235.61,240.62,7.0772,6.5374,41.037,41.077,183.85,214.06,209.53,213.27,213.3,78.56100000000001,79.068,36.663,79.542,79.208,170.27,52.427,54.473,94.77200000000001,91.209,94.20099999999999,89.496,62.265,61.972,13.876,75.27,86.348,44.748,178.59,176.79,178.02,179.59,193.76,29.843,30.254,80.99299999999999,80.688,172.58,172.5,172.58,172.48,16.778,176.08,176.13,29.139,29.436,29.212,29.096,63.089,63.013,63.577,226.8,221.47,255.85,255.8,26.932,28.793,34.538,34.57,109.36,137.68,85.53400000000001,132.58,177.66,171.34,179.32,24.275,23.184,19.127,82.005,81.929,194.15,124.65,80.08199999999999,80,81.586,74.07599999999999,75.423,26.264,26.426,26.256,38.729,127.06,126.98,147.92,173.16,170.47,191.54,75.352,83.946,53.194,192.86,192.41,152.73,181.83,181.91,172.86,175.78,120.01,95.423,147.94,147.89,90.221,90.096,51.53,51.449,83.88500000000001,74.351,74.246,180.57,188.58,79.92400000000001,80.384,80.22499999999999,259.22,259.37,68.392,59.991,177.79,181.12,179.96,247.94,248.07,181.25,180.99,41.497,185.62,183.78,67.274,59.145,62.831,129.65,187.27,187.22,154.98,11.824,178.33,174.47,179.73,84.13,83.95699999999999,87.753,234.96,234.94,80.208,80.917,60.108,59.767,65.05200000000001,46.394,74.366,176.38,197.86,296.98,203.74,177.11,75.14,74.589,76.173,126.33,126.81,244.65,88.75,183.71,183.04,134.87,134.86,186.18,186.1,61.711,61.757,68.706,172.13,204.71,63.941,58.369,59.872,58.412,58.967,81.05200000000001,81.006,76.029,220.52,218.29,171.13
29.533,30.764,29.882,29.392,184.28,188.32,178.36,181.23,58.245,72.00700000000001,58.216,58.057,91.136,86.43300000000001,23.29,45.066,182.66,182.65,45.693,11.226,17.384,13.366,11.056,52.917,55.909,215.05,214.98,111.07,94.626,0.47719,0,171.22,59.67,59.334,215.57,217.47,81.07899999999999,184.07,209.54,67.011,67.14400000000001,12.757,129.97,90.081,89.36199999999999,4.3643,4.3642,4.3599,85.149,98.20999999999999,82.214,103.78,106.37,198.54,198.47,15.432,12.978,12.592,12.842,12.128,12.242,14.369,14.568,13.593,12.355,12.417,13.554,36.138,36.164,179.06,179.28,179.56,180.8,179.91,173.14,172.75,124.16,77.474,77.712,40.72,41.143,73.38200000000001,27.145,25.852,25.953,34.495,34.458,94.08799999999999,83.473,75.11199999999999,74.68600000000001,84.996,84.91800000000001,120.45,124.53,74.47199999999999,74.32599999999999,171.5,300.06,296.73,74.70699999999999,74.904,74.626,90.651,74.229,84.023,83.53400000000001,40.964,72.97799999999999,73.10899999999999,72.986,79.65000000000001,73.983,73.571,73.259,72.75700000000001,90.075,72.306,69.883,69.746,69.499,70.011,230.36,230.53,87.123,136.24,89.602,74.44799999999999,173.92,180.91,181.02,180.8,122.85,118.06,123.66,53.395,53.44,53.372,98.53700000000001,86.092,137.69,117.94,115.33,153.11,54.973,55.06,180.34,180.34,233.88,235.42,235.45,7.3907,6.5215,49.721,41.077,184.01,209.64,209.29,213.19,213.19,81.33199999999999,122.17,36.579,79.73099999999999,79.349,170.29,52.34,52.196,95.11199999999999,86.06100000000001,92.883,86.846,62.37,61.834,13.893,72.083,86.961,51.977,176.73,177.15,176.96,178.98,179.02,29.977,30.725,82.476,83.32599999999999,172.75,172.44,174.06,172.49,16.767,176.11,176.04,29.019,29.318,29.223,29.907,62.952,63.149,64.699,267.24,239.18,255.83,255.79,26.867,27.879,35.037,34.571,109.42,139.45,85.123,86.407,176.83,171.38,172.68,23.101,21.659,18.366,81.833,81.851,184.73,114.66,80.065,79.919,79.91500000000001,74.096,74.148,26.332,26.283,26.277,26.298,127.3,126.9,144.58,171.06,170.59,180.61,74.919,74.90900000000001,52.737,199.25,192.67,153.08,184.58,181.84,172.64,172.76,124.77,88.64100000000001,147.59,150.26,90.04000000000001,90.151,51.46,52.193,133.08,74.202,74.271,180.56,186.77,80.34,107.83,80.33199999999999,259.21,259.4,59.353,59.53,178.52,178.2,179.12,248,248.03,181.05,181.28,39.974,183.5,184.36,67.232,64.884,64.298,133.44,187.56,187.27,155.49,10.701,173.38,184.44,183.73,86.277,85.979,83.16500000000001,235.45,234.85,80.02,60.071,59.389,59.477,62.993,95.807,74.69499999999999,176.24,185.49,203.63,296.88,175.01,74.76900000000001,74.52800000000001,80.309,137.13,126.09,244.57,88.166,182.88,183.34,140.01,134.79,186.06,186.23,61.741,61.677,68.762,172.21,205.94,62.024,58.692,58.444,58.399,58.502,80.79900000000001,81.004,75.81699999999999,218.48,218.21,170.81
191.14,185.13,185.45,186.63,27.599,28.906,10.624,17.315,114.62,133.8,163.48,164.16,142.89,150.31,154.42,188.99,35.049,34.236,165.35,178.81,184.66,187.88,178.57,140.05,144.98,46.876,48.462,121.64,127.34,172.43,171.22,0,120.08,120.23,47.334,46.977,99.10899999999999,38.374,90.989,134.93,176.59,180.55,183.2,102.59,105.59,172.06,237.48,171.99,94.66200000000001,136.15,121.93,101,222.43,27.262,30.049,181.91,184.13,180.85,181.19,179.77,180,181.05,229.13,179.8,179.72,182,180.35,147.19,147.22,23.114,23.694,40.505,41.185,44.34,38.977,33.433,169.93,116.95,116.71,146.54,145.82,125.81,157.45,156.6,155.73,144.93,144.34,105.51,108.84,108.57,112.17,115.07,114.92,303.18,314.44,108.76,108.66,24.023,114.71,88.08,125.01,125.58,126.09,147.11,147.56,89.074,89.70699999999999,293.79,106.64,106.92,106.65,100.35,110.59,100.62,102.63,101.54,79.209,111.57,109.2,108.89,115.15,111.78,232.71,232.39,105.85,973.66,102.32,120.48,25.275,32.717,34.439,32.568,268.88,295.88,295.72,160.11,159.13,159.17,101.94,99.666,164.67,164.54,164.96,288.54,160.76,161.74,31.906,32.036,100.94,237.24,237.55,175.26,174.72,156.26,156.2,36.776,39.496,38.899,67.892,68.083,85.672,98.58799999999999,146.42,119.02,119.06,21.764,139.26,143.13,93.16200000000001,95.18600000000001,105.5,99.901,385.19,140.99,174.39,149.18,126.49,137.48,21.246,21.398,25.947,30.797,33.536,168.56,168.8,100.15,98.75700000000001,24.542,24.089,24.004,24.098,186.37,36.789,36.648,188.64,171.87,174.04,172,126.74,126.71,129.37,62.527,39.566,295.51,295.38,158.01,156.75,144.28,144.28,162.29,178.79,146.57,146.64,4.3947,7.6187,24.491,151.4,146.3,148.47,110.98,110.43,42.927,300.9,108.92,107.53,108.36,115.4,113.48,204.01,204.06,206.52,204.02,304.96,307.39,287.92,22.124,47.901,63.737,125.49,127.21,135.32,135.71,36.649,302,329.12,329.18,24.207,25.139,128.99,97.92,325.43,327.49,106.75,114.24,165.25,165.15,126.85,135.58,135.81,32.081,36.516,99.158,99.414,97.976,298.79,298.93,122.86,121.31,22.746,37.209,21.903,288.28,287.92,13.523,13.571,184.44,34.895,52.048,106.34,125.85,122.76,307.27,42.35,42.039,301.83,180.77,373.82,378.1,381.16,101.51,100.4,100.67,82.479,82.40900000000001,97.98,122.74,122.23,124.69,122.9,317.68,119.18,20.561,27.568,235.6,235.63,26.953,94.416,95.651,89.289,303.91,303.91,284.59,93.676,34.15,35.639,306.68,315.54,363.77,367.9,140.65,140.81,125.65,23.25,35.529,125.22,124.4,114.94,114.9,115.66,95.857,95.23999999999999,135.89,70.176,69.883,0.33948
72.848,72.76300000000001,72.29000000000001,72.16500000000001,135.56,137.5,127.14,127.15,17.137,15.526,53.122,52.636,94.06,28.355,56.316,119.94,132.05,133.35,46.481,67.892,71.474,67.97799999999999,67.027,17.782,22.457,163.82,167.37,33.551,76.688,59.969,59.67,120.08,0,0.53653,165.66,165.11,33.99,129.96,161.85,12.128,25.997,74.051,78.495,36.388,38.309,62.943,60.905,60.377,32.626,36.482,76.489,35.232,40.615,146.79,147.06,69.95099999999999,68.98,71.346,69.536,68.349,69.10299999999999,79.56699999999999,115.95,69.797,68.375,68.461,73.413,31.019,30.843,128.23,131.15,131.56,131.3,131.78,125.91,124.07,67.8,38.582,38.534,34.877,35.096,22.896,40.229,36.847,38.249,38.143,28.021,42.759,21.757,23.232,21.827,22.37,22.279,207.95,208.12,20.935,21.722,120.48,213.66,216.41,20.26,24.503,19.042,56.048,28.124,32.405,33.62,213.52,19.459,20.463,19.251,25.083,15.518,27.81,27.249,26.76,32.963,31.857,33.088,31.863,38.492,42.768,283.65,284.13,32.67,1169.8,102.16,20.972,124.34,136.81,130.08,129.99,172.58,175.07,174.56,48.516,47.862,48.03,34.137,36.733,62.287,59.489,75.935,190.81,52.556,49.518,129.35,130.4,183.7,288.23,293.69,63.556,63.415,34.357,34.542,133.46,161.15,170,161.96,162.79,38.647,34.553,30.383,35.162,26.585,119.28,17.175,16.725,39.624,44.314,58.053,33.99,8.2501,7.0481,56.818,35.692,33.624,14.032,114.37,114.97,115.53,128.42,128.88,56.407,60.439,41.306,36.358,125.79,121.22,121.83,121.88,74.604,127.99,127.37,55.666,55.948,57.084,56.623,7.0626,6.8093,11.83,181.87,167.55,209.4,208.99,38.179,38.182,28.473,27.551,55.353,143.8,51.486,32.021,122.94,120.47,121.98,58.291,57.043,57.973,18.529,19.383,146.08,245.46,27.546,27.504,28.323,21.993,22.621,82.027,82.429,83.80800000000001,82.494,183.85,183.15,187.85,119.83,120.16,146.91,20.972,10.909,21.408,264.06,141.61,187.63,197.81,197.13,121.52,122.85,56.428,39.661,241.37,190.85,18.591,18.984,43.652,43.365,40.6,19.592,20.326,129.76,136.22,32.976,35.528,34.341,212.52,213.9,2.5523,2.533,128.31,127.26,133.08,201.58,202.59,130.33,130.44,105.12,133.39,133.37,29.241,29.172,8.538500000000001,185.76,136.57,137.29,182.47,67.89,336.72,336.01,338.87,31.521,32.412,38.831,184.19,183.69,40.165,2.3465,4.0569,3.1902,1.8124,128.14,17.923,125.19,144.62,247.87,247.51,124.38,27.362,24.982,27.707,184.26,184.04,198.63,24.741,132.8,131.92,240.9,241.33,213.94,212.1,7.3464,6.8248,36.134,121.82,153.51,2.5197,3.1089,17.563,17.855,17.505,27.101,25.904,58.163,157.23,157.82,120.95
80.14100000000001,73.062,71.027,84.461,143.23,137.9,126.76,129.27,17.116,16.42,53.372,52.38,74.678,74.363,62.173,77.54900000000001,133.39,131.8,55.615,67.43600000000001,68.58499999999999,80.76300000000001,69.869,16.443,16.481,165.2,164.71,29.27,42.993,62.221,59.334,120.23,0.53653,0,164.79,165.94,32.979,129.93,192.76,11.99,33.551,69.75,71.78400000000001,36.552,39.737,60.569,60.793,61.292,68.617,106.81,54.219,54.618,45.137,149.38,177.67,68.25,70.163,68.63200000000001,70.818,69.241,70.462,70.14,76.28,79.858,75.985,68.83799999999999,68.649,30.731,38.177,128.55,128.5,131.07,131.17,131.59,133.44,124.41,68.247,40.628,38.416,35.806,36.085,25.21,37.589,37.056,36.784,27.228,31.887,37.426,22.28,23.077,22.376,23.656,23.26,208.58,222.82,21.405,34.033,121.69,200.28,395.66,19.401,26.871,19.078,28.429,28.901,39.515,51.457,149.6,20.636,20.34,20.687,31.278,15.396,27.784,36.016,27.507,40.199,44.924,32.779,36.88,30.649,33.052,283.06,283.06,32.889,123.2,32.62,16.799,122.6,130.15,131.55,131.43,173.59,173.69,174.53,48.431,48.089,49.832,33.307,33.465,64.539,73.005,103.28,188.22,49.903,51.086,129.33,133.38,188.19,290.77,284.13,64.366,63.436,34.476,34.554,135.03,157.64,170.04,162.15,161.92,55.965,409.8,32.488,27.599,28.917,118.98,16.404,26.152,39.269,51.801,69.735,35.338,7.2399,6.7386,86.40300000000001,34.589,32.979,23.626,115.95,114.96,116.3,127.52,127.43,54.882,56.075,35.705,35.536,122.06,121.1,127.33,121.32,75.319,131.01,129.28,56.248,82.304,56.163,59.151,9.689399999999999,7.1032,13.889,181.61,237.13,209.19,208.82,38.03,39.553,27.562,37.99,56.081,131.58,260.95,48.301,122.43,129.03,125.57,61.119,65.465,62.217,18.892,20.507,138.59,231.72,27.563,27.359,27.392,20.765,20.521,83.504,86.727,85.651,83.47799999999999,182.68,183.12,182.76,133.82,119.7,159.19,10.151,12.989,13.532,261.05,146.45,186.07,199.29,206.8,121.55,121.85,64.73699999999999,36.535,190.2,194.64,18.3,18.375,43.803,43.096,33.217,19.796,26.898,129.14,136.86,31.948,45.633,32.013,213.95,212.43,3.9118,8.441000000000001,126.79,126.62,128.83,201.1,201.3,130.32,130.17,67.22199999999999,322.72,133.32,28.474,20.181,12.61,187.8,136.38,137.76,184.25,69.033,339.73,333.45,331.34,33.002,31.334,31.26,184.7,189.56,41.558,2.4601,3.1013,4.2602,19.269,94.09699999999999,16.744,125.27,139.31,157.12,156.96,125.02,25.278,26.127,25.656,185.34,182.86,198.4,27.075,131.97,132.84,242.88,241.14,218.71,213.29,10.004,8.120100000000001,28.774,120.75,153.49,1.4875,4.6477,17.458,17.835,20.395,26.147,27.832,20.814,157.07,157.48,124.98
235.26,231.46,237.11,232.07,58.554,61.511,52.014,52.324,159.59,179.89,211.39,210.43,192.59,196.46,203.38,257.01,66.645,68.672,211.1,418.84,227.46,226.88,223.77,179.18,179.37,39.334,39.3,171.32,189.85,215.95,215.57,47.334,165.66,164.79,0,2.6262,146.36,71.16800000000001,151.6,179.09,179.03,225.34,225.49,151.98,151.01,217.67,218.04,217.07,189.98,161.14,205.66,141.07,161.61,21.267,21.107,225.85,226.41,225.65,225.67,224.8,224.83,225.89,246.5,226.27,225.04,226.12,226.38,186.98,186.72,46.722,46.39,81.18899999999999,81.511,81.434,74.327,74.316,202.43,169.93,170.19,190.85,190.75,157.86,199.79,199.91,199.89,181.61,181.73,150.42,146.9,146.83,146.49,161.68,161.87,341.57,342.98,146.21,146.31,55.319,133.02,217.72,156.45,162.72,156.67,179.52,179.52,136.46,136.56,338.45,144.83,144.97,145.02,145.54,139.5,147.81,148.05,151.27,138.93,165.12,162.97,165.79,162.18,163.42,273,273.13,149.04,186.85,149.55,167.13,58.07,62.269,62.344,62.416,327.35,328.26,329.53,206.35,206.33,206.23,148.21,146.2,211.82,211.87,211.6,343.62,208.2,207.83,64.69499999999999,64.277,122.24,278.4,278.09,219.73,220.02,188.69,187.18,70.206,33.095,33.319,94.607,94.355,150.01,146.43,187.11,151.51,151.18,54.212,178.91,178.87,140.93,137.02,155.29,146.51,173.16,173.02,226.1,171.61,165.82,176.77,49.79,50.138,51.271,62.818,63.967,212.56,218.03,145.97,146.04,56.543,56.304,56.676,56.374,239.04,77.61499999999999,77.45999999999999,215.48,215.57,215.41,215.87,173.69,173.65,174.85,70.383,93.509,289.42,289.51,201.84,209.14,181.87,181.88,206.34,237.61,192.25,194.6,46.67,45.931,56.739,214.67,212.34,208.35,157.32,157.17,74.851,351.48,154.73,154.6,154.66,146.06,146.39,236.18,236.65,236.31,236.45,337.35,337.23,344.61,55.022,54.263,117.49,166.6,165.07,188.02,102.86,60.432,345.33,368.71,368.82,56.768,57.842,157.81,171.71,358.59,357.7,153.66,153.98,197.67,197.66,181.16,180.26,179.97,64.38500000000001,55.575,145.46,145.06,169.2,292.88,293.29,164.82,164.82,46.256,45.202,45.991,281.8,282.15,55.583,55.701,225.54,67.364,67.65000000000001,159.48,173.13,171.46,339.54,68.60299999999999,68.73099999999999,348.82,224.52,488.35,490.5,487.08,148.54,147.92,147.92,118.97,118.79,144.55,169.75,169.02,170.41,169.34,326.42,166.39,43.919,73.95099999999999,229.66,229.78,59.245,130.49,132.76,136.34,337.36,336.28,278.92,130.95,67.155,67.339,353.72,353.58,396.23,396.62,172.99,173.09,171.45,55.653,34.511,168.15,165.61,160.73,160.63,160.09,148.8,143.57,183.07,102.27,102.58,46.75
236.81,232.12,231.72,234.58,68.72499999999999,61.337,52.359,61.559,159.63,180.12,210.51,211.44,170.38,187.03,207.74,239.31,72.35899999999999,67.21599999999999,212.21,224.16,224.27,233.36,224.41,179.35,181.69,48.171,56.697,172.85,198.07,215.73,217.47,46.977,165.11,165.94,2.6262,0,146.42,68.661,131.19,180.54,179.29,226.16,229.88,156.12,155.55,217.19,217.65,216.96,183.82,158.21,159.77,166.55,147.8,21.453,21.048,224.97,225.37,225.08,228.08,224.64,224.78,225.59,251.4,227.37,224.85,224.85,224.81,187.02,187.29,46.718,47.143,81.381,81.384,81.496,76.679,74.113,202.27,245.09,170.03,190.8,190.63,347.81,199.7,199.79,201.75,181.93,181.75,154.48,146.42,146.78,146.44,160.37,160.54,341.45,341.36,146.01,146.49,55.302,143.62,149.28,156.3,156.96,159.62,179.43,191.08,123.03,136.7,253.67,144.77,146.83,145.96,144.41,141.15,147.74,149.89,150.06,144.54,163.51,163.01,161.98,161.89,162.71,272.9,273.04,149.05,424.44,153.63,167.57,57.804,62.302,81.777,62.235,325.08,328.19,328.87,206.48,206.07,206.15,149.53,146.41,212.29,211.39,214.09,346.22,230.04,207.74,64.438,64.14100000000001,140.93,278.25,278.19,221.99,219.92,187.29,187.08,79.22799999999999,33.746,33.099,94.48699999999999,94.685,173.59,135.84,185.83,151.58,151.38,62.622,178.66,178.84,145.01,139.74,170.76,148.1,173.1,173.31,225.09,171.67,159.69,178.4,50.27,49.723,50.937,84.143,63.172,213.04,212.65,148.92,158.03,64.057,56.339,56.681,56.254,231.21,77.622,77.696,215.55,215.91,215.54,215.74,174.73,173.49,177.1,90.072,115.46,289.29,289.84,200.7,203.2,186.56,181.8,207.84,233.96,192.51,193.95,45.833,45.854,56.564,209.69,221.74,221.89,157.26,157.04,73.261,343.34,154.77,154.31,154.49,148.07,148.06,236.41,236.5,236.45,236.4,337.51,337.66,341.95,54.539,54.344,79.48,167.01,167.14,183.25,93.131,62.351,346.13,371.08,369.16,57.019,56.662,143.81,176.48,357.84,359.15,153.64,153.53,197.5,197.67,174.06,181.29,180.01,64.405,55.924,145.06,144.99,145.27,292.94,293.35,164.93,165.9,46.312,45.288,45.343,281.78,285.32,55.584,55.673,226.8,67.521,67.694,159.73,173.27,176.25,339.57,75.124,68.57299999999999,348.62,223.73,497.29,489.03,485.7,150.11,148.26,150.64,119.35,119.45,144.61,170.28,176.46,170.82,170.28,280.41,166.25,43.963,67.89700000000001,229.73,229.6,59.172,130.35,139.47,141.07,337.03,336.16,278.5,128.68,67.495,67.06399999999999,353.71,353.51,396.37,396.34,173.12,173.86,169.66,56.286,33.938,169.16,164.97,162.04,161.77,160.18,142.75,142.83,184.46,102.25,102.35,46.025
107.33,107.2,109.27,108.15,104.64,107.59,106.55,106.12,24.888,45.592,50.216,35.959,93.511,35.626,86.968,102.45,115.91,116.25,88.09,89.07899999999999,90.05200000000001,89.062,88.837,48.12,48.288,138.23,140.94,59.148,40.098,83.30800000000001,81.07899999999999,99.10899999999999,33.99,32.979,146.36,146.42,0,113.25,137.5,43.259,43.353,90.991,416.67,14.474,13.872,82.255,82.339,82.19499999999999,46.305,23.7,47.739,21.825,53.798,127.84,138.09,94.248,95.062,89.97799999999999,90.996,91.054,90.473,92.416,90.283,90.009,90.03100000000001,91.624,90.13500000000001,52.214,52.095,109.08,109.27,108.66,109,108.51,102.62,101.6,75.807,43.424,43.599,57.021,57.443,22.577,67.90300000000001,68.054,68.142,49.208,49.009,15.302,14.234,14.996,13.639,30.849,30.813,207.55,207.47,13.456,14.212,102.67,178.59,193.77,23.9,24.145,23.913,47.061,46.967,11.796,11.701,90.133,12.234,12.637,12.052,8.489000000000001,35.931,11.769,11.626,14.612,20.722,64.553,35.933,35.601,35.677,36.18,308.08,308.04,13.019,45.383,13.089,14.233,104.48,111.37,111.82,111.27,213.28,195.67,195.91,38.591,38.458,38.331,10.901,10.418,90.71899999999999,119.12,92.759,213.22,33.225,33.406,115.23,114.32,169.04,313.16,313.18,85.26900000000001,84.85899999999999,55.85,54.592,115.87,134.31,134.93,143.48,143.43,15.477,49.399,51.241,18.932,18.891,109.09,47.208,47.086,32.193,29.194,51.078,10.702,43.245,40.719,85.959,38.967,29.661,47.529,92.861,91.89400000000001,93.458,113.49,113.18,80.163,80.688,4.5527,2.5076,105.33,103.79,105.49,103.62,96.58199999999999,104.79,105.23,84.65900000000001,84.488,84.651,84.63,38.225,38.296,41.256,142.33,181.98,194.26,194.21,69.34399999999999,69.21299999999999,49.202,49.468,86.63500000000001,138.34,61.11,117.25,100.49,99.614,114.7,90.221,90.08199999999999,88.328,20.047,19.932,128.34,208.04,18.6,18.785,32.68,14.979,13.338,103.85,105.71,104.14,104.1,204.64,204.56,213.05,102.6,102.75,148.19,33.149,27.355,50.662,122.64,122.76,217.83,237.47,237.13,116.67,112.99,4.3171,4.272,226.07,228.6,30.232,17.99,65.357,65.077,29.479,50.184,50.36,112.71,116.41,5.9191,6.0924,5.3269,197.54,197.9,33.118,33.189,108.64,108.25,110.27,187.38,186.52,109.37,109.34,96.806,113.71,113.84,33.191,35.171,43.077,207.23,117.48,117.49,213.64,89.265,367.01,365.43,367.02,11.567,15.329,13.758,165.76,166.61,5.0975,33.446,33.52,33.135,33.578,127.88,13.838,106.51,129.85,133.06,133.01,108.16,31.932,29.012,37.8,204.36,206.34,182.98,9.4101,112.95,113.15,218.25,218.11,241.58,241.67,40.834,40.46,35.274,102.13,134.51,33.046,33.847,25.644,25.162,25.268,22.812,7.7622,53.477,148.42,148.49,98.8
179.92,182.94,186.66,182.27,16.936,12.225,44.883,48.695,125.4,147.3,163.78,162.35,192.45,207.92,186.33,208.62,36.752,36.682,177.73,192.12,199.16,196.35,192.37,157.43,160.44,67.824,66.54000000000001,139.29,186.78,181.86,184.07,38.374,129.96,129.93,71.16800000000001,68.661,113.25,0,120.4,156.07,156.24,191.5,195.52,121.4,120.18,180.35,182.83,184.08,165.23,124.95,169.05,133.51,173.06,52.122,58.914,199.57,193.83,195.73,195.79,191.96,191.73,195.06,192.44,203.43,193.02,188.08,195.41,152.5,151.86,35.057,32.885,48.213,50.077,50.801,49.636,43.97,170.98,134.27,134.67,155.63,152.56,129.49,167.53,167.81,167.99,142.97,142.55,121.39,111.85,111.63,111.48,123.33,123.56,320.12,312.09,111.97,111.77,37.977,111.16,104.26,129.85,130.05,129.12,143.87,144.61,113.55,115.19,218.18,111.79,112,111.62,110.29,128.66,111.4,111.33,116.95,111.56,124.76,122.45,120.59,123.2,119.59,319.37,338.31,116.53,146.37,119.8,138.01,25.138,15.244,14.598,14.988,295.3,290.84,290.21,150.81,153.65,155.54,120.35,118.55,178.95,178.57,178.55,325.29,162.13,162.4,35.904,35.855,78.73999999999999,374.27,330.26,192.87,183.31,149.25,150.95,6.6165,61.485,61.938,70.71299999999999,70.818,112.74,119.1,155.64,130.04,131.14,37.686,163.46,166.65,130.17,121.3,144.39,116.78,138.96,137.5,186.75,140.95,138.76,164.01,27.179,25.936,26.947,41.102,34.537,181.11,178.09,117.41,117.31,38.252,40.895,38.247,38.341,196.5,50.129,49.477,180.79,181.71,180.99,180.8,141.73,141.33,143.53,170.17,176.85,304.21,304.3,167.61,167.75,141.28,146.05,174.04,226.79,164.86,173.04,38.59,37.304,35.019,187.14,187.86,184.04,133.4,133.32,51.238,317.63,118.11,118.1,116.37,111.77,109.67,192.15,192.97,192.94,192.39,310.28,317.29,317.17,36.429,36.155,47.534,130.95,133.3,144.86,97.16500000000001,42.162,314.38,316.15,316.5,34.998,35.32,128.91,134.47,427.96,434.91,120.28,120.26,161.56,165.74,137.05,153.4,153.55,33.872,38.035,114.44,120.99,115.92,307.79,307.96,129.28,134.37,31.894,31.501,31.885,296.27,296.39,47.792,47.929,194.46,5.2961,5.6052,116.27,147.06,138.32,313.4,36.665,36.856,319.51,190.66,374.27,368.73,376.6,119.31,123.61,115.84,86.744,86.98099999999999,111.45,132.29,131.99,131.17,133.18,279.95,138.84,30.08,37.763,227.97,282.92,41.475,117.71,119.29,120.44,309.6,317.49,293.62,108.77,35.394,34.188,327.85,331.47,353.38,680.42,136.88,137.52,142.38,21.247,58.27,132.67,132.34,127.98,128.5,127.26,114.8,114.43,147.39,63.841,64.79600000000001,37.393
216.13,238.84,276.51,210.47,75.998,85.173,111.68,118.62,170.33,175.31,170.24,201.85,229.94,251.84,250.47,235.95,43.706,90.005,214.83,237.56,208.01,226.15,284.38,177.3,216.23,88.79000000000001,116.48,199.52,212.99,211.38,209.54,90.989,161.85,192.76,151.6,131.19,137.5,120.4,0,182.93,197.43,226.78,279.7,174.07,170.09,253.64,239.15,203.22,134.58,164.7,187.94,206.36,228.83,70.84099999999999,118.11,254.2,222.2,227.51,203.28,223.07,284.38,263.79,223.71,316.52,197.16,276.12,275.73,169.65,186.35,108.52,76.858,112.88,92.678,83.001,135.91,113.17,247.45,187.59,155.73,211,189.52,163.11,235.25,233.05,171.73,189.73,196.92,136.8,172.99,162.05,125.8,145.12,201.16,339.99,386.12,187.12,125.97,61.159,194.37,168.92,155.07,128.25,185.83,194.21,217.4,155.75,129.15,335.45,158.01,195.92,178.03,133.37,183.18,131.08,161.37,166.19,173.75,194.65,182.73,192.98,142.29,165.27,278.45,278.93,150.88,417.76,154.9,145.38,89.495,111.48,152.94,64.955,343.4,342.57,302.19,211.05,188.08,209.44,135.34,173.81,272.08,221.02,222.15,399.76,190.46,176.51,111.68,97.366,181.06,260.38,280.38,224.42,223.95,182.71,181.64,99.806,96.22499999999999,117.4,109.92,104.06,158.21,178.23,169.06,137.7,177.77,63.05,140.8,161.44,183.91,181.5,126.06,147.01,221.59,177.82,180.88,140.69,147.41,177.13,118.64,93.21299999999999,106.52,86.843,104.41,232.51,201.84,185.59,133.35,95.88800000000001,16.827,51.179,96.79900000000001,235.27,116.36,73.848,210.96,215.97,227.95,253.06,210.71,173.14,199.54,115.75,120.74,310.71,307,193.05,220.4,186.42,182.77,203.55,250.1,192.58,190.31,111.14,113.72,98.41500000000001,189.55,231.71,215.16,136.45,141.71,106.36,365.56,171.22,162.03,159.39,126.42,134.64,251.48,334.7,212.57,259.53,332.73,338.83,368.56,27.396,39.314,111.34,157.87,163.87,191.48,124.73,68.845,338.89,367.83,391.04,131.13,101.8,178.46,144.54,334.18,372.15,154.69,184.34,212.02,240.41,202.62,165.37,206.14,100.23,100.06,135.36,106.34,132.27,343.21,330.83,173.09,176.91,67.39400000000001,127.74,75.907,319.96,343.99,97.708,151.7,207.82,76.483,82.898,171.84,174.98,164.18,339.04,99.70999999999999,66.931,348.68,195.33,482.73,466.16,477.19,143.82,148.42,179.61,130.2,140.07,130.4,199.62,139.2,158.37,164.93,289.86,168.13,95.18300000000001,98.81399999999999,311.45,332.6,53.517,158.09,130.57,237.53,365.76,380.94,345.76,150.23,89.325,120.37,326.72,353.91,400.28,389.02,212.96,163.34,165.03,61.951,112.71,218.1,207.72,199.92,186.67,153.1,122.96,102.95,172.39,152.07,112.09,91.824
81.03400000000001,84.13200000000001,80.113,79.79600000000001,146.3,140.76,140.52,141.36,28.374,25.71,62.446,61.949,51.084,39.507,62.171,78.38200000000001,145.83,147.05,52.144,75.006,76.56999999999999,84.45399999999999,74.742,14.002,16.166,182.11,180.23,53.771,38.152,66.96299999999999,67.011,134.93,12.128,11.99,179.09,180.54,43.259,156.07,182.93,0,6.4235,77.727,76.533,46.764,46.934,68.012,68.258,68.00700000000001,117.27,73.322,60.573,65.889,92.55200000000001,161.64,185.35,79.98099999999999,92.874,78.733,78.146,76.041,77.852,92.56699999999999,80.249,76.39,76.092,76.81,78.282,42.372,40.725,144.67,143.29,142.87,143.44,141.43,139.74,134.38,76.491,47.091,48.815,44.922,44.68,18.744,44.952,41.531,41.582,31.251,31.191,47.696,32.157,34.644,31.984,42.893,42.831,211.77,213.48,31.565,32.512,134.4,235.63,269.89,20.141,20.591,20.07,38.626,38.522,52.31,50.024,109.43,30.16,32.418,33.4,34.698,25.954,30.303,30.47,35.61,50.247,50.219,39.221,43.588,39.408,40.579,286.73,287.8,42.998,126.24,42.618,35.913,139.4,144.64,144.37,143.9,188.77,171.15,174.18,58.091,62.657,57.836,51.15,43.479,107.59,118.49,82.813,192.22,62.142,60.011,147.55,143.67,242.79,286.82,297.07,72.114,568.99,31.549,31.53,147.53,178.46,177.55,176.34,176.24,48.014,48.256,33.394,23.181,22.787,133.7,13.366,16.167,73.884,55.072,54.795,43.549,17.329,17.167,64.29600000000001,44.969,27.199,11.546,147.31,154.19,157.73,141.62,144.08,64.208,65.85899999999999,49.104,42.948,135.57,135.53,135.55,137.17,83.881,141.38,138.3,60.051,58.612,58.204,58.84,16.805,16.775,17.22,180.35,196.39,219.23,219.22,42.746,45.456,32.418,32.967,87.934,80.07899999999999,50.021,42.367,134.78,132.56,135.66,360.97,59.783,61.159,38.226,39.38,141.48,249.41,38.004,37.328,37.333,31.264,31.494,81.33499999999999,79.49299999999999,79.46299999999999,81.185,180.98,180.17,193.65,133.9,135.91,147.8,19.895,27.32,34.808,199.71,156.39,195.37,203.42,203.46,136.01,136.93,41.245,40.945,200.86,201.05,49.167,49.407,41.652,41.869,73.23699999999999,36.024,23.006,144.73,149.41,42.535,42.248,48.088,223.63,223.67,12.289,12.354,143.6,142.53,140.6,211.51,212.52,144.66,142.24,79.08199999999999,146.55,146.42,38.022,41.185,30.907,183.31,150.24,150.25,192.83,74.59,243.57,243.6,241.74,58.316,46.633,43.143,198.37,201.59,42.639,12.472,12.072,12.182,12.21,214.01,40.997,139.88,161.41,259.84,256.7,142.14,58.747,59.136,59.678,181.18,179.51,210.11,49.806,146.75,146.14,254.75,252.49,207.69,208.14,16.995,17.002,37.879,137.35,168.38,15.359,33.527,28.285,28.023,28.51,37.559,39.32,31.09,181.88,181.88,134.36
82.256,79.56,83.116,95.699,142.93,142.15,776.92,143.28,27.944,25.99,63.693,80.432,76.962,61.413,61.288,73.95399999999999,148.76,162.81,72.22799999999999,76.191,76.264,75.92700000000001,74.779,15.053,15.907,182.46,182.7,679.67,25.211,67.57599999999999,67.14400000000001,176.59,25.997,33.551,179.03,179.29,43.353,156.24,197.43,6.4235,0,76.711,76.65000000000001,46.631,46.785,68.53700000000001,69.521,86.42,90.877,57.758,95.49299999999999,684.55,69.92,160.97,162.93,94.55500000000001,76.786,77.178,152.19,76.572,75.75700000000001,78.01900000000001,90.617,77.36799999999999,78.17700000000001,723.02,75.916,41.49,47.75,142.31,144.7,141.41,147.76,143.87,733.74,134.73,76.65000000000001,47.603,47.213,51.081,45.388,21.271,638.0700000000001,41.554,43.32,31.202,31.215,51.64,31.689,33.675,32.145,41.256,41.304,212.83,213.03,31.496,35.618,136.06,250.33,205.4,20.24,34.671,21.44,39.791,38.414,52.507,50.111,110.94,62.221,30.706,30.439,34.456,26.043,30.248,30.422,32.297,590.5700000000001,40.782,40.031,39.463,39.472,39.465,305.67,306.64,42.776,177.94,42.57,44.486,138.37,145.72,148.04,154.74,172.45,174.3,172.33,436.88,69.238,61.349,44.306,44.496,81.348,73.005,105.52,192.04,61.13,59.39,143.42,144.2,216.66,292.05,298.93,75.34099999999999,73.669,37.568,31.754,150.98,176.57,177.74,198.36,176.69,669.5700000000001,52.349,33.588,23.317,23.946,134,29.62,13.708,56.131,63.603,57.174,43.596,20.074,17.166,78.002,45.751,27.102,12.486,145.48,150.27,161.72,153.06,151.93,65.602,65.35599999999999,45.117,43.845,136.28,135.98,135.65,141.26,82.65600000000001,138.52,137.71,73.794,58.258,67.58799999999999,743.83,17.622,21.395,21.074,178.21,172.01,220.92,219.55,42.693,42.571,33.194,31.66,80.965,113.52,41.802,230.66,134.09,141.78,138.93,68.57599999999999,64.872,63.71,41.148,705.4400000000001,402.33,246.6,45.44,37.313,550.15,31.606,31.464,79.476,80.208,79.468,93.00700000000001,187.57,181.8,194.03,133.68,135.56,190.02,757.13,21.581,14.107,240.27,157.22,207.8,203.49,203.42,135.75,163.66,40.864,42.6,203.13,200.85,49.199,49.758,41.585,41.336,42.655,24.014,23.762,146.93,158.6,94.223,42.691,42.064,222.74,229.46,12.275,12.278,142.71,742.77,141.14,211.47,211.91,144.01,144.21,80.2,147.92,149.32,62.251,71.48699999999999,12.316,184.87,156.48,155.65,229.46,80.251,438.81,246.44,243.06,42.495,42.54,48.497,197.97,199.04,44.176,11.866,12.578,12.11,12.315,91.45999999999999,36.161,141.83,160.64,166.62,278.86,148.08,62.857,59.219,66.935,188.61,179.28,211.06,739.23,150.01,147.53,251.16,252.45,847.5,213.21,17.067,33.832,45.525,138.53,172.65,13.189,14.709,28.069,27.967,29.174,38.879,37.978,30.945,206.21,184.38,136.74
39.185,43.487,42.937,43.561,192.51,197.6,187.88,187.58,67.88800000000001,94.816,68.755,67.26600000000001,119.18,78.574,8.830500000000001,84.938,192.28,192.19,45.159,4.7541,6.6522,17.962,4.5039,62.536,68.872,225.48,224.82,100.35,79.175,12.803,12.757,180.55,74.051,69.75,225.34,226.16,90.991,191.5,226.78,77.727,76.711,0,0.27773,98.92100000000001,99.267,15.167,22.625,14.487,115.97,117.1,154.07,127.13,158.74,207.3,209.37,7.3594,7.9194,7.3455,6.9615,5.4932,5.996,7.3227,6.6411,78.065,6.1877,6.5115,8.371600000000001,45.868,46.23,188.65,188.61,189.78,191.42,189.39,182.39,182.92,133.16,87.35899999999999,87.116,50.312,50.111,83.09399999999999,41.561,36.207,35.532,45.206,44.027,101.68,84.45399999999999,85.235,84.11499999999999,96.05800000000001,96.149,130.16,130.13,84.34399999999999,83.98699999999999,181.01,287.36,277.49,84.242,84.319,84.15300000000001,83.895,85.511,84.01900000000001,82.679,80.012,82.59999999999999,83.048,82.599,89.251,75.22199999999999,84.161,82.524,82.22,81.92,85.599,79.60899999999999,79.467,86.617,79.57299999999999,241.86,240.91,94.911,250.17,94.925,84.003,183.29,191.6,190.39,190.49,130.32,127.68,127.94,62.851,63.637,63.152,95.711,95.788,125.09,124.15,125.02,144.82,64.57899999999999,64.91,190.05,191.62,284.83,250.24,240.65,17.188,18.794,54.365,50.731,194.34,218.95,220.14,223.07,223.29,78.98099999999999,103.29,46.27,90.014,90.036,179.77,66.31699999999999,61.887,94.371,100.76,104.62,95.88800000000001,71.553,71.497,6.9668,83.908,95.80800000000001,60.799,170.64,170.15,170.07,189.58,188.38,5.3298,12.904,90.29600000000001,90.479,182.16,181.99,182.32,182.6,22.725,185.73,185.7,22.781,22.912,22.678,22.593,73.48699999999999,72.958,75.548,237.15,218.03,265.9,265.99,36.466,36.95,44.662,44.035,119.59,167.37,98.52500000000001,95.334,181.31,181.22,183.82,17.415,13.315,19.715,91.497,92.95099999999999,208.63,125.55,89.697,89.419,90.09099999999999,84.816,83.706,35.959,38.38,35.882,35.797,136.99,136.51,137.21,185.29,181.19,228.37,85.94499999999999,86.15300000000001,68.21299999999999,201.8,203.36,153.29,175.64,175.33,182.56,182.99,88.486,88.71899999999999,157.27,157.75,100.57,99.70999999999999,61.566,62.417,101.9,84.23999999999999,85.11799999999999,190.03,199.04,90.02,90.11799999999999,89.792,269.74,268.85,68.996,69.321,189.29,199.24,188.75,258.14,258.11,191.59,190.89,37.167,192.73,194.82,77.18000000000001,81.268,77.324,139.58,198.77,198.08,148.58,5.5792,196.84,188.77,189.41,94.06699999999999,94.72499999999999,95.97199999999999,244.73,244.73,92.721,69.40300000000001,70.69199999999999,68.96599999999999,72.98999999999999,28.587,87.428,187.63,208.66,215.43,213.51,186.41,75.97799999999999,75.791,76.18000000000001,136.21,135.77,254.31,79.83199999999999,192.95,192.92,144.61,144.55,179.55,180.96,73.42,71.34999999999999,91.517,184.45,216.29,67.828,69.943,69.21899999999999,69.357,68.05800000000001,90.717,91.797,121.7,229.81,227.9,182.43
40.624,40.485,39.168,39.095,199.08,198.38,188.72,187.43,70.221,82.235,67.851,67.41,101.55,83.56,9.0943,47.111,194.23,193.11,52.921,8.272,8.081899999999999,7.5424,10.757,63.147,62.687,228.1,226.06,115.04,79.843,33.631,129.97,183.2,78.495,71.78400000000001,225.49,229.88,416.67,195.52,279.7,76.533,76.65000000000001,0.27773,0,104.93,99.82299999999999,14.715,15.616,14.141,130.72,122.36,100.66,113.2,102.23,208.61,208.2,23.498,6.505,7.6813,7.517,8.266999999999999,9.386200000000001,8.2164,8.4034,7.5309,8.065899999999999,15.473,6.2195,46.798,47.842,190.94,189.25,191.19,191.57,189.78,183.81,182.72,133.21,91.946,87.18000000000001,51.075,50.229,93.60599999999999,36.321,37.305,40.165,43.936,44.481,102.33,84.47,85.245,84.51900000000001,104.9,95.126,134.01,130.8,85.18899999999999,85.84099999999999,180.89,257.22,287.72,85.01900000000001,89.70999999999999,92.363,90.34699999999999,84.652,82.27500000000001,81.922,8.586499999999999,82.52200000000001,84.822,83.35899999999999,89.90900000000001,77.926,82.349,327.61,82.73099999999999,81.501,84.28100000000001,82.06399999999999,79.395,82.02200000000001,80.8,241.91,240.03,98.919,143.3,94.893,83.95099999999999,185.13,191.27,195.25,193.75,129.38,129.52,128.75,62.967,64.572,64.625,96.762,95.714,158.12,124.72,126.8,141.97,64.7,66.541,193.75,190.69,270.24,246.36,250.71,18.482,18.562,50.598,53.639,193.72,221.12,219.75,232.24,223.65,93.553,79.443,47.125,90.34099999999999,89.901,182.18,69.07299999999999,64.65600000000001,101.64,100.06,103.66,95.767,71.66200000000001,71.55800000000001,8.809100000000001,81.148,96.13800000000001,65.40600000000001,169.85,173.32,172.77,190.88,214.65,5.3032,6.8915,90.58,90.93899999999999,185.21,184.72,183.4,182.23,9.442399999999999,185.92,185.83,22.7,22.557,22.743,23.77,72.851,74.148,73.419,218.05,253.38,268.47,269,36.502,36.85,45.658,44.581,152.73,186.16,103.58,95.77200000000001,181.64,182.27,185.52,22.051,16.389,17.55,94.116,91.857,211.08,139.77,92.325,89.51600000000001,89.44499999999999,92.517,83.94199999999999,36.578,38.649,36.102,37.095,138.36,136.73,152.95,183.97,188.96,209.77,92.501,86.491,70.928,203.22,203.28,151.87,187.02,175.61,182.36,183.52,90.60299999999999,88.22,157.89,158.09,100.78,100.19,62.154,64.13800000000001,95.95,84.121,85.804,191.64,199.75,90.66,89.85299999999999,90.798,274.31,269.31,69.188,69.133,188.66,204.74,188.25,260.89,258.1,190.95,209.62,34.287,193.95,193.31,77.72199999999999,69.30500000000001,71.55500000000001,138.97,197.9,196.97,148.53,9.914999999999999,193.7,184.02,189.45,94.245,96.482,96.02200000000001,245.5,244.66,90.556,69.45399999999999,71.90300000000001,68.983,69.462,10.749,85.76900000000001,187.23,215.26,308.19,306.98,191.11,78.071,75.876,97.38,136.87,135.7,258.27,80.867,192.87,194.42,145.04,144.31,180.95,183.39,71.714,71.777,78.059,183.55,216.04,67.717,69.752,70.578,70.05500000000001,69.69499999999999,90.788,91.15300000000001,92.67400000000001,228.83,229.64,183.04
121.04,115.79,115.61,118.83,108.46,114.61,124.2,111.4,31.202,50.125,39.206,39.538,41.242,41.921,84.801,125.07,120.65,119.62,93.254,97.059,103.49,105.96,100.16,55.776,56.822,149.52,152.67,68.989,43.012,90.08499999999999,90.081,102.59,36.388,36.552,151.98,156.12,14.474,121.4,174.07,46.764,46.631,98.92100000000001,104.93,0,0.65061,92.70399999999999,92.334,90.446,7.3165,5.4128,6.6294,44.753,8.2921,131.35,133.88,98.88500000000001,100.77,101.31,99.718,102.5,98.57299999999999,100.66,104.3,100.08,106.29,98.55200000000001,100.24,60.382,64.348,112.83,113.7,113.05,115.21,112.71,105.26,107.65,75.696,47.835,47.466,67.934,66.553,38.407,71.58,74.214,73.538,57.375,57.31,8.6836,17.901,19.262,29.653,38.459,35.42,215.7,218.14,20.783,17.15,106.32,179.06,180.14,28.36,29.308,28.663,50.278,51.36,18.1,35.588,246.8,16.274,17.152,31.375,12.308,21.679,15.921,15.169,28.412,20.993,39.771,40.625,54.609,41.773,39.638,316.06,316.19,18.22,49.505,16.645,17.403,108.65,115.78,114.59,114.49,217.05,205.22,207.21,51.108,46.792,48.9,6.4592,4.6564,115.89,137.15,99.111,218.25,41.131,39.99,113.83,115.09,215.53,316.15,316.71,101,102.58,65.617,65.205,119.42,143.73,142.84,147.73,148.97,17.417,11.438,59.496,22.445,27.133,106.83,50.658,51.88,45.204,38.094,47.078,4.5677,45.14,44.093,87.29600000000001,46.315,29.401,49.555,104.45,93.938,105.08,113.53,116.59,84.05200000000001,79.173,13.7,13.678,106.8,108.47,109.34,111.52,105.74,110.13,110.4,90.92100000000001,88.29000000000001,88.071,90.651,43.745,45.04,41.739,177.42,162.74,197.56,197.69,72.816,72.34999999999999,57.479,58.006,111.69,115.78,71.901,77.431,105.25,103.45,109.11,74.374,75.45099999999999,71.04900000000001,24.385,24.843,134.62,226.51,24.703,23.896,25.536,16.714,17.065,113.12,115.57,113.55,114.37,215.74,217.83,215.29,104.78,107.05,131.19,33.478,41.124,50.531,126.08,129.52,219.94,233.38,231.24,108.87,107.01,12.391,11.559,235.33,235.23,28.721,21.763,78.249,81.09999999999999,73.16500000000001,53.647,55.645,120.9,124.36,29.72,13.003,14.541,202.45,202.99,38.671,42.345,115.66,121.1,112.11,191.24,191.49,113.69,118.84,100.59,117.26,124.37,39.042,49.559,44.622,215.98,121.6,122.59,221.41,99.828,372.48,365.77,364.74,13.081,7.8657,5.9807,170.54,169.6,28.806,37.095,40.55,38.486,37.197,144.5,17.156,110.45,133.74,137.38,139.89,112.89,42.934,17.661,17.625,212.85,213.69,187.55,17.037,133.03,118.38,222.31,223.03,248.24,245.76,47.884,44.45,38.737,106.35,141.05,36.88,45.206,31.682,37.618,29.234,11.817,14.148,77.422,155.75,151.88,103.48
119.64,115.51,152.29,115.92,110.92,113,112.21,109.6,28.523,50.741,39.279,39.468,38.689,100.53,86.91,92.571,117.58,126.41,91.226,99.108,107.22,101.52,97.539,51.267,68.88800000000001,161.29,151.07,70.08,40.959,89.639,89.36199999999999,105.59,38.309,39.737,151.01,155.55,13.872,120.18,170.09,46.934,46.785,99.267,99.82299999999999,0.65061,0,90.292,91.039,90.34399999999999,12.509,52.919,14.995,29.001,63.349,132.83,132.98,109.6,100.65,100.09,100,100.37,100.44,99.715,102.62,101.24,98.06999999999999,99.235,101.84,63.291,60.248,113.23,114.99,113.32,112.48,113.7,105.53,105.85,74.155,47.771,48.33,69.486,65.303,26.438,80.214,71.78400000000001,71.90600000000001,57.387,60.623,19.501,18.698,19.263,17.44,32.949,37.211,218.54,215.87,17.347,17.025,106.37,180.78,182.91,30.416,28.918,27.815,53.074,50.744,18.182,14.737,135.81,18.124,15.797,16.314,11.98,25.275,15.225,13.387,16.965,11.349,39.931,39.526,52.964,39.15,42.863,316.65,316.87,16.451,540.53,16.595,18.199,107.92,115.21,116.14,121.15,205.27,203.85,205.12,42.812,42.855,41.902,4.8609,6.39,113.21,95.182,95.84999999999999,213.99,37.146,37.751,116.31,113.96,206.94,316.82,322.53,94.97799999999999,104.09,65.294,66.34099999999999,118.48,144.36,145.24,146.75,146.97,10.06,21.918,59.761,24.245,24.634,105.45,51.999,52.862,29.915,33.164,47.061,4.6878,44.2,44.213,86.21299999999999,42.155,29.641,52.121,92.7,101.25,92.09699999999999,114.43,115.38,80.97499999999999,79.229,13.824,13.948,108.22,109.58,107.69,111.04,106.9,109.81,108.18,90.5,88.31999999999999,88.15000000000001,89.224,42.206,42.081,41.913,150.68,149.31,198.31,198.68,72.74299999999999,72.446,57.458,60.262,135.83,138.36,66.791,66.777,104.35,104.09,106.91,72.598,70.64,70.41200000000001,24.132,24.139,113.86,212.18,23.146,23.859,24.921,16.83,16.662,114.03,112.81,113.22,113.36,214.16,212.98,216.34,107.48,104.06,141.97,31.663,34.662,66.608,191.91,127.39,219.95,230.55,230.86,106.67,107.27,11.446,30.991,234.47,234.75,21.938,24.439,73.383,75.923,49.627,54.806,55.155,114.78,124.56,15.764,13.578,14.494,201.05,203.01,36.597,36.907,113.02,116.39,112.97,190.51,190.28,114.51,115.09,99.32899999999999,117.98,118.39,40.5,48.925,42.853,215.75,120.95,121.45,218.55,98.655,368.28,367.89,368.59,5.6946,10.091,7.7515,171.33,168.44,12.414,36.664,38.15,37.12,37.109,206.44,18.53,111.54,136.87,138.23,136.49,109.35,21.182,20.758,29.791,212.27,212.49,196.8,12.541,116.83,116.85,224.35,221.49,245.09,246.04,43.851,45.368,38.542,106.91,139.88,38.024,40.046,28.517,28.628,33.841,10.744,13.241,55.558,154.21,151.78,104.58
36.344,30.996,30.652,30.674,187.98,187.73,180.06,181.72,59.796,73.48399999999999,58.753,59.505,69.874,81.675,19.634,70.98999999999999,184.1,184.51,36.148,12.511,12.492,13.364,12.057,54.196,53.921,216.37,216.31,91.139,82.462,4.4719,4.3643,172.06,62.943,60.569,217.67,217.19,82.255,180.35,253.64,68.012,68.53700000000001,15.167,14.715,92.70399999999999,90.292,0,0.50369,0.53951,92.265,107.08,106.29,125.99,105.52,199.07,200.13,15.978,15.496,31.974,15.594,14.273,15.034,15.887,15.91,14.385,14.591,14.183,15.226,37.342,37.849,180.31,181.65,180.79,181.39,180.84,175.19,177.1,124.71,78.8,79.027,42.669,45.017,75.22799999999999,27.605,27.333,28.286,35.459,35.795,92.054,82.58,76.34,76.467,90.289,87.905,121.44,127.19,75.61199999999999,75.28400000000001,172.55,300.93,313.62,76.10299999999999,86.554,75.761,75.574,75.533,85.68300000000001,84.902,113.57,73.983,74.72499999999999,73.958,80.82299999999999,76.18000000000001,76.248,73.85299999999999,73.605,86.84,81.29000000000001,71.408,71.288,70.657,71.342,267.3,267.29,86.902,310.87,86.422,75.241,174.91,182.75,183.8,182.7,120.65,119.05,119.36,54.512,54.727,54.718,88.39700000000001,87.08499999999999,115.91,160.32,115.3,154.12,56.2,56.289,181.78,181.7,239.94,271.69,269.53,7.3368,6.2853,42.135,42.541,186.25,210.35,210.99,214.25,214.51,83.69199999999999,82.929,39.275,80.16,80.42,171.11,53.777,53.578,87.289,98.12,90.678,87.093,63.005,63.519,15.502,73.76300000000001,87.149,51.525,178.69,178.8,178.65,179.91,182.64,32.291,32.13,81.90900000000001,82.536,173.61,173.59,173.97,173.3,17.219,177.25,177.18,30.79,30.453,30.379,30.827,64.05500000000001,64.095,64.40600000000001,200.86,216.19,256.75,257.69,28.087,28.786,35.816,36.085,111.7,132.79,86.401,97.7,177.49,172.85,173.77,19.974,23.663,20.312,88.18600000000001,82.98399999999999,186.64,128.47,81.56699999999999,81.387,83.556,77.495,74.98,27.881,27.513,27.899,27.88,128.46,128.35,155.51,173.51,171.54,203.68,76.057,77.809,63.268,193.5,193.6,155.6,185.31,182.79,173.51,173.58,81.98399999999999,79.755,149.12,149.23,91.18600000000001,91.29300000000001,52.758,52.554,95.075,75.24299999999999,75.553,181.91,189.88,81.127,83.46299999999999,82.119,260.19,260.47,60.612,60.585,186.79,179.37,181.24,249.16,248.97,182.28,182.33,41.066,184.37,184.48,68.765,66.58,61.224,130.89,189.17,188.23,156.28,12.001,185.6,185.11,179.63,85.20999999999999,85.70999999999999,87.961,236.98,236.62,80.80800000000001,60.728,60.577,60.626,69.63,19.232,77.926,177.69,192.76,204.9,299.23,177.65,78.014,76.367,79.98099999999999,127.32,127.6,246.08,89.905,184.84,184.23,136.54,136.07,189.17,187.41,62.798,63.534,69.562,172.61,208.55,57.985,59.351,59.519,59.564,59.684,81.941,84.857,77.068,220.52,219.79,173.85
33.946,30.469,32.582,31.151,188.98,188.98,181.06,201.33,59.399,74.06,71.64400000000001,59.8,103.8,98.96299999999999,46.632,53.888,184.31,184.83,35.522,12.586,17.852,15.299,16.376,53.95,54.74,215.8,216.43,88.34999999999999,79.145,5.0107,4.3642,237.48,60.905,60.793,218.04,217.65,82.339,182.83,239.15,68.258,69.521,22.625,15.616,92.334,91.039,0.50369,0,7.5511,123.9,172.73,84.553,86.711,86.248,199.22,199.13,16.904,19.843,15.638,18.265,15.972,15.332,16.344,54.38,21.764,14.37,15.355,15.007,37.168,38.025,179.93,180.38,181.41,181.1,181.76,176.35,173.69,124.66,78.812,78.59399999999999,41.571,42.965,74.90000000000001,27.886,32.276,27.746,35.569,35.761,95.47,76.464,76.182,76.015,86.15000000000001,85.96599999999999,121.93,122.8,75.514,75.65000000000001,173.72,305.72,303.58,75.78400000000001,83.07299999999999,76.771,75.372,75.619,84.687,85.155,151.3,78.953,74.92700000000001,88.236,82.051,75.803,74.815,77.226,74.114,86.803,76.38,71.127,74.092,71.143,71.54000000000001,267.16,266.82,87.38,1342,86.58799999999999,85.926,174.75,182.59,181.82,184.16,126.06,119.56,119.3,55.136,54.207,54.665,87.791,87.934,118.85,115.74,129.62,148.98,56.106,55.999,181.35,191.29,260.09,273.22,267.08,8.0968,6.1494,43.186,42.13,186.37,210.81,211.26,215.18,214.62,83.41200000000001,90.34,54.695,80.05500000000001,81.48699999999999,171.46,60.632,53.558,92.851,85.181,94.35899999999999,94.79000000000001,64.765,63.847,15.129,73.63,89.928,51.67,216.59,178.36,178.8,180.38,179.83,31.398,30.942,83.967,85.334,173.43,173.32,173.5,173.48,15.074,177.01,194.31,30.718,30.842,30.913,30.8,64.79300000000001,64.337,64.681,218.22,254.99,256.98,256.71,28.617,28.324,35.532,49.967,123.88,145.91,91.678,89.059,184.66,180.07,173.62,20.027,24.697,24.524,84.288,83.27500000000001,182.8,117.23,81.98699999999999,81.29000000000001,80.81100000000001,84.815,74.91500000000001,27.826,27.499,35.252,28.078,135.75,128.85,150.26,171.78,174,215.73,77.38800000000001,85.434,69.565,234.58,194.66,154.74,184.03,183.24,174.54,175.16,81.654,80.76600000000001,148.72,150.95,91.494,91.392,52.695,52.402,124.1,75.43300000000001,83.752,181.52,194.83,81.14100000000001,81.782,81.867,260.13,261.12,60.455,60.894,180.08,179.23,180.54,249.3,251.09,182.8,182.99,43.066,184.28,184.56,68.517,62.818,93.36499999999999,130.68,475.94,188.47,157.57,15.186,188.73,249.31,191.38,85.949,87.718,86.748,237.96,236.63,80.845,60.875,69.208,64.913,61.979,34.909,75.39700000000001,177.41,197.12,205.22,298.95,176.6,76.68600000000001,76.194,78.21299999999999,127.2,128,245.9,90.26300000000001,183.67,184.46,136.27,136.47,188.19,190.27,74.958,64.026,69.69499999999999,173.72,207.45,60.775,58.317,59.919,59.575,61.609,82.185,82.09399999999999,114.67,219.54,222.3,173.47
30.912,30.451,35.607,30.603,184.39,191.12,179.04,179.99,59.249,72.899,58.68,58.573,90.53400000000001,88.386,16.778,59.474,183.77,183.91,46.695,15.159,12.952,13.925,12.107,53.958,54.946,217.12,215.95,92.327,70.217,4.5828,4.3599,171.99,60.377,61.292,217.07,216.96,82.19499999999999,184.08,203.22,68.00700000000001,86.42,14.487,14.141,90.446,90.34399999999999,0.53951,7.5511,0,95.97,94.205,111.39,84.08799999999999,94.23099999999999,198.71,198.68,20.006,19.972,14.86,16.062,13.983,14.639,14.709,47.183,15.431,14.952,14.205,84.244,37.422,37.472,179.95,180.49,180.83,180.93,181.07,174.05,173.91,124.22,78.649,78.59699999999999,42.653,41.911,74.554,27.84,26.976,27.018,35.752,35.648,94.89400000000001,75.38800000000001,75.93899999999999,75.789,86.056,85.973,123.7,122.67,75.997,75.45099999999999,173.43,291.36,297.62,75.501,80.52500000000001,75.76000000000001,75.265,75.349,84.878,85.20399999999999,126.34,74.414,74.456,74.08,80.55200000000001,76.01900000000001,74.489,81.79000000000001,77.401,86.67400000000001,78.09,81.53400000000001,70.922,70.786,71.64700000000001,266.52,266.59,86.39700000000001,765.33,86.33499999999999,78.88,174.76,182.08,181.95,183.46,126.13,119.06,121.36,55.597,54.375,54.933,86.96899999999999,87.194,132.38,120.4,189.09,151.88,57.043,56.378,181.47,181.32,228.36,276.88,268.81,6.257,5.7334,42.137,42.317,185.01,210.98,211.22,214.2,214.14,119.56,81.089,37.682,80.245,80.099,171.39,53.721,53.568,102.52,82.539,103.31,87.158,63.033,62.943,15.228,73.477,87.35599999999999,52.094,179.04,178.23,179.12,211.2,179.83,30.666,43.488,82.011,82.072,173.45,173.44,173.72,173.46,15.211,177.13,176.95,30.664,30.501,30.259,31.306,64.047,65.664,65.01900000000001,190.69,224.53,256.82,256.63,28.034,28.152,35.867,43.456,110.42,140.87,86.218,91.428,174.3,172.3,173.95,28.242,21.489,23.271,82.84699999999999,82.815,192.22,115.82,81.045,80.77500000000001,80.739,75.047,75.301,27.293,37.369,27.216,27.38,128.66,132.03,156.51,171.78,171.54,218.63,76.64100000000001,78.964,49.655,226.1,194.39,158.82,182.95,182.94,173.73,173.82,79.79900000000001,82.666,148.71,149.02,91.045,91.22499999999999,52.537,53.324,94.51300000000001,75.36,75.624,181.45,189.2,81.94199999999999,81.71299999999999,81.417,260,260.42,60.282,60.443,179.06,178.93,178.93,249.04,249.06,182.08,182.28,48.684,186.3,185.44,68.19799999999999,60.343,68.092,130.6,190.39,188.29,156.07,11.766,179.18,181.72,179.78,85.584,87.34399999999999,85.735,235.91,236.21,80.931,60.4,60.64,60.487,60.672,152.69,75.05200000000001,177.54,208.06,204.79,204.66,176.45,76.502,79.68000000000001,78.934,127.68,127.18,245.81,89.745,184.11,184.19,135.91,135.91,187.15,187.11,62.624,62.914,69.095,174.12,205.44,59.908,62.29,59.631,59.661,59.537,82.239,81.83499999999999,97.622,219.42,219.24,172.01
138.9,124.13,111.24,122.85,150.95,149.19,102.32,154.85,41.944,54.908,74.73399999999999,71.413,81.154,99.10899999999999,85.033,129.85,158.7,145.34,106.12,107.25,103.73,150.01,99.363,50.783,67.509,177.38,171.04,64.732,107.56,106.64,85.149,94.66200000000001,32.626,68.617,189.98,183.82,46.305,165.23,134.58,117.27,90.877,115.97,130.72,7.3165,12.509,92.265,123.9,95.97,0,0.35799,0.33638,0.30002,0.29495,128.18,123.59,106.11,141.43,124.84,96.137,112.3,98.303,133.1,119.53,101.87,102.74,148.88,123.27,75.44,64.562,132.91,122.52,139.27,163.74,124.62,137.76,140.77,75.28100000000001,82.64700000000001,47.13,66.608,59.727,35.849,123.25,145.23,130.89,112.85,87.65600000000001,19.173,143.72,35.534,22.348,51.878,41.515,256.01,252.96,51.412,24.549,110.51,236.21,204.92,40.99,40.749,47.296,98.045,102.08,41.414,24.435,115.87,25.291,28.169,22.932,74.979,24.222,60.478,18.847,20.898,68.967,97.467,125.79,60.751,41.925,78.879,391.79,342.56,20.44,492.33,35.635,50.292,115.3,123.05,122.06,151.18,238.07,204.84,216.65,84.96299999999999,109.92,83.994,7.3764,58.645,226.28,108.95,90.748,245.46,50.651,51.211,115.84,177.37,192.44,411.7,345.12,98.827,94.324,86.252,57.012,151.03,190.72,171.65,159.09,178.21,77.38500000000001,25.138,56.455,48.165,26.108,141.12,75.17700000000001,52.108,44.086,59.314,53.991,27.699,68.111,70.527,133.52,51.522,69.581,59.03,110.23,107.68,138.6,115.77,154.64,116.55,133.81,19.396,36.871,111.04,129.25,111.06,139.59,146.85,138.16,119.62,134.73,109.71,122,102.39,48.947,55.705,53.084,144.92,153.39,210.58,209.36,133.72,111.99,58.807,74.2,104.83,147.29,115.79,106.07,110.63,104.11,125.81,99.70099999999999,80.883,133.52,91.59999999999999,24.973,165.73,230.03,73.506,34.099,30.631,21.757,18.886,150.88,178.58,135.12,165.26,221.39,201.33,244.01,116.55,149.46,153.72,44.791,94.706,50.299,284.41,158.27,268.52,229.17,240.68,126.44,132.71,41.441,22.721,289.77,252.41,60.923,37.424,97.873,130.29,103.51,99.834,65.496,170.24,135.55,31.97,20.142,43.729,227.43,233.18,79.226,38.805,141.7,110.73,123.62,201.84,196.2,107.5,112.51,133.04,136.92,135.5,59.023,50.07,75.08199999999999,231.49,126.55,147.25,244.31,94.72799999999999,369.01,410.45,418.22,20.318,45.662,55.786,175.72,228.9,33.46,75.254,76.173,40.483,47.083,319.02,69.955,127.22,203.25,126.14,119.71,113.66,29.266,41.957,64.34999999999999,212.52,233.68,194.27,41.258,156.59,148.61,266.92,278.97,280.05,264.54,84.88200000000001,69.039,100.49,112.14,138.58,85,73.72799999999999,44.14,73.48,52.435,43.209,50.379,96.45399999999999,203.58,180.84,122.08
131.33,126.23,121.58,135.83,162.79,146.78,120.76,107.53,38.795,59.323,97.74299999999999,61.413,70.199,80.65900000000001,175.84,187.68,118.92,125.21,109.42,94.809,102.01,131.41,100.04,58.8,50.242,199.22,150.27,62.712,97.417,93.08499999999999,98.20999999999999,136.15,36.482,106.81,161.14,158.21,23.7,124.95,164.7,73.322,57.758,117.1,122.36,5.4128,52.919,107.08,172.73,94.205,0.35799,0,0.4999,0.35834,0.34186,168.81,123.15,117.07,100.78,147.48,105.94,120.53,99.282,108.69,106.37,107.96,112.51,96.017,131.29,62.963,59.87,165.04,121.03,193.34,149.87,125.96,129.66,125.27,88.581,49.37,62.86,57.472,84.13800000000001,69.783,113.09,133.79,144.02,85.664,75.696,40.259,47.148,19.429,30.232,96.07599999999999,50.241,221.61,250.86,56.313,44.73,231.84,210.86,199.63,135.12,44.869,42.938,138.97,62.841,32.476,37.564,137.02,24.715,53.701,41.368,20.007,39.443,17.513,40.625,30.665,38.077,59.343,51.725,83.70099999999999,47.885,63.722,383.73,355.28,20.411,59.056,47.28,31.945,163.11,135.91,159.33,191.96,217.76,209.34,219.6,63.378,55.12,63.717,26.477,40.035,126.82,125.04,108.62,236.39,48.65,51.816,115.92,127.01,187.68,347.63,340.67,92.884,94.17100000000001,68.193,57.251,146.17,152.31,163.59,157.98,176.48,31.33,40.494,60.076,74.13200000000001,53.273,125.33,66.187,63.083,37.53,60.638,59.484,15.426,59.969,100.97,121.74,60.548,107.66,68.255,201.26,131.56,110.94,148.71,122.77,123.86,84.65900000000001,20.621,27.924,108.97,143.18,126.31,113.8,146.91,119.97,139.01,107.06,137.58,102.8,108.45,49.553,61.026,61.474,190.86,137.06,206.24,241.11,122.07,96.976,57.214,72.76000000000001,125.16,148.85,81.557,104.49,101.73,126.91,125.16,113.93,94.244,89.872,80.765,27.891,139.45,224.42,57.876,51.304,28.568,39.719,52.898,122.07,124.34,137.5,142.94,210.44,207.04,229.77,142.35,122.1,156.34,42.124,54.715,82.43600000000001,229.25,124.47,271.32,274.32,230.51,154.49,133.86,70.56699999999999,36.023,270.36,261.45,33.324,60.808,97.571,69.167,90.599,74.76300000000001,50.224,125.43,139.31,37.353,20.234,24.727,211.54,231.52,61.687,52.052,110.68,139.95,111.39,195.72,197.45,136.98,113.76,148.39,170.64,144.93,59.145,45.723,58.23,214.12,219.75,134.65,237.35,144.22,380.82,402.75,418.41,21.424,48.362,25.564,231.07,191.16,64.04600000000001,37.734,37.589,36.475,105.71,257.34,34.526,115.79,155.9,130.69,118.25,156.77,66.44,28.034,32.528,241.96,206.08,206.93,20.011,153.64,147.19,231.69,230.21,259.34,288.76,59.017,94.854,144.19,163.92,140.51,39.836,45.382,44.772,53.045,56.568,14.901,17.881,60.468,200.67,171.64,101.35
146.93,131.69,126.43,108.13,117.28,150.11,110.71,114.59,68.17700000000001,54.345,59.132,60.154,72.80200000000001,88.282,84.121,147.21,143.17,142.6,118.96,138.22,105.49,108.17,108.26,51.342,103.52,153.19,229.98,36.013,102.47,116.44,82.214,121.93,76.489,54.219,205.66,159.77,47.739,169.05,187.94,60.573,95.49299999999999,154.07,100.66,6.6294,14.995,106.29,84.553,111.39,0.33638,0.4999,0,0.3055,0.39238,120.14,143.33,134.85,117.34,149.26,117.85,99.616,106.83,104.68,113.19,114.99,102.81,100.87,105.43,91.541,79.093,181.87,119.41,144.53,156.95,146.6,148.13,130.73,116.95,52.893,62.276,74.446,58.714,47.819,129.89,171.7,125.52,49.723,102.83,26.994,52.536,42.314,78.616,33.962,36.608,226.48,223.57,19.955,61.158,105.1,204.07,236.78,125.48,65.411,59.954,62.695,76.429,85.786,44.582,141.86,20.283,19.755,25.672,42.094,33.03,77.98099999999999,42.8,29.018,42.632,76.917,60.11,89.20999999999999,45.195,74.63,350.11,342.96,89.53400000000001,60.208,23.026,30.239,146.63,137.03,184.89,152.17,236.93,321.61,221.53,53.104,53.137,60.427,24.015,33.984,121.44,93.983,121.4,222.21,44.151,145.18,150.74,126.51,167.51,367.82,392.51,123.27,146.16,74.726,60.609,149.64,165.95,167.68,148.54,165.35,16.964,42.558,57.577,46.775,29.668,137.53,51.661,85.73,33.053,28.054,54.04,17.905,48.673,75.11199999999999,131.98,132.73,80.376,59.628,149.04,110.49,159.06,143.82,126.33,103.52,110.54,77.569,19.148,143.91,111.22,108.25,117.05,104.54,197.85,140.34,117.63,107.06,134.01,137.1,87.96899999999999,61.259,66.248,123.02,164.24,212.24,245.67,122.96,102.69,84.744,55.519,191.27,154.15,83.051,123.36,106.26,101.48,160.63,78.227,106.19,78.31699999999999,25.67,54.4,145.35,241.17,42.817,51.907,29.553,24.869,263.17,139.76,145.42,128.19,147.55,226.7,304.75,218.28,140.56,105.54,128.67,44.075,44.052,72.26600000000001,135.09,163.51,293.16,231.39,234.05,128.63,121.36,65.688,108.07,250.79,264.19,52.157,24.062,73.988,97.101,62.442,84.751,93.685,129.89,171.54,31.557,37.639,43.348,206.06,206.3,37.432,115.32,136.78,129.57,131.16,259.32,205.52,113.96,104.01,145.12,135.8,127.85,59.874,45.585,55.479,215.95,154.79,146.15,247.5,112.13,400.01,369.22,375.55,27.912,33.664,37.786,185.09,195.31,29.924,51.979,147.97,42.027,58.212,214.31,22.1,117.73,132.89,113.71,118.95,124.25,72.58799999999999,36.744,40.687,213.33,212.9,196.68,146.8,185.53,214.98,238.26,253.8,248.61,275.72,70.15900000000001,58.291,72.964,126.48,136.98,107.89,80.973,81.494,60.068,53.1,42.604,16.069,57.479,248.84,173.6,100.19
112.32,134.87,121.54,123.72,172.48,149.7,170.37,104.94,38.004,78.45,83.569,56.326,105.71,85.03,125.67,116.28,155.09,191.49,131.77,125.31,116.37,115.78,155.58,67.255,78.208,206.92,159.51,66.048,56.298,151.14,103.78,101,35.232,54.618,141.07,166.55,21.825,133.51,206.36,65.889,684.55,127.13,113.2,44.753,29.001,125.99,86.711,84.08799999999999,0.30002,0.35834,0.3055,0,0.23061,121.22,131.73,138.58,112.31,97.271,121.77,115.74,112.06,129.48,96.119,132.23,123.35,113.92,100.87,68.476,89.601,137.5,161.52,143.33,124.77,138.91,208.91,151.59,98.627,55.065,72.143,97.584,78.75,47.338,121.86,122.85,114.06,53.526,63.895,27.43,21.279,25.565,78.337,100.56,32.304,259.22,224.75,38.323,57.801,130.21,233.02,262.17,74.518,47.397,61.684,107.43,77.06,31.347,22.281,112.31,21.133,68.40300000000001,33.892,30.225,35.357,18.176,38.218,31.295,20.947,60.717,102.74,53.96,83.565,48.303,348.18,343.56,18.964,167.75,21.011,22.685,123.59,145.84,158.21,141.81,239.34,199.39,238.13,66.92100000000001,60.557,66.679,17.942,35.962,139.37,98.027,114.13,266.58,80.53700000000001,51.582,150.78,182.24,219.01,353.06,365.04,112.3,114.9,104.49,57.94,159.51,143.23,148.05,163.39,156.34,22.963,57.617,95.54300000000001,31.773,51.218,164.95,58.022,50.144,38.958,60.524,68.765,16.351,122.31,56.71,106.97,93.495,33.737,67.77500000000001,207.88,164.76,125.23,158.2,136.14,94.559,96.303,52.084,49.494,132.02,133.02,125.9,117.06,124.62,119.4,148.1,144.16,111.09,104.56,119.94,82.526,50.65,90.65900000000001,237.06,212.38,210.62,216.76,95.876,100.39,83.587,59.91,133.04,137.38,81.858,79.29300000000001,152.8,119.52,123.52,80.69,99.738,73.557,45.601,42.48,186.68,216.74,39.018,31.226,51.086,47.001,32.186,136.32,144.96,132.65,130.1,234.34,207.16,271.09,110.79,120.75,133.38,48.043,43.363,84.239,250.56,186.33,223.73,267.84,252.13,119.28,142.47,70.96599999999999,85.622,231.92,261.09,49.965,25.29,77.84999999999999,71.229,98.43899999999999,115.08,51.164,147.5,133.08,27.803,20.476,23.661,210.92,245.87,61.018,36.102,150.41,148.64,112.42,217.08,198.58,182.58,108.92,117.15,131.9,140.67,81.581,85.35299999999999,53.171,211.14,142.02,123.29,332.27,95.846,371.4,369.11,398.39,17.111,21.697,18.428,169.94,186.16,63.344,37.458,49.826,73.663,56.155,98.51300000000001,21.005,118.55,129.22,130.45,112.63,108.29,34.579,59.209,63.733,238.89,199.76,203.82,20.342,126.78,139.07,293.19,282.31,270.49,326.1,59.074,49.293,51.392,128.63,201.11,44.112,89.866,41.527,58.416,35.903,16.188,19.539,69.038,175.31,187.74,107.93
114.21,109.87,148.86,163.15,141.27,116.55,102.86,106.69,66.02,82.58499999999999,78.21299999999999,81.277,85.614,50.672,98.589,155.4,135.52,162.59,136.48,126.09,129.68,101.54,97.217,75.41,74.864,164.32,199.45,108.24,150.92,99.20699999999999,106.37,222.43,40.615,45.137,161.61,147.8,53.798,173.06,228.83,92.55200000000001,69.92,158.74,102.23,8.2921,63.349,105.52,86.248,94.23099999999999,0.29495,0.34186,0.39238,0.23061,0,146.41,131.6,172.17,102.99,102.14,102.47,111.35,175.69,102.42,184.31,138.48,106.04,154.91,108.4,84.233,59.46,124.85,151.31,151.68,208.22,138.67,133.95,169.62,121.63,80.349,91.66,79.29000000000001,58.135,74.93899999999999,127.58,138.03,123.02,83.133,60.972,72.417,19.095,39.871,36.908,37.668,59.928,227.95,225.58,23.399,33.454,124.72,191.83,191.02,41.302,105.49,45.241,57.608,60.211,81.173,36.097,140.57,27.622,25.469,19.597,51.059,84.343,48.635,30.862,49.711,23.552,96.378,53.291,45.13,67.879,86.47,347.03,382.01,71.837,775.13,33.261,65.861,149.9,132.12,148.4,133.71,243.29,203.43,252.25,73.977,49.518,61.389,64.464,27.107,97.637,134.97,127.54,245.41,60.741,50.442,145.22,187.67,231.13,353.08,353.53,106.36,99.095,89.515,109.94,158.23,180.2,152.03,189.16,192.84,63.847,26.817,58.355,30.665,50.415,213.86,56.971,86.517,77.86199999999999,36.178,103.42,14.362,54.572,113,99.248,104.33,40.436,122.95,115.71,144.51,115.89,126.72,127.93,126.09,140.78,17.095,48.888,130.72,141.67,106.15,109.53,156.85,151.77,143.26,113.77,123.62,114.25,101.23,54.734,50.644,61.985,175.8,168.62,278.21,207.04,94.798,122.57,97.62,63.878,117.88,137.95,79.66500000000001,92.68600000000001,147.02,113.74,404.86,107.5,77.035,86.43000000000001,25.331,69.65600000000001,168.7,219.3,44.807,30.035,27.181,48.9,81.712,146.06,131.32,135.86,177.11,255.68,268.56,220.96,106.18,150.71,148.89,46.202,48.423,81.026,261.31,123.74,285.32,253.7,224.17,127.68,144.17,42.351,70.09399999999999,236.3,270.9,56.762,49.806,128.88,79.477,79.491,52.481,72.953,120.52,137.64,55.883,53.668,40.272,227.5,225.65,37.019,50.281,111.25,119.19,182.19,240.24,193.74,108.95,116.99,138.54,131.64,141.94,51.872,53.632,65.60299999999999,210.95,161.36,123.31,216.14,134.64,442.3,372.36,365.38,55.319,20.401,46.302,217.6,209.75,98.026,38.869,49.444,139.05,54.535,290.92,60.818,142.71,138.83,164.33,146.77,156.64,31.117,65.874,34.911,211.32,210.84,225.52,28.614,143.86,131.13,235.69,237.62,262.72,274.69,53.06,81.316,78.977,120.4,132.33,53.593,97.77200000000001,70.75700000000001,44.821,128.95,41.082,18.334,61.97,179.83,171.1,117.33
217.8,213.93,213.35,213.22,45.556,43.088,34.855,34.018,142.45,161.63,192.72,193.14,172.1,169.03,178.65,210.42,48.404,49.743,192.96,207.08,207.04,205.56,205.42,162.14,161.12,22.089,38.403,159.27,161.42,199.23,198.54,27.262,146.79,149.38,21.267,21.453,127.84,52.122,70.84099999999999,161.64,160.97,207.3,208.61,131.35,132.83,199.07,199.22,198.71,128.18,168.81,120.14,121.22,146.41,0,0.27451,207.36,208.43,208.54,206.93,206.48,207,206.7,241.32,207.85,206.98,208.92,212.66,168.75,168.74,28.407,30.386,63.02,63.589,63.11,59.37,58.551,184.42,152.47,151.81,173.4,173.8,137.02,181.62,181.52,181.63,163.41,163.49,136.6,129.22,128.97,128.28,142.51,142.16,323.25,323.49,127.91,128.75,37.01,120.53,122.82,138.25,139.54,138.28,161.32,161.33,115.85,115.62,185.97,126.78,126.82,126.85,126.14,107.66,129.62,135.62,137.63,100.32,145.8,146.06,147.1,148.92,145.18,254.94,255.26,131.12,216.64,131,149.38,39.516,44.037,46.435,43.941,291.48,310.3,309.94,189.13,191.69,188.2,131.27,128.13,193.99,193.35,194.41,315.93,189.55,189.65,46.08,46.021,132.69,254.91,260.02,201.61,202.03,168.98,168.92,49.745,14.676,14.601,76.961,84.578,99.303,111.28,168.38,139.73,133.93,37.378,160.59,160.92,109.75,134.18,129.35,130.81,155.04,155,194.13,152.76,141.75,169.64,40.455,40.361,41.006,46.127,44.836,194.21,194.84,127.85,130.39,38.24,38.555,38.456,38.131,213.17,59.701,59.409,197.4,197.51,197.34,197.64,155.5,156.53,156.52,57.901,86.333,271.7,271.38,182.56,185.13,163.48,164.93,188.12,242.46,174.25,174.37,27.737,28.955,41.051,188.99,186.93,180.67,141.44,139.26,59.909,328.8,136.52,136.46,136.22,130.19,127.69,218.36,218.7,218.33,218.31,319.17,318.84,316.97,36.367,37.279,61.591,149.12,148.68,169.68,81.09,41.788,321.92,351.22,350.77,38.372,38.557,167.39,146.03,339.8,339.59,137.12,136.48,179.57,180.09,163.13,162.48,163.31,46.223,40.127,131.13,131.39,126.77,285.38,274.89,146.7,146.83,27.079,28.609,27.189,263.62,264.99,37.351,41.973,207.59,49.841,50.951,141.38,159.55,160.24,321.94,50.258,50.361,331.92,208.28,468.34,466.81,468.61,130.08,129.76,127.99,102.1,101.33,127.05,151.95,152.46,150.9,152.81,378.51,148.28,26.838,41.75,212.83,211.63,41.815,106.51,109.83,111.48,318.66,318.63,260.85,113.34,49.127,49.12,335.52,338.46,378.05,378.52,154.79,156.1,152.63,37.382,9.8149,151.69,148.82,142.08,142.07,141.72,125.5,124.11,165.12,93.861,84.017,27.379
214.22,213.58,215.35,213.58,40.29,43.206,34.352,41.692,141.53,162.49,192.2,193.01,152.55,157.8,167.11,210.85,48.55,48.685,193.7,205.73,205.97,207.72,205.5,161.54,162.55,20.947,21.251,152.89,181.23,198.06,198.47,30.049,147.06,177.67,21.107,21.048,138.09,58.914,118.11,185.35,162.93,209.37,208.2,133.88,132.98,200.13,199.13,198.68,123.59,123.15,143.33,131.73,131.6,0.27451,0,220.8,207.67,208.18,207.07,212.66,206.65,208.33,244.54,211.49,206.51,208.25,206.65,168.84,168.82,28.617,29.728,63.167,70.06999999999999,63.208,56.475,56.102,186.04,151.8,151.84,172.57,172.86,137.17,188.12,181.61,184.56,163.62,164.5,132.3,128.57,135.3,128.59,145.89,143.75,323.3,329.32,128.69,127.96,37.347,116.11,119.04,138.4,139.65,144.4,162.25,161.95,125.64,125.65,193.26,126.69,126.8,126.56,126.14,112.33,130.52,129.82,129.42,107.68,148.13,145.24,145.32,144.07,144.47,255.08,254.95,132.2,920.2,133.5,150.74,40.055,50.984,44.065,44.099,289.82,309.98,310.37,188.13,188.71,188.87,132.47,131.48,193.6,194.37,194.38,318.28,189.84,189.79,46.177,46.123,167.51,260.03,261.16,202.15,204.19,171.02,169.07,49.985,34.112,15.082,76.381,76.47199999999999,126.67,113.17,175.72,134.34,133.22,36.064,161.54,166.08,119.84,109.85,123.4,128.33,155.77,154.96,202.61,153.35,158.81,158.57,45.255,40.92,41.448,94.244,63.491,194.95,197.14,128,130.12,38.363,38.204,38.318,38.226,219.77,59.803,143.63,197.4,197.74,197.64,197.84,156.84,157.74,157.21,31.418,94.288,272.75,271.39,182.65,186.05,164.68,163.75,188.3,230.94,175.53,178.14,45.825,27.705,38.517,189.01,186.13,190.19,140.83,142.04,61.702,329.69,136.55,136.38,136.28,128.82,127.81,218.33,218.25,218.32,220.16,319.09,318.87,317.6,48.301,36.476,66.161,148.51,148.36,157.11,110.85,42.276,322.52,352.17,350.71,39.07,38.518,152.23,148.02,339.54,340.5,135.7,135.86,179.39,179.65,156.5,163.24,162,49.312,40.277,126.82,130.77,128.79,275.84,275.29,149.37,147.29,27.418,27.33,27.865,263.57,263.62,38.825,37.758,207.36,49.303,49.39,141.51,151.64,154.49,321.52,50.406,50.555,330.51,206.69,469.77,469.13,471.11,129.61,128.59,129.44,100.74,103.32,126.7,152.19,153.6,150.68,151.21,244.07,149.61,25.949,31.567,213.62,211.68,50.01,110.28,105.12,109.64,318.14,318.2,260.79,141.46,50.695,48.734,335.72,349.32,378.67,378.41,154.91,154.84,151.58,39.68,10.811,151.46,153.72,142.13,141.75,141.79,125.13,124.14,165.03,98.89400000000001,94.232,43.806
58.094,41.179,51.9,50.7,191.91,195.18,206.45,196.32,67.94799999999999,81.767,69.196,67.015,97.59699999999999,109.12,10.549,126.69,191.89,193.89,50.14,4.5691,9.476800000000001,11.369,4.0237,61.909,63.766,226.89,237.61,106.15,126.67,16.302,15.432,181.91,69.95099999999999,68.25,225.85,224.97,94.248,199.57,254.2,79.98099999999999,94.55500000000001,7.3594,23.498,98.88500000000001,109.6,15.978,16.904,20.006,106.11,117.07,134.85,138.58,172.17,207.36,220.8,0,3.5621,2.4553,0.73749,0.6603599999999999,14.9,19.047,0.9557600000000001,2.3243,4.5679,3.2787,13.179,47.011,63.077,188.05,187.9,189.06,190.55,191.41,201.24,182.38,133.99,110.16,88.428,53.918,49.123,88.679,38.483,35.857,36.732,43.891,44.853,105.96,101.92,95.027,84.748,102.05,95.372,129.62,129.28,83.40300000000001,86.721,181.73,272.23,260.16,85.006,84.95099999999999,83.631,90.407,82.997,96.254,86.607,14.575,82.633,86.30800000000001,84.477,88.902,92.637,85.51900000000001,86.992,87.265,80.48,91.813,119.79,78.86,78.645,102.1,240.31,245.39,96.983,137.17,96.925,84.931,182.69,192.68,190.06,190.46,131.47,144.4,127.44,62.169,88.206,65.595,104.15,96.724,123.2,125.43,127.91,142.32,64.033,71.127,189.98,190.62,239.03,239.02,251.67,23.685,72.947,52.133,50.605,197.53,222.16,224.86,223,227.31,116.41,102.36,46.282,89.096,88.357,182.29,63.909,61.309,98.346,94.879,109.67,95.999,75.765,71.709,52.953,83.866,98.937,66.536,169.95,168.92,175.79,188.41,187.45,11.056,5.8504,94.07899999999999,93.79600000000001,184.25,182.42,181.68,186.82,8.2232,184.93,188.14,24.047,24.67,26.845,25.557,73.51900000000001,73.13500000000001,72.35899999999999,229.34,259.95,265.1,268.68,39.342,36.173,55,43.953,152.8,188.44,95.43600000000001,97.02500000000001,239.11,181.53,184.07,34.48,16.107,22.148,91.045,91.393,200.36,139.7,109.03,88.723,88.732,86.629,89.29900000000001,38.619,36.157,40.643,36.157,141.82,137.56,145.37,179.35,209.62,230.52,119.57,85.77,65.057,253.92,202.93,147.06,176.1,176,185.72,202.1,119.02,116.04,157.77,165.65,99.61499999999999,102.17,61.269,63.911,118.18,83.89700000000001,85.11499999999999,189.33,210.21,91.545,94.239,108.76,271.23,268.82,68.437,84.836,187.11,204.62,190.85,257.45,257.48,193.72,190.43,33.63,193.84,193.74,82.20699999999999,85.628,73.416,148.7,199.82,198.34,148.3,6.2943,189.48,192.74,193.2,95.97,95.52800000000001,97.59699999999999,243.99,244.36,90.148,74.595,69.599,72.77800000000001,69.16,102.07,83.255,189.32,199.92,306.78,308.73,185.8,75.017,105.93,74.85299999999999,136.64,136.51,257.01,80.447,191.82,206.56,143.63,146.32,179.82,203.16,71.18899999999999,70.79600000000001,97.05500000000001,189.72,228.33,81.661,69.98,90.331,68.711,67.544,92.005,90.35899999999999,88.911,228.81,228.59,180.26
41.53,41.607,41.22,39.522,194.25,200.67,187.66,187.23,69.214,80.843,66.66200000000001,68.48399999999999,77.804,95.188,7.4236,54.312,195.89,192.93,48.732,4.4509,4.0734,6.5885,7.2909,62.689,61.659,224.44,224.18,107.87,88.843,12.978,12.978,184.13,68.98,70.163,226.41,225.37,95.062,193.83,222.2,92.874,76.786,7.9194,6.505,100.77,100.65,15.496,19.843,19.972,141.43,100.78,117.34,112.31,102.99,208.43,207.67,3.5621,0,2.7717,6.5636,0.66653,0.64069,1.961,3.1881,0.5261,0.76079,3.871,0.52461,61.786,46.129,187.73,190.27,189.51,188.93,189.17,183.28,183.68,132.99,87.858,87.134,49.212,51.377,82.501,40.698,36.272,37.541,43.591,44.507,103.98,85.82599999999999,83.73,87.19799999999999,94.667,96.3,130.76,130.86,84.54300000000001,83.87,180.66,260.41,277.2,84.244,85.714,87.721,97.562,83.19199999999999,82.724,84.387,24.371,84.146,83.649,82.765,92.47499999999999,75.21599999999999,84.277,84.839,90.51600000000001,80.898,80.723,80.46599999999999,81.071,79.84099999999999,79.303,240.46,240.79,94.68600000000001,288.94,98.79000000000001,85.145,183.29,190.85,190.34,190.66,127.33,127.23,126.93,64.79000000000001,63.134,62.45,95.83199999999999,94.854,124.22,124.57,124.73,147.25,65.679,65.524,190.16,189.14,298.85,241.27,239.33,18.306,19.252,50.733,51.721,194.79,219.54,218.7,223.92,223.7,89.313,85.548,46.276,87.941,87.931,182.9,61.721,64.22199999999999,87.64100000000001,101.41,108.19,97.182,73.117,73.66,8.5617,86.916,96.81999999999999,59.667,168.18,168.95,168.88,188.1,189.53,6.0892,5.2814,98.77200000000001,91.92,181.89,182.32,183.75,182.51,8.714499999999999,186.08,185.58,25.188,23.841,24.059,27.439,74.621,74.28700000000001,74.928,203.73,266.29,265.08,265.28,36.014,39.101,43.582,44.745,145.75,141.9,115.38,97.09099999999999,180.92,185.65,182.94,15.944,18.339,18.352,92.39400000000001,91.285,196.21,129.27,89.70099999999999,89.828,88.834,91.342,84.908,35.076,39.547,41.471,36.709,141.35,136.43,135.07,181.56,181.38,221.22,87.739,88.52200000000001,62.607,273.84,208.7,146.99,176.6,176.54,181.46,183.41,118.42,91.18000000000001,156.55,159.12,99.146,99.422,61.237,63.152,101.71,86.133,85.145,189.72,197.41,89.85299999999999,96.518,89.386,269.67,273.13,68.248,68.956,187.12,186.87,186.9,257.3,257.87,191.16,191.32,34.805,193.51,197.58,78.27200000000001,71.825,72.51600000000001,140.63,198.43,202.71,148.95,30.414,189.28,183.71,189.49,95.208,95.05,94.608,244.66,245.24,90.215,72.91500000000001,69.994,71.495,72.386,101.28,84.64,185.4,202.86,305.99,214,185.6,75.872,74.685,77.23399999999999,135.8,136.31,255.23,80.898,192.61,194.05,144.19,143.64,180.91,180.84,71.645,70.809,79.93600000000001,180.73,213.87,66.315,72.855,67.848,67.502,68.208,92.577,92.38200000000001,85.465,228.74,227.38,180.74
39.367,40.771,39.349,38.888,196.12,198.3,186.97,187.13,72.721,81.956,68.09699999999999,68.485,108.85,79.39100000000001,10.522,55.015,193.03,191.72,49.301,4.2314,9.406499999999999,4.8107,4.2421,62.39,82.991,226.04,224.19,102.79,94.642,14.169,12.592,180.85,71.346,68.63200000000001,225.65,225.08,89.97799999999999,195.73,227.51,78.733,77.178,7.3455,7.6813,101.31,100.09,31.974,15.638,14.86,124.84,147.48,149.26,97.271,102.14,208.54,208.18,2.4553,2.7717,0,2.4934,1.3336,1.4957,1.6236,0.95209,3.3436,0.8809900000000001,0.74381,3.1645,45.472,45.259,188.15,190.68,190.47,189.98,189.14,181.68,181.68,133.81,86.89400000000001,93.39400000000001,49.322,49.577,82.819,37.708,35.075,35.244,43.586,45.369,103.78,85.00700000000001,85.8,84.169,94.66,95.821,130.84,129.88,83.84399999999999,83.39100000000001,181.41,251.95,272.41,83.54300000000001,90.959,83.51600000000001,83.69499999999999,83.568,83.571,86.262,6.7894,87.39400000000001,82.816,83.995,89.76000000000001,74.343,82.83499999999999,85.13,86.759,85.215,97.104,83.044,81.372,80.774,80.777,241.74,241.84,95.884,158.15,96.666,83.581,184.25,194.71,190.31,191.81,129.48,128.12,127.5,65.619,62.475,62.343,97.044,95.059,124.19,125,124.18,147.86,63.814,63.912,189.54,189.63,261.03,244.78,249.91,27.245,20.102,50.935,52.161,193.8,221.36,222.58,222.32,225.18,80.134,78.52,50.263,89.676,88.502,180.66,61.336,61.627,94.839,97.483,96.16,96.584,74.678,71.78400000000001,14.914,81.676,95.82899999999999,60.925,174.73,182.23,170.37,188.38,191.19,5.6482,10.291,90.38200000000001,93.14400000000001,181.33,181.58,181.56,181.5,8.839700000000001,187.98,185.18,31.407,43.699,23.939,24.622,72.255,72.40000000000001,72.349,218.71,248.13,267.58,265.18,36.396,37.716,44.653,45.265,119.8,154.9,141.73,154.21,180.57,184.22,183.54,24.776,20.997,16.109,91.107,95.92,198.22,129.75,94.947,90.895,89.36799999999999,84.846,86.334,35.87,38.195,35.291,35.558,136.25,138.71,139.96,179.78,179.48,249.15,88.166,86.36499999999999,65.497,259.22,201.39,145.94,175.37,175.11,184.79,183.17,94.90300000000001,123.79,157.01,159.7,99.94799999999999,100.15,65.167,60.774,92.44,90.91200000000001,83.294,190.01,196.2,89.71599999999999,92.873,89.67400000000001,270.91,268.18,70.82599999999999,72.589,186.79,186.66,190.68,257.91,257.47,191.23,190.15,31.163,199.99,193.03,76.556,68.32299999999999,75.886,138.84,196.11,197.86,149.21,8.2873,183.35,194.06,187.4,95.379,94.31699999999999,96.753,244.24,244.37,89.926,72.449,78.78,69.051,68.797,134.34,85.30500000000001,186.46,212.42,213.23,307.1,190.38,79.947,75.244,75.309,138.37,139.05,254.98,104.26,193.98,192.91,144.9,143.96,181.5,186.07,82.16800000000001,74.985,78.684,182.6,215.08,77.309,69.333,68.81,70.85899999999999,67.764,91.801,90.35599999999999,88.111,227.61,228.34,181.35
41.21,43.343,40.491,54.551,198.55,194.3,189.07,188.27,68.08199999999999,84.89700000000001,67.044,69.327,95.18600000000001,115.34,8.101900000000001,44.172,192.68,191.6,46.173,4.2465,8.817,11.805,4.223,63.215,63.765,224.94,226.55,80.474,102.94,13.812,12.842,181.19,69.536,70.818,225.67,228.08,90.996,195.79,203.28,78.146,152.19,6.9615,7.517,99.718,100,15.594,18.265,16.062,96.137,105.94,117.85,121.77,102.47,206.93,207.07,0.73749,6.5636,2.4934,0,1.0679,1.4619,8.4216,2.0626,2.4652,2.1627,1.2562,1.4119,48.865,46.407,187.99,194.66,189.38,190.32,188.88,183.27,182.69,134.16,91.886,90.69499999999999,52.465,50.906,83.572,36.184,35.147,37.299,48.691,43.937,101.49,84.66,86.63200000000001,86.145,98.018,95.977,130.76,130.18,84.51000000000001,84.143,180.99,472.24,290.46,83.54900000000001,83.991,83.70099999999999,83.60299999999999,84.435,82.58199999999999,82.968,14.921,85.172,84.479,82.953,89.83499999999999,74.545,93.004,87.84699999999999,84.785,80.991,85.367,80.035,78.572,80.19199999999999,81.342,241.67,239.97,95.73999999999999,158.34,94.703,87.169,184.09,192.27,195.09,192.01,131.74,129.64,129.72,63.746,63.637,62.957,95.86799999999999,97.294,165.07,125.31,162.09,145.21,67.59699999999999,64.892,190.87,190.31,258.26,245.46,247.14,17.97,27.526,52.08,54.217,194.02,220.41,220.65,222.8,225.87,91.711,86.291,45.583,90.42100000000001,88.61,180.08,62.25,62.423,102.44,105.62,104.9,97.84399999999999,73.804,76.053,14.696,81.456,95.902,63.835,168.51,168.86,168.64,188.02,189.49,6.0969,5.7041,92.294,92.05200000000001,184.05,193.11,183.05,181.31,8.829499999999999,184.85,185.11,25.059,33.886,23.724,25.583,71.79600000000001,73.17400000000001,89.68600000000001,235.27,249.47,267.18,266.07,40.021,38.383,44.467,46.903,121.4,163.92,140.44,104.19,181.23,180.85,182.27,15.992,15.446,16.154,92.164,91.782,207.24,137.86,92.79300000000001,91.224,90.245,83.71299999999999,84.20099999999999,36.566,42.361,35.235,35.93,137.27,136.57,137.83,181.17,180.58,266.39,83.69199999999999,85.669,57.808,241.92,202.35,147.75,177.34,175.53,183.01,181.36,95.63800000000001,101.94,156.48,158.35,100.75,99.92400000000001,64.157,61.166,146.97,84.458,85.34,195.35,200.07,89.15900000000001,92.652,92.821,268.67,268.07,72.387,69.254,188.33,190.47,189.44,260.5,258.82,190.43,190.45,34.588,193.04,193.38,76.02,78.804,70.242,139.78,199.75,197.76,148.2,6.6447,184.24,188.47,192.91,94.11199999999999,96.27500000000001,93.105,244.3,245.6,93.78700000000001,70.136,68.705,74.71899999999999,69.944,40.699,84.346,186.47,194.08,306.49,213.44,185.67,75.857,78.01900000000001,76.047,139.03,136.3,256.04,80.34699999999999,191.99,195.4,145.76,143.56,180.56,179.55,71.02,71.17,77.446,180.93,214.89,67.76900000000001,67.462,69.113,68.44199999999999,69.586,90.968,89.768,90.988,227.2,229.68,180.6
47.895,38.235,38.465,39.065,198.4,200.84,188.22,187.06,67.13200000000001,80.91800000000001,66.819,66.291,87.21599999999999,86.53,6.9335,25.863,192.08,191.44,43.86,10.235,3.8497,3.872,3.755,61.686,62.039,226.61,224.65,99.56100000000001,152.33,15.281,12.128,179.77,68.349,69.241,224.8,224.64,91.054,191.96,223.07,76.041,76.572,5.4932,8.266999999999999,102.5,100.37,14.273,15.972,13.983,112.3,120.53,99.616,115.74,111.35,206.48,212.66,0.6603599999999999,0.66653,1.3336,1.0679,0,3.8731,1.6122,46.886,5.5048,0.7177,4.8545,0.81736,45.808,45.199,187.85,188.17,188.83,188.76,195.27,182.68,181.5,132.42,86.435,86.401,49.993,49.041,83.236,34.642,35.184,35.374,44.43,43.268,100.96,83.94499999999999,84.581,83.499,97.345,95.294,129.29,129.29,83.506,83.161,180.34,288.23,274.87,83.379,104.28,83.369,85.03400000000001,83.17100000000001,81.98,82.116,11.748,82.718,81.911,83.90600000000001,89.04900000000001,75.45699999999999,82.078,84.004,84.277,81.616,85.43899999999999,78.688,80.86199999999999,78.514,78.63500000000001,239.15,240.64,95.06,148.25,94.56399999999999,85.06699999999999,183.65,189.69,189.92,189.67,131.29,127.73,130.19,62.207,62.633,62.151,97.011,94.90300000000001,123.12,125.81,161.51,144.57,63.766,63.827,189.14,189.14,267.56,300.14,244.58,17.57,16.089,72.3,49.967,193.76,219.3,218.11,222.05,223.94,80.568,78.855,45.454,88.018,87.877,181.73,61.018,61.344,90.498,110.95,93.852,95.913,70.63500000000001,70.896,9.329599999999999,82.383,95.155,59.804,168.57,169.73,168.23,188.65,189.38,10.141,4.5167,90.032,92.67700000000001,181.5,181.27,182.31,181.41,8.2547,184.82,184.83,23.731,23.898,23.569,24.089,71.846,71.99299999999999,73.22499999999999,265.5,203.21,265.69,264.56,35.837,36.287,44.719,46.034,118.37,143.05,93.71299999999999,123.49,177.59,180.67,181.45,16.979,14.363,18.059,90.666,91.125,209.25,123.53,88.94199999999999,89.041,88.651,85.63800000000001,82.837,35.131,35.185,37.369,35.355,135.8,135.73,142.47,179.67,179.61,218.69,85.93899999999999,91.089,59.863,207.47,201.81,151.28,174.49,174.35,181.46,181.51,87.77200000000001,105.5,156.6,156.41,98.812,100.71,60.275,61.284,92.349,83.13,83.93899999999999,189.92,197.09,89.628,113.48,90.68600000000001,270.86,272.17,68.559,70.973,189.25,187.79,189.44,256.87,258.26,190.06,190.12,32.43,192.29,192.54,76.596,70.792,87.42,138.35,197.9,196.02,182.23,14.492,187.07,182.99,192.56,94.18300000000001,94.211,94.718,243.87,244.25,96.38,69.31,68.42700000000001,68.512,70.56999999999999,53.934,83.794,185.31,198.89,307.68,212.49,184.43,75.699,76.40000000000001,78.628,136.54,134.96,254.54,83.67100000000001,196.05,193.2,143.68,143.6,178.7,178.75,70.717,70.598,78.956,181.2,213.66,67.23399999999999,67.53400000000001,67.852,67.262,70.747,92.566,94.789,85.617,227.54,227.01,181.03
38.262,39.447,43.211,38.243,197.68,196.39,187.15,186.83,67.014,80.709,67.226,66.95399999999999,127.38,79.071,8.028700000000001,14.543,191.31,191.55,44.098,4.126,7.2733,3.7515,3.768,62.028,61.816,225.84,224.14,103.51,114,18.665,12.242,180,69.10299999999999,70.462,224.83,224.78,90.473,191.73,284.38,77.852,75.75700000000001,5.996,9.386200000000001,98.57299999999999,100.44,15.034,15.332,14.639,98.303,99.282,106.83,112.06,175.69,207,206.65,14.9,0.64069,1.4957,1.4619,3.8731,0,2.7127,22.23,0.63536,2.1982,1.2619,0.91273,45.057,45.602,190.7,205.46,188.95,188.88,188.9,182.15,182.42,133.24,86.74299999999999,87.27200000000001,49.925,48.972,82.749,35.616,35.135,34.721,44.496,43.487,102.96,84.096,83.64,84.619,94.36,93.65900000000001,129.16,129.27,83.265,83.123,180.92,301.88,253.98,84.78700000000001,86.468,83.40600000000001,82.93899999999999,83.30800000000001,83.3,81.878,62.85,81.709,82.629,82.054,88.34,74.23099999999999,98.929,85.098,88.503,90.381,81.502,80.798,78.732,78.63500000000001,79.566,239.11,239.51,94.06100000000001,770.55,94.127,83.104,183.18,189.71,190.05,189.85,132.32,127.16,133.04,63.258,62.5,62.052,97.43899999999999,94.8,123.87,143.73,150.28,143.25,63.896,63.689,190.58,189.08,287.24,239.3,239.12,16.619,16.032,49.782,50.273,193.62,218.54,218.16,222.09,222.69,82.566,80.20699999999999,45.55,88.76300000000001,88.23099999999999,179.73,61.175,61.136,94.66200000000001,92.383,116.88,96.261,71.423,71.07899999999999,11.468,81.71899999999999,95.705,59.41,168.29,169.14,168.97,187.41,189.72,5.1175,5.7483,90.574,91.96599999999999,181.83,181.61,182.4,181.43,8.5069,185.5,185.57,23.365,24.312,23.774,23.727,71.804,72.67100000000001,72.179,234.78,250.92,266.46,264.78,35.819,36.511,43.379,43.46,118.42,145.22,98.71899999999999,120.2,181.09,180.26,181.73,16.772,13.974,11.119,94.777,90.63,206.31,123.63,88.855,90.012,88.61199999999999,83.688,83.67400000000001,35.702,35.186,35.415,35.176,136.08,135.65,138.2,179.78,180.01,204.84,84.518,86.20699999999999,57.573,247.32,201.3,152.25,174.37,174.48,181.91,181.34,100.73,129.88,156.38,156.89,98.828,98.75700000000001,60.228,60.506,93.139,92.88800000000001,83.065,189.93,196.15,89.96599999999999,93.301,89.834,267.84,268.16,68.577,68.19799999999999,187.05,190.81,188.16,257.63,256.72,189.96,190.55,33.174,192.16,193.3,76.47799999999999,80.251,69.869,138.65,195.95,195.94,147.6,4.676,193.88,182.7,192.83,93.381,92.98999999999999,92.261,244.25,244.75,88.90900000000001,68.655,68.605,72.16500000000001,68.593,162.31,82.8,185.13,211.19,305.62,213.5,184.56,75.47,74.379,74.44499999999999,136.27,134.78,264.77,79.76900000000001,192.48,191.87,144.2,143.55,179.13,178.65,70.532,70.5,78.545,180.84,213.16,74.032,66.747,67.596,67.709,67.30500000000001,91.654,89.559,85.521,227.99,226.95,179.42
41.395,41.985,40.633,40.906,197.47,196.92,188.68,187.05,68.254,81.554,76.10599999999999,69.125,118.1,79.02800000000001,8.416499999999999,32.334,193.98,193.28,44.123,12.815,5.4781,16.589,4.923,63.19,62.768,226,224.05,105.18,101.24,14.385,14.369,181.05,79.56699999999999,70.14,225.89,225.59,92.416,195.06,263.79,92.56699999999999,78.01900000000001,7.3227,8.2164,100.66,99.715,15.887,16.344,14.709,133.1,108.69,104.68,129.48,102.42,206.7,208.33,19.047,1.961,1.6236,8.4216,1.6122,2.7127,0,53.184,47.919,5.4824,14.273,1.0754,45.193,46.86,189.67,188.86,192.05,190.34,190.07,193.47,182.31,134.46,88.26600000000001,88.34699999999999,49.234,53.03,87.372,51.355,36.766,37.081,49.534,62.799,104.91,86.66500000000001,84.797,85.48699999999999,95.379,95.13,131.77,130.93,85.616,83.167,182.83,267.51,298.68,84.636,85.113,85.36,83.149,87.592,81.90300000000001,82.232,89.711,85.249,96.80800000000001,83.054,90.518,81.54300000000001,83.721,90.267,89.33199999999999,82.194,92.34999999999999,79.70099999999999,81.15600000000001,83.447,91.48,240.31,239.66,96.94499999999999,133.08,100.23,83.79000000000001,184,190,190.99,193.47,131.41,128.1,130.09,63.71,64.348,62.905,96.946,96.104,125.17,125.72,130.66,148.03,70.196,65.688,189.81,191.6,268.66,244.43,245.05,17.923,17.791,50.496,52.937,193.62,219.2,219.2,222.38,222.99,91.444,107.56,46.422,91.449,88.44,182.26,62.308,61.381,101.81,87.59099999999999,93.89400000000001,96.182,72.47499999999999,71.369,17.174,84.363,95.899,60.44,169.17,168.82,170.11,189.28,197.8,6.0576,5.6884,89.65000000000001,91.31699999999999,183.02,184.96,188.41,181.96,14.617,185.11,192.23,33.977,23.713,25.873,26.234,72.304,74.464,74.217,249.88,223.82,264.84,267.16,37.218,41.379,45.018,44.91,127.73,171.52,101.79,132.82,189.16,185.66,181.42,13.933,29.491,14.887,92.575,92.387,209.79,130.28,90.051,94.97499999999999,89.491,85.23099999999999,85.253,36.209,38.848,36.464,36.14,138.59,137,142.81,188.38,181.91,216.71,84.129,89.367,95.131,246.04,201.36,147.21,176.72,175.4,181.47,183.33,102.19,105.51,161.95,156.82,106.59,99.863,60.28,61.827,117.21,86.748,86.255,190.17,196,90.53100000000001,91.301,88.968,272.13,268.64,68.56999999999999,71.964,191.49,188.56,189.31,259.96,259.47,193.02,190.44,40.796,195.15,193.17,80.97199999999999,69.291,73.98999999999999,146.6,196.38,197.93,148.9,8.2637,189.8,184.55,192.13,94.913,94.226,93.634,246.28,245.17,92.898,69.937,78.551,68.622,72.98699999999999,9.667,84.105,185.91,201.45,215.83,213.81,381.64,77.26000000000001,77.092,79.483,135.38,137.24,255.25,82.343,194.84,193.87,145.69,144.08,179.86,180.47,71.81999999999999,72.101,81.64700000000001,183.06,216.2,69.45699999999999,68.078,70.184,69.861,67.93899999999999,90.473,93.12,87.242,227.87,227.75,181.02
42.494,38.611,40.359,75.539,201.15,219.92,221.5,192.72,83.922,132.32,70.54300000000001,75.52,95.199,117.67,8.8376,48.288,198.23,193.12,53.458,50.425,8.835900000000001,12.676,4.3175,63.904,62.612,241.97,246.47,136.56,153.08,12.221,14.568,229.13,115.95,76.28,246.5,251.4,90.283,192.44,223.71,80.249,90.617,6.6411,8.4034,104.3,102.62,15.91,54.38,47.183,119.53,106.37,113.19,96.119,184.31,241.32,244.54,0.9557600000000001,3.1881,0.95209,2.0626,46.886,22.23,53.184,0,16.615,2.1049,0.69615,42.872,51.863,46.406,189.53,188.97,189.47,189.15,196.63,222.54,236.2,134.85,86.631,114.91,54.236,98.28700000000001,84.08199999999999,39.23,44.306,37.351,43.334,49.64,108.98,91.919,139.88,83.66,97.68600000000001,135.6,166.95,130.02,88.95699999999999,83.376,185.18,310.36,261.51,85.83499999999999,85.014,83.29900000000001,92.364,83.649,83.542,97.742,12.156,87.753,83.104,82.70099999999999,155.72,75.027,139.67,132.21,89.218,83.925,84.996,81.76900000000001,90.98399999999999,90.69,99.075,239.57,239.73,110.6,1141.5,101.31,130.9,209.06,189.67,190.52,224.04,130.2,128.18,127.31,63.598,62.115,64.139,117.6,126.12,123.48,175.11,157.11,182.73,83.48,93.699,194.51,213.95,279.96,250.66,270.22,16.564,16.194,87.35299999999999,49.825,193.11,221.11,239.3,222.48,223.96,87.523,111.61,46.462,93.474,129.25,181.88,61.634,97.252,88.91,99.66200000000001,112.97,96.488,73.983,72.64400000000001,9.0091,84.684,96.679,84.468,176.66,169.18,169.03,188,195.44,373.04,8.3407,99.089,120.39,184.29,224.72,187.5,234.04,8.404299999999999,229.44,188.48,23.559,29.716,23.82,24.548,76.43600000000001,75.669,74.045,224.51,278.43,265,264.84,86.205,97.589,43.499,44.121,130.47,132.9,138.76,172.95,200.87,180.64,183.61,25.32,56.744,50.954,91.92,90.669,210.11,131.2,89.77800000000001,107.36,124.36,84.146,85.714,35.3,50.663,60.621,44.391,137.23,138.51,142.86,179.34,180.86,228.82,119.59,118.39,73.315,297.22,201.31,152.46,175.41,174.65,187.81,181.33,128.12,87.67100000000001,158.97,156.44,115.59,101.45,71.739,60.954,132.89,86.843,95.246,189.69,195.63,93.41,89.851,127.04,278.52,273.73,119.79,68.25,198.04,188.34,189.42,259.53,261.17,190.72,192.96,37.32,219.3,196.93,77.61499999999999,79.89,84.244,141.58,201.78,287.87,147.66,39.909,222.34,231.29,188.26,97.867,92.569,93.65300000000001,273.53,263.45,91.724,78.557,115.34,118.82,73.203,152.05,100.84,194.28,203.57,250.59,216.38,185.99,78.358,76.378,79.06699999999999,137.69,137.29,253.73,80.792,195.67,195.08,143.69,146.32,192.87,233.04,72.39100000000001,101.8,100.88,183.69,259.42,75.417,65.985,72.40900000000001,74.22,69.10899999999999,90.902,89.93000000000001,85.09999999999999,228.74,295.14,181.16
38.278,39.206,40.873,38.306,199.81,195.37,191.81,190.15,67.67700000000001,81.069,79.99299999999999,66.303,93.236,115.82,14.007,50.065,191.97,193.04,43.817,4.019,10.067,31.309,3.8282,61.748,61.672,223.75,226.78,83.607,124.95,33.714,13.593,179.8,69.797,79.858,226.27,227.37,90.009,203.43,316.52,76.39,77.36799999999999,78.065,7.5309,100.08,101.24,14.385,21.764,15.431,101.87,107.96,114.99,132.23,138.48,207.85,211.49,2.3243,0.5261,3.3436,2.4652,5.5048,0.63536,47.919,16.615,0,0.50065,20.389,1.1792,45.578,104.94,462.25,208.77,188.66,189.36,188.66,183.99,184.33,132.09,86.498,86.373,50.678,53.62,82.28700000000001,36.456,35.102,34.709,77.35599999999999,43.251,100.91,127.34,83.73399999999999,84.402,95.68000000000001,97.13800000000001,129.27,131.26,83.551,94.22199999999999,180.25,300.95,250.9,83.44199999999999,84.684,83.304,86.717,83.03700000000001,85.932,81.688,115.01,81.842,84.81699999999999,82.04300000000001,88.81999999999999,74.083,83.90600000000001,87.67400000000001,84.84999999999999,81.85299999999999,94.51600000000001,80.06100000000001,78.532,120.16,125.57,239.25,239.07,94.629,295.93,94.25,84.81399999999999,182.56,218.23,189.89,190.23,126.67,127.25,129.89,79.84,62.453,63.644,121.67,94.974,124.26,125.13,125.1,191.3,63.697,63.937,194.76,195.24,265.98,244.22,249.39,407.56,15.916,54.643,50.698,193.89,217.96,218.45,222.74,222.89,83.90300000000001,151.05,45.478,88.53100000000001,89.33799999999999,179.03,134.57,65.953,106.13,96.947,109.26,96.119,96.148,71.21899999999999,39.527,81.825,95.532,59.36,169.58,173.21,189.07,187.94,188.51,4.7636,43.54,91.898,89.974,181.33,182.02,181.28,181.28,8.194699999999999,185.14,185.15,24.163,24.397,23.613,24.005,72.506,76.739,103.81,240.7,224.23,265.8,272.17,38.658,40.937,43.456,48.999,145.97,134,94.13,94.59999999999999,180.42,246.97,183.42,16.591,13.848,13.553,90.693,90.855,209.64,123.78,88.896,104.6,91.011,90.45999999999999,84.985,35.16,36.065,36.523,37.505,142.26,135.71,161.78,179.94,179.33,239.9,83.291,86.489,59.963,288.71,201.49,152.8,215.45,196.45,181.81,217.24,104.17,90.548,158.2,156.54,132.9,117.65,60.978,120.53,181.73,84.693,83.223,194.22,197.89,102.47,93.979,89.113,267.97,279.68,73.456,69.255,188.24,206.53,201.31,256.83,257.22,189.97,231.82,33.752,214.65,192.44,76.02800000000001,76.024,93.14400000000001,147.47,203.79,196.56,147.73,4.4373,195.65,186.94,183.64,93.10599999999999,93.651,128.11,246.93,246.66,158.78,70.804,68.97199999999999,71.111,69.008,125.71,82.884,185.34,200.01,216.16,213.76,183.86,74.73999999999999,76.39100000000001,75.547,140.06,134.88,254.83,80.693,192.3,199.37,144.08,143.58,179.14,178.74,70.735,71.039,78.20099999999999,182.42,217.39,72.149,69.053,80.91500000000001,68.355,67.393,91.75,90.411,84.952,227.21,227.25,179.88
41.688,38.78,40.058,38.413,191.43,192.84,187.43,189.4,66.979,93.197,66.21299999999999,66.593,98.687,78.114,6.7272,125.42,191.5,191.29,43.33,4.1639,3.7848,10.596,3.7726,61.761,62.511,223.61,223.98,95.589,95.616,12.204,12.355,179.72,68.375,75.985,225.04,224.85,90.03100000000001,193.02,197.16,76.092,78.17700000000001,6.1877,8.065899999999999,106.29,98.06999999999999,14.591,14.37,14.952,102.74,112.51,102.81,123.35,106.04,206.98,206.51,4.5679,0.76079,0.8809900000000001,2.1627,0.7177,2.1982,5.4824,2.1049,0.50065,0,3.4419,0.92775,45.054,45.776,187.76,188.72,188.84,188.6,188.4,181.73,181.46,136.57,86.30800000000001,86.28100000000001,55.759,49.383,82.48099999999999,38.05,35.045,35.323,43.471,44.73,98.995,85.327,83.60299999999999,83.92100000000001,95.367,95.253,129.18,130.7,84.46599999999999,83.425,180.1,257.09,281.41,83.434,99.95699999999999,83.26900000000001,83.047,83.264,82.038,81.60299999999999,7.834,81.68899999999999,82.717,81.715,88.693,74.041,82.00700000000001,81.533,90.48999999999999,82.89700000000001,80.051,82.54900000000001,89.515,78.48099999999999,78.831,239.19,239.24,94.651,141.46,94.31,86.361,182.46,189.61,189.96,189.81,125.06,126.88,127.71,62.156,62.095,62.15,95.782,95.117,132.26,167.84,158.14,140.54,63.942,64.28,189.29,189.24,261.73,244.16,244.23,16.557,16.321,49.774,50.001,193.31,218.42,218,221.97,222.22,86.38,89.39400000000001,45.595,87.85899999999999,88.248,179.05,61.087,61.021,87.506,102.35,108.31,95.81,71.836,71.631,8.323499999999999,80.657,94.892,63.419,168.11,167.9,168.07,188.62,188.45,4.4399,4.5562,92.881,91.556,181.23,181.16,181.31,181.17,8.123100000000001,184.76,184.75,23.804,23.74,23.652,24.817,72.349,79.09,71.985,210.25,283.67,264.66,264.5,36.149,36.652,43.385,43.296,150.17,124.31,94.937,94.29000000000001,181.34,180,182.94,15.524,13.399,10.299,90.65600000000001,90.645,192.17,142.72,89.298,88.657,88.846,84.372,82.80500000000001,35.47,35.494,35.255,35.198,136.06,135.64,144.49,180.34,179.35,189.49,85.36499999999999,85.76900000000001,57.57,265.01,201.5,145.18,174.39,174.45,181.56,181.67,136.71,94.455,157.06,156.55,99.23999999999999,98.81999999999999,60.993,61.225,117.08,83.05200000000001,83.07599999999999,191.44,195.87,88.815,91.949,88.92700000000001,268.04,267.98,68.383,68.47499999999999,192.51,188.17,207.13,256.78,256.79,190,190.14,34.932,192.2,192.14,75.938,68.40900000000001,71.133,138.3,196.37,195.95,147.65,4.191,181.91,187.57,188.39,92.523,92.38500000000001,96.127,243.69,243.82,90.532,68.309,69.691,69.503,69.17100000000001,58.234,83.544,185.56,201.07,305.58,213.3,184.17,75.169,75.23699999999999,78.149,135.47,134.9,253.84,79.998,192.26,192.02,143.58,143.55,178.7,178.62,70.7,70.508,78.84099999999999,180.47,213.3,67.559,66.28,67.47,67.17400000000001,67.334,89.58799999999999,89.233,84.57899999999999,227.44,227,179.62
46.074,38.687,38.918,38.804,193.64,193.07,187.31,190.21,67.113,81.69199999999999,69.252,66.389,84.798,78.654,7.5732,82.72499999999999,192.39,192.87,57.079,4.5548,9.3668,4.0433,4.5316,61.996,65.68600000000001,225.88,224.8,88.572,108.65,12.371,12.417,182,68.461,68.83799999999999,226.12,224.85,91.624,188.08,276.12,76.81,723.02,6.5115,15.473,98.55200000000001,99.235,14.183,15.355,14.205,148.88,96.017,100.87,113.92,154.91,208.92,208.25,3.2787,3.871,0.74381,1.2562,4.8545,1.2619,14.273,0.69615,20.389,3.4419,0,0.83482,45.711,47.083,193.7,188.43,188.78,188.77,188.45,183.15,182.59,132.81,95.949,87.26900000000001,54.441,50.77,83.577,36.708,35.079,34.893,43.183,45.72,103.02,84.02,86.678,83.82299999999999,94.105,106.95,131.26,129.79,84.098,83.39700000000001,181.88,280.52,291.41,83.38500000000001,85.05200000000001,84.062,83.91800000000001,84.717,84.86,82.51600000000001,14.219,82.364,81.976,84.48,89.28400000000001,74.79300000000001,86.035,88.88500000000001,85.22799999999999,354.11,81.944,81.14400000000001,81.748,78.97199999999999,79.096,242.11,239.91,97.76300000000001,127.6,94.55,89.69199999999999,182.67,190.2,189.59,190.66,134.77,127.42,129.28,64.214,63.245,62.242,95.58199999999999,94.899,197.68,124.82,126.31,148.92,63.736,64.145,190.2,189.9,247.43,244.52,244.4,20.326,16.617,50.358,54.017,192.94,218.54,219.09,226.67,223.37,80.958,83.59099999999999,54.13,90.79600000000001,88.267,179.83,61.665,61.137,90.709,97.63500000000001,106.26,95.502,73.069,70.732,7.7461,80.65300000000001,95.657,59.788,169.1,168.95,169.86,193.38,188.13,5.2784,6.7245,91.741,107.22,181.74,183.43,181.85,187.21,9.7399,187.1,185.76,23.837,24.538,27.748,25.244,71.78700000000001,72.372,72.517,198.81,240.37,265.09,264.57,38.779,36.188,43.652,43.354,158.3,150.3,116.66,105.11,182.53,180.36,186.01,17.949,13.313,16.613,91.431,90.992,203.68,137.55,93.504,89.464,89.075,83.557,83.494,43.79,35.594,38.384,35.93,136.36,135.97,149.35,179.18,179.59,217.79,85.07899999999999,85.723,69.535,284.14,203.05,152.96,176.45,177.81,181.93,182.3,127.08,109.91,159.52,158.73,110.45,99.104,61.383,60.733,114.97,83.10599999999999,83.84999999999999,189.33,196.36,89.363,90.88800000000001,90.72799999999999,267.97,268.48,71.227,68.84,186.97,199.8,187.41,257,257.91,190.58,190.45,33.556,194.09,192.65,80.31,69.613,71.48699999999999,139.05,196.06,195.99,147.93,5.658,187.97,197.47,186.79,96.342,97.639,93.167,247,243.7,111.33,68.982,69.13200000000001,71.288,68.871,135.24,83.255,185.5,204.78,214.59,307.19,185.46,79.19,78.422,75.51000000000001,140.53,144.88,255.86,206.9,192.36,193.28,144.35,145.29,179.28,180.52,70.863,70.595,77.904,181.47,214.99,65.825,70.342,70.607,67.578,68.173,90.10899999999999,173.12,125.39,228.72,227.28,181.98
46.2,38.661,44.663,42.595,192.95,198.55,190.29,187.28,67.822,80.96299999999999,66.907,67.648,106.12,143.55,10.815,75.51600000000001,193.77,191.67,50.544,3.9884,9.149900000000001,23.186,4.9882,62.153,61.728,224.56,224.71,86.044,117.53,12.593,13.554,180.35,73.413,68.649,226.38,224.81,90.13500000000001,195.41,275.73,78.282,75.916,8.371600000000001,6.2195,100.24,101.84,15.226,15.007,84.244,123.27,131.29,105.43,100.87,108.4,212.66,206.65,13.179,0.52461,3.1645,1.4119,0.81736,0.91273,1.0754,42.872,1.1792,0.92775,0.83482,0,47.818,45.176,188.23,189.07,188.71,189.72,188.88,181.77,181.61,134.24,87.681,86.86799999999999,50.355,49.553,82.28100000000001,35.313,35.442,34.819,43.907,43.323,105.83,86.063,83.97199999999999,84.20399999999999,94.541,94.711,129.58,134.13,84.227,83.985,181.07,263.36,297.98,88.551,86.227,83.527,83.17700000000001,83.208,83.86499999999999,85.64700000000001,25.688,82.108,81.82899999999999,81.703,88.422,74.015,112.92,85.899,107.26,80.56,81.36499999999999,78.807,79.634,85.744,90.869,239.34,239.15,95.182,134.96,95.461,89.03100000000001,182.62,189.61,189.99,189.95,128.31,127.57,126.81,62.484,62.627,62.273,95.06699999999999,95.949,123.56,123.02,123.18,144.53,64.492,64.018,189.25,189.19,283.8,239.82,244.92,17.09,28.127,53.06,50.962,192.83,220.14,218.22,222.04,222.72,78.98699999999999,92.167,45.324,89.44499999999999,88.015,180.15,61.957,61.653,111.6,92.944,113.5,95.054,71.249,73.786,6.917,81.337,96.96899999999999,60.584,169.39,170.24,168.95,187.47,187.51,6.3656,7.7302,90.629,94.541,183.37,181.61,181.41,181.49,8.436999999999999,186.22,184.83,23.843,23.862,24.165,23.839,71.73699999999999,84.881,86.38200000000001,215.08,223.9,265.02,264.57,36.706,36.315,43.849,43.788,118.14,169.33,118.34,97.47,182.89,182.34,181.85,16.537,15.055,14.182,91.788,90.779,194.03,129.33,89.708,88.843,98.523,83.012,84.92700000000001,35.236,35.196,35.291,36.333,135.78,135.76,144.1,180,179.71,189.48,83.482,91.815,62.135,271.33,201.41,159.76,174.66,176.08,182.6,183.1,119.23,140.16,156.45,156.56,99.276,98.911,68.39100000000001,60.291,103.47,83.133,83.209,189.75,204.11,90.367,91.70999999999999,114.77,267.91,268.07,68.18000000000001,74.818,186.67,224.92,187.33,260.75,256.87,189.93,192.71,36.728,198.22,193.59,76.572,73.696,97.49299999999999,138.96,196.12,196.11,153.23,4.2515,193.03,187.7,188.08,93.839,92.033,95.124,246.44,246.64,88.655,70.765,68.39,69.721,74.04000000000001,53.796,84.65300000000001,186.53,210,212.78,306.14,184.59,74.512,74.75700000000001,78.271,136.7,135.5,266.15,79.70099999999999,193.96,192.36,143.68,143.63,184.04,181.26,70.598,70.571,77.11,180.51,214.17,67.277,67.419,67.66,67.55800000000001,67.411,89.732,89.43000000000001,84.616,227.57,227.69,179.7
62.516,62.444,63.65,66.184,145.38,148.49,155.92,154.03,29.41,44.784,29.779,28.669,72.169,55.241,55.935,76.246,153.77,153.87,52.896,44.934,49.35,44.422,44.016,23.985,23.836,185.92,186.17,59.799,104,36.271,36.138,147.19,31.019,30.731,186.98,187.02,52.214,152.5,169.65,42.372,41.49,45.868,46.798,60.382,63.291,37.342,37.168,37.422,75.44,62.963,91.541,68.476,84.233,168.75,168.84,47.011,61.786,45.472,48.865,45.808,45.057,45.193,51.863,45.578,45.054,45.711,47.818,0,0.22361,149.9,151.78,150.77,150.97,150.87,143.87,145.83,94.611,48.747,48.785,12.192,11.549,47.773,44.878,44.901,44.845,4.4169,4.4034,62.865,46.086,46.262,46.101,56.799,56.738,158.18,163.6,45.453,45.534,142.67,235.08,210.31,47.027,49.5,46.977,41.945,41.897,45.349,45.412,81.279,43.996,44.334,44.035,51.75,48.599,44,54.024,50.827,57.167,54.786,41.143,40.85,40.869,42.332,286.78,288.51,56.488,109.82,57.405,57.215,144.79,153.43,152.01,151.9,170.44,151.89,151.92,24.562,24.581,24.607,59.833,57.076,87.658,87.77800000000001,103.91,189.34,26.256,26.13,151.52,151.42,227.39,291.81,291.93,40.397,44.237,8.1065,8.052,155.74,184.49,182.39,184.25,186.33,51.119,68.154,6.3674,50.062,50.461,141.79,23.33,23.296,59.905,61.242,61.956,57.174,36.306,35.574,51.984,47.904,57.941,22.017,148.41,156.74,139.21,155.76,149.55,82.63500000000001,85.58799999999999,52.4,52.111,143.59,143.56,143.61,144.91,51.684,147.12,147.35,61.926,62.6,62.341,61.998,35.673,35.539,35.765,176.92,258.38,231.8,231.7,60.518,58.814,4.454,4.4697,82.94499999999999,107.88,89.229,60.297,149.16,147.62,143.65,66.139,63.427,67.03100000000001,53.788,53.733,147.93,166,51.252,51.056,51.179,45.007,45.316,61.364,61.443,61.348,61.403,160.9,160.97,187.28,142.81,141.51,157.17,48.121,46.331,26.993,232.77,163.47,201.85,214.92,215.08,144.06,144.59,66.5,49.822,181.59,181.76,60.458,60.494,18.562,13.465,84.441,32.477,32.479,151.57,157.69,51.827,51.84,50.921,235.03,235.36,30.971,30.952,149.06,149.26,149.17,223.9,223.94,157.39,157.49,73.71899999999999,155.81,154.54,38.403,37.134,37.264,163.43,158.28,158.3,199.02,45.098,223.44,223.4,219.28,55.377,74.23699999999999,56.591,205.99,206.19,50.829,31.178,32.157,31.45,39.351,220.25,56.578,147.34,163.84,266.79,266.83,146.04,47.98,48.038,48.749,160.28,159.98,220.44,66.553,154.23,154.29,170.61,170.61,219.91,220.19,35.432,35.413,40.499,146.75,175.41,30.591,33.05,29.605,29.613,29.509,49.7,50.872,68.571,189.34,189.3,147.71
64.703,62.47,64.303,62.502,146.69,148.46,154.63,154.05,29.447,44.596,29.258,29.095,97.352,93.73,55.849,87.255,153.68,153.66,52.997,44.269,47.178,44.175,43.983,23.906,23.901,185.99,185.93,55.558,126.37,36.268,36.164,147.22,30.843,38.177,186.72,187.29,52.095,151.86,186.35,40.725,47.75,46.23,47.842,64.348,60.248,37.849,38.025,37.472,64.562,59.87,79.093,89.601,59.46,168.74,168.82,63.077,46.129,45.259,46.407,45.199,45.602,46.86,46.406,104.94,45.776,47.083,45.176,0.22361,0,150.21,149.96,150.84,150.97,150.71,144.11,143.76,94.569,49.021,48.771,11.299,12.231,53.331,52.292,44.813,44.911,4.7177,4.2875,64.542,46.315,46.289,45.906,58.258,58.329,158.19,158.28,47.494,45.452,142.34,205.1,207.37,46.91,47.725,46.914,41.895,41.935,45.398,45.492,100.97,44.024,44.275,43.994,53.42,48.713,45.904,49.286,51.247,57.08,42.028,41.13,40.822,40.814,41.848,286.76,286.8,56.857,110.35,56.61,59.368,144.82,151.96,151.86,151.87,168.88,151.88,151.87,24.535,24.596,24.585,57.036,57.087,88.209,126.9,107.61,190.98,26.341,26.208,151.38,151.4,221.96,291.79,297.01,40.395,40.096,8.232100000000001,8.1546,155.25,181.6,180.44,184.31,184.99,53.455,77.04000000000001,17.942,50.05,50.378,141.34,23.352,23.321,63.277,66.572,68.44799999999999,57.138,35.772,36.541,52.179,42.61,57.131,21.771,147,148.94,139.35,151.07,149.56,82.78,82.55500000000001,52.217,52.377,143.6,143.47,143.57,143.47,51.724,147.37,147.09,61.938,62.026,62.004,62.405,35.843,35.546,35.669,191.54,255.16,231.6,231.63,58.595,58.242,4.6385,5.3865,82.68600000000001,142.21,59.174,97.11499999999999,148.86,147.5,143.65,68.29300000000001,67.65600000000001,65.529,53.627,53.719,169.14,156.02,51.266,51.259,50.997,45.055,45.565,61.329,61.401,61.359,61.424,160.85,160.78,186.13,141.63,141.88,163.99,49.051,48.705,28.679,163.4,163.56,203.01,214.87,214.91,143.88,144.5,54.287,56.783,181.66,181.56,60.638,60.526,13.516,14.349,94.938,37.817,32.475,151.52,158.19,50.924,51.675,51.039,235.03,235.2,30.992,31.014,156.71,148.61,149.28,223.95,223.94,157.48,157.5,74.65900000000001,154.39,154.32,38.378,30.503,41.401,163.41,158.22,158.23,206.36,44.514,223.78,218.32,223.38,55.768,56.382,57.763,206.22,205.96,51.181,31.641,32.389,31.209,31.773,159.15,56.646,147.44,168.37,266.74,173.66,146.12,46.073,46.245,58.22,161.26,159.97,220.53,66.806,154.41,154.68,170.55,170.56,220.3,219.9,35.456,35.473,39.352,142.69,178.22,31.28,31.545,29.604,29.764,29.597,49.713,50.921,50.011,189.69,189.33,147.73
196.98,194.48,194.62,195.5,26.647,24.411,30.595,30.603,123.57,143.57,173.24,173.56,146.65,145.47,179.96,194.98,29.748,30.024,174.33,187.55,189.43,191.38,186.54,135.99,135.71,47.978,46.007,136.04,192.83,178.97,179.06,23.114,128.23,128.55,46.722,46.718,109.08,35.057,108.52,144.67,142.31,188.65,190.94,112.83,113.23,180.31,179.93,179.95,132.91,165.04,181.87,137.5,124.85,28.407,28.617,188.05,187.73,188.15,187.99,187.85,190.7,189.67,189.53,462.25,187.76,193.7,188.23,149.9,150.21,0,0.28178,44.382,44.973,45.551,37.781,39.231,165.32,132.98,133.16,154.35,153.9,118.36,177.16,162.74,162.79,144.84,144.8,115.29,110.41,109.9,109.81,124.9,124.97,306.2,304.42,109.35,109.23,18.438,115.45,121.42,119.72,119.84,119.44,142.57,143.12,99.182,99.18000000000001,312.82,107.73,108.15,110.5,108.34,115.5,114.33,110.43,110.3,107.91,127.2,125.38,125.24,125.11,125.88,236,236.24,112.29,158.76,112.16,130.58,3.5902,25.351,29.93,25.225,297.44,291.22,292.21,169.22,169.38,169.44,110.89,109.45,175.07,175.07,174.81,312.58,171.14,171.32,27.285,29.289,94.83499999999999,235.97,241.16,182.65,182.75,150.26,151.48,31.532,40.07,40.318,57.769,57.677,122.32,110.26,149.08,115.43,114.55,17.416,142.53,141.86,111.89,114.63,129.19,110.71,139.11,136.81,197.21,134.72,122.66,140.18,13.317,12.206,13.031,25.879,26.212,175.61,175.58,109.34,110.18,20.373,19.873,19.626,19.426,194.35,40.675,41.18,179.03,178.49,178.78,178.56,136.75,136.96,137.06,72.931,80.033,296.75,296.57,168.72,164.9,144.7,145.04,169.47,193.82,155.24,180.43,28.886,23.503,19.585,178.55,173.02,175.9,120.43,120.25,34.331,323.43,118.59,117.5,117.58,110.03,112.11,199.46,199.89,199.46,199.6,301.37,300.03,321.17,18.031,18.312,45.404,127.79,129.64,141.36,61.418,23.39,308.23,321.48,324.15,19.83,19.664,130.91,113.33,303.13,304.36,116.91,116.75,162.39,160.58,155.49,143.67,143.2,27.457,19.144,108.6,109.37,108.12,300.06,300.47,127.93,128.72,5.4229,4.3028,4.7991,288.93,288.95,37.178,33.249,189.58,30.483,30.562,122.67,131.56,148.04,302.64,31.687,31.518,311.99,187.82,470.02,484.48,475.45,111.07,111.54,111.24,82.011,82.836,107.94,133.09,132.23,132.56,132.62,295.54,133.82,4.5938,29.151,236.67,237.04,22.68,103.22,103.15,104.29,299.59,299.37,285.57,103.96,30.149,33.042,316.81,316.73,360.76,359.6,136.08,137.46,134.64,6.542,81.97499999999999,130,130.11,123.11,122.83,123.07,105.71,105.88,146.18,66.68000000000001,65.39100000000001,23.489
204.74,311.46,203.05,197.68,21.554,24.453,33.954,31.148,126.13,144.03,173.38,173.61,152.68,133.47,169.52,402.66,30.084,30.436,174.44,187.05,190.85,189.33,187.66,136.18,138.63,47.574,45.755,148.36,142.81,180.88,179.28,23.694,131.15,128.5,46.39,47.143,109.27,32.885,76.858,143.29,144.7,188.61,189.25,113.7,114.99,181.65,180.38,180.49,122.52,121.03,119.41,161.52,151.31,30.386,29.728,187.9,190.27,190.68,194.66,188.17,205.46,188.86,188.97,208.77,188.72,188.43,189.07,151.78,149.96,0.28178,0,44.555,44.538,48.378,39.473,37.683,166.47,134.13,139.07,154.21,153.92,119.48,163.2,162.86,162.9,145.19,145.55,115.92,111.25,110.28,110.35,124.22,124.29,304.63,305.69,109.75,110.54,24.196,104.63,97.819,119.77,120.11,119.85,142.43,143.32,101.63,99.23399999999999,222.94,109.29,108.17,109.57,108.97,124.07,111.49,118.98,110.73,109,130.43,126.61,126.23,125.45,126.62,236.45,236.38,112.78,668.11,112.29,130.38,3.6241,27.199,27.312,25.235,306.89,291.29,413.35,169.52,169.26,169.95,117.63,109.67,176.86,174.81,178.55,314.58,170.87,171,28.375,39.905,113.36,241.71,243.39,183.41,183.23,151.39,150.45,33.018,52.596,40.559,57.906,65.86499999999999,115.82,113.62,151.22,115.52,118.16,18.264,145.55,142.57,110.21,110.6,108,110.02,141.41,138.72,196.83,134.89,125.23,141.12,13.732,15.343,13.387,27.964,25.96,176.05,183.42,110.88,112.12,20.128,20.239,19.7,30.676,194.85,40.854,41.881,178.69,179.12,178.88,179.21,137.47,136.8,147.04,96.387,99.404,297.86,297.87,165.09,166.04,144.86,147.51,170.91,209.47,155.99,158.5,25.616,24.223,27.133,180.73,166.77,179.93,120.43,120.83,41.276,305.52,117.84,120.31,117.85,109.27,121.04,200.47,199.88,199.44,200.95,300.37,303.68,318.82,18,17.649,62.112,130.49,130.2,157.8,23.876,23.734,309.74,322.74,330.08,20.269,20.659,125.34,128.15,303.39,304.13,117.49,116.8,160.62,160.67,137.51,143.19,143.51,27.948,17.978,111.6,113.16,108.25,300.95,303.14,133.36,133,4.7755,4.2483,5.4794,289.81,295.73,33.691,33.301,191.28,33.993,31.113,123.61,144.76,140.89,303.24,31.983,36.968,314.63,187.34,460.82,454.76,455.21,110.4,110.29,114,83.39100000000001,82.819,108.19,132.79,132.21,134.13,133.31,270.65,130.53,3.2941,12.601,236.94,237.02,29.325,108.93,105.25,104.38,492.02,299.53,286.38,110.54,30.978,29.882,316.8,316.71,361.82,360.49,136.31,136.14,138.65,11.439,36.067,132.38,130.71,124.22,137.5,123.18,122.96,105.46,146.09,65.94499999999999,65.55500000000001,40.587
198.89,199.71,199.81,198.66,40.499,45.86,47.372,47.331,123.5,143.73,173.06,172.74,144.57,136.79,180.62,247.38,48.436,48.022,174.08,187.76,187.71,201.59,187.47,145.76,145.84,80.566,81.021,124.57,210.2,179.9,179.56,40.505,131.56,131.07,81.18899999999999,81.381,108.66,48.213,112.88,142.87,141.41,189.78,191.19,113.05,113.32,180.79,181.41,180.83,139.27,193.34,144.53,143.33,151.68,63.02,63.167,189.06,189.51,190.47,189.38,188.83,188.95,192.05,189.47,188.66,188.84,188.78,188.71,150.77,150.84,44.382,44.555,0,0.46241,0.26301,9.3317,9.6982,167.55,126.13,126.1,157.86,154.66,120.83,164.99,165.07,165.19,147.39,147.65,116.75,112.6,112.36,112.42,122.74,122.86,305.49,306.94,115.47,111.95,44.158,132.57,134.9,121.96,127.25,121.88,145.05,145.12,133.43,136.03,334.48,110.27,110.59,110.46,106.78,142.37,113.67,112.46,113.83,103.87,123.58,119.35,118.39,118.22,123.99,226.58,226.53,111.55,363.04,111.38,129.12,39.115,46.16,46.443,47.958,306.28,293.62,293.75,168.68,168.98,168.73,108.73,108.71,173.84,174.26,174.13,312.39,170.18,170.29,46.136,45.754,74.529,231.45,231.36,183.9,188.91,152.81,152.59,49.423,75.41500000000001,74.738,78.657,78.83,118.49,106.03,150.04,116.86,117.51,35.696,145.43,145.28,120.99,114.96,125.44,110.35,138.71,138.61,193.67,137.01,124.38,142.79,45.469,44.877,46.544,44.85,44.403,178.77,178.02,110.3,108.86,38.15,38.001,37.942,37.86,195.19,16.043,16.239,182.72,182.98,182.71,183.36,136.13,136.24,136.25,83.297,153.16,311.19,311.2,167.58,168.61,147.24,147.25,168.71,193.89,154.62,170.47,40.94,41.228,38.33,180.5,177.79,183.63,119.58,119.68,59.039,305,117.11,117.01,116.86,111.5,111.46,201.97,202.08,201.9,202,302.66,302.51,311.47,36.608,36.088,79.90300000000001,130.81,130.99,152.86,157.21,57.949,315.52,324.89,325.01,38.758,38.8,120.97,122.04,323.42,323.32,116.17,116.2,162.99,165.23,136.35,144.94,144.96,45.939,51.906,107.35,108.93,107.35,314.65,326.19,131.32,131.63,45.28,42.759,43.202,303.39,303.38,50.736,50.7,191.82,50.862,48.794,115.73,142.64,146.38,305.25,52.604,52.643,311.1,187.13,464.35,458.82,457.88,110.48,113.47,113.5,100.22,100.42,107.08,133.66,132,133.54,136.84,330.35,128.58,42.031,46.942,250.56,250.05,40.584,121.67,120.66,129.98,303.41,301.92,300.11,129.46,48.424,48.912,316.18,316.11,339.27,339.62,144.66,138.65,134.36,37.69,70.34099999999999,127.55,130.39,123.61,123.78,123.96,105.52,105.13,147.03,58.013,57.617,41.639
198.59,198.91,199.23,198.77,40.294,44.941,47.871,47.384,124.11,143.75,174.35,174.48,152.92,168.18,175.83,182.19,48.333,50.563,179.22,187.9,188.43,188.1,187.64,145.84,146,82.139,81.361,137.6,150.04,180.04,180.8,41.185,131.3,131.17,81.511,81.384,109,50.077,92.678,143.44,147.76,191.42,191.57,115.21,112.48,181.39,181.1,180.93,163.74,149.87,156.95,124.77,208.22,63.589,70.06999999999999,190.55,188.93,189.98,190.32,188.76,188.88,190.34,189.15,189.36,188.6,188.77,189.72,150.97,150.97,44.973,44.538,0.46241,0,0.37986,21.465,9.101000000000001,168.3,126.45,127.44,154.83,155.85,121.29,165.09,165.3,165.75,148.66,147.96,112.98,112.01,132.66,112.41,124.39,129.53,305.66,305.59,112.04,111.7,36.805,124.55,155.8,122.4,123.63,122.03,145.16,145.97,133.64,133.31,366.37,110.45,110.61,110.63,107.22,138.21,110.96,115.29,110,112.07,121.16,118.68,118.47,118.49,119.84,226.72,230.57,111.7,160.23,111.66,143.16,39.387,46.501,46.438,46.452,312.74,294.11,293.76,168.82,168.95,168.89,109.83,109.01,174.01,174.3,174.7,304.87,170.9,170.77,47.025,46.421,84.92700000000001,232.31,226.62,183.69,183.77,152.82,152.9,51.297,77.23999999999999,75.35299999999999,78.664,78.896,129.35,128.95,150.25,116.95,117.46,37.917,145.74,147.16,147.64,129.76,146.82,108.98,139.19,138.87,189.42,137.24,126.64,145.11,45.293,45.094,44.862,44.225,46.109,178.95,178.34,109.56,111.5,38.794,38.041,38.33,38.545,195.57,16.467,16.293,183.5,182.86,183.2,182.95,136.4,136.19,136.59,86.892,101.54,311.35,311.3,167.55,168.07,147.96,150.28,169.12,191.31,154.92,155.04,42.147,40.991,43.332,174.15,178.42,180.68,119.83,119.87,58.006,310.72,117.24,117.02,117.09,113.13,112.31,202.02,202.1,202.09,202.05,302.96,302.77,310.96,37.964,36.521,58.417,130.91,130.94,141.9,165.08,58.208,314.15,324.83,325.42,38.172,38.204,112.83,125.85,323.45,323.7,116.32,116.38,163.29,163.33,155.15,145.14,144.88,46.102,52.314,107.69,109.86,107.54,314.76,315.07,131.67,131.56,44.267,43.508,58.73,303.51,303.45,50.91,50.797,193.48,52.053,52.833,115.95,145.17,133.39,305.23,52.986,52.824,311.24,187.45,465,460.25,456.4,109.55,109.08,110.69,106.88,100.67,107.66,133.63,133.51,133.42,131.52,216.36,128.71,42.287,70.072,250.82,251.2,40.643,125.48,124.25,134.27,302.66,301.91,300.96,133.19,48.436,48.551,319.07,316.21,339.64,339.73,138.75,138.85,134.25,37.237,70.011,127.86,132.57,123.95,123.89,129.51,104.71,104.86,145.62,58.083,57.916,40.399
198.95,198.87,203.65,198.79,40.31,42.981,47.669,47.342,123.37,149.03,172.57,173.98,155.16,133.98,181.54,217.63,48.077,48.1,173.98,187.62,192.1,199.92,187.54,146.59,145.82,80.31699999999999,80.586,134.21,168.39,179.9,179.91,44.34,131.78,131.59,81.434,81.496,108.51,50.801,83.001,141.43,143.87,189.39,189.78,112.71,113.7,180.84,181.76,181.07,124.62,125.96,146.6,138.91,138.67,63.11,63.208,191.41,189.17,189.14,188.88,195.27,188.9,190.07,196.63,188.66,188.4,188.45,188.88,150.87,150.71,45.551,48.378,0.26301,0.37986,0,9.4735,8.904500000000001,167.8,126.13,126.28,154.76,154.73,120.73,164.99,165.1,165.13,147.32,147.99,112.74,111.89,112.4,112.3,124.2,124.34,305.6,305.63,111.84,111.67,78.952,262.14,123.32,122,125.76,122,145.24,145,132.59,136.37,283.94,110.65,110.45,110.39,106.85,137.07,110.1,112.41,118.84,113.07,128.09,119.59,118.96,118.18,123.84,226.51,226.33,111.64,440.22,113.19,128.98,40.878,46.419,46.262,46.255,320.18,293.7,293.74,168.61,168.83,168.6,108.83,109.63,174,174.02,173.99,316.02,170.32,170.32,45.724,45.768,109.04,226.75,231.68,184.68,183.71,152.82,152.76,49.415,75.191,75.11199999999999,78.739,78.69799999999999,113.1,114.35,149.89,116.89,116.93,40.421,145.17,145.33,126.7,122.68,138.81,109.3,139.16,138.7,316.07,137.03,124.8,143.53,45.107,45.18,44.706,43.987,44.119,178.63,178.32,108.92,108.67,37.981,37.888,37.884,37.978,195.05,16.019,16.107,182.58,182.67,182.74,182.57,136.19,136.01,137.99,85.636,124.27,311.13,311.06,167.44,166.19,148.1,147.36,168.96,209.9,155.16,155.04,49.564,40.811,38.338,183.9,184.73,176.23,119.67,119.82,43.499,309.97,117.13,116.91,116.86,111.49,114.27,202,201.97,201.96,202.07,302.51,302.79,311.17,36.148,35.994,59.433,131.36,130.9,165.29,57.947,58.226,317.13,325.11,325.07,38.056,38.346,131.49,113.32,323.25,323.43,119.39,116.12,163.16,163.31,136.48,145,144.97,45.862,64.91800000000001,107.33,107.98,107.5,314.77,315.48,131.36,131.28,43.228,43.321,44.546,303.44,303.47,50.611,50.776,192.22,50.741,48.748,115.74,130.79,132.8,305.37,52.622,52.786,311.19,187.89,463.42,462.3,458.09,110.21,109.77,116.1,100.58,101.12,107.06,131.73,131.86,131.54,135.66,274.83,128.65,41.778,61.519,250.53,250.06,40.496,128.29,123.82,127.16,301.83,302.59,300.11,131.85,48.798,48.519,316.1,315.95,339.63,339.59,138.56,138.52,135.37,37.097,70.911,127.5,130.67,124.14,123.75,123.95,104.97,106.76,145.63,62.427,57.753,41.974
191.62,192.37,192,195.61,40.107,36.261,43.754,40.729,116.51,138.33,166.2,167.27,146.96,143.35,196.63,209.16,41.204,45.026,166.49,180.86,185.13,180.45,180.77,221.54,140,73.899,76.102,128.56,178,172.9,173.14,38.977,125.91,133.44,74.327,76.679,102.62,49.636,135.91,139.74,733.74,182.39,183.81,105.26,105.53,175.19,176.35,174.05,137.76,129.66,148.13,208.91,133.95,59.37,56.475,201.24,183.28,181.68,183.27,182.68,182.15,193.47,222.54,183.99,181.73,183.15,181.77,143.87,144.11,37.781,39.473,9.3317,21.465,9.4735,0,0.75483,160.78,121.04,119.34,153.31,151.42,115.87,159.03,158.2,158.11,142.2,141.35,105.93,106.85,107.1,106.37,121.18,120.55,298.68,300.63,107.74,104.75,43.95,153.34,113.52,115.19,115.73,114.92,139.22,138.33,127.9,127.47,201.23,103.23,104.29,103.51,102.77,134.3,104.11,104.16,103.1,99.349,113.09,117.65,115.81,117.92,112.87,219.3,219.33,197.31,137.03,109.55,124.26,32.31,39.265,39.333,48.675,298.27,287.38,286.65,161.56,161.73,162.03,102.13,101.64,167.99,168.58,168.06,303.98,165.29,163.66,39.961,38.709,89.443,232.38,224.55,178.73,176.45,145.97,145.88,42.786,69.584,82.23099999999999,72.46299999999999,71.67400000000001,127.58,103.25,142.87,109.91,111.6,28.998,138.16,139.07,114.76,119.46,128.43,103.49,132.52,133.76,180.38,135.85,118.3,164.43,38.658,37.84,37.744,38.009,38.814,176.09,172.69,101.89,103.28,33.13,33.823,31.466,34.497,189.81,9.269600000000001,10.136,175.79,177.17,175.13,174.84,129.38,130.7,129.52,98.874,82.70999999999999,304.38,304.21,161.03,159.56,144.75,141.6,162.08,195.27,147.82,153.09,35.073,33.964,51.798,172.54,175.73,178.04,113.68,112.65,37.9,302.62,112.99,111.3,113.47,107.18,104.82,194.99,196.41,195.23,195.8,296.5,295.94,303.52,30.371,29.667,80.27800000000001,123.96,124.02,169.32,79.255,51.323,302.81,317.86,318.24,31.457,37.541,119.85,128.26,316.98,316.37,109.01,109.06,156.96,156.41,129.39,138.71,139.24,39.377,45.972,100.92,101.43,100.45,307.81,308.17,124.25,124.22,37.161,37.263,35.962,297.46,296.89,43.653,45.817,184.86,42.13,57.775,109.32,141.12,129.27,298.54,49.703,45.642,638.2,180.07,371.2,357.01,366.39,102.29,103.6,105.11,95.111,93.79900000000001,101.57,125.78,128.74,129.35,129.5,206.2,121.57,34.742,48.313,243.04,244.75,34.25,120.96,114.94,118.95,298.02,294.76,304.41,123.51,55.659,41.938,309.09,309.26,333.18,332.62,131.62,131.54,128.28,30.102,63.278,122.56,130.78,116.89,117.59,120.23,104.57,98.633,139.19,53.378,52.686,35.099
194.51,192.65,191.42,191.98,33.401,37.78,41.323,40.333,117.39,136.63,165.93,165.81,639.49,159.43,176.6,184.22,41.169,41.039,167.93,180.6,186.41,182.45,181.02,140.43,139,73.3,73.235,122.14,142.31,172.86,172.75,33.433,124.07,124.41,74.316,74.113,101.6,43.97,113.17,134.38,134.73,182.92,182.72,107.65,105.85,177.1,173.69,173.91,140.77,125.27,130.73,151.59,169.62,58.551,56.102,182.38,183.68,181.68,182.69,181.5,182.42,182.31,236.2,184.33,181.46,182.59,181.61,145.83,143.76,39.231,37.683,9.6982,9.101000000000001,8.904500000000001,0.75483,0,160.81,119.45,119.1,152.86,151.25,113.67,158.63,158.22,158.1,140.25,140.31,106.82,105.81,105.65,105.01,117.23,117.23,298.81,298.62,104.7,104.89,31.774,113.68,197.09,114.96,115.98,114.92,138.4,138.36,128.56,128.92,229.1,103.18,103.63,103.2,99.806,133.48,103.11,106.08,103.67,96.127,114.98,111.36,111.3,111.23,121.57,219.29,219.34,105.32,150.16,104.78,121.99,32.187,39.291,39.203,39.196,297.75,286.63,286.6,161.69,162.56,163.04,103.95,101.57,167.19,166.93,167.26,303.45,164.23,163.93,39.955,38.684,84.045,225.79,224.69,176.73,176.53,145.6,145.79,42.41,68.392,67.58499999999999,71.572,82.914,108.21,103.21,143.09,110.16,109.93,28.703,138.24,138.1,117.49,116.63,110.87,101.71,132.47,131.77,187,130.62,117.32,137.1,38.403,38.446,39.892,37.705,37.498,171.57,171.2,107.54,102.24,31.8,33.218,30.85,30.835,190.04,9.131,9.167899999999999,174.91,174.84,175.87,175.47,129.17,130.2,131.52,74.66,87.241,304.1,304.06,159.19,159.7,140.65,140.62,161.7,176.41,152.22,150.7,39.54,34.02,31.049,170.21,169.48,177.57,112.81,112.92,36.82,302.54,110.04,109.93,111.18,104.73,104.44,194.97,194.94,194.96,195.13,295.55,295.58,309.07,29.334,29.104,62.289,126.19,122.7,135.67,114.67,51.435,309.73,317.74,318.65,31.071,31.031,128.23,101.88,316.25,316.5,109.61,109.12,156.06,157.62,129.45,137.88,139.63,42.906,49.535,100.57,102.9,102.06,307.45,312.97,124.41,124.46,36.345,39.379,35.991,297.69,296.36,45.083,45.529,185.09,42.783,41.887,108.72,136.07,132.72,298.25,45.841,45.716,304.61,180.08,372.52,365.63,368.66,101.68,103.03,103.36,93.337,94.012,100.31,124.23,126.7,124.58,124.49,220,122.16,34.992,73.46299999999999,243.21,243.07,33.471,119.62,117.45,117.65,295.32,294.86,294.98,122.56,41.486,41.745,309.02,309.97,335.12,332.46,131.58,131.52,126.45,30.396,63.86,122.32,124.37,116.71,116.64,116.76,99.071,97.66500000000001,140.13,50.91,50.851,33.2
157.25,159.24,157.35,158.66,161.25,163.74,180.06,190.53,68.44199999999999,89.22499999999999,58.254,53.484,98.92,86.134,111.54,157.48,168.96,169.19,122.69,132.72,132.72,134.09,131.08,87.09699999999999,80.883,201.63,201.23,126.1,120.27,124.34,124.16,169.93,67.8,68.247,202.43,202.27,75.807,170.98,247.45,76.491,76.65000000000001,133.16,133.21,75.696,74.155,124.71,124.66,124.22,75.28100000000001,88.581,116.95,98.627,121.63,184.42,186.04,133.99,132.99,133.81,134.16,132.42,133.24,134.46,134.85,132.09,136.57,132.81,134.24,94.611,94.569,165.32,166.47,167.55,168.3,167.8,160.78,160.81,0,77.55200000000001,77.895,98.202,99.51600000000001,75.72,101.22,101.57,101.1,72.92400000000001,75.767,78.02500000000001,65.645,63.788,63.02,88.901,88.688,248.69,248.52,62.768,63.089,164.17,233.42,230.19,72.961,74.15000000000001,72.91500000000001,69.089,68.703,152.02,149.75,132.97,61.205,63.477,61.059,67.863,72.812,67.298,67.38800000000001,67.76600000000001,75.26600000000001,71.053,71.29000000000001,74.98099999999999,87.873,70.10899999999999,330.03,335.44,73.84099999999999,1029.1,75.459,73.483,160.99,167.22,167.8,167.3,222.1,219.14,217.41,96.41500000000001,96.02800000000001,96.312,70,70,123.64,123.85,153.33,261.19,94.571,94.38200000000001,166.86,166.62,222.56,334.86,335.21,127.66,133.8,78.55500000000001,78.211,170.84,196.74,197.91,199.56,199.91,83.654,75.923,73.193,67.63,68.965,157.16,85.889,80.437,80.68000000000001,80.02200000000001,83.184,71.486,66.73699999999999,63.888,113.18,60.589,74.896,83.992,166.74,162.84,166.1,164.68,166.31,132.61,135.91,69.758,72.027,159.07,158.98,158.8,159.35,140.38,166.37,164.37,131.93,131.53,131.4,132.83,70.956,71.032,71.782,223.73,248.56,186.54,186.65,102.02,102.65,71.002,72.248,118.7,177.99,94.72499999999999,105.01,174.53,169.96,159.01,117.83,117.68,116.64,79.70999999999999,79.48999999999999,165.35,273.26,74.254,73.979,73.962,62.346,63.112,125.77,131.97,125.97,128.19,226.55,226.37,259.35,157.75,162.73,167.94,81.2,95.657,92.56699999999999,230.25,179.21,249.98,270.3,270.38,159.33,159.26,102.42,87.035,247.44,247.39,77.497,77.303,87.128,87.01600000000001,100.52,95.81100000000001,95.83499999999999,166.93,173.08,69.508,69.866,68.682,191.73,190.11,67.37,67.934,164.2,174.98,170.31,181.46,178.76,180.03,180.19,162.91,170.71,173.22,72.578,84.282,72.60599999999999,228.95,173.75,173.69,246.26,341.04,406.44,414.55,411.75,71.268,80.09399999999999,74.639,223.54,221.7,68.24299999999999,66.09699999999999,102.39,66.90000000000001,68.587,229.89,73.44,162.77,189.37,122.41,122.84,161.43,66.96299999999999,66.001,65.66800000000001,228.83,225.85,175.8,72.45,169.2,171.02,277.62,277.52,286.26,285.97,62.406,62.319,77.961,157.96,191.07,81.306,78.624,67.437,67.556,68.291,70.931,66.023,86.44199999999999,204.44,205.28,169.99
97.3,97.34,97.70399999999999,97.252,126.52,129.06,124.09,123.53,21.307,52.578,70.087,70.26300000000001,60.288,66.758,79.95699999999999,141.6,136.71,136.64,90.712,85.47799999999999,86.10899999999999,88.108,85.286,54.576,54.681,169.32,168.88,84.325,65.014,77.649,77.474,116.95,38.582,40.628,169.93,245.09,43.424,134.27,187.59,47.091,47.603,87.35899999999999,91.946,47.835,47.771,78.8,78.812,78.649,82.64700000000001,49.37,52.893,55.065,80.349,152.47,151.8,110.16,87.858,86.89400000000001,91.886,86.435,86.74299999999999,88.26600000000001,86.631,86.498,86.30800000000001,95.949,87.681,48.747,49.021,132.98,134.13,126.13,126.45,126.13,121.04,119.45,77.55200000000001,0,0.83169,54.204,53.241,44.978,76.855,74.327,74.3,45.219,45.724,52.513,28.956,28.772,28.884,47.037,47.175,197.98,198.53,28.434,28.324,132.86,211.67,191.83,45.902,46.433,45.87,45.57,45.526,29.142,29.16,99.87,26.92,27.595,26.931,34.125,37.472,19.239,32.334,24.002,38.653,11.865,11.767,11.498,11.418,11.547,309.37,309.02,31.78,263.11,31.169,131.37,127.73,128.09,132.97,127.67,195.9,191.55,191.61,65.884,65.962,65.745,43.678,43.737,107.46,94.559,143.06,240.27,75.15900000000001,67.459,134.7,134.3,197.25,314.22,314.11,81.346,81.333,51.672,51.735,138.04,164.25,163.43,167.2,167.18,43.634,47.296,47.599,41.562,41.531,126.02,53.948,54.001,40.752,44.541,52.025,44.145,42.084,42.619,78.752,35.004,48.56,52.637,131.08,121.2,124.15,134.3,134.8,101.3,102.48,43.232,43.356,126.73,126.69,126.55,126.52,92.90900000000001,122.37,122.29,90.873,90.84999999999999,90.714,90.953,43.572,43.737,43.475,150.13,162.93,211.07,211.19,76.941,76.744,45.443,82.06,89.72799999999999,121.62,65.456,80.113,125.66,121.04,127.36,85.164,87.724,83.70699999999999,37.848,37.737,154.8,224.27,25.783,25.631,26.715,28.175,28.14,99.643,99.593,99.602,99.64100000000001,200.59,200.53,239.56,124.53,124.53,151.44,47.696,47.858,57.504,190.1,146.71,224.81,243.57,243.72,126.65,126.88,54.894,44.672,221.92,221.72,43.894,35.778,60.706,60.82,44.746,54.506,54.443,135.27,142.1,42.673,43.212,42.564,214.49,215.72,38.726,38.995,132.1,141.57,131.78,203.92,203.93,126.86,129.74,103.98,137.51,137.86,10.932,59.094,48.381,203.14,143.61,141.75,218.17,85.16500000000001,252.22,248.38,253.08,29.327,28.705,30.985,189.13,189.51,45.974,39.639,39.513,38.63,42.354,124.14,38.881,130.52,149.52,156.61,156.66,129.04,32.317,32.659,35.888,203,199.77,199.7,45.765,136.82,136.94,232.34,232.29,253.44,253.58,41.928,41.942,33.435,125.71,159.56,41.434,40.635,21.599,21.609,21.872,33.362,33.195,57.411,172.59,172.27,117.66
99.06100000000001,97.37,97.944,97.941,126.65,130.13,123.74,123.75,21.266,52.537,70.732,70.971,56.518,31.662,76.398,102.28,140.33,142.62,82.702,85.46899999999999,87.956,93.95099999999999,85.277,54.637,58.236,169.47,169.12,60.72,84.991,82.334,77.712,116.71,38.534,38.416,170.19,170.03,43.599,134.67,155.73,48.815,47.213,87.116,87.18000000000001,47.466,48.33,79.027,78.59399999999999,78.59699999999999,47.13,62.86,62.276,72.143,91.66,151.81,151.84,88.428,87.134,93.39400000000001,90.69499999999999,86.401,87.27200000000001,88.34699999999999,114.91,86.373,86.28100000000001,87.26900000000001,86.86799999999999,48.785,48.771,133.16,139.07,126.1,127.44,126.28,119.34,119.1,77.895,0.83169,0,54.946,53.127,45.547,74.054,74.46299999999999,74.242,45.443,45.514,50.341,29.826,28.759,29.175,46.962,46.988,198.05,198.09,28.413,28.488,125.65,205.8,185.11,46.002,54.589,45.865,45.597,45.603,29.4,40.869,104.34,27.068,27.073,26.939,34.059,37.401,19.096,25.858,21.808,38.803,14.013,11.871,11.494,11.465,11.725,308.98,310.09,31.297,771.12,31.077,40.388,127.82,128.16,128.36,128.09,185.16,191.58,192.28,65.98399999999999,65.79900000000001,65.82899999999999,43.729,43.735,94.408,94.889,94.56999999999999,242.63,67.479,67.444,134.38,134.44,231.48,309.26,314.15,81.95099999999999,82.65300000000001,51.698,51.718,138.29,163.42,165.26,167.19,167.22,44.995,35.695,47.65,41.557,41.607,124.32,54.075,54.178,44.179,40.453,50.754,45.113,42.009,42.067,81.625,34.275,48.661,53.334,124.88,121.42,119.97,132.53,133.09,102.6,101.42,49.694,43.448,126.84,126.58,135.94,126.44,92.958,122.36,122.37,90.614,90.77800000000001,90.81999999999999,90.759,43.327,43.466,43.551,147.66,181.26,211.1,211.17,75.30500000000001,75.23,45.443,53.23,89.28,143.01,65.21299999999999,68.842,123.75,117.16,126.65,85.693,85.455,82.998,37.782,37.908,149.55,221.25,25.819,25.594,25.596,28.115,34.904,99.617,99.631,99.58799999999999,99.643,200.61,200.69,246.04,124.95,124.57,140.29,47.626,47.962,50.241,248.94,146.87,221.6,243.42,243.58,126.85,126.76,41.148,48.099,221.29,224.62,35.745,35.745,60.571,66.703,58.516,54.519,54.514,134.77,140.48,42.649,44.894,42.516,214.56,216.99,38.74,38.72,132.27,131.84,131.92,203.57,203.41,127.01,126.95,101.78,137.63,138.45,11.319,52.165,48.559,203.13,141.32,141.22,218.13,84.902,252.92,259.03,253.44,29.15,29.531,30.023,188.9,188.92,42.075,39.738,38.713,41.678,41.018,142.45,38.884,130.36,162.91,156.62,156.64,129.18,33.287,32.941,32.042,200.01,199.7,199.95,44.789,136.94,137.08,232.38,232.18,253.62,253.4,41.851,42.281,32.297,125.78,158.7,37.207,37.586,21.516,21.566,21.653,33.801,32.937,65.758,172.92,172.59,117.49
71.65600000000001,68.789,67.563,67.55800000000001,149.47,152.48,153.24,156.58,30.962,48.559,33.816,37.829,74.994,46.004,53.611,135.18,160.27,157.31,67.77,51.774,55.032,49.004,47.65,72.548,70.288,173.73,173.61,84.428,94.886,40.908,40.72,146.54,34.877,35.806,190.85,190.8,57.021,155.63,211,44.922,51.081,50.312,51.075,67.934,69.486,42.669,41.571,42.653,66.608,57.472,74.446,97.584,79.29000000000001,173.4,172.57,53.918,49.212,49.322,52.465,49.993,49.925,49.234,54.236,50.678,55.759,54.441,50.355,12.192,11.299,154.35,154.21,157.86,154.83,154.76,153.31,152.86,98.202,54.204,54.946,0,0.22072,50.833,57.295,48.25,48.463,8.266400000000001,8.274900000000001,64.825,57.308,49.761,49.438,63.335,63.534,161.96,167.42,49.08,52.717,146.44,230.17,219.53,54.941,51.079,52.047,50.309,51.019,36.768,36.656,102.9,48.1,48.516,47.761,75.50700000000001,56.807,49.634,52.467,52.519,58.346,49.841,47.426,48.425,48.673,51.348,292.27,292.17,61.017,90.84,60.78,55.049,145.74,148.76,151.45,151.15,162.32,155.84,174.1,28.862,29.497,30.006,62.158,60.855,127.66,107.13,93.074,183,38.729,29.771,155.57,155.02,229.27,296.09,300.31,44.508,49.71,1.8209,2.5091,158.97,168.52,168.05,188.3,188.06,51.007,44.655,10.492,55.185,55.354,149.51,27.229,27.008,49.693,48.93,62.14,62.335,40.423,41.676,59.854,46.539,61.06,33.341,133.48,133.42,135.38,153.65,154.31,87.83199999999999,87.786,56.641,63.027,147.25,147.46,147.67,147.17,55.608,150.84,156.68,66.45999999999999,66.47799999999999,65.723,66.386,39.19,39.159,40.708,177.85,195.69,235.37,235.57,49.334,52.326,8.219799999999999,8.145200000000001,80.26000000000001,82.989,76.749,62.959,148.11,146.62,148.86,61.45,62.587,64.61499999999999,57.907,58.375,176.26,163.71,54.976,56.072,55.649,49.238,50.788,66.43600000000001,66.399,77.639,66.38800000000001,164.57,164.86,182.41,147.31,145.61,163.71,52.925,51.402,24.545,167.25,167.43,214.51,215.54,208.29,147.45,147.61,78.435,64.12,180.29,179.6,66.501,65.67400000000001,24.145,48.526,87.16200000000001,55.238,60.189,155.21,161.32,56.424,65.283,56.903,239,239.43,34.306,34.192,152.55,159.6,153.4,227.54,227.71,157.43,156.42,76.855,158.33,158.56,42.084,47.441,42.39,167.15,162.05,162.33,202.85,53.66,213.8,214.2,208.69,70.744,60.126,63.369,209.84,211.08,55.427,34.775,34.71,35.873,36.423,111.17,54.536,151.89,171.25,177.32,270.84,150.44,45.657,44.841,43.264,165.86,164.04,224.52,49.775,159.37,157.77,174.36,174.31,223.7,226,44.209,43.758,43.409,141.21,181.79,53.452,34.798,34.094,38.38,34.831,52.759,52.938,53.987,194.29,193.38,146.82
67.589,68.158,66.45699999999999,67.86799999999999,148.63,151.92,154.95,152.81,30.632,48.109,33.12,32.917,47.019,65.485,59.762,90.236,157.42,157.31,56.92,48.07,48.952,49.227,48.499,70.434,80.782,175.74,173.42,70.005,76.934,44.488,41.143,145.82,35.096,36.085,190.75,190.63,57.443,152.56,189.52,44.68,45.388,50.111,50.229,66.553,65.303,45.017,42.965,41.911,59.727,84.13800000000001,58.714,78.75,58.135,173.8,172.86,49.123,51.377,49.577,50.906,49.041,48.972,53.03,98.28700000000001,53.62,49.383,50.77,49.553,11.549,12.231,153.9,153.92,154.66,155.85,154.73,151.42,151.25,99.51600000000001,53.241,53.127,0.22072,0,50.172,48.256,48.338,48.321,8.042400000000001,7.9801,68.748,49.524,50.204,50.009,62.823,62.794,162.14,161.93,49.567,49.278,146.22,227.49,234.53,50.825,55.081,50.737,50.547,50.312,36.389,36.687,159.95,47.914,48.074,48.242,54.467,41.838,47.772,48.841,48.982,57.758,49.598,45.4,45.299,48.767,45.218,290.91,290.64,63.02,94.23999999999999,61.013,55.419,144.61,149.39,148.4,151.27,162.22,155.71,155.65,29.908,28.483,28.92,60.678,60.712,119.98,92.038,113.58,185.12,29.851,30.055,155.12,155.78,216.05,295.59,291.3,45.582,52.064,1.9614,1.9918,159.58,167.73,167.96,188.1,197.69,62.333,44.926,10.743,55.31,56.124,145.04,27.355,27.681,62.888,60.032,64.89700000000001,62.327,41.419,39.347,54.414,46.432,60.963,25.415,133.32,136.87,135.12,156.12,155.06,88.93000000000001,92.694,56.128,55.873,147.65,147.41,147.72,147.48,56.509,151.12,150.91,66.151,72.81999999999999,65.973,66.67100000000001,41.047,39.646,43.428,178.14,208.18,247.27,235.45,50.119,50.733,8.2501,8.098599999999999,78.498,138.36,63.497,65.517,147.63,147.27,147.88,63.299,63.976,60.054,58.574,58.652,174.53,159.06,55.557,55.44,54.801,49.362,48.969,66.739,66.59699999999999,66.547,66.56399999999999,165.59,165,182.25,150.99,145.34,172.58,53.224,53.073,28.264,248.66,167.18,200.67,208.26,208.55,148.64,148.57,77.223,66.178,179.84,181.56,67.798,66.87,24.169,24.218,62.074,53.049,51.834,155.23,161.78,57.521,57.401,56.231,238.8,239.22,48.109,34.307,152.61,153.91,155.95,227.72,227.73,156.06,156.26,80.28,158.26,158.59,42.014,47.063,34.939,167.02,162.07,162.19,202.83,50.725,213.66,215.05,214.5,60.043,59.356,62.824,210.24,211.33,56.767,36.242,35.923,35.127,36.462,88.399,54.814,151.04,168.02,177.69,177.45,150.05,43.808,44.422,42.874,164.03,163.95,225.21,48.823,158.01,157.81,174.27,174.4,223.9,223.73,39.864,39.422,44.915,141.15,179.28,34.825,39.553,35.175,33.549,35.074,53.228,53.077,62.245,193.18,193.34,147.38
84.938,77.027,76.756,76.884,123.97,126.7,137.11,130.73,25.705,20.561,48.223,48.146,69.916,54.665,60.211,99.881,125.91,125.91,95.351,81.598,81.48699999999999,83.881,81.184,44.677,44.721,164.77,154.22,30.976,33.556,73.45699999999999,73.38200000000001,125.81,22.896,25.21,157.86,347.81,22.577,129.49,163.11,18.744,21.271,83.09399999999999,93.60599999999999,38.407,26.438,75.22799999999999,74.90000000000001,74.554,35.849,69.783,47.819,47.338,74.93899999999999,137.02,137.17,88.679,82.501,82.819,83.572,83.236,82.749,87.372,84.08199999999999,82.28700000000001,82.48099999999999,83.577,82.28100000000001,47.773,53.331,118.36,119.48,120.83,121.29,120.73,115.87,113.67,75.72,44.978,45.547,50.833,50.172,0,67.071,68.371,67.39,51.029,51.069,39.337,15.882,16.82,17.511,21.917,21.848,214.71,215.78,15.422,16.505,112.92,204.85,218.8,2.1339,10.645,2.1928,25.091,20.245,32.485,32.451,94.169,15.568,14.132,14.012,21.086,27.285,22.455,25.257,27.649,33.398,37.84,37.584,36.857,36.884,37.619,298.49,298.51,32.575,404.1,32.407,26.934,113.1,120.29,122.93,123.86,172.89,197.75,198.67,47.381,47.455,47.586,24.246,22.861,85.541,92.684,96.518,201.75,53.442,45.845,123.38,127.93,197.46,309.61,310.34,77.592,84.235,63.592,57.854,123.47,156.27,151.29,152.47,152.57,40.214,40.907,53.251,13.392,13.035,109.55,51.615,47.222,55.238,39.611,59.226,23.99,20.153,27.24,75.44499999999999,40.632,30.785,42.936,121.41,122.53,120.4,117.91,120.02,74.08799999999999,73.985,22.544,22.785,118.57,111.77,112.47,111.84,88.759,117,117.06,72.17400000000001,72.2,72.117,77.038,14.854,18.854,13.904,139.8,170.52,197.4,205.76,66.017,65.94199999999999,51.258,51.175,78.706,91.45,51.058,49.838,128.76,124.19,118.21,65.444,64.38800000000001,67.739,26.308,26.317,129.91,227.27,27.551,27.491,32.864,17.43,15.05,105.74,105.78,105.76,105.84,206.42,206.64,194.25,112.22,109.86,120.83,4.9221,3.1348,49.247,164.74,132.05,207.75,223.72,223.91,111.92,112.42,21.924,20.198,227.52,227.14,37.419,38.298,66.85299999999999,67.322,43.404,44.516,36.781,120.16,127.68,22.036,21.448,21.289,200.75,201.29,19.567,19.381,127.72,119.71,117.3,189.77,190.06,134,134.24,83.73,122.67,124.33,34.334,19.061,29.763,208.95,126.74,126.55,210.85,88.08,349.23,355.14,348.73,40.057,39.326,39.209,174.67,174.99,31.944,9.821999999999999,9.0951,10.168,8.811199999999999,206.65,25.928,117.1,152.96,146.54,239.31,114.96,41.119,34.441,29.685,205.68,205.54,198.07,32.525,122.76,122.61,230.54,230.36,265.76,268.05,13.736,16.902,35.764,113.42,157.22,8.6724,16.487,26.374,25.834,26.244,19.094,24.677,38.205,157.7,157.64,124.29
46.792,185.73,47.126,49.556,163.3,166.78,163.39,162.42,59.837,77.559,68.18600000000001,66.432,72.542,119.63,24.577,59.079,166.51,166.33,36.034,50.021,33.848,33.865,33.467,30.737,33.498,200.18,200.51,70.676,75.544,26.048,27.145,157.45,40.229,37.589,199.79,199.7,67.90300000000001,167.53,235.25,44.952,638.0700000000001,41.561,36.321,71.58,80.214,27.605,27.886,27.84,123.25,113.09,129.89,121.86,127.58,181.62,188.12,38.483,40.698,37.708,36.184,34.642,35.616,51.355,39.23,36.456,38.05,36.708,35.313,44.878,52.292,177.16,163.2,164.99,165.09,164.99,159.03,158.63,101.22,76.855,74.054,57.295,48.256,67.071,0,0.9367799999999999,1.8283,43.293,46.155,72.13800000000001,56.597,56.249,56.516,73.571,68.872,156.78,160.42,332.31,57.956,155.8,254.55,239.94,65.988,68.289,66.72,79.217,78.218,64.64,64.714,61.405,55.155,55.716,54.217,55.766,66.614,57.131,57.95,61.671,78.551,79.756,66.444,67.15600000000001,67.044,71.215,284.87,284.51,71.61199999999999,315.61,69.80500000000001,52.925,159.8,165.82,164.52,169.21,151.76,140.93,145.22,65.193,67.367,62.61,81.377,75.363,103.51,95.33199999999999,95.02800000000001,182.66,67.70099999999999,64.48699999999999,166.68,164.48,236.74,284.49,287.37,31.823,40.858,47.997,48.367,169.74,195.53,194.12,196.81,209.83,97.67,116.74,43.447,61.224,61.224,156.13,29.649,37.514,89.982,93.52200000000001,112.61,68.78,61.519,57.803,40.597,69.499,68.19499999999999,30.036,182.01,179.48,184,165.79,164.99,39.339,38.954,74.95699999999999,70.29600000000001,163.32,156.19,156.16,157.05,43.841,166.87,162.67,18.829,18.634,30.22,20.986,46.259,41.878,44.323,193.03,205.38,244.38,243.86,2.2119,11.095,41.415,41.267,90.042,120.7,66.994,90.782,170.57,161.25,163.97,29.778,30.555,32.511,71.584,65.05,175.3,148.56,64.288,63.672,63.995,56.538,56.045,49.626,48.9,49.161,50.714,151.24,149.21,172.79,154.21,160.35,182.24,56.994,56.636,38.396,223.2,176.24,148.94,160.35,161.46,158.77,156.98,97.788,77.669,170.72,170.29,74.904,83.51300000000001,68.79300000000001,58.153,89.499,51.025,45.286,164.29,170.89,66.81399999999999,71.27200000000001,66.895,247.73,250.36,37.309,37.6,163.84,167.85,161.81,236.43,239.86,166.54,165.75,40.9,168,169.74,67.51000000000001,49.091,48.226,153.47,171.4,178.99,146.34,33.892,224.41,225.62,218.04,67.934,68.111,76.212,220.21,219.31,66.867,40.97,38.547,37.162,43.249,121.18,52.389,160.22,169.7,281.31,190.74,160.9,58.6,56.978,57.338,148.86,148.5,233.04,59.718,169.64,166.94,157.24,166.9,176.09,176.28,62.045,58.225,65.27200000000001,155.37,189.54,41.12,38.873,57.063,55.775,60.47,63.715,68.666,64.128,202.16,202.96,155.79
47.012,48.75,47.205,47.205,161.81,166.29,164.61,162.58,55.32,75.999,66.026,65.967,76.19799999999999,104.06,29.421,56.377,166.68,167.35,27.008,33.981,33.639,33.65,33.672,30.449,30.533,199.9,211.39,71.072,120.74,25.974,25.852,156.6,36.847,37.056,199.91,199.79,68.054,167.81,233.05,41.531,41.554,36.207,37.305,74.214,71.78400000000001,27.333,32.276,26.976,145.23,133.79,171.7,122.85,138.03,181.52,181.61,35.857,36.272,35.075,35.147,35.184,35.135,36.766,44.306,35.102,35.045,35.079,35.442,44.901,44.813,162.74,162.86,165.07,165.3,165.1,158.2,158.22,101.57,74.327,74.46299999999999,48.25,48.338,68.371,0.9367799999999999,0,0.64164,41.143,41.309,74.56699999999999,56.664,56.09,56.456,66.90000000000001,66.904,156.59,156.77,55.733,55.715,155.13,243.87,237.97,66.18000000000001,66.316,66.012,78.28400000000001,78.26600000000001,65.55800000000001,65.56100000000001,57.638,54.364,54.725,54.335,58.357,60.331,56.887,57.691,63.026,58.823,74.023,66.578,66.399,66.747,67.14700000000001,284.87,284.63,69.036,810.9299999999999,69.191,53.551,157.82,164.87,164.62,164.75,145.9,140.46,140.49,62.075,61.937,62.186,68.23699999999999,68.28700000000001,139.83,95.602,95.523,174.31,63.666,64,164.18,164.29,236.08,289.72,284.51,29.735,31.778,48.139,48.074,168.36,193.13,193.44,196.99,197.09,83.373,76.357,43.692,60.952,61.045,154.22,29.951,29.837,86.07299999999999,91.33199999999999,90.393,68.33499999999999,58.458,58.986,42.011,69.907,69.065,27.754,179.56,180.44,181.81,162.7,162.35,39.043,39.674,68.202,68.348,156.8,156.34,156.36,156.21,41.447,161.4,161.43,18.283,18.579,18.11,18.363,41.826,42.152,42.103,206.36,210.35,244.02,244.01,2.0015,2.2639,43.838,41.28,122.49,114.58,67.60899999999999,99.849,156.95,155.91,156.47,30.008,25.934,30.939,63.709,63.645,175.6,137.59,64.01000000000001,63.834,63.687,56.782,55.511,48.802,48.873,48.758,48.771,149.44,149.42,178.6,154.64,154.3,183.78,58.175,56.764,26.094,236.53,176.37,142.24,164.35,160.52,156.45,156.38,81.71599999999999,76.48,170.07,173.89,74.754,74.78100000000001,57.293,65.71299999999999,66.79300000000001,44.605,44.577,164.26,172.67,66.88800000000001,67.77,67.227,247.49,247.53,48.509,37.08,161.92,161.49,161.44,236.28,236.79,165.94,165.98,43.004,169.16,167.21,63.974,36.665,49.422,151.99,254.94,171.02,144.27,34.319,218.34,218.49,217.62,74.22499999999999,68.28,69.94499999999999,219.04,218.98,69.961,36.97,37.336,37.397,38.207,93.90600000000001,51.784,160.1,176.62,281.53,281.37,161.13,59.359,57.029,64.545,149.27,148.75,232.91,59.909,166.75,167.45,157.4,157.27,175.11,175.15,58.005,57.787,66.617,155.55,188.18,38.596,39.388,55.522,55.605,55.419,63.468,62.588,57.754,202.19,202.16,155.75
47.254,47.556,47.556,46.817,163.5,164.29,164.21,162.55,55.409,68.637,67.191,67.18300000000001,80.36799999999999,87.83799999999999,21.866,42.174,166.46,166.45,21.559,33.958,35.194,40.294,33.591,30.485,31.354,199.86,200.4,68.77500000000001,95.271,27.652,25.953,155.73,38.249,36.784,199.89,201.75,68.142,167.99,171.73,41.582,43.32,35.532,40.165,73.538,71.90600000000001,28.286,27.746,27.018,130.89,144.02,125.52,114.06,123.02,181.63,184.56,36.732,37.541,35.244,37.299,35.374,34.721,37.081,37.351,34.709,35.323,34.893,34.819,44.845,44.911,162.79,162.9,165.19,165.75,165.13,158.11,158.1,101.1,74.3,74.242,48.463,48.321,67.39,1.8283,0.64164,0,41.327,41.158,72.3,56.194,56.642,56.032,75.169,68.333,156.89,157.06,57.213,55.892,155.27,240.26,241.26,66.01600000000001,66.52500000000001,66.032,78.22799999999999,78.908,65.245,65.328,62.231,54.46,54.751,54.919,55.96,60.354,57.146,69.25,58.108,58.454,79.264,67.16,77.471,68.902,67.681,284.52,284.37,69.048,153.94,71.571,52.244,157.51,164.7,164.63,164.63,142.89,140.54,144.87,62.683,62.028,61.953,68.253,68.30200000000001,120.27,101.22,95.592,176.07,63.648,63.579,164.16,164.19,277.44,294.93,289.59,31.041,29.726,48.132,48.025,167.88,196.45,192.91,197.06,196.97,76.224,77.268,43.785,60.898,61.304,154.1,29.863,29.835,85.36499999999999,85.542,97.767,68.413,58.121,57.901,40.945,70.455,68.044,28.221,181.31,179.61,180,163.16,162.37,39.468,39.358,69.66200000000001,68.41200000000001,156.52,156.24,156.95,156.25,41.387,161.46,161.55,18.247,18.123,18.176,18.219,41.824,46.179,42.44,186.79,286.1,244.04,243.98,2.0208,1.9647,41.266,41.673,90.375,101.54,66.18600000000001,66.345,157.74,156.05,156.64,29.818,30.46,26.117,63.821,63.652,186.48,154.07,64.169,63.826,64.742,55.44,55.509,48.764,48.811,48.777,48.835,149.5,149.37,177.23,154.57,154.63,164.64,58.518,63.666,26.001,275.54,176.43,141.93,160.68,161.17,156.74,156.48,85.86499999999999,74.64100000000001,170.23,170.19,74.81100000000001,74.874,57.264,57.138,104.88,44.61,44.573,164.39,170.05,67.834,67.858,67.054,247.35,247.48,37.908,37.488,161.84,162.97,162.27,237.36,238.67,165.86,166.28,41.238,167.18,170.05,63.966,48.133,43.642,152.05,171.16,171.06,144.08,33.486,217.36,213.1,212.61,67.48999999999999,67.41200000000001,67.45099999999999,219.95,219.14,87.941,38.45,38.286,37.373,38.039,265.71,51.742,160.21,169.2,281.27,190.7,158.87,57.114,58.082,66.3,148.63,148.7,243.69,59.992,166.85,167.09,157.37,157.36,175.12,175.19,57.872,57.689,66.54300000000001,156.95,188.49,39.794,39.669,55.594,55.589,55.532,63.881,62.404,56.634,202.08,202.44,155.53
59.219,60.481,59.608,59.914,163.27,160.71,151.19,152.7,26.364,56.971,31.561,31.425,65.22199999999999,42.669,53.152,69.94199999999999,148.68,148.49,61.79,42.481,43.33,44.6,42.251,20.816,20.764,181.62,180.66,69.18000000000001,42.689,34.537,34.495,144.93,38.143,27.228,181.61,181.93,49.208,142.97,189.73,31.251,31.202,45.206,43.936,57.375,57.387,35.459,35.569,35.752,112.85,85.664,49.723,53.526,83.133,163.41,163.62,43.891,43.591,43.586,48.691,44.43,44.496,49.534,43.334,77.35599999999999,43.471,43.183,43.907,4.4169,4.7177,144.84,145.19,147.39,148.66,147.32,142.2,140.25,72.92400000000001,45.219,45.443,8.266400000000001,8.042400000000001,51.029,43.293,41.143,41.327,0,0.28995,60.264,42.658,42.762,42.365,55.928,55.774,152.59,154.19,42.042,41.824,137.26,225.22,222.71,52.139,52.638,52.096,47.993,48.063,50.9,49.483,68.464,40.551,40.562,40.38,46.309,33.615,40.802,42.334,40.386,48.839,41.225,39.305,37.515,37.32,38.048,262.53,262.44,49.519,143.57,49.57,43.32,139.66,138.8,143.61,141.69,165.61,150.08,150.79,30.589,30.655,30.647,54.3,56.06,85.051,89.187,87.373,182.8,29.204,28.875,146.25,146.2,228.37,267.85,269.83,40.107,38.371,6.8448,6.9554,150.06,184.01,175.35,178.88,179.83,53.287,59.347,3.3771,47.394,47.801,136.06,20.242,20.259,57.89,57.913,73.256,54.322,37.274,37.293,54.406,39.638,55.142,17.997,136.19,136.55,131.74,144.53,146.29,79.90300000000001,80.806,49.079,50.331,138.37,138.22,138.33,139.22,49.931,144.12,143.48,66.47499999999999,59.475,59.561,60.281,32.439,32.496,32.982,241.98,239.26,207.6,207.63,42.243,42.142,0.92372,0.86287,108.43,96.30500000000001,98.512,56.226,145.71,144.65,138.45,61.487,63.813,62.434,51.236,51.238,163.37,157.05,47.757,47.675,47.548,43.137,41.849,58.385,58.342,58.455,58.391,159.1,159.14,187.81,136.35,136.3,153.1,46.094,49.064,17.121,201.98,158.37,212.42,201.96,201.88,138.96,138.97,46.788,46.718,179.9,181.2,57.608,57.749,17.31,17.242,84.962,35.55,34.19,146.21,154.19,47.92,48.68,47.851,211.14,211.13,27.452,27.448,144.19,143.86,145.54,200.05,199.99,154.42,154.71,70.223,150.63,150.86,35.157,27.261,27.164,161.56,153.39,153.32,207.47,42.26,332,340,338.27,57.021,55.663,55.612,201.75,201.36,47.579,27.595,28.138,27.49,27.798,70.089,42.201,142.2,152.14,171.83,173.76,141.12,49.313,36.48,40.052,158.98,158.21,196.77,53.478,148.64,148.6,167.44,166.87,218.11,218.44,37.51,37.125,36.478,137.55,170.12,27.418,30.503,26.632,26.782,26.46,48.163,48.178,46.56,184.03,184.09,143.94
59.491,59.996,61.879,61.165,161.53,160.5,151.61,151.05,26.945,56.804,35.464,32,70.76300000000001,74.72799999999999,62.915,89.646,148.54,148.44,71.063,44.943,53.498,42.147,42.26,21.058,20.922,181.64,182.53,76.88500000000001,39.875,35.068,34.458,144.34,28.021,31.887,181.73,181.75,49.009,142.55,196.92,31.191,31.215,44.027,44.481,57.31,60.623,35.795,35.761,35.648,87.65600000000001,75.696,102.83,63.895,60.972,163.49,164.5,44.853,44.507,45.369,43.937,43.268,43.487,62.799,49.64,43.251,44.73,45.72,43.323,4.4034,4.2875,144.8,145.55,147.65,147.96,147.99,141.35,140.31,75.767,45.724,45.514,8.274900000000001,7.9801,51.069,46.155,41.309,41.158,0.28995,0,61.936,44.986,44.826,48.09,54.38,54.734,152.68,153.03,41.977,41.973,137.35,249.14,220.96,52.161,52.804,52.22,51.088,48.138,47.162,46.17,91.691,40.415,40.921,44.931,46.341,33.459,40.835,45.538,45.393,49.481,39.224,37.578,44.464,37.477,53.526,262.57,262.6,49.933,84.505,50.911,44.29,139.71,139.28,141.3,139.74,168.15,150.13,150.77,30.937,32.381,34.742,67.87,54.75,85.548,198.28,91.44199999999999,189.68,29.177,28.838,146.34,146.22,194,273.17,262.42,38.891,38.227,10.888,7.1579,149.86,176.18,176.35,179.01,188.48,55.712,50.301,3.4635,49.541,47.262,137.96,23.065,21.28,60.944,68.55500000000001,67.13200000000001,64.654,43.504,37.303,60.884,39.929,66.003,18.336,129.51,135.45,136.95,145.7,147.31,80.5,80.06999999999999,49.706,49.32,138.5,138.31,138.27,138.2,49.902,143.44,148.5,59.391,59.942,59.676,60.086,32.468,38.667,34.268,192.96,201.45,207.66,207.62,42.101,42.201,1.0382,4.402,80.789,202.44,56.127,75.798,147.57,144.72,138.78,61.859,66.791,64.68000000000001,51.565,60.969,168.92,152.52,48.657,47.642,49.269,41.97,48.605,61.431,63.226,58.453,59.54,159.34,158.99,192.02,138.06,136.25,177.77,50.278,45.604,16.43,158.36,164.39,207.56,201.83,205.11,138.61,140.58,46.708,55.352,179.8,180.33,63.831,57.909,17.183,17.353,107.18,34.605,34.245,146.22,152.87,52.388,48.298,47.912,211.07,211.28,34.916,27.342,144.23,143.86,147.4,200.18,200.99,156,154.61,70.381,149.11,154.34,45.118,26.911,55.906,161.67,153.01,153.22,207.33,43.147,333.08,334.27,332.25,57.484,55.837,58.038,201.31,201.04,49.216,27.401,27.963,27.437,30.279,60.56,42.259,142.91,160.04,265.09,267.21,144.28,34.52,37.154,41.081,167.31,158.38,198.85,53.754,149.27,149.21,167.23,166.93,218.49,218.53,37.027,37.323,36.46,137.66,170.27,27.992,28.139,26.614,26.455,26.354,50.409,48.138,46.454,185.37,187.2,143.94
136.98,121.28,116.33,120.41,113.95,112.66,112.33,111.99,223.18,53.962,49.459,44.062,78.753,48.806,98.7,96.76000000000001,121.66,117.39,94.405,100.28,103.47,104.21,106.47,54.089,53.94,151.56,365.21,47.281,45.611,92.28400000000001,94.08799999999999,105.51,42.759,37.426,150.42,154.48,15.302,121.39,136.8,47.696,51.64,101.68,102.33,8.6836,19.501,92.054,95.47,94.89400000000001,19.173,40.259,26.994,27.43,72.417,136.6,132.3,105.96,103.98,103.78,101.49,100.96,102.96,104.91,108.98,100.91,98.995,103.02,105.83,62.865,64.542,115.29,115.92,116.75,112.98,112.74,105.93,106.82,78.02500000000001,52.513,50.341,64.825,68.748,39.337,72.13800000000001,74.56699999999999,72.3,60.264,61.936,0,22.847,18.203,18.531,35.408,36.136,216.78,220.63,21.857,23.237,107.72,211.59,213.99,28.174,30.798,28.693,53.571,53.002,14.286,13.536,132.14,19.492,21.108,18.296,14.847,35.313,18.016,17.79,20.154,9.5314,43.419,42.393,41.987,41.849,48.853,316.82,319.03,19.364,689.66,26.205,20.871,108.51,119.24,115.63,115.42,201.96,206.96,207.2,42.443,46.589,43.388,7.2728,9.117699999999999,99.09399999999999,99.27800000000001,94.496,226.01,40.469,40.049,116.74,116.82,196.19,326.29,327.36,100.1,96.107,67.651,67.49299999999999,120.6,149.02,148.47,149.67,149.8,13.89,19.428,62.423,25.56,25.348,106.74,51.55,55.466,25.317,29.8,27.942,7.4858,46.88,49.893,88.425,47.529,32.142,49.442,106.77,105.32,106.62,115.01,113.67,85.593,88.90300000000001,16.885,16.654,111.64,107.41,106.94,110.93,107.94,112.85,109.35,90.82299999999999,92.721,93.033,89.364,42.266,46.333,45.29,125.55,171.29,200.93,200.22,73.71299999999999,73.51600000000001,62.512,62.353,91.827,125.03,96.14,69.108,110.19,103.89,111.08,88.855,93.97199999999999,89.107,27.608,26.858,122.33,221.25,25.22,27.032,25.746,17.398,21.631,115.08,117.84,115.19,115.5,221.11,213.43,221.98,105.66,109.48,141.4,34.024,31.564,47.794,189.57,130.63,217.83,245.12,241.28,111.65,109.04,12.761,16.32,238.42,234.27,22.639,26.239,77.937,74.057,80.875,58.632,54.769,118.87,129.07,15.357,16.282,13.305,230.15,207.26,39.476,39.457,114.57,115.45,114.98,192.32,194.51,113.51,117.28,100.42,120.78,120.41,39.58,53.488,46.041,218.14,127.5,121.84,221.62,101.99,369.21,369.31,368.49,10.663,7.8013,10.232,171.37,171.63,13.79,46.986,41.995,39.803,45.211,183.76,20.029,112.78,131.9,137.31,142.94,113.3,20.587,19.596,24.259,215.8,216.81,190.71,31.625,121.52,117.23,224.81,224.5,247.49,248,46.687,47.123,41.152,108.14,148.07,41.909,40.076,31.643,32.481,31.322,12.941,15.857,72.675,152.92,152.69,106.04
89.149,94.09999999999999,91.601,91.357,107.16,110.7,116.92,115.29,18.934,37.083,48.518,48.562,52.755,63.84,88.372,138.94,120.2,115.55,76.32599999999999,82.908,92.38200000000001,107.44,82.517,36.772,38.499,146.69,145.92,50.086,33.735,74.94199999999999,83.473,108.84,21.757,22.28,146.9,146.42,14.234,111.85,172.99,32.157,31.689,84.45399999999999,84.47,17.901,18.698,82.58,76.464,75.38800000000001,143.72,47.148,52.536,21.279,19.095,129.22,128.57,101.92,85.82599999999999,85.00700000000001,84.66,83.94499999999999,84.096,86.66500000000001,91.919,127.34,85.327,84.02,86.063,46.086,46.315,110.41,111.25,112.6,112.01,111.89,106.85,105.81,65.645,28.956,29.826,57.308,49.524,15.882,56.597,56.664,56.194,42.658,44.986,22.847,0,0.88051,0.61089,33.29,33.927,205.94,287.54,2.2866,1.4667,102.17,183.07,184.3,17.127,17.636,17.338,41.094,40.247,7.568,6.923,193.13,3.1737,2.9835,2.6336,12.632,34.099,9.854200000000001,4.8608,5.8711,12.854,22.127,21.278,28.663,26.49,20.802,328.36,328.79,16.807,517.25,17.266,28.204,104.3,108.05,108.55,109.04,207.42,188.59,188.54,50.851,48.787,47.436,15.954,14.412,100.97,80.63500000000001,79.20999999999999,216.28,51.712,45.71,111.61,110.89,183.9,333.51,331.99,80.18300000000001,81.036,49.348,49.426,115.11,143.42,141.85,144.13,144.15,16.103,9.478999999999999,44.861,17.497,15.708,101.06,35.226,41.281,19.198,20.151,38.214,14.348,30.772,30.893,81.922,31.795,29.23,43.682,101.66,102.4,91.438,117.66,109.42,74.31999999999999,73.79600000000001,13.648,13.892,103.5,103.69,108.97,102.91,89.867,108.99,108.58,74.62,74.627,74.116,74.94,27.093,32.736,27.594,125.17,220.01,196.23,188.76,57.339,57.311,43.3,42.411,101.52,96.184,52.189,51.618,112.71,109.12,103.9,87.30800000000001,87.027,88.71899999999999,23.733,28.685,114.35,212.39,12.105,11.843,11.726,3.6057,3.7225,97.41,97.23099999999999,97.244,97.756,198.26,201.92,214.58,101.85,101.55,143.26,25.71,24.108,47.484,231.78,123.44,204.62,226.51,229.12,104.49,103.55,11.706,11.563,218.69,218.59,21.931,23.801,68.991,59.027,51.732,41.362,39.237,111.81,116.71,16.734,13.606,12.852,192.19,192.22,21.15,21.994,111.63,109.15,108.7,180.66,181.45,118.79,119.04,91.261,115.58,114.26,18.308,31.163,22.111,200.93,118.53,117.77,201.85,87.86799999999999,358.14,350.59,349.88,16.037,17.363,16.526,166.52,165.85,12.401,22.594,21.174,21.614,21.899,143.42,35.42,107.6,136.25,230.64,136.56,107.02,10.399,10.834,10.608,198.18,197.16,187.95,16.858,118.59,114.24,221.57,222.03,259.37,257.34,30.998,30.426,29.916,104.66,140.42,25.529,21.875,19.088,18.676,19.236,11.153,16.622,40.608,149.43,149.04,111.34
89.337,89.879,89.831,89.214,106.17,109.64,115.24,115.54,18.657,36.354,48.818,48.9,39.085,30.066,84.482,101.59,113.39,113.63,76.389,84.96899999999999,83.325,98.187,82.581,36.44,36.101,146.06,146.84,65.02,62.241,75.232,75.11199999999999,108.57,23.232,23.077,146.83,146.78,14.996,111.63,162.05,34.644,33.675,85.235,85.245,19.262,19.263,76.34,76.182,75.93899999999999,35.534,19.429,42.314,25.565,39.871,128.97,135.3,95.027,83.73,85.8,86.63200000000001,84.581,83.64,84.797,139.88,83.73399999999999,83.60299999999999,86.678,83.97199999999999,46.262,46.289,109.9,110.28,112.36,132.66,112.4,107.1,105.65,63.788,28.772,28.759,49.761,50.204,16.82,56.249,56.09,56.642,42.762,44.826,18.203,0.88051,0,0.72503,35.045,34.55,206.05,208.2,1.9798,2.4753,102.39,191.46,175.29,17.65,17.667,17.604,40.518,40.213,7.0033,8.1328,154.29,3.1222,3.1376,2.952,12.616,20.866,5.5029,5.1607,15.77,11.499,26.944,21.339,21.1,21.115,21.197,328.96,323.71,17,107.63,17.052,29.64,105.01,108.51,108.39,107.96,207.81,190.25,191.8,49.775,48.192,47.832,14.536,14.904,80.86199999999999,79.39400000000001,108.29,218.36,46.131,46.078,111.36,111.42,149.01,326.88,326.43,79.239,78.855,53.808,52.246,115.03,144.67,141.29,143.97,144.08,13.658,11.019,44.717,13.934,12.705,103.94,35.738,35.267,20.832,19.29,35.599,14.968,30.632,30.96,84.489,31.753,25.671,33.99,102.92,102.15,91.818,110.45,110.26,73.31,74.074,15.393,14.132,103.58,103.69,105.55,103.28,90.193,108.38,110.09,75.131,76.505,74.97,76.202,27.233,34.882,27.198,190.14,151.93,188.78,188.65,58.474,59.131,42.98,43.627,74.795,85.407,51.331,56.481,111.99,108.89,103.56,88.41200000000001,86.33799999999999,84.012,24.249,24.249,121.06,216.53,11.951,12.169,11.559,4.2551,3.7797,97.533,97.12,97.407,97.422,198.57,197.85,217.68,101.63,103.68,111.65,21.304,26.289,36.059,123.16,123.67,205.74,225.45,225.83,103.49,103.66,38.497,35.045,219.7,224.17,21.903,22.488,58.69,59.047,41.056,39.447,39.345,111.8,116.69,14.736,17.065,13.424,193,192.61,21.798,23.58,111.2,109.33,110.76,181.02,180.87,119,118.8,86.559,114.59,114.99,18.499,21.364,39.405,200.34,117.98,119.18,202.47,82.633,351.55,358.59,354.43,15.678,15.435,15.394,165.68,166.36,13.229,22.796,22.371,22.373,24.595,210.89,26.92,107.52,112.17,137.52,230.35,107.51,10.933,15.179,10.917,197.74,199.56,177.47,17.784,113.92,113.49,221.96,222.45,257.35,257.15,30.982,30.797,28.959,102.74,135.74,33.988,28.25,19.038,18.815,18.706,12.973,10.544,87.45,150.06,149.24,108.85
89.059,90.092,89.229,88.852,106.67,109.74,116.03,115.45,18.498,36.393,48.376,48.532,96.411,37.196,80.593,119.02,113.75,113.49,80.779,82.88800000000001,84.336,82.871,82.46599999999999,36.193,35.897,145.69,147.65,55.768,33.17,74.97799999999999,74.68600000000001,112.17,21.827,22.376,146.49,146.44,13.639,111.48,125.8,31.984,32.145,84.11499999999999,84.51900000000001,29.653,17.44,76.467,76.015,75.789,22.348,30.232,78.616,78.337,36.908,128.28,128.59,84.748,87.19799999999999,84.169,86.145,83.499,84.619,85.48699999999999,83.66,84.402,83.92100000000001,83.82299999999999,84.20399999999999,46.101,45.906,109.81,110.35,112.42,112.41,112.3,106.37,105.01,63.02,28.884,29.175,49.438,50.009,17.511,56.516,56.456,56.032,42.365,48.09,18.531,0.61089,0.72503,0,34.969,34.643,206.07,206,4.0176,1.8587,102.15,191.53,185.16,17.226,17.753,17.31,40.283,40.283,7.1599,6.8739,93.477,2.7575,3.22,2.8546,12.555,26.152,5.4844,5.2848,11.948,11.035,22.01,21.133,22.422,21.2,21.951,326.69,331.71,17.266,93.05,20.357,27.009,104.8,109.06,108.05,107.31,201.89,188.91,189.21,47.936,47.953,47.436,15.568,14.465,80.732,86.864,79.092,214.42,50.575,45.786,111.05,110.77,192.38,336.57,333.93,78.65300000000001,95.16500000000001,49.314,49.302,114.8,141.02,139.87,144.15,144.14,9.5425,10.659,44.25,11.96,12.297,101.23,35.483,37.289,19.132,19.446,30.853,14.44,30.956,30.618,77.381,32.501,19.188,34.523,101.72,92.41500000000001,91.68000000000001,109.33,109.81,73.077,77.946,19.193,13.961,103.47,103.4,103.2,103.3,90.223,108.6,108.15,74.483,75.11,74.95699999999999,75.148,27.038,26.597,26.92,154.06,149.72,188.86,188.54,57.377,57.08,42.703,48.774,73.85899999999999,117.63,50.521,96.11799999999999,110.5,108.62,104.21,85.63800000000001,86.48,82.208,24.052,23.928,119.76,210.55,11.93,11.837,19.761,6.8232,4.0486,97.258,97.30200000000001,96.886,97.121,198.03,197.84,216.19,107.02,101.23,116.62,22.661,23.641,33.556,214.5,123.26,204.96,227.73,225.44,103.77,103.91,12.004,11.306,218.04,218.89,22.096,22.08,58.235,58.232,47.259,39.402,39.327,111.32,117.72,12.964,13.24,12.777,192,192.23,21.11,21.283,109.25,108.99,108.86,180.78,181.18,118.82,118.77,87.253,114.02,114.41,18.384,36.756,23.707,200.59,117.68,117.86,201.24,82.947,354.97,354.73,351.11,15.277,15.04,15.133,165.8,166.02,12.6,22.152,21.201,21.237,21.954,191.23,26.496,106.83,112.37,137.18,229.72,106.06,10.904,9.9277,12.852,197.37,197.24,178.1,17.086,113.85,113.72,221.69,222.25,256.67,257.32,30.721,30.696,30.553,104.5,136.67,28.344,24.063,19.013,18.671,19.123,10.929,11.147,40.392,150.5,148.91,108.5
89.438,91.092,97.30800000000001,96.65000000000001,120.05,123.46,120.35,121.82,37.329,18.481,84.613,78.684,71.867,63.138,93.28400000000001,121.52,126.51,128.01,78.577,92.899,95.301,94.741,94.31,47.491,49.231,157.17,159.6,36.965,71.373,86.604,84.996,115.07,22.37,23.656,161.68,160.37,30.849,123.33,145.12,42.893,41.256,96.05800000000001,104.9,38.459,32.949,90.289,86.15000000000001,86.056,51.878,96.07599999999999,33.962,100.56,37.668,142.51,145.89,102.05,94.667,94.66,98.018,97.345,94.36,95.379,97.68600000000001,95.68000000000001,95.367,94.105,94.541,56.799,58.258,124.9,124.22,122.74,124.39,124.2,121.18,117.23,88.901,47.037,46.962,63.335,62.823,21.917,73.571,66.90000000000001,75.169,55.928,54.38,35.408,33.29,35.045,34.969,0,0.4575,213.36,212.02,34.304,32.759,116.03,240.05,202.85,35.646,20.797,20.45,65.879,65.867,33.725,33.868,79.718,32.813,31.863,31.34,21.236,26.022,42.886,43.539,43.359,44.115,43.008,39.201,40.713,40.962,41.274,304.06,305.58,22.89,91.77,23.226,19.681,122.84,122.26,123.74,123.81,202.31,201.74,200.05,76.122,74.523,76.026,31.213,29.615,72.777,71.51900000000001,72.782,224.35,85.901,76.142,125.45,125.43,240.78,307.65,303.97,92.39400000000001,102.28,59.066,59.424,128.44,156.6,157.36,157.73,157.59,28.262,33.12,57.806,42.069,40.833,122.66,48.462,46.958,55.388,58.579,61.224,33.014,48.777,47.222,80.67700000000001,65.053,49.7,48.091,106.86,107.02,108.26,130.8,126.14,82.102,86.98,31.587,30.492,115.86,117.15,117.31,115.66,100.36,118.94,120.55,83.432,83.464,83.61499999999999,85.197,28.219,26.576,28.596,179.81,181.71,217.07,233.5,69.345,74.934,54.463,54.5,69.203,111.69,47.128,69.858,114.58,116.49,125.09,76.429,77.64700000000001,80.095,11.635,11.703,140.78,224.9,37.979,37.906,39.26,33.94,32.415,108.42,108.44,109.87,109.99,211.77,210.51,222.32,116.32,113.9,149.03,24.523,24.855,44.984,225.4,137.06,202.38,219.84,218.15,124.95,127.04,63.656,39.613,230.12,232.05,14.949,13.431,69.476,74.803,111.76,48.693,50.156,122.72,131.62,30.264,29.943,29.806,221.41,221.62,23.136,23.698,126.1,123.71,123.47,210.25,211.34,125.02,127.06,98.685,127.82,129.32,36.675,29.57,35.319,211.79,139.1,133.2,201.53,93.09699999999999,463.73,466.94,467.86,31.609,39.907,32.049,179.49,181.15,29.861,22.266,32.387,23.499,22.385,220.26,8.507999999999999,122.31,144.26,156.88,156.38,129.72,37.829,36.931,44.285,211.76,208.24,216.58,20.306,129.56,128.94,232.46,233.95,241.22,242.78,48.59,47.085,48.743,114.8,150.55,30.723,32.41,39.011,37.765,37.67,20.322,21.816,39.591,170.29,170.23,115.04
89.477,89.679,93.18000000000001,90.48999999999999,119.45,123.39,120.59,121.66,37.536,18.457,80.28,78.892,50.503,70.68300000000001,106.88,99.42100000000001,128.32,129.07,76.756,93.002,95.274,94.696,94.169,47.483,49.084,159.59,158.63,9.9533,83.703,86.59399999999999,84.91800000000001,114.92,22.279,23.26,161.87,160.54,30.813,123.56,201.16,42.831,41.304,96.149,95.126,35.42,37.211,87.905,85.96599999999999,85.973,41.515,50.241,36.608,32.304,59.928,142.16,143.75,95.372,96.3,95.821,95.977,95.294,93.65900000000001,95.13,135.6,97.13800000000001,95.253,106.95,94.711,56.738,58.329,124.97,124.29,122.86,129.53,124.34,120.55,117.23,88.688,47.175,46.988,63.534,62.794,21.848,68.872,66.904,68.333,55.774,54.734,36.136,33.927,34.55,34.643,0.4575,0,213.47,211.9,34.324,32.67,116.94,207.88,213.85,20.475,20.909,20.487,65.941,66.102,33.785,33.851,141.61,32.902,31.634,31.401,22.814,26.031,44.884,44.835,42.831,45.178,42.957,39.69,40.789,39.14,41.391,304.19,303.93,22.984,508.54,22.956,22.523,118.69,122.32,123.67,123.89,191.27,201.67,200.15,76.367,74.48099999999999,75.992,31.095,29.6,72.88500000000001,71.69799999999999,73.956,223.59,79.916,76.19799999999999,125.52,125.48,187.44,302.31,309.07,90.628,91.249,59.268,59.063,128.47,154.39,153.77,157.65,157.6,33.476,33.691,62.119,38.134,39.808,122.64,48.516,46.801,49.353,52.17,92.011,31.996,50.903,47.849,81.845,59.287,45.464,47.303,107.98,106.65,108.5,125.74,125.21,82.295,86.807,31.317,40.002,116.06,117.38,117.42,115.82,100.43,118.95,120.52,83.392,83.38200000000001,83.702,85.017,27.954,26.496,28.214,135.58,193.64,226.45,218.09,69.31,69.358,54.452,54.395,67.64400000000001,87.81699999999999,46.958,63.002,113.75,115.39,125.04,76.31399999999999,82.268,76.996,11.601,11.551,143.95,232.07,38.01,37.937,39.315,34.192,40.951,108.42,108.38,110.01,109.92,209.48,210.55,224.14,115.77,113.83,151.01,24.871,24.494,50.042,143.81,136.99,206.53,217.2,218.37,125.54,126.55,79.24299999999999,40.381,230.02,231.3,14.995,13.452,69.506,70.89400000000001,41.586,48.664,50.179,122.71,131.06,29.941,28.714,30.079,221.49,221.68,196.75,23.187,122.32,124.28,125.47,210.35,210.57,124.93,123.56,99.761,128.77,129.44,36.672,32.778,21.402,211.54,131.78,133.14,201.47,93.556,464.33,466.36,464.67,33.113,32.909,32.147,179.4,181.09,30.912,22.562,22.175,23.464,32.244,113.72,8.4153,122.26,148.53,157,157.28,118.2,39.558,37.055,36.366,210.96,208.15,205.71,20.56,127.18,129.49,232.54,233.72,241.25,242.79,48.649,47.042,49.359,114.35,150.47,22.377,24.921,39.056,37.511,37.508,25.338,20.729,39.464,170.18,170.42,114.63
249.63,295.83,247.68,251.09,299.84,308.11,309.64,308.56,179.33,237.53,179.86,178.58,201.36,189.45,128.38,147.02,308.24,308.31,165.57,128.47,132.3,129.4,131.24,212.06,212.6,341.59,340.34,224.14,233.63,120.55,120.45,303.18,207.95,208.58,341.57,341.45,207.55,320.12,339.99,211.77,212.83,130.16,134.01,215.7,218.54,121.44,121.93,123.7,256.01,221.61,226.48,259.22,227.95,323.25,323.3,129.62,130.76,130.84,130.76,129.29,129.16,131.77,166.95,129.27,129.18,131.26,129.58,158.18,158.19,306.2,304.63,305.49,305.66,305.6,298.68,298.81,248.69,197.98,198.05,161.96,162.14,214.71,156.78,156.59,156.89,152.59,152.68,216.78,205.94,206.05,206.07,213.36,213.47,0,0.83899,205.41,205.33,296.8,403.59,376.55,218.11,220.35,215.68,225.28,225.26,201.69,201.8,144.73,204.09,204.26,203.99,200.35,219.93,193.59,194.35,194.41,205.8,215.26,190.32,192.38,214.63,190.43,120.52,120.51,206.27,697.4,208.35,225.08,299.27,306.38,306.77,326.02,9.150499999999999,8.0519,10.233,174.14,174.18,174.19,212.35,212.39,257.95,258.7,258,71.502,175.73,175.76,305.94,307.57,356.5,120.4,125.57,124.53,125.15,159.45,159.34,309.87,334.77,334.79,338.91,338.75,203.38,200.15,153.61,210.66,210.92,295.85,211.52,211.38,209.92,210.07,229.02,212.78,201.98,202.07,129.08,217.36,218.12,209.36,333.92,307.19,312.17,304.11,304.85,132.87,132.69,211.38,210.33,298.2,297.93,298.52,297.94,135.78,301.74,301.73,150.32,150.16,149.9,150.73,212.85,212.91,213.19,357.45,341.73,387.38,387.29,157.91,157.79,152.78,152.77,252.85,290.92,235.28,233.98,302.86,302.39,298.69,133.95,133.94,135.08,210.24,209.46,313.32,16.914,200.86,200.76,200.7,205.57,208.42,143.34,143.37,143.38,144.47,18.085,18.937,68.009,297.48,296.24,319.28,223.2,219.54,221.86,378.13,318.08,36.451,292.42,292.15,298.4,298.18,232.79,211.04,37.693,37.966,215.14,215.25,168.39,169.14,232.22,199.2,198.81,306.08,313.35,206.53,207,206.42,391.46,391.32,208.08,208.37,310.31,303.4,304.09,379.46,379.51,312.01,311.98,161.39,310.63,308.95,187.64,207.74,211.36,19.423,312.75,312.75,100.08,128.75,87.512,88.09699999999999,88.51000000000001,204.41,204.92,206.3,361.38,362.99,207.36,208.02,208.81,208.68,210.08,173.44,222.68,301.98,324.11,330.12,330.04,300.75,228.18,222.18,231.93,23.404,15.969,376.71,206.98,308.3,308.29,20.91,20.882,241.97,251.22,201.69,202.05,199.61,297.64,338.42,204.32,221.39,179.93,179.16,179.37,202.31,202.01,224.64,343.75,343.9,302.12
248.04,248.13,248.18,249.08,300.21,304.63,310.69,309.91,179.09,238.98,178.33,178.71,212.38,218.09,129.79,130,308.24,308.4,181.83,133.1,128.69,130.42,128.13,212.12,216.49,341.02,343.23,224.4,245.88,124.56,124.53,314.44,208.12,222.82,342.98,341.36,207.47,312.09,386.12,213.48,213.03,130.13,130.8,218.14,215.87,127.19,122.8,122.67,252.96,250.86,223.57,224.75,225.58,323.49,329.32,129.28,130.86,129.88,130.18,129.29,129.27,130.93,130.02,131.26,130.7,129.79,134.13,163.6,158.28,304.42,305.69,306.94,305.59,305.63,300.63,298.62,248.52,198.53,198.09,167.42,161.93,215.78,160.42,156.77,157.06,154.19,153.03,220.63,287.54,208.2,206,212.02,211.9,0.83899,0,206.33,206.94,297.61,391.79,392.37,215.77,220.01,220.12,226.46,225.35,201.77,205.35,276.75,204.09,204.27,207.52,204.15,236.7,193.69,197.57,195.3,206.2,193.02,190.34,190.63,191.29,190.45,120.51,120.45,207.36,348.25,206.6,223.05,299.28,306.37,306.61,306.38,9.270899999999999,8.158799999999999,7.9693,174.16,174.62,174.17,213.71,212.41,258.95,257.99,258.18,75.57899999999999,175.84,475.48,305.97,305.91,367.08,120.26,125.62,124.23,126.49,159.44,159.8,311.3,337.1,337.53,339.43,338.85,203.74,202.16,153.49,210.64,211.22,296.5,211.65,211.47,212.89,215.4,228.81,214.31,203.83,202.1,139.36,216.64,217.76,210.97,311.69,301.38,313.84,304.26,304.26,133.96,133.37,207.65,207.26,298.15,297.93,299.26,298.01,135.82,302.57,301.83,150.26,149.92,150.22,151.02,212.93,212.94,213.6,318.53,328.63,387.3,389.15,157.86,159.33,152.57,153.33,252.98,271.3,233.97,234.8,302.57,303.2,298.2,136.33,133.33,134.76,208.85,208.76,319.55,16.96,200.96,200.7,200.71,211,205.24,143.37,143.31,143.33,143.76,16.888,16.874,65.285,591.5599999999999,296.32,310.3,221.9,223.01,400.98,427.85,318.35,42.49,292.58,292.33,302.55,298.22,242.73,216.87,42.623,38.061,215.25,215.13,168.39,169.79,243,200.42,198.85,305.99,315.32,207.44,207.5,208.28,390.68,390.95,208.09,209.18,304.77,304.53,318.3,379.46,380.73,311.93,312.76,161.57,308.94,309.2,187.77,210.62,226.68,19.428,312.69,312.73,99.95699999999999,131.54,87.289,87.723,87.898,205.07,205.62,206.15,360.63,361.05,206.04,211.69,208.35,208.12,209.36,222.3,223.99,301.9,307.19,331.97,336.06,303.19,224.21,223.07,224.11,16.702,17.058,376.55,210.68,308.35,308.88,20.991,22.359,242.03,241.9,201.86,202.09,189.33,297.33,340.46,224.65,236.5,180.18,179.33,180.54,202.69,201.52,224.53,343.81,343.88,302.8
88.68000000000001,89.44,89.68000000000001,96.845,106.88,112.25,115.66,114.85,18.116,38.588,47.962,48.614,52.25,79.209,92.134,117.89,112.93,112.83,79.905,82.229,83.482,81.989,82.15300000000001,35.557,35.43,145.67,146.04,51.822,68.742,74.46899999999999,74.47199999999999,108.76,20.935,21.405,146.21,146.01,13.456,111.97,187.12,31.565,31.496,84.34399999999999,85.18899999999999,20.783,17.347,75.61199999999999,75.514,75.997,51.412,56.313,19.955,38.323,23.399,127.91,128.69,83.40300000000001,84.54300000000001,83.84399999999999,84.51000000000001,83.506,83.265,85.616,88.95699999999999,83.551,84.46599999999999,84.098,84.227,45.453,47.494,109.35,109.75,115.47,112.04,111.84,107.74,104.7,62.768,28.434,28.413,49.08,49.567,15.422,332.31,55.733,57.213,42.042,41.977,21.857,2.2866,1.9798,4.0176,34.304,34.324,205.41,206.33,0,0.74098,102.04,178.03,180.58,16.813,17.415,18.15,42.459,40.231,6.4172,6.4109,87.374,2.3597,15.704,2.2682,17.355,20.296,5.9405,4.8945,4.0618,10.729,42.577,20.544,20.885,27.508,20.955,323.14,328.28,16.709,212.86,16.733,27.274,103.93,110.65,108.37,109.58,213.99,190.22,192.24,47.266,47.053,46.94,13.93,13.891,80.58,101.22,79.491,221.28,45.905,45.415,112.4,110.69,184.64,331.03,332.47,78.05800000000001,78.24299999999999,48.815,48.715,114.34,145.62,140.92,143.45,143.98,11.231,10.373,43.907,11.501,12.926,100.55,34.788,42.979,18.921,27.004,45.908,14.054,30.364,30.166,90.783,31.524,19.193,35.152,92.944,92.724,102.99,110.07,110.03,72.94199999999999,73.515,16.609,13.791,103.91,102.91,105.31,103.25,89.67,108.03,114.14,74.242,74.306,74.164,74.33199999999999,27.152,37.309,27.037,158.12,192.86,188.2,188.38,57.053,56.816,42.205,41.989,77.649,106.17,64.819,73.133,108.69,108.54,104.14,87.777,87.682,87.34999999999999,23.437,23.417,115.25,212.38,11.622,11.413,11.227,3.6618,4.565,96.895,99.843,96.718,292.22,197.47,197.61,217.83,102.68,100.76,127.54,27.129,23.811,31.89,129.97,122.96,199.75,224.97,224.97,104.97,104.36,48.985,29.98,218.42,220.2,21.944,21.612,57.888,57.88,49.575,38.84,38.655,110.67,118.45,13.136,13.049,12.619,194.24,191.76,25.315,20.854,115.15,108.54,108.1,180.45,181.21,118.28,118.13,87.336,114.48,113.77,18.137,20.536,27.906,199.93,118.13,119.73,200.78,82.21599999999999,357.53,356.37,357.66,15.197,20.685,17.054,165.29,167.08,12.361,20.956,21.134,23.527,24.057,212.25,26.082,106.8,122.55,136.35,137.11,105.4,12.445,18.922,10.587,197.03,196.55,177.44,70.355,113.38,113.58,221.32,221.35,256.61,257.03,30.087,31.429,31.904,101.9,134.62,22.398,22.647,18.458,18.585,18.353,10.085,11.862,46.738,149.11,148.46,109.2
88.44199999999999,90.56,88.67700000000001,88.654,109.04,108.87,115.72,114.93,18.314,46.889,47.96,48.08,53.437,40.586,80.04600000000001,92.89400000000001,113.99,114.13,75.626,82.36199999999999,82.193,91.614,82.032,35.41,35.496,146.58,145.76,67.828,78.15300000000001,74.41500000000001,74.32599999999999,108.66,21.722,34.033,146.31,146.49,14.212,111.77,125.97,32.512,35.618,83.98699999999999,85.84099999999999,17.15,17.025,75.28400000000001,75.65000000000001,75.45099999999999,24.549,44.73,61.158,57.801,33.454,128.75,127.96,86.721,83.87,83.39100000000001,84.143,83.161,83.123,83.167,83.376,94.22199999999999,83.425,83.39700000000001,83.985,45.534,45.452,109.23,110.54,111.95,111.7,111.67,104.75,104.89,63.089,28.324,28.488,52.717,49.278,16.505,57.956,55.715,55.892,41.824,41.973,23.237,1.4667,2.4753,1.8587,32.759,32.67,205.33,206.94,0.74098,0,101.59,182.84,214.58,16.848,17.77,16.533,39.857,43.626,6.7438,6.2821,244.52,2.2894,2.4371,2.1596,11.888,20.271,4.4599,4.3716,19.152,10.836,22.723,20.357,20.612,20.428,20.981,331.01,326.11,16.689,310.85,22.228,27.144,104.15,107.54,107.86,107.47,194.1,188.41,190.27,47.109,46.93,49.204,14.228,13.794,81.68899999999999,107.74,78.879,217.48,45.244,45.319,110.61,110.83,202.39,330.87,336.16,78.80200000000001,78.72499999999999,49.104,48.709,114.35,140.01,142.33,145.46,147.87,22.382,10.987,43.993,11.823,11.525,100.86,34.831,34.861,19.493,21.395,18.995,15.67,31.727,31.278,76.878,31.891,24.632,44.833,93.393,92.667,103.04,110.11,109.77,72.69199999999999,72.563,13.377,14.967,103.24,102.65,102.74,102.6,90.158,108.03,108.26,74.066,74.25700000000001,74.283,74.18300000000001,26.288,26.288,28.945,157.39,156.68,188.23,188.26,56.843,57.692,42.026,41.963,73.622,109.77,75.983,50.089,108.88,109.78,103.1,85.358,85.194,88.383,23.59,24.46,128.61,210.28,11.712,11.266,11.288,13.625,9.4961,96.699,96.71899999999999,97.068,96.746,198.87,197.29,215.74,101.05,101.53,140.03,20.754,18.154,39.914,122.66,122.74,200.41,225.13,225.78,103.31,102.88,29.132,30.752,218.63,219.25,21.453,21.565,57.656,58.044,33.985,38.586,38.68,110.69,120.42,12.437,14.669,12.136,191.65,192.17,20.778,20.712,108.24,107.74,108.66,180.55,180.62,118.25,118.13,86.502,113.68,113.66,27.162,20.514,25.903,199.9,117.62,117.74,201.45,82.715,350.12,349.2,348.84,20.669,14.009,15.456,165.2,165.76,11.944,22.587,21.132,21.323,21.101,90.887,29.145,106.61,134.45,136.18,138.17,107.74,9.69,9.8391,10.186,199.82,196.46,177.45,16.268,112.95,113.33,221.36,222.12,256.97,256.71,30.031,30.299,28.97,101.86,135.66,23.867,22.864,18.684,18.242,18.197,9.969099999999999,10.302,40.596,149.02,148.54,108.22
190.56,187.28,187.22,188.87,17.675,16.854,29.816,29.708,115.22,135.11,157.15,156.73,173.15,125.76,177.14,174.35,21.981,21.74,166.43,179.19,179.06,179.94,178.98,137.51,134.96,55.87,55.485,128.23,138.15,171.5,171.5,24.023,120.48,121.69,55.319,55.302,102.67,37.977,61.159,134.4,136.06,181.01,180.89,106.32,106.37,172.55,173.72,173.43,110.51,231.84,105.1,130.21,124.72,37.01,37.347,181.73,180.66,181.41,180.99,180.34,180.92,182.83,185.18,180.25,180.1,181.88,181.07,142.67,142.34,18.438,24.196,44.158,36.805,78.952,43.95,31.774,164.17,132.86,125.65,146.44,146.22,112.92,155.8,155.13,155.27,137.26,137.35,107.72,102.17,102.39,102.15,116.03,116.94,296.8,297.61,102.04,101.59,0,121.81,113.63,113.73,113.73,112.28,282.54,135.01,116.33,113.27,329.07,103.51,103.97,103.83,428.43,108.13,103.07,106.35,107.44,94.447,127.21,127.47,253.1,117.38,121.89,230.69,228.87,108.06,132.13,108.9,105.53,7.2885,20.161,20.074,20.159,302.13,284.23,284.2,146.86,146.32,146.18,101.8,102.48,167.56,166.88,167.05,311.55,151.39,151.55,19.382,21.293,91.544,233.78,233.55,177.09,179.43,146.51,143.9,24.473,48.757,56.159,53.235,53.077,101.68,103.39,141.69,107.57,106.95,9.8818,134.12,134.18,106.07,102.97,117.41,108.02,128.43,128.75,193.41,126.5,116.85,133.2,34.088,37.878,35.058,19.941,18.62,168.05,169.96,104.38,102.43,5.8921,1.9065,2.0984,2.0665,192.84,37.67,32.892,171.19,170.98,171,171.8,129.03,128.98,130.39,93.536,90.18000000000001,305.24,305.26,156.97,156.24,137.21,139.21,161.72,190.11,150.86,151.18,26.594,24.483,12.009,182.87,181.89,186.31,111.3,124.75,15.566,351.6,110.97,110.24,109.97,104.18,104.15,191.84,191.86,191.87,191.9,292.45,292.99,307.02,10.091,10.01,51.276,122.11,122.85,132.99,31.758,41.837,586.6,313.86,313.86,12.388,11.911,114.62,127.89,313.31,313.38,108.99,109.52,153.24,153.27,110.84,135.51,135.45,20.764,27.548,108.23,109.91,108.23,308.53,309.55,120.18,124.56,18.04,17.652,17.603,298.28,298.39,33.163,33.731,180.39,26.554,28.928,114.93,134.61,120.86,294.98,28.122,26.855,304.22,179.33,453.7,456.61,453.57,105.13,105.44,105.74,79.572,75.489,101.46,127.38,124.57,124.94,128.18,231.4,104.68,15.819,40.863,245.34,245.66,10.098,114.34,113.28,119.53,291.79,291.56,295.3,107.19,22.359,22.438,309.4,309.32,351.48,351.84,232.52,128.53,127.87,6.7984,44.797,123.98,122.4,115.26,115.23,115.54,97.976,98.20999999999999,140.87,57.636,57.696,22.468
255.19,252.16,242.28,248.53,256.8,123.84,113.66,104.29,185.41,196.08,267.21,195.39,211.89,227.13,299.61,405.95,110.28,140.36,420.95,287.79,271.53,293.41,404.72,218.56,239.75,148.63,150.87,191.95,237.44,317.16,300.06,114.71,213.66,200.28,133.02,143.62,178.59,111.16,194.37,235.63,250.33,287.36,257.22,179.06,180.78,300.93,305.72,291.36,236.21,210.86,204.07,233.02,191.83,120.53,116.11,272.23,260.41,251.95,472.24,288.23,301.88,267.51,310.36,300.95,257.09,280.52,263.36,235.08,205.1,115.45,104.63,132.57,124.55,262.14,153.34,113.68,233.42,211.67,205.8,230.17,227.49,204.85,254.55,243.87,240.26,225.22,249.14,211.59,183.07,191.46,191.53,240.05,207.88,403.59,391.79,178.03,182.84,121.81,0,0.20367,249.69,198.3,345.34,372.64,240.29,185.77,193.04,264.81,199.87,190.7,178.16,184.93,205.35,423.3,179.87,190.23,170.53,268.36,200.61,178.09,176.72,270.63,462.42,440.5,212.13,1552.7,217.66,183.86,94.044,123.01,180.48,215.88,365.34,361.86,362.18,225.17,204,204.13,191.75,183.04,240.64,280.75,242.13,501.07,221.12,289.43,111.14,150,145.97,432.49,489.8,404.2,283.8,218.89,220.84,100.67,135.99,144.2,136.46,158.55,186.6,179.2,228.22,203.96,218.04,210.78,287.12,291.06,230.56,186.27,174.27,179.62,208.44,217.62,267.62,191.42,213.88,359.64,83.479,102.8,100.96,110.82,126.14,243.35,248.65,195.72,195.88,118.81,124.47,119.4,103.06,247.36,131.77,131.13,452,248.92,269.65,231.83,279.84,250.9,235.93,142.83,131.98,359.47,362.07,412.73,254.18,202.69,209.89,249.18,278.25,281.08,253.54,87.396,92.634,127.68,262.88,257.63,246.5,205.65,230.78,154.36,391.12,176.58,196.16,221.05,203.34,197.32,265.74,434.4,244.46,262.51,367.72,455.87,378.13,131.9,114.77,134.8,270.2,193.09,202.77,106.72,107.34,380.57,368.89,374.95,139.06,141.13,224.54,201.56,386.17,395.54,183.48,329.61,230.8,342.4,213.78,233.88,231.74,118.32,114.44,189.89,189.71,182.76,356.27,364.22,199.47,225.35,279.2,120.29,128.27,341.84,339.65,96.33499999999999,121.28,299.61,101.74,233.69,252.81,220.58,238.42,376.07,117.42,132.09,411.8,410.95,430.3,427.47,431.4,173.19,171,182.07,187.16,202.07,214.69,212.91,210.14,210.18,203.32,317.36,186.07,93.149,129.85,316.55,256.11,137.64,183.45,200.29,228.26,370.45,525.4,347.85,183.81,104.93,108.36,389.47,392.71,436.96,423.64,200.89,242.47,202.97,166.28,126.3,219.63,239.44,197.05,257.4,254.28,212.56,184.36,222.06,140.44,136.8,94.559
241.75,229.95,255.96,248.6,107.04,189.5,106.01,110.61,192.83,203.25,214.1,206.28,207.67,221.78,261.84,278.33,112.29,116.32,254.65,257.9,305.28,311.29,247.26,225.33,233.85,148.87,161.85,349.03,252.35,281.11,296.73,88.08,216.41,395.66,217.72,149.28,193.77,104.26,168.92,269.89,205.4,277.49,287.72,180.14,182.91,313.62,303.58,297.62,204.92,199.63,236.78,262.17,191.02,122.82,119.04,260.16,277.2,272.41,290.46,274.87,253.98,298.68,261.51,250.9,281.41,291.41,297.98,210.31,207.37,121.42,97.819,134.9,155.8,123.32,113.52,197.09,230.19,191.83,185.11,219.53,234.53,218.8,239.94,237.97,241.26,222.71,220.96,213.99,184.3,175.29,185.16,202.85,213.85,376.55,392.37,180.58,214.58,113.63,0.20367,0,206.69,197.46,197.06,206.97,244.78,170.37,290.42,287.52,192.72,177.03,263.26,175.11,202.58,187.11,166.04,208.97,170.55,208.03,187.81,225.56,187.78,190,444.3,447.66,191.84,566.14,176.19,176.13,85.456,146.58,115.98,119.27,380.04,352.76,350.22,210.5,234.51,205.88,179.98,176.04,267.96,242.68,235.41,377.89,223.06,221.57,133.94,287.03,198.6,462.94,440.5,431.67,408.96,242.62,220.51,102.74,152.09,144.11,146.11,150.48,174.61,194.61,221.75,232.37,213,120.36,292.16,275.71,212.33,190.58,196.77,196.99,243.28,213.2,245.88,193.23,190.59,228.62,91.974,93.533,75.521,135.26,151.97,270.93,243.41,177.11,299.17,116.31,144,96.998,114.4,256.79,129.37,131.15,265.81,233.44,242.49,267.89,241.9,256.07,227.31,159.13,174.38,369.83,414,273.13,260.06,220.82,298.61,270.58,299.27,318.79,265.98,95.33499999999999,111.26,131.31,236.45,308.5,254.76,185.5,186.93,140.99,394.26,198.72,218.25,301.94,179.67,198.47,255.94,406.31,248.23,247.88,385.11,388.09,382.56,134.33,123.59,174.16,217.74,199.27,212.45,201.8,157.27,407.18,378.06,364.9,142.05,121.28,189.98,199.26,456.23,440.15,181.75,190.98,225.26,214.13,333.35,374.24,382.06,110.71,102.13,193.64,187.01,192.98,361.74,356.09,224.58,318.25,114.16,112.89,122.43,350.85,348.37,110.63,115.96,273.09,144.62,255.09,198.9,194.28,237.21,381.08,127.71,133.21,394.9,235.14,432.1,440.78,424.74,195.29,316.83,171.38,186.8,206.59,243.38,221.67,188.94,203.2,221.94,398.38,179.92,115,156.41,322.53,256.05,107.47,225.96,173.47,230.15,371.33,377.46,346.21,173.55,152.25,102.46,398.86,381.51,436.29,425.15,221.75,237.53,216.7,178.68,125.44,228.91,211.27,199.9,350.37,185.93,160.01,153.95,221.18,138.35,132.86,96.773
81.086,77.813,77.983,81.532,124.64,126.43,134.05,132.02,26.911,19.993,49.562,49.731,68.777,58.097,58.835,125.29,123.25,124.78,86.581,82.67,84.247,82.36499999999999,88.73099999999999,45.765,45.768,155.55,155.57,214.32,127.24,74.66500000000001,74.70699999999999,125.01,20.26,19.401,156.45,156.3,23.9,129.85,155.07,20.141,20.24,84.242,85.01900000000001,28.36,30.416,76.10299999999999,75.78400000000001,75.501,40.99,135.12,125.48,74.518,41.302,138.25,138.4,85.006,84.244,83.54300000000001,83.54900000000001,83.379,84.78700000000001,84.636,85.83499999999999,83.44199999999999,83.434,83.38500000000001,88.551,47.027,46.91,119.72,119.77,121.96,122.4,122,115.19,114.96,72.961,45.902,46.002,54.941,50.825,2.1339,65.988,66.18000000000001,66.01600000000001,52.139,52.161,28.174,17.127,17.65,17.226,35.646,20.475,218.11,215.77,16.813,16.848,113.73,249.69,206.69,0,1.2107,0.23523,26.396,21.305,31.128,31.149,133.27,15.216,15.424,15.271,28.995,19.064,21.715,26.29,28.906,31.407,39.854,38.221,43.365,39.957,40.485,298.38,298.34,33.974,120.55,34.538,37.017,114.32,121.36,121.38,121.51,168.68,198.64,200.71,48.608,48.544,48.647,24.085,24.185,116.75,80.471,78.953,188.64,46.895,47.01,121.08,120.95,181.3,303.31,303.38,78.34099999999999,78.896,59.087,59.031,130.3,152.06,149.93,153.74,153.73,35.126,33.114,54.243,14.195,14.446,110.77,46.834,50.45,48.443,40.545,65.26900000000001,24.206,15.41,15.543,71.809,42.118,20.592,48.246,120.7,119.23,120.32,120.17,119.59,72.946,73.32899999999999,27.564,24.489,113.11,112.99,113.03,112.98,90.928,118.23,118.27,73.381,74.09,75.38,73.438,15.013,14.917,15.197,172.59,202.09,198.5,198.55,67.07599999999999,69.05800000000001,53.111,52.433,114.81,95.39100000000001,49.275,86.321,128.46,125.62,113.15,64.396,65.58,64.325,24.858,24.81,129.97,229.66,28.87,31.306,32.095,20.777,16.532,106.92,111.51,107.02,106.96,211.31,207.81,188.32,111.56,111.07,121.49,4.6934,5.4647,54.791,132.93,152.58,215.16,226.2,226.04,113.44,113.11,54.293,38.363,228.28,228.75,43.919,38.635,68.29900000000001,68.098,63.201,38.045,37.921,121.02,127.67,23.313,22.838,23.066,201.93,202.06,19.222,20.21,120.97,148.33,118.55,190.76,192.99,135.32,135.63,85.20099999999999,124.56,124.05,35.634,22.843,31.542,210.57,131.06,127.82,211.12,82.137,354.79,351.56,348.97,38.718,39.733,37.906,175.52,175.6,27.54,13.472,10.384,9.8833,12.902,136.88,36.434,117.01,131.56,240.26,240.14,115.58,26.5,26.423,26.471,209.44,207.33,187.74,33.257,123.55,123.78,231.65,231.55,266.65,266.96,14.768,14.975,38.266,112.35,144.92,22.15,22.795,27.96,27.222,27.388,27.727,27.366,39.798,158.76,158.78,127.4
79.786,96.039,78.30500000000001,95.387,124.45,130.07,132.4,133.03,34.085,23.91,52.417,50.934,82.621,84.38500000000001,61.711,112.17,123.65,123.72,99.232,95.01600000000001,84.876,87.708,88.459,46.537,46.502,157.42,156.96,43.672,246.72,96.405,74.904,125.58,24.503,26.871,162.72,156.96,24.145,130.05,128.25,20.591,34.671,84.319,89.70999999999999,29.308,28.918,86.554,83.07299999999999,80.52500000000001,40.749,44.869,65.411,47.397,105.49,139.54,139.65,84.95099999999999,85.714,90.959,83.991,104.28,86.468,85.113,85.014,84.684,99.95699999999999,85.05200000000001,86.227,49.5,47.725,119.84,120.11,127.25,123.63,125.76,115.73,115.98,74.15000000000001,46.433,54.589,51.079,55.081,10.645,68.289,66.316,66.52500000000001,52.638,52.804,30.798,17.636,17.667,17.753,20.797,20.909,220.35,220.01,17.415,17.77,113.73,198.3,197.46,1.2107,0,0.58365,22.291,22.289,31.611,32.609,102.49,125.88,16.407,16.999,29.918,19.193,21.954,41.728,26.94,32.244,314.66,39.108,42.526,38.331,42.844,298.99,299.76,36.346,78.03100000000001,34.929,38.351,114.7,122.71,121.77,121.61,177.3,200.45,199.17,62.863,48.946,50.619,32.718,24.49,78.654,79.526,79.22499999999999,191.81,48.231,47.132,125.82,121.33,179.78,298.69,304.12,79.23099999999999,84.828,61.949,59.289,125.44,150.42,152.34,154.68,155.38,36.96,37.855,55.574,14.934,311.58,112.78,45.455,45.785,38.363,39.703,62.217,30.258,30.916,15.493,73.295,42.459,38.341,51.798,253.62,122.03,125.3,138.7,122.66,94.595,73.59399999999999,32.485,25.896,113.34,113.33,115.24,113.25,90.836,119.36,119.68,76.27500000000001,75.405,75.29900000000001,74.02800000000001,17.336,15.574,18.623,194.5,174.98,201.63,198.76,68.348,68.36199999999999,53.956,53.271,96.973,112.89,100.33,51.191,127.33,125.58,117.11,76.10899999999999,66.28100000000001,66.63200000000001,26.68,25.349,138.6,222.22,29.249,29.228,28.82,38.618,16.701,107.37,107.4,107.63,107.86,208.92,207.94,199.54,112.28,111.26,155.66,58.07,26.764,46.492,133.45,133.44,214.67,226.61,227.07,115.91,113.92,23.55,22.124,229.48,230.77,38.772,38.792,68.39,68.77200000000001,58.502,44.232,39.296,123.1,127.82,25.123,44.723,49.266,202.63,203.2,19.614,20.331,119.2,119.09,128.02,191.11,195.5,136.92,135.96,84.524,125.41,136.82,51.638,152.68,24.318,210.67,128.72,128.16,211.65,84.57899999999999,349.77,355.51,365.44,39.902,37.603,39.224,177.03,179.74,29.548,10.505,10.467,16.254,14.634,231.68,37.592,119.64,136.32,239.88,240.83,119.43,27.274,27.967,27.692,212.97,215.28,188.32,32.874,125.34,124.2,231.94,232,267.46,267.75,15.104,16.599,40.873,112.91,145.83,10.327,21.382,27.394,27.355,27.8,35.529,27.694,42.934,159.3,162.98,125.26
78.063,78.41200000000001,77.997,78.098,134.88,127.53,132.13,131.88,27.005,27.538,50.133,49.761,99.749,37.36,61.603,95.926,123.18,123.09,85.93000000000001,82.869,86.52800000000001,82.35299999999999,82.232,45.732,45.775,155.41,155.37,78.51000000000001,38.658,77.068,74.626,126.09,19.042,19.078,156.67,159.62,23.913,129.12,185.83,20.07,21.44,84.15300000000001,92.363,28.663,27.815,75.761,76.771,75.76000000000001,47.296,42.938,59.954,61.684,45.241,138.28,144.4,83.631,87.721,83.51600000000001,83.70099999999999,83.369,83.40600000000001,85.36,83.29900000000001,83.304,83.26900000000001,84.062,83.527,46.977,46.914,119.44,119.85,121.88,122.03,122,114.92,114.92,72.91500000000001,45.87,45.865,52.047,50.737,2.1928,66.72,66.012,66.032,52.096,52.22,28.693,17.338,17.604,17.31,20.45,20.487,215.68,220.12,18.15,16.533,112.28,345.34,197.06,0.23523,0.58365,0,21.417,21.282,31.005,31.155,89.283,15.183,15.265,15.199,28.927,18.8,22.401,27.842,26.594,32.152,50.235,38.681,38.159,38.019,39.896,298.31,298.31,33.64,203.52,42.498,37.758,114.19,121.37,121.34,123.4,168.4,198.6,198.62,49.122,48.535,48.681,24.034,24.054,77.99299999999999,78.086,106.95,190.15,46.829,46.793,120.86,120.93,191.29,308.53,298.23,78.64,78.93300000000001,59.044,59.033,125.71,150.41,149.69,153.7,153.75,31.68,33.101,54.85,14.553,14.229,110.77,45.238,45.167,46.219,38.178,45.95,24.605,15.697,14.904,67.46599999999999,41.73,19.942,43.22,120.96,121.69,119.78,119.05,120.47,72.93000000000001,72.473,23.578,24.122,113.13,112.94,113,112.91,89.928,118.21,118.21,73.428,73.395,73.31,74.658,14.973,14.925,15.689,176.85,196.71,198.52,198.48,69.361,67.10599999999999,52.729,53.087,117.54,80.861,71.842,81.277,126.25,125.54,113.29,63.009,64.919,65.071,24.881,24.864,139,227.7,28.693,28.498,28.633,16.276,16.383,106.89,106.95,106.89,106.94,207.57,207.53,189.89,111.18,111.07,121.14,4.645,4.8016,46.955,171.6,133.07,214.36,225.97,226.01,114.3,113.22,30.45,42.582,228.28,228.32,38.477,38.599,68.011,67.97799999999999,44.17,37.989,37.932,121.03,128.85,22.845,24.223,22.904,201.91,203.75,19.28,19.248,120.34,118.89,118.73,190.85,190.76,135.19,138.39,82.863,125.92,123.88,35.564,32.221,18.832,210.4,183.16,127.67,211.08,85.15000000000001,354.22,352.68,357.89,44.954,52.125,38.38,176.06,175.57,22.502,9.8881,11.926,9.8931,10.392,144.98,36.402,116.77,132.77,239.7,239.8,115.95,27.261,27.26,26.511,206.95,206.67,194.58,31.043,123.63,124.02,231.57,231.54,266.9,266.7,14.813,14.823,38.035,112.16,145.74,10.254,21.646,27.228,27.07,27.236,27.237,27.994,39.872,158.77,158.75,124.72
100.29,102.54,101.57,100.76,138.36,141.02,160.57,154.05,29.721,27.048,63.559,65.813,46.609,63.176,62.383,132.6,146.43,146.21,72.767,82.181,82.413,82.53700000000001,81.923,58.273,57.962,178.92,178.54,72.267,67.026,74.319,90.651,147.11,56.048,28.429,179.52,179.43,47.061,143.87,194.21,38.626,39.791,83.895,90.34699999999999,50.278,53.074,75.574,75.372,75.265,98.045,138.97,62.695,107.43,57.608,161.32,162.25,90.407,97.562,83.69499999999999,83.60299999999999,85.03400000000001,82.93899999999999,83.149,92.364,86.717,83.047,83.91800000000001,83.17700000000001,41.945,41.895,142.57,142.43,145.05,145.16,145.24,139.22,138.4,69.089,45.57,45.597,50.309,50.547,25.091,79.217,78.28400000000001,78.22799999999999,47.993,51.088,53.571,41.094,40.518,40.283,65.879,65.941,225.28,226.46,42.459,39.857,282.54,372.64,206.97,26.396,22.291,21.417,0,0.2355,37.779,44.962,168.44,38.228,38.69,42.657,45.102,56.055,37.854,33.78,39.239,46.193,38.202,41.401,50.821,37.506,37.995,307.06,306.99,46.328,502.76,43.938,54.712,137.33,144.52,144.45,144.47,196.42,194.88,194.91,59.074,59.11,69.706,47.287,47.195,101.17,100.91,101.05,251.97,60.723,60.754,143.96,143.94,199.49,312.37,312.17,77.95399999999999,78.065,60.534,53.562,147.68,173.71,173.12,177.26,176.86,40.132,44.111,46.07,24.422,24.591,133.87,57.454,57.5,56.356,48.25,70.583,47.311,9.3001,9.223000000000001,133.81,37.925,44.137,63.387,131.07,130.93,132.22,142.11,142.16,73.995,66.53700000000001,47.265,58.437,136.12,136.03,136.29,137.38,89.721,141.28,141.37,81.16800000000001,81.33799999999999,81.253,81.69,33.201,33.343,33.783,203.34,191.83,221.65,221.69,79.205,80.26900000000001,48.245,50.333,95.642,130.57,72.25,114.34,148.19,147.39,136.23,63.289,66.098,63.205,56.624,56.596,145.62,248.72,38.886,38.582,38.507,39.588,39.348,103.05,103.01,103.07,102.98,203.84,203.64,251.4,136.67,136.6,195.54,22.692,22.746,53.529,263.46,156.1,221.21,248.86,247.45,137.4,136.63,60.454,44.417,224.36,224.36,54.702,55.414,64.15300000000001,64.06399999999999,64.26300000000001,45.79,46.589,145.53,149.75,45.993,48.889,46.635,224.97,225.2,43.56,44.122,141.86,141.78,142.08,213.68,213.78,157.42,165.73,93.15900000000001,147.09,147.17,37.536,27.866,39.753,206.21,150.8,150.83,223.39,82.633,395.86,398.09,397.31,43.112,44.958,42.49,199.23,198.48,45.459,28.217,28.615,39.193,29.986,435.33,49.935,139.87,146.48,169.47,170.49,144.71,34.701,38.781,31.951,204.24,202.82,219.67,72.58,146.64,147.73,254.72,256.6,263.01,263.72,9.112399999999999,9.1127,36.708,135.51,205.92,13.894,31.958,26.833,30.571,28.623,43.178,43.145,61.864,182.49,181.81,147.77
103.7,102.25,100.42,102.21,141.25,141.01,154.2,153.88,26.516,27.097,63.173,63.409,41.474,62.825,63.033,75.864,146.63,153.11,88.788,82.23999999999999,83.309,89.306,81.977,57.997,57.982,178.59,178.54,73.04600000000001,61.71,74.286,74.229,147.56,28.124,28.901,179.52,191.08,46.967,144.61,217.4,38.522,38.414,85.511,84.652,51.36,50.744,75.533,75.619,75.349,102.08,62.841,76.429,77.06,60.211,161.33,161.95,82.997,83.19199999999999,83.568,84.435,83.17100000000001,83.30800000000001,87.592,83.649,83.03700000000001,83.264,84.717,83.208,41.897,41.935,143.12,143.32,145.12,145.97,145,138.33,138.36,68.703,45.526,45.603,51.019,50.312,20.245,78.218,78.26600000000001,78.908,48.063,48.138,53.002,40.247,40.213,40.283,65.867,66.102,225.26,225.35,40.231,43.626,135.01,240.29,244.78,21.305,22.289,21.282,0.2355,0,38.275,37.955,172.1,38.259,38.405,38.223,45.233,55.99,31.915,43.92,31.331,35.416,38.762,38.192,39.541,37.737,38.133,307.29,307.07,43.863,105.28,52.564,50.66,137.25,144.38,144.64,151.84,186,194.7,194.74,59.085,59.151,59.227,47.895,47.196,101.51,134.29,100.94,251.8,61.054,60.67,144.01,144.33,230.42,307.14,312.18,78.89700000000001,77.968,53.619,54.763,148.07,173.42,173.53,177.31,178.45,36.756,37.423,45.705,32.895,24.486,133.81,57.481,57.807,49.328,45.326,52.112,48.158,11.257,10.044,129.47,37.357,40.161,58.474,131.2,148.31,131.87,142.68,142.86,65.41,65.38800000000001,54.84,47.238,136.08,136.04,136.07,136.01,89.628,141.26,141.3,81.223,81.688,81.214,81.61199999999999,33.233,33.157,34.14,163.81,240.95,221.53,223.51,79.23999999999999,79.431,48.172,48.379,95.721,127.75,100.42,73.556,157.6,147.54,136.18,66.349,63.055,67.61499999999999,62.022,56.734,152.52,244.77,39.098,38.57,39.499,39.371,39.477,103.11,102.99,102.96,103.03,203.75,204.19,249.65,135.14,134.16,177.06,21.246,21.715,78.015,178.39,156.22,221.36,247.72,247.62,136.42,136.27,62.285,59.895,224.29,224.32,54.7,54.8,64.261,64.101,76.877,48.037,45.783,145.33,152.34,45.829,48.543,46.258,224.92,225.48,43.447,43.369,141.45,141.27,141.11,213.71,214.06,157.18,157.42,92.80200000000001,146.98,151.84,35.117,41.002,33.306,206.22,150.82,150.86,223.3,83.905,394.82,395.65,398.66,43.307,69.782,42.692,199.53,199.72,54.526,28.387,28.881,28.542,31.251,295.46,50.258,140.04,159.26,169.74,169.51,140.98,32.357,32.079,32.785,203.92,202.94,210.49,65.968,146.72,147.02,254.7,254.7,262.82,263.06,9.101000000000001,9.0863,38.208,135.26,168.55,13.333,29.183,26.665,26.743,26.668,43.305,43.237,64.093,182.13,181.84,147.58
72.77200000000001,73.194,70.105,67.752,127.63,130.49,96.962,96.607,19.288,39.165,40.901,38.837,62.056,40.327,75.97499999999999,93.187,121.2,207.53,85.105,82.804,82.94799999999999,86.15900000000001,81.20699999999999,59.015,59.142,128.06,123.81,48.477,58.962,83.777,84.023,89.074,32.405,39.515,136.46,123.03,11.796,113.55,155.75,52.31,52.507,84.01900000000001,82.27500000000001,18.1,18.182,85.68300000000001,84.687,84.878,41.414,32.476,85.786,31.347,81.173,115.85,125.64,96.254,82.724,83.571,82.58199999999999,81.98,83.3,81.90300000000001,83.542,85.932,82.038,84.86,83.86499999999999,45.349,45.398,99.182,101.63,133.43,133.64,132.59,127.9,128.56,152.02,29.142,29.4,36.768,36.389,32.485,64.64,65.55800000000001,65.245,50.9,47.162,14.286,7.568,7.0033,7.1599,33.725,33.785,201.69,201.77,6.4172,6.7438,116.33,185.77,170.37,31.128,31.611,31.005,37.779,38.275,0,0.64811,96.876,3.1973,3.382,3.3156,83.776,39.049,8.932499999999999,7.9657,6.4994,18.83,39.244,20.607,20.664,20.439,20.619,344.21,343.38,17.192,565.5,25.71,21.412,108.99,106.02,106.9,107.36,196.88,198.48,204.64,26.322,26.317,26.306,15.762,15.403,97.133,104.31,95.334,209.47,35.01,35.041,120.97,120.2,166.59,349.17,354.86,83.504,86.15900000000001,35.369,35.129,119.6,134,118.67,143.56,143.67,18.493,12.462,51.53,39.968,40.309,117.53,48.108,48.256,15.084,15.87,40.972,17.186,33.312,31.699,81.29300000000001,88.92100000000001,50.16,49.555,100.16,101.33,102.42,118.93,119.42,77.61,77.81699999999999,12.885,21.511,120.52,116.69,109.61,117.34,84.041,133.78,131.69,72.048,72.152,72.286,75.297,37.688,37.886,39.115,120.45,138.24,216.14,210.36,92.764,91.99299999999999,40.289,39.857,90.13,117.02,108.39,89.871,88.76000000000001,89.64400000000001,129.13,85.983,82.944,84.812,35.487,35.16,140.88,199.31,11.091,11.061,10.966,3.0518,3.1068,79.48,79.399,79.655,79.77800000000001,203.96,209.47,209.79,112.81,114.93,145.59,35.011,35.258,46.199,180.22,122.38,255.09,190.98,191.31,125.8,125.65,62.199,35.146,206.19,206.39,24.205,24.449,58.478,58.43,133.58,43.676,43.665,116.85,120.23,11.39,10.672,10.513,213.58,213.74,32.573,33.105,109.88,113.54,111.5,201.97,202.06,99.779,100.83,82.488,119.72,117.3,18.982,31.939,39.69,211.58,117.6,144.39,206.37,79.50700000000001,266.39,258.7,258.71,16.682,15.644,16.508,170.31,166.83,11.285,35.358,33.303,33.415,33.588,182.5,21.431,99.38200000000001,122.1,100.55,103.04,121.61,41.273,41.272,41.093,210.64,206.26,199.71,15.33,122.31,121.43,216.7,216.42,255.12,255.53,30.712,31.151,27.571,104.34,120.65,33.086,32.71,19.934,19.582,19.87,11.052,11.217,46.58,147.43,148.38,91.042
73.89400000000001,74.071,70.435,79.96599999999999,128.45,129.03,97.423,95.965,19.219,39.255,39.141,38.543,123.83,34.372,99.355,130.26,120.47,120.53,90.068,84.136,82.005,87.38200000000001,80.758,59.327,66.04600000000001,125.27,130.44,35.685,45,83.337,83.53400000000001,89.70699999999999,33.62,51.457,136.56,136.7,11.701,115.19,129.15,50.024,50.111,82.679,81.922,35.588,14.737,84.902,85.155,85.20399999999999,24.435,37.564,44.582,22.281,36.097,115.62,125.65,86.607,84.387,86.262,82.968,82.116,81.878,82.232,97.742,81.688,81.60299999999999,82.51600000000001,85.64700000000001,45.412,45.492,99.18000000000001,99.23399999999999,136.03,133.31,136.37,127.47,128.92,149.75,29.16,40.869,36.656,36.687,32.451,64.714,65.56100000000001,65.328,49.483,46.17,13.536,6.923,8.1328,6.8739,33.868,33.851,201.8,205.35,6.4109,6.2821,113.27,193.04,290.42,31.149,32.609,31.155,44.962,37.955,0.64811,0,80.589,3.3281,3.703,3.1609,84.73399999999999,38.946,6.9264,8.3683,12.091,14.012,24.911,20.736,20.6,20.387,20.525,344.58,343.92,17.197,294.63,18.056,27.425,109.62,114.96,107.16,106.32,198.91,204.57,200.99,26.369,26.553,26.432,15.485,15.76,98.485,97.116,95.449,209.17,35.082,35.002,119.76,120.02,183.88,349.32,350.04,82.75700000000001,84.006,35.258,35.195,120.04,118.86,119.56,170.41,173.5,20.978,17.27,52.263,40.44,39.853,128.83,48.248,52.095,16.5,15.395,29.837,16.324,33.185,31.918,78.214,88.949,37.502,47.384,101.31,100.04,105.01,119.5,120.4,79.435,78.236,13.12,17.192,119.34,119.01,117.84,112.7,84.12,133.66,135,84.52,72.08499999999999,72.512,72.643,37.66,43.981,37.983,98.072,162.6,209.45,209.39,91.771,92.01000000000001,39.958,39.74,90.04600000000001,129.59,86.834,87.98,93.039,89.643,119.17,83.506,83.502,94.849,35.767,35.408,134.29,209.51,11.04,10.931,15.342,2.9789,2.8822,79.741,79.82899999999999,79.33799999999999,79.46599999999999,199.25,205.33,207.49,114.49,115.43,153.39,35.252,33.93,51.546,215.6,122.57,208.28,190.89,190.99,126.53,123.5,7.3595,19.706,208.39,206.37,24.304,24.258,63.453,58.38,86.848,44.296,43.711,115.92,120.65,10.825,15.305,10.677,212.9,212.87,32.725,32.685,121.02,121.86,121.75,201.5,201.63,99.226,101.11,82.992,116.62,116.77,19.132,41.2,35.046,201.9,142.85,117.64,206.49,86.208,259.12,261.25,265.8,16.184,16.493,15.769,165.39,170.54,11.046,33.49,33.252,37.193,33.889,251.22,21.449,99.136,111.85,96.60599999999999,92.08499999999999,124.47,42.012,41.268,40.491,201.84,205.35,200.03,15.767,123.85,119.09,213.8,216.51,255.5,252.51,30.946,31.206,25.902,101.68,123.27,32.781,34.507,19.834,33.495,19.478,10.516,11.176,49.24,148.36,148.6,89.471
46.585,79.64700000000001,111.02,14.644,223.8,216.71,293.9,253.21,91.205,79.139,163.64,129.51,184.4,239.88,96.25700000000001,83.468,203.46,254.61,47.195,15.895,8.986499999999999,118.69,14.872,155.9,119.8,237.07,280.52,100.35,198.59,110.79,40.964,293.79,213.52,149.6,338.45,253.67,90.133,218.18,335.45,109.43,110.94,80.012,8.586499999999999,246.8,135.81,113.57,151.3,126.34,115.87,137.02,141.86,112.31,140.57,185.97,193.26,14.575,24.371,6.7894,14.921,11.748,62.85,89.711,12.156,115.01,7.834,14.219,25.688,81.279,100.97,312.82,222.94,334.48,366.37,283.94,201.23,229.1,132.97,99.87,104.34,102.9,159.95,94.169,61.405,57.638,62.231,68.464,91.691,132.14,193.13,154.29,93.477,79.718,141.61,144.73,276.75,87.374,244.52,329.07,264.81,287.52,133.27,102.49,89.283,168.44,172.1,96.876,80.589,0,216.08,81.25700000000001,109.51,119.48,238.22,228.4,126.73,165.56,108.62,384.76,104.24,153.14,157.49,194.81,254.24,321.08,99.66,181.31,94.71299999999999,100.38,188.14,361.2,193.89,237.63,256.12,131.41,126.01,326.44,179.85,304.83,106.2,94.099,183.59,180.25,46.167,133.29,144.2,143.62,217.22,195.19,269.84,272.57,267.84,103.91,16.909,56.747,57.002,336.51,224.67,254.8,230.7,267.7,270.84,171.47,206.1,100.72,85.45099999999999,227.77,61.385,58.231,97.202,92.89,179.96,214.13,146.9,125.37,30.448,139.82,129.84,265.3,185.16,219.47,187.67,242.53,214.12,17.338,66.874,86.145,91.172,281.59,258.11,355.2,189.78,110.22,210.11,204.18,24.178,43.235,51.048,25.455,108.35,276.81,103.66,197.38,273.69,287.29,346.69,35.414,107.6,127.16,88.41200000000001,37.937,149.74,67.864,84.49299999999999,275.63,402.26,216.4,15.365,20.492,205.09,99.467,220.46,294.65,139.66,96.16500000000001,111.5,149,84.355,130.67,34.548,36.29,35.398,43.864,184.86,141.24,138.17,282.16,200.42,237.04,242.12,100.03,125.65,228.48,281,181.01,270.49,241.07,208.23,287.09,88.056,91.178,160.27,183.81,99.67100000000001,188.92,66.413,81.83499999999999,97.86199999999999,92.163,133.84,351.33,190.48,98.636,137.05,93.34999999999999,290.11,283.01,93.753,146.59,201.27,230.05,222.91,286.16,323.96,181.23,176.34,155.98,416.4,198.38,180.04,100.4,65.48399999999999,115.63,331,182.79,233.03,108.85,300.92,228.12,184.77,136.46,107.49,108.39,303.04,382.06,227.97,58.682,65.06100000000001,198.85,85.669,79.21299999999999,103.21,324.6,212.43,179.9,173.19,187.84,136.95,96.771,189.99,113.6,112.06,298.71,268.87,352.07,205.39,151.75,140.56,186.58,183.3,131.94,217.07,82.126,320.3,225.64,90.23399999999999,96.751,127.83,99.101,141.65,97.798,109.02,114.11,336.61,314.61,165.55
87.23,89.419,87.98699999999999,88.29300000000001,117.22,118.64,114.49,113.92,16.69,34.512,46.94,46.829,37.11,52.63,78.31100000000001,108.87,115.6,115.58,74.28100000000001,81.197,85.086,80.715,80.66800000000001,34.032,39.731,133.15,134.14,32.993,106.5,72.99299999999999,72.97799999999999,106.64,19.459,20.636,144.83,144.77,12.234,111.79,158.01,30.16,62.221,82.59999999999999,82.52200000000001,16.274,18.124,73.983,78.953,74.414,25.291,24.715,20.283,21.133,27.622,126.78,126.69,82.633,84.146,87.39400000000001,85.172,82.718,81.709,85.249,87.753,81.842,81.68899999999999,82.364,82.108,43.996,44.024,107.73,109.29,110.27,110.45,110.65,103.23,103.18,61.205,26.92,27.068,48.1,47.914,15.568,55.155,54.364,54.46,40.551,40.415,19.492,3.1737,3.1222,2.7575,32.813,32.902,204.09,204.09,2.3597,2.2894,103.51,199.87,192.72,15.216,125.88,15.183,38.228,38.259,3.1973,3.3281,216.08,0,0.2999,0.23413,10.592,33.15,3.0018,3.0002,2.7116,9.2783,24.963,19.135,19.088,19.038,19.474,299.24,299.28,15.085,69.16,15.132,25.087,105.17,109.64,109.67,109.78,197.84,186.94,188.14,45.652,45.654,45.651,12.41,12.534,81.71599999999999,88.318,77.608,209.89,43.933,43.976,114.41,114.48,188.49,304.4,304.38,77.511,78.90600000000001,46.06,45.881,112.7,127.54,127.59,142.03,142.03,12.269,12.279,44.033,10.375,10.662,111.68,33.376,33.407,14.552,14.534,27.008,13.106,32.369,29.205,79.67,29.84,17.902,32.278,100.2,98.452,98.852,113.2,112.97,72.20699999999999,75.92,12.507,11.938,104.76,104.84,104.82,104.75,88.30800000000001,106.54,112.17,72.56100000000001,72.655,72.601,72.93899999999999,24.769,25.223,25.509,174.54,187.73,186.89,186.86,57.066,59.807,40.501,40.89,87.331,122.78,50.046,78.29300000000001,109.39,106.93,114.07,84.527,162.54,88.532,21.968,22,138.97,224.01,10.14,9.9137,9.852499999999999,1.9124,1.935,95.268,95.251,95.22499999999999,95.306,196.27,195.89,208.73,102.82,102.79,124.18,23.963,20.46,29.613,121.35,121.31,202.39,214.78,215.12,114.09,114.1,63.953,38.565,216.62,217.9,19.988,20.067,56.398,56.282,68.35299999999999,37.238,37.262,111.87,118.1,11.172,11.164,34.259,190.19,190.77,19.462,19.532,106.76,106.45,106.75,179.13,179.11,116.79,116.79,85.111,112.22,112.65,16.683,19.292,19.102,198.48,116.1,116.01,199.88,80.71299999999999,353.22,347.29,351.77,14.206,14.524,15.408,163.71,163.76,10.865,20.242,21.254,19.568,22.592,264.52,24.7,105.17,121.71,229.04,135.44,107.58,12.618,12.093,11.822,195.2,195.32,175.75,16.454,111.7,111.7,219.96,219.97,243.53,243.13,28.651,28.731,28.156,102.02,134.33,19.866,22.134,16.888,16.927,16.867,8.6998,10.891,52.658,147.13,147.2,107.73
87.527,88.181,87.527,93.584,121.72,119.73,115.17,113.66,16.808,35.131,49.204,48.449,56.091,36.024,78.922,144.69,115.86,115.68,74.526,80.94799999999999,83.05500000000001,87.098,80.876,34.441,34.882,133.48,133.43,86.393,90.761,73.604,73.10899999999999,106.92,20.463,20.34,144.97,146.83,12.637,112,195.92,32.418,30.706,83.048,84.822,17.152,15.797,74.72499999999999,74.92700000000001,74.456,28.169,53.701,19.755,68.40300000000001,25.469,126.82,126.8,86.30800000000001,83.649,82.816,84.479,81.911,82.629,96.80800000000001,83.104,84.81699999999999,82.717,81.976,81.82899999999999,44.334,44.275,108.15,108.17,110.59,110.61,110.45,104.29,103.63,63.477,27.595,27.073,48.516,48.074,14.132,55.716,54.725,54.751,40.562,40.921,21.108,2.9835,3.1376,3.22,31.863,31.634,204.26,204.27,15.704,2.4371,103.97,190.7,177.03,15.424,16.407,15.265,38.69,38.405,3.382,3.703,81.25700000000001,0.2999,0,0.28491,10.682,33.184,2.9943,7.869,14.263,10.473,20.472,19.616,19.371,19.176,20.837,299.42,299.32,15.294,276.34,18.103,25.28,106.56,109.82,109.83,109.86,202.33,187.3,187.31,45.707,45.728,45.963,14.1,13.254,78.56399999999999,108.57,101.65,209.97,43.976,44.203,114.74,115.01,187.32,304.7,307.91,81.294,77.035,46.291,46.189,112.97,127.69,129.07,142.22,142.15,15.418,14.118,42.908,10.491,10.416,112.76,33.623,33.785,19.642,15.025,28.435,13.684,29.773,29.277,81.946,30.035,17.495,31.407,99.351,104.5,102.57,114.77,112.88,72.21299999999999,77.801,12.807,16.642,105.14,106.97,106.09,104.87,90.512,106.66,106.66,72.83,72.919,73.14100000000001,73.239,25.591,25.384,25.589,153.33,180.14,187.25,187,55.694,55.575,41.956,40.661,72.744,123.7,48.342,57.627,108.63,107.21,114.52,84.129,88.04000000000001,88.738,25.631,22.155,123.86,219.57,10.604,10.058,10.532,6.36,2.4912,95.468,95.846,95.67100000000001,95.468,196.17,196.1,206.76,107.8,104.38,145.81,17.143,19.998,38.424,149.96,121.6,203.9,215.12,215.2,114.15,114.27,33.368,9.8986,217.16,217.46,20.124,20.294,56.481,56.55,68.501,37.405,37.595,111.99,115.16,11.606,14.504,11.424,190.38,190.56,19.802,20.168,108.25,107.65,108.08,179.75,179.61,117.67,117.03,82.56399999999999,114.27,113.78,16.915,28.137,22.431,199.34,116.15,116.13,199.98,81.11,356.85,353.52,349.35,13.712,14.251,13.933,164.29,164.14,11.438,20.886,20.425,19.612,36.979,146.95,24.775,105.7,116.01,228.05,231.6,108.23,12.377,13.199,12.913,196.35,195.36,176.38,36.41,113.36,112.17,220.07,219.99,243.5,243.38,28.871,28.982,26.966,104.2,134.95,21.268,20.687,16.938,19.433,17.11,9.078099999999999,9.194900000000001,87.551,147.13,147.35,108.67
86.98399999999999,87.429,88.586,86.995,115.69,119.63,113.65,117.9,16.704,47.796,46.614,46.341,44.232,28.785,79.024,118.77,184.6,115.96,88.544,80.809,87.297,84.423,80.65600000000001,34.019,37.002,133.22,132.9,51.687,86.072,72.935,72.986,106.65,19.251,20.687,145.02,145.96,12.052,111.62,178.03,33.4,30.439,82.599,83.35899999999999,31.375,16.314,73.958,88.236,74.08,22.932,41.368,25.672,33.892,19.597,126.85,126.56,84.477,82.765,83.995,82.953,83.90600000000001,82.054,83.054,82.70099999999999,82.04300000000001,81.715,84.48,81.703,44.035,43.994,110.5,109.57,110.46,110.63,110.39,103.51,103.2,61.059,26.931,26.939,47.761,48.242,14.012,54.217,54.335,54.919,40.38,44.931,18.296,2.6336,2.952,2.8546,31.34,31.401,203.99,207.52,2.2682,2.1596,103.83,178.16,263.26,15.271,16.999,15.199,42.657,38.223,3.3156,3.1609,109.51,0.23413,0.28491,0,13.224,33.12,3.1746,8.3665,9.4884,9.389900000000001,20.67,19.447,19.079,19.029,19.857,299.39,299.24,15.058,229.01,15.411,25.654,106.5,109.68,110.45,109.75,206.69,186.92,189.84,45.67,45.558,45.604,12.492,12.491,158.44,77.363,77.29600000000001,209.71,43.899,44.373,114.53,114.54,189.56,304.38,309.73,78.21599999999999,76.842,45.926,45.879,112.97,129.36,129.58,142.04,142.04,15.316,16.413,42.494,10.096,10.361,111.72,33.493,33.599,17.333,15.132,32.955,14.583,29.608,28.828,79.416,29.488,17.288,32.029,101.01,100.31,103.56,112.82,112.83,71.745,72.227,12.347,12.69,104.82,105.29,104.95,104.83,88.405,106.54,106.53,72.845,72.55800000000001,74.506,83.062,24.923,35.822,24.973,144.35,184.52,186.82,186.82,55.357,56.012,40.515,50.471,72.16800000000001,82.578,92.01300000000001,66.503,107.56,108.45,114.23,85.655,86.333,88.379,22.05,22.183,122.58,208.8,10.107,9.914199999999999,9.8919,3.7325,2.2397,95.24299999999999,95.28,95.23,95.32599999999999,195.99,195.89,208.96,102.9,102.96,134.88,16.806,17.178,38.471,201.22,121.54,202.54,214.87,214.9,114.9,115.04,14.52,33.668,216.59,216.77,19.978,19.972,56.494,56.342,44.272,37.272,37.258,111.8,115.84,10.949,16.3,10.963,190.25,190.32,21.11,20.597,112.68,106.64,107.58,178.98,179.06,116.77,116.92,83.393,112.24,112.35,16.674,19.319,44.039,198.62,116.26,116.18,199.34,80.764,353.81,352.63,355.13,12.808,13.588,16.473,164.37,163.93,13.177,20.411,20.553,19.882,20.46,238.2,24.68,105.23,123.33,134.78,228.01,110.68,11.615,11.72,12.614,196.2,195.2,177.89,18.378,112.4,111.45,219.92,219.88,243.07,243.18,28.824,28.874,32.14,106.25,133.13,19.444,20.372,17.039,16.899,17.023,8.544700000000001,9.2987,38.999,147.18,147.1,106.39
95.59999999999999,93.167,93.104,93.104,103.53,105.81,107.9,104.46,24.235,41.526,75.218,73.021,36.362,40.561,80.501,114.16,111.18,112.25,68.751,89.364,87.855,87.245,87.26000000000001,35.75,35.576,143.25,145.62,38.068,18.931,79.717,79.65000000000001,100.35,25.083,31.278,145.54,144.41,8.489000000000001,110.29,133.37,34.698,34.456,89.251,89.90900000000001,12.308,11.98,80.82299999999999,82.051,80.55200000000001,74.979,20.007,42.094,30.225,51.059,126.14,126.14,88.902,92.47499999999999,89.76000000000001,89.83499999999999,89.04900000000001,88.34,90.518,155.72,88.81999999999999,88.693,89.28400000000001,88.422,51.75,53.42,108.34,108.97,106.78,107.22,106.85,102.77,99.806,67.863,34.125,34.059,75.50700000000001,54.467,21.086,55.766,58.357,55.96,46.309,46.341,14.847,12.632,12.616,12.555,21.236,22.814,200.35,204.15,17.355,11.888,428.43,184.93,175.11,28.995,29.918,28.927,45.102,45.233,83.776,84.73399999999999,119.48,10.592,10.682,13.224,0,41.793,10.073,10.27,24.225,15.402,308.71,20.002,18.573,18.514,18.894,305.5,305.44,5.106,427.54,5.1527,9.5139,102.17,109.22,109.22,109.26,198.63,194.98,195.08,71.61199999999999,69.572,68.88800000000001,8.7592,12.489,74.321,74.33499999999999,74.334,217.79,70.37,71.06999999999999,108.8,109.06,193.84,315.6,305.22,98.188,85.467,51.741,51.788,114.6,138.73,137.86,144.87,143.88,29.134,27.108,54.364,17.695,17.287,100.94,35.035,35.122,48.88,38.379,48.69,8.9391,35.934,35.792,95.84399999999999,37.525,24.415,32.826,116.03,111.75,111.15,106.86,108.1,80.34399999999999,163.75,8.3871,8.847099999999999,100.99,100.84,100.92,100.79,95.20699999999999,102.96,103.02,81.556,81.348,81.36799999999999,83.79300000000001,32.493,32.517,32.903,151.27,136.8,192.33,192.35,56.969,64.598,47.165,50.473,69,94.67100000000001,54.852,55.53,98.38,97.504,101.12,90.068,88.53100000000001,90.05,17.122,17.176,120.1,210.39,17.26,19.442,17.041,11.495,11.726,107.94,105.41,103.31,101.12,203,205.63,217.19,99.57299999999999,98.892,109.11,30.985,48.691,54.436,168.77,121.14,207.48,223.44,226.57,101.05,102.72,6.3052,6.2686,223.85,223.8,16.247,19.615,62.33,62.187,86.625,45.136,46.911,109.57,116.21,11.207,7.6463,7.5682,195.77,198.02,24.563,24.571,107.58,108.16,109.54,184.59,188.5,108.86,107.61,95.342,114.43,112.85,15.975,27.35,36.236,205.58,115.6,115.71,204.15,88.122,251.99,257.77,256.33,10.54,11.809,12.586,166.25,163.44,7.7122,21.013,21.313,21.126,21.646,235.6,5.5516,104.93,138.49,131.23,131.2,103.41,21.987,24.081,21.667,203.19,202.91,195.43,23.503,111.58,111.3,219.74,217.65,233.69,233.79,35.809,35.744,34.514,100.33,135.27,27.702,26.131,24.473,27.824,24.606,6.045,5.9256,45.594,148.09,146.66,97.645
78.018,89.768,79.15300000000001,81.425,132.4,135.96,117.51,120.25,35.601,45.65,46.332,47.317,87.864,81.572,68.35299999999999,98.267,123.15,120.01,69.977,73.14100000000001,73.745,73.37,72.69499999999999,45.154,45.758,152.21,153.03,49.425,24.591,74.01000000000001,73.983,110.59,15.518,15.396,139.5,141.15,35.931,128.66,183.18,25.954,26.043,75.22199999999999,77.926,21.679,25.275,76.18000000000001,75.803,76.01900000000001,24.222,39.443,33.03,35.357,84.343,107.66,112.33,92.637,75.21599999999999,74.343,74.545,75.45699999999999,74.23099999999999,81.54300000000001,75.027,74.083,74.041,74.79300000000001,74.015,48.599,48.713,115.5,124.07,142.37,138.21,137.07,134.3,133.48,72.812,37.472,37.401,56.807,41.838,27.285,66.614,60.331,60.354,33.615,33.459,35.313,34.099,20.866,26.152,26.022,26.031,219.93,236.7,20.296,20.271,108.13,205.35,202.58,19.064,19.193,18.8,56.055,55.99,39.049,38.946,238.22,33.15,33.184,33.12,41.793,0,7.6067,7.5154,24.199,39.716,31.165,32.775,36.105,29.653,29.902,314.54,313.82,31.749,97.71299999999999,31.937,35.765,114.04,119.39,108.88,119.57,185.9,178.88,177.94,43.59,43.609,43.594,33.004,17.55,81.04000000000001,80.967,82.59399999999999,199.38,50.79,50.842,118.93,118.59,205.98,333.06,319.32,75.795,76.447,40.873,40.771,133.83,148.15,148.66,145.81,145.81,35.257,32.768,54.495,4.2389,4.2786,116.13,50.606,50.649,47.885,44.533,56.009,27.764,51.213,49.402,69.497,36.618,28.953,54.376,113.43,115.03,116.29,116.97,117.92,67.861,68.001,26.639,20.926,109.15,109.16,109.18,108.86,87.102,138.04,139.16,60.526,60.26,60.036,60.764,25.299,39.8,25.277,129.77,199.48,192.32,192.46,70.431,62.269,48.377,48.253,76.63200000000001,82.40000000000001,94.482,91.291,113.29,110.2,122.48,70.251,77.08499999999999,70.503,26.569,26.451,139.22,229.88,45.373,45.134,55.99,37.617,37.879,92.65000000000001,87.94499999999999,87.836,87.785,196.62,198.97,198.75,107.42,107.16,135.23,23.199,21.011,34.65,168.94,122.86,223.63,203.34,200.33,118.63,118.66,36.554,36.508,216.67,216.28,27.993,37.782,61.61,70.91,113.13,33.389,41.434,116.41,117.26,33.725,33.643,34.906,189.49,190.63,13.372,13.393,110.11,109.73,109.83,187.6,190.03,119.54,119.09,72.071,132.04,132.71,29.162,15.113,15.049,199.75,126.66,127.29,218.07,65.024,244.85,244.62,244.54,20.397,19.89,19.451,168.23,168.28,35.526,16.351,16.586,16.544,20.953,88.108,31.145,113.99,137.92,162.29,107.1,111.82,0.99802,1.032,1.1377,193.99,187.46,174.95,27.992,134.54,133.33,224.61,226.93,239.26,240.86,49.279,49.252,42.633,108.56,123.55,13.281,13.647,32.103,31.972,31.709,33.698,23.785,42.597,154.5,158.43,110.99
86.762,119.66,86.55,90.47199999999999,107.43,109.39,111.39,108.02,16.627,35.088,65.346,65.188,29.397,93.967,78.613,109.79,114.8,114.36,64.262,80.7,80.651,89.155,88.467,36.291,33.507,150.52,149.21,53.414,31.842,72.93600000000001,73.571,100.62,27.81,27.784,147.81,147.74,11.769,111.4,131.08,30.303,30.248,84.161,82.349,15.921,15.225,76.248,74.815,74.489,60.478,17.513,77.98099999999999,18.176,48.635,129.62,130.52,85.51900000000001,84.277,82.83499999999999,93.004,82.078,98.929,83.721,139.67,83.90600000000001,82.00700000000001,86.035,112.92,44,45.904,114.33,111.49,113.67,110.96,110.1,104.11,103.11,67.298,19.239,19.096,49.634,47.772,22.455,57.131,56.887,57.146,40.802,40.835,18.016,9.854200000000001,5.5029,5.4844,42.886,44.884,193.59,193.69,5.9405,4.4599,103.07,423.3,187.11,21.715,21.954,22.401,37.854,31.915,8.932499999999999,6.9264,228.4,3.0018,2.9943,3.1746,10.073,7.6067,0,3.6491,0.35179,11.812,14.847,10.776,13.346,11.459,16.012,299.55,299.22,20.896,1184.2,14.869,15.764,108.8,112.64,113.12,119.5,195.92,187.3,187.5,61.751,63.515,65.858,16.828,12.539,88.98399999999999,78.65300000000001,77.578,210.23,62.822,63.072,112.14,111.93,209.44,315.29,300.07,79.125,77.908,46.607,45.62,116.38,142.4,142,146.73,145.23,11.425,12.509,42.67,9.935,15.004,102.2,33.284,33.016,14.596,16.524,19.217,14.385,26.035,25.615,82.32599999999999,29.113,16.699,37.148,97.398,94.88800000000001,94.152,122.72,111.57,80.76000000000001,80.86199999999999,12.214,15.434,105.68,104.51,104.3,105.42,88.892,106.29,113.13,79.577,79.708,79.681,80.04600000000001,28.935,25.876,36.95,184.77,146.74,195.96,195.9,76.93000000000001,76.76900000000001,41.019,47.266,97.97199999999999,98.623,49.373,51.504,101.38,104.47,106.12,85.048,81.038,83.742,23.181,21.528,133.48,204.09,12.89,9.288500000000001,10.05,5.335,5.5528,95.291,94.917,94.827,94.727,196.76,201.56,210.01,102.79,106.6,130.93,34.703,23.62,41.945,171.02,124.03,202.84,215.45,215.59,104.2,108.03,10.073,9.553599999999999,218.85,217.08,19.508,20.259,56.235,56.723,71.60299999999999,38.198,37.586,115.59,122.56,13.013,11.279,10.6,198.83,198.53,21.426,20.813,112.98,112.34,109.69,187.63,187.7,125.76,111.85,94.79900000000001,114.98,114.98,8.569000000000001,33.767,21.955,198.86,119.4,118.87,199.49,80.67400000000001,255.97,253.05,248.55,18.129,13.985,12.701,166.81,170.53,10.088,20.691,21.304,21.832,20.038,145.28,17.18,108.34,126.67,113.48,115.1,106.97,10.273,11.438,8.978,195.98,196.35,186.79,19.17,115.87,118.98,215.84,214.19,231.64,231.08,26.138,24.994,26.302,105.39,136.31,20.066,21.865,16.766,22.847,23.713,8.8733,8.9793,39.447,152.71,150.01,101.2
93.36499999999999,86.81,86.64700000000001,95.062,108.2,109.18,107.72,108.09,18.605,40.047,69.756,65.73,28.379,125.07,93.084,131.48,116.38,115,64.82899999999999,80.70699999999999,90.373,84.229,85.20399999999999,34.838,33.603,148.68,147.36,64.331,46.686,73.994,73.259,102.63,27.249,36.016,148.05,149.89,11.626,111.33,161.37,30.47,30.422,82.524,327.61,15.169,13.387,73.85299999999999,77.226,81.79000000000001,18.847,40.625,42.8,38.218,30.862,135.62,129.82,86.992,84.839,85.13,87.84699999999999,84.004,85.098,90.267,132.21,87.67400000000001,81.533,88.88500000000001,85.899,54.024,49.286,110.43,118.98,112.46,115.29,112.41,104.16,106.08,67.38800000000001,32.334,25.858,52.467,48.841,25.257,57.95,57.691,69.25,42.334,45.538,17.79,4.8608,5.1607,5.2848,43.539,44.835,194.35,197.57,4.8945,4.3716,106.35,179.87,166.04,26.29,41.728,27.842,33.78,43.92,7.9657,8.3683,126.73,3.0002,7.869,8.3665,10.27,7.5154,3.6491,0,6.4258,20.575,13.033,26.297,10.711,10.723,14.75,302.83,298.59,25.195,51.697,15.008,19.907,118.38,112.35,112.6,115.82,201.81,187.57,187.31,61.783,61.867,61.305,12.775,11.872,138.97,110.4,79.82599999999999,214.98,63.715,63.629,117.39,114.36,187.29,299.8,298.85,77.613,89.06399999999999,45.988,46.372,133.42,143.43,141.12,145.38,145.75,11.398,26.574,67.14,14.854,9.752800000000001,102.09,37.313,38.469,13.891,21.037,34.766,12.029,25.153,25.882,90.36199999999999,30.062,17.117,30.93,96.81999999999999,103.5,93.508,110.61,112.19,82.52800000000001,81.355,12.241,12.309,104.54,109.32,105.82,104.19,89.384,111.07,108.25,79.977,79.84999999999999,346.25,82.20399999999999,25.727,31.785,25.51,156.26,153.62,197.44,195.08,78.122,77.242,63.118,40.77,91.83199999999999,108.26,98.874,69.84099999999999,102.85,101.83,104.25,80.807,84.931,86.60899999999999,34.874,34.049,130.72,204.86,9.645799999999999,9.2486,11.626,4.1326,3.9013,94.73399999999999,96.767,95.056,95.913,239.91,197.99,210.81,104.25,104.26,119.87,30.316,23.027,43.296,213.79,125.28,201.6,216.9,221.88,107.74,107.23,9.604900000000001,10.806,218.8,223.83,19.491,27.413,64.919,57.464,32.392,37.685,37.498,112.96,121.62,19.944,11.079,10.474,199.84,198.43,20.462,35.068,115.07,113.08,110.62,190.49,192.46,111.83,113.92,91.626,115.39,116.82,8.3337,37.053,27.221,202.91,121.74,120.84,208.1,81.84399999999999,258.77,257.01,253.05,30.661,21.98,14.013,171.37,167.18,10.44,19.736,20.341,20.802,20.025,177.51,18.659,112.96,126.04,110.49,105.33,106.69,9.0884,8.2819,8.411899999999999,202.08,196.51,184.09,23.625,116.65,115.14,215.27,214.88,232.51,230.99,26.536,30.632,26.273,106.88,136.17,37.583,21.15,17.067,21.845,31.795,19.951,8.2669,61.826,151.25,152.78,108.34
94.68000000000001,93.229,86.41500000000001,96.232,109.38,108.66,115.14,116.96,18.329,34.019,66.36799999999999,68.24299999999999,32.34,42.603,78.465,132.74,116.62,115.44,64.00700000000001,82.578,85.565,87.48099999999999,81.834,33.408,38.81,158.78,153.95,60.715,89.393,78.247,72.75700000000001,101.54,26.76,27.507,151.27,150.06,14.612,116.95,166.19,35.61,32.297,82.22,82.73099999999999,28.412,16.965,73.605,74.114,77.401,20.898,30.665,29.018,31.295,49.711,137.63,129.42,87.265,90.51600000000001,86.759,84.785,84.277,88.503,89.33199999999999,89.218,84.84999999999999,90.48999999999999,85.22799999999999,107.26,50.827,51.247,110.3,110.73,113.83,110,118.84,103.1,103.67,67.76600000000001,24.002,21.808,52.519,48.982,27.649,61.671,63.026,58.108,40.386,45.393,20.154,5.8711,15.77,11.948,43.359,42.831,194.41,195.3,4.0618,19.152,107.44,190.23,208.97,28.906,26.94,26.594,39.239,31.331,6.4994,12.091,165.56,2.7116,14.263,9.4884,24.225,24.199,0.35179,6.4258,0,14.218,11.47,17.255,10.491,12.293,12.624,298.89,299.82,19.918,57.983,15.159,22.503,111.94,114.78,115.78,114.47,211.02,187.12,191.84,64.55500000000001,65.489,65.995,11.702,11.734,85.182,81.27,92.053,217.99,68.238,62.687,111.91,120.74,212.82,305.75,305.74,78.511,79.548,48.303,45.229,120.44,141.83,140.88,145.64,146.38,60.598,14.536,47.834,9.7394,9.671900000000001,106.86,37.102,41.786,25.606,17.453,46.203,13.654,26.732,24.964,77.76300000000001,28.979,20.299,37.026,98.93600000000001,93.81699999999999,98.68899999999999,111.75,117.97,80.14,79.857,16.328,13.48,107.51,114,106.53,103.85,91.56699999999999,111.88,111.09,93.33499999999999,81.264,81.432,82.732,29.727,24.796,26.107,145.13,174.14,194.73,197.54,87.867,76.858,45.724,41.852,74.384,102.5,53.343,57.729,107.79,102.15,104.36,81.926,90.571,85.298,28.981,22.066,118.62,230.38,15.68,9.103199999999999,15.491,12.014,4.4527,96.459,94.667,98.613,95.797,198.93,196.26,214.07,103.5,102.3,159.28,24.887,32.142,38.822,195.44,123.98,205.35,215.52,218.55,106.42,104.79,28.465,32.743,220.41,217.11,31.421,19.889,58.769,55.655,83.16800000000001,38.351,37.395,115.53,121.64,14.838,10.593,18.568,198.17,199.74,20.32,20.649,115.9,110.65,110.39,188.79,188.54,110.49,114.63,95.21299999999999,115.84,118.15,8.0703,23.755,21.671,198.7,121.41,119.57,201.57,87.86,248.34,261.63,253.26,15.262,14.349,18.298,168.76,167.73,16.43,22.889,28.75,22.52,20.947,171.79,19.814,112.48,120.83,116.47,103.79,109.9,8.171900000000001,15.461,14.662,199.01,201.34,188.09,16.187,119.48,117.56,216.87,218.09,239.98,232.38,24.795,28.85,36.865,109.68,136.01,26.041,29.358,16.928,17.605,22.72,13.942,10.918,39.383,152.02,151.16,101.88
86.741,77.405,78.279,80.367,107.11,110.61,95.179,94.946,27.646,39.134,52.73,54.34,236.65,173.09,77.72199999999999,119.49,109.63,109.39,58.973,77.251,81.02,77.52,77.22,56.378,54.789,137.42,143.34,59.562,44.53,84.636,90.075,79.209,32.963,40.199,138.93,144.54,20.722,111.56,173.75,50.247,590.5700000000001,81.92,81.501,20.993,11.349,86.84,86.803,86.67400000000001,68.967,38.077,42.632,20.947,23.552,100.32,107.68,80.48,80.898,85.215,80.991,81.616,90.381,82.194,83.925,81.85299999999999,82.89700000000001,354.11,80.56,57.167,57.08,107.91,109,103.87,112.07,113.07,99.349,96.127,75.26600000000001,38.653,38.803,58.346,57.758,33.398,78.551,58.823,58.454,48.839,49.481,9.5314,12.854,11.499,11.035,44.115,45.178,205.8,206.2,10.729,10.836,94.447,170.53,170.55,31.407,32.244,32.152,46.193,35.416,18.83,14.012,108.62,9.2783,10.473,9.389900000000001,15.402,39.716,11.812,20.575,14.218,0,39.94,40.127,39.576,41.295,40.957,353.43,353.31,29.087,54.587,39.479,17.093,103.97,111.33,111.9,110.71,204.42,195.83,198.28,37.143,38.349,40.985,10.159,16.48,87.288,87.17,95.273,260.11,46.012,43.778,107.93,109.58,185.89,363.66,358.71,90.86499999999999,90.276,71.889,62.204,115.11,135.26,133.66,139.31,141.06,13.824,8.6592,68.539,36.304,36.745,105.16,60.296,68.28100000000001,21.604,22.016,38.668,11.363,29.094,28.822,80.26000000000001,37.762,33.829,60.158,100.19,100.65,99.134,108.54,106.8,80.81100000000001,79.047,8.33,8.0349,97.59399999999999,99.024,99.15900000000001,95.714,81.86,109.8,108.03,92.07899999999999,86.53100000000001,86.187,87.134,78.489,62.617,58.324,133.34,153.26,200.15,197,77.73699999999999,79.03,45.942,53.981,82.366,122.39,172.8,238.87,87.20399999999999,88.83499999999999,109.69,81.15300000000001,80.307,82.629,45.669,45.649,115.83,204.7,19.751,20.094,20.204,12.184,11.626,92.73,97.998,96.38200000000001,92.872,207.83,219.18,207.4,97.63500000000001,95.258,155.51,34.848,35.322,40.648,175.33,111.49,272.75,213.65,213.93,107.97,108.44,36.05,32.386,240.16,238.44,13.193,13.424,69.70099999999999,69.595,43.751,56.645,56.046,109.87,109.6,18.098,19.701,367.28,197.18,199.31,34.021,33.261,105.38,105.34,105.83,209.16,211.29,87.285,87.34999999999999,97.134,119.04,115.51,38.436,34.894,74.28,209.88,115.09,140.32,215.81,83.511,267.47,252.41,266.98,11.317,72.459,12.606,165.33,166.66,10.464,25.248,26.483,27.81,30.713,269.77,29.451,102.24,155.26,100.97,100.84,98.67,17.974,17.795,23.018,215,233.41,186.58,24.326,115.25,121.9,216.34,211.19,295.84,293.77,28.661,28.677,44.742,99.242,112.58,27.164,26.989,28.628,30.226,29.267,6.7658,6.8249,48.31,155.13,153.78,77.625
95.504,91.071,92.553,92.14400000000001,119.61,120.89,117.21,120.93,15.349,45.931,70.636,64.31699999999999,50.515,24.083,101.64,112.9,131.13,135.24,86.974,81.303,78.301,78.68600000000001,79.539,47.619,49.844,163.32,163.87,62.133,40.577,71.127,72.306,111.57,31.857,44.924,165.12,163.51,64.553,124.76,194.65,50.219,40.782,85.599,84.28100000000001,39.771,39.931,81.29000000000001,76.38,78.09,97.467,59.343,76.917,60.717,96.378,145.8,148.13,91.813,80.723,97.104,85.367,85.43899999999999,81.502,92.34999999999999,84.996,94.51600000000001,80.051,81.944,81.36499999999999,54.786,42.028,127.2,130.43,123.58,121.16,128.09,113.09,114.98,71.053,11.865,14.013,49.841,49.598,37.84,79.756,74.023,79.264,41.225,39.224,43.419,22.127,26.944,22.01,43.008,42.957,215.26,193.02,42.577,22.723,127.21,268.36,208.03,39.854,314.66,50.235,38.202,38.762,39.244,24.911,384.76,24.963,20.472,20.67,308.71,31.165,14.847,13.033,11.47,39.94,0,3.3819,15.307,1.0006,1.2237,312.85,304.12,24.595,141.3,26.744,42.891,141.33,118.74,116.87,149.53,206.04,185.13,194.77,59.513,60.663,67.755,43.226,37.188,103.65,88.08,88.414,243.8,61.711,66.241,138.32,131.62,196.75,307.61,304.43,88.55,76.172,44.888,48.085,135.86,158.29,159.03,160.27,164.4,30.777,31.353,41.491,34.171,34.437,119.61,52.52,52.76,37.606,34.468,67.218,36.92,36.945,200.87,103.06,29.954,57.734,48.645,110.26,124.63,355.06,129.49,130.18,103.69,94.97499999999999,44.649,37.81,134.44,121.35,123.48,119.56,93.98699999999999,296.39,115.72,84.789,88.384,89.968,428.85,46.158,34.727,47.551,187.19,207.21,230.73,213.04,76.943,70.426,48.236,41.122,83.471,112.09,67.233,146.57,117.53,127.76,127.26,107.56,89.55500000000001,93.681,30.205,33.559,150.06,224.34,21.454,25.12,24.474,21.142,22.778,258.59,99.876,107.08,99.70999999999999,202.12,206.83,250.05,120.37,120.68,148.93,45.02,40.098,54.257,178.71,181.66,210.26,237.14,236.43,123.74,140.13,34.034,43.312,219.44,232.36,30.61,29.811,55.696,70.58799999999999,71.01600000000001,53.008,47.735,131.41,133.71,35.71,48.709,42.291,218.42,212.64,32.219,35.029,125.51,126.53,125.73,201.86,205.68,136.26,124.87,102.79,134.48,130.63,3.0297,51.489,52.115,197.63,136.22,137.36,214.09,80.675,282.67,252.78,253.54,40.689,24.232,27.77,198.91,192.77,44.045,32.551,34.313,37.218,40.763,100.61,36.195,123.97,127.15,156.69,154.95,124.3,58.089,33.519,37.419,199.64,197.53,198.28,45.893,132.56,130.34,234.28,226.84,247.15,242.33,36.155,39.716,40.452,119.37,169.37,32.186,32.064,19.695,20.724,14.201,17.068,18.405,91.47199999999999,184.14,176.59,111.23
89.55,92.80800000000001,99.188,89.682,113.89,116.84,117.77,128.07,16.935,45.744,63.062,63.876,45.736,23.928,86.211,113.35,129.14,135.27,75.5,77.91500000000001,80.509,89.16200000000001,77.711,48.967,47.121,162.06,162.44,60.731,90.68000000000001,70.626,69.883,109.2,33.088,32.779,162.97,163.01,35.933,122.45,182.73,39.221,40.031,79.60899999999999,82.06399999999999,40.625,39.526,71.408,71.127,81.53400000000001,125.79,51.725,60.11,102.74,53.291,146.06,145.24,119.79,80.46599999999999,83.044,80.035,78.688,80.798,79.70099999999999,81.76900000000001,80.06100000000001,82.54900000000001,81.14400000000001,78.807,41.143,41.13,125.38,126.61,119.35,118.68,119.59,117.65,111.36,71.29000000000001,11.767,11.871,47.426,45.4,37.584,66.444,66.578,67.16,39.305,37.578,42.393,21.278,21.339,21.133,39.201,39.69,190.32,190.34,20.544,20.357,127.47,200.61,187.81,38.221,39.108,38.681,41.401,38.192,20.607,20.736,104.24,19.135,19.616,19.447,20.002,32.775,10.776,26.297,17.255,40.127,3.3819,0,0.3421,0.38791,0.62031,306.19,301.48,23.055,169.33,44.104,55.474,120.26,134.89,118.74,129.98,209.21,183.96,188.41,58.279,76.565,81.133,35.86,35.847,119.19,87.396,130.39,235.57,60.243,59.874,126.72,129.14,203.75,303.82,306.87,86.84699999999999,78.871,43.966,46.379,137.47,158.02,155.94,163.81,160.52,29.998,31.903,39.981,33.602,34.293,120.93,46.483,51.615,48.438,32.929,46.499,36.365,35.391,34.734,103.3,26.572,41.505,409.2,106.65,108.94,110.54,129.05,125.38,111.8,94.59999999999999,36.501,41.01,123.05,124.14,123.7,118.71,85.251,119.36,114.71,83.27800000000001,83.495,85.066,83.593,34.119,34.275,34.908,153.42,153.57,207.1,216.08,67.67,80.53100000000001,38.041,37.825,90.822,105.93,70.52500000000001,83.849,111.1,110.83,119.43,90.36199999999999,88.996,89.40600000000001,43.187,47.548,136.26,218.33,17.812,17.918,17.973,26.265,20.266,92.318,92.16,91.902,91.84699999999999,193.82,192.92,240.46,119.67,123.92,169.89,40.162,40.944,42.427,227.83,160.03,214.2,240.82,235.53,123.68,119.66,56.491,42.545,222.38,221.01,28,28.749,67.82899999999999,62.796,84.869,47.585,46.924,131.42,137.69,34.93,37.76,34.884,230.44,210.65,31.051,30.924,126.31,126.87,131.73,199.55,199.23,119.31,119.17,93.962,130,146.22,3.197,36.473,39.144,195.32,143.54,133.76,210.52,222.39,240.01,251.11,248.82,22.244,21.375,28.383,181.72,194.66,41.332,31.404,31.13,31.088,31.556,184.83,35.43,122.55,139.62,148.84,242.75,127.64,32.035,39.298,39.257,192.46,192.05,195.99,41.839,129.54,140.34,224.78,224.57,239.89,243.03,34.045,34.318,28.4,120.66,152.64,29.253,31.178,13.678,13.708,13.739,16.959,16.967,86.631,174.29,164.42,116.01
92.70099999999999,91.014,90.595,90.187,114.88,122.03,125.16,115.76,17.739,44.58,62.165,81.974,26.525,29.106,97.459,153.62,129.07,128.86,74.84399999999999,77.658,88.22799999999999,85.107,77.48099999999999,46.885,47.214,175.82,176.91,64.309,40.706,69.694,69.746,108.89,31.863,36.88,165.79,161.98,35.601,120.59,192.98,43.588,39.463,79.467,79.395,54.609,52.964,71.288,74.092,70.922,60.751,83.70099999999999,89.20999999999999,53.96,45.13,147.1,145.32,78.86,81.071,81.372,78.572,80.86199999999999,78.732,81.15600000000001,90.98399999999999,78.532,89.515,81.748,79.634,40.85,40.822,125.24,126.23,118.39,118.47,118.96,115.81,111.3,74.98099999999999,11.498,11.494,48.425,45.299,36.857,67.15600000000001,66.399,77.471,37.515,44.464,41.987,28.663,21.1,22.422,40.713,40.789,192.38,190.63,20.885,20.612,253.1,178.09,225.56,43.365,42.526,38.159,50.821,39.541,20.664,20.6,153.14,19.088,19.371,19.079,18.573,36.105,13.346,10.711,10.491,39.576,15.307,0.3421,0,0.65598,0.42561,301.4,305.69,23.245,76.254,23.279,41.406,119.97,119.78,114.97,115.59,198.95,189.18,183.85,58.115,58.085,57.966,35.852,38.07,91.949,93.282,87.307,238.91,59.444,59.654,126.86,126.54,203.11,306.41,306.95,73.991,73.908,43.903,44.06,130.64,155.65,173.04,159.45,159.51,20.163,31.05,39.66,34.748,33.744,116.48,46.206,49.332,41.926,33.257,72.285,39.956,34.631,34.583,96.893,31.68,40.788,47.245,108.91,109.17,106.71,125.03,130.83,94.297,105.84,37.301,36.502,118.8,118.56,119.3,118.67,90.03100000000001,119.65,114.65,82.71899999999999,83.901,82.788,83.06399999999999,35.864,34.101,34.244,190.5,158.66,206.85,207.04,67.58,67.489,37.567,37.572,81.52,106.83,58.965,91.387,109.35,109.2,118.8,82.982,85.825,84.79300000000001,38.789,30.05,138.46,221.42,18.042,17.735,23.887,20.26,20.291,98.85599999999999,91.78700000000001,91.789,91.76900000000001,192.99,201.31,237.85,117.1,124.52,215.06,39.891,45.511,51.965,139.12,138.71,225.39,251.11,235.46,118.89,119.48,80.35599999999999,51.213,213.52,221.15,27.91,27.995,52.896,52.85,47.88,46.67,46.662,126.73,133.2,34.586,37.948,34.63,210.32,210.71,30.808,51.168,124.97,124.87,134.86,199.14,209.74,119.14,119.11,96.77500000000001,132.95,129.76,2.764,42.184,46.214,195.4,135.48,133.48,219.47,79.613,250.12,252.73,245.12,22.144,23.251,23.053,192.64,181.51,37.504,34.212,31.552,32.004,32.608,216.59,47.568,132.6,146.15,242.02,254.87,121.53,30.515,35.614,37.608,203.44,195.11,202.15,37.17,129.27,129.24,224.54,224.5,239.7,239.71,34.123,33.957,23.513,124.32,155.33,30.345,30.933,13.578,13.605,13.581,16.441,16.471,49.302,164.52,164.47,112.08
91.68300000000001,90.068,93.514,89.64100000000001,115.82,116.31,118.97,115.75,13.34,50.079,70.45999999999999,63.101,42.139,53.214,86.345,130.49,137.2,129.07,74.86199999999999,77.557,77.61,83.419,77.389,46.718,46.679,161.58,161.44,81.09099999999999,57.479,69.783,69.499,115.15,38.492,30.649,162.18,161.89,35.677,123.2,142.29,39.408,39.472,86.617,82.02200000000001,41.773,39.15,70.657,71.143,70.786,41.925,47.885,45.195,83.565,67.879,148.92,144.07,78.645,79.84099999999999,80.774,80.19199999999999,78.514,78.63500000000001,83.447,90.69,120.16,78.48099999999999,78.97199999999999,85.744,40.869,40.814,125.11,125.45,118.22,118.49,118.18,117.92,111.23,87.873,11.418,11.465,48.673,48.767,36.884,67.044,66.747,68.902,37.32,37.477,41.849,26.49,21.115,21.2,40.962,39.14,214.63,191.29,27.508,20.428,117.38,176.72,187.78,39.957,38.331,38.019,37.506,37.737,20.439,20.387,157.49,19.038,19.176,19.029,18.514,29.653,11.459,10.723,12.293,41.295,1.0006,0.38791,0.65598,0,0.44784,303.19,301.64,24.267,761.3099999999999,25.84,35.459,119.88,115.74,114.85,118.87,197.6,183.75,185.84,57.935,59.15,58.021,43.986,41.48,86.75700000000001,119.27,96.96299999999999,237.58,59.528,59.491,126.47,126.6,196.23,305.13,306.36,83.239,73.60599999999999,44.161,43.72,130.16,158.79,155.57,159.38,176.37,27.489,18.925,59.548,36.806,33.61,116.36,50.727,46.069,33.074,34.395,54.068,37.345,34.143,34.234,93.10299999999999,25.789,47.921,45.693,108.43,106.6,108.15,130.7,128.52,93.649,93.79000000000001,37.874,39.853,118.82,118.56,118.66,118.49,85.066,114.54,121.79,82.631,82.675,82.76300000000001,83.06999999999999,33.937,44.994,34.977,128.03,180.36,206.83,206.8,68.565,68.443,37.618,37.899,111.61,89.60899999999999,58.309,87.367,113.18,116.51,118.82,87.048,94.51300000000001,95.913,29.893,29.876,148.68,226.51,20.118,17.623,17.621,20.196,61.593,98.29600000000001,99.937,102.85,91.66200000000001,194.13,192.65,235.45,119.57,116.77,209.56,39.925,47.404,46.355,251.88,138.65,215.9,235.28,235.53,129.19,120.39,52.103,54.143,213.88,213.56,44.898,27.855,52.851,53.047,55.27,48.539,46.585,126.85,137.39,41.456,34.615,37.648,210.24,210.29,31.229,41.35,127.32,125.61,124.04,199.02,199.1,118.96,125.95,94.306,129.69,129.52,2.5916,30.364,35.787,195.39,133.4,136.53,215.34,78.111,244.9,247.12,245.31,21.109,20.897,21.937,193.29,181.13,34.347,34.521,32.001,36.133,34.682,300.64,40.148,122.42,132.69,244.26,244.48,126.13,34.824,33.263,31.816,192.04,192.03,197.81,38.639,131.42,130.37,226.72,224.47,239.6,239.59,38.335,33.926,25.164,117.78,150.81,31.347,29.594,13.545,13.603,26.173,16.647,16.264,47.986,168.84,164.41,108.6
93.154,89.955,93.361,89.73099999999999,127.67,125.37,117.18,117.68,13.474,45.155,62.566,66.645,33.591,67.328,86.626,139.65,128.99,129.19,75.078,79.745,77.986,77.791,77.91500000000001,47.384,47.153,165.79,161.67,54.623,71.322,74.62,70.011,111.78,42.768,33.052,163.42,162.71,36.18,119.59,165.27,40.579,39.465,79.57299999999999,80.8,39.638,42.863,71.342,71.54000000000001,71.64700000000001,78.879,63.722,74.63,48.303,86.47,145.18,144.47,102.1,79.303,80.777,81.342,78.63500000000001,79.566,91.48,99.075,125.57,78.831,79.096,90.869,42.332,41.848,125.88,126.62,123.99,119.84,123.84,112.87,121.57,70.10899999999999,11.547,11.725,51.348,45.218,37.619,71.215,67.14700000000001,67.681,38.048,53.526,48.853,20.802,21.197,21.951,41.274,41.391,190.43,190.45,20.955,20.981,121.89,270.63,190,40.485,42.844,39.896,37.995,38.133,20.619,20.525,194.81,19.474,20.837,19.857,18.894,29.902,16.012,14.75,12.624,40.957,1.2237,0.62031,0.42561,0.44784,0,302.48,303.53,24.496,256.65,23.78,36.115,127.09,125.25,116.63,117.87,202.73,184.05,184.87,73.86799999999999,60.812,58.717,38.958,37.708,89.122,89.514,133.27,242.89,60.335,75.03100000000001,133.32,142.64,193.48,302.27,317.15,73.822,74.61199999999999,46.303,46.407,131.43,158.35,158.33,160.09,159.88,21.561,31.13,39.833,36.528,34.64,118.67,46.406,46.527,32.993,67.26000000000001,40.926,37.436,36.374,37.86,89.964,31.349,41.168,46.544,108.96,105.57,109.85,125.22,125.39,99.801,495.65,38.087,36.311,119.53,121.99,119.68,121.06,89.776,120.62,115.04,83.095,89.89100000000001,87.251,88.33199999999999,34.511,35.907,35.366,157.11,171.94,218.64,207.13,71.218,72.121,38.642,39.408,111.87,152.34,66.41200000000001,100.97,110.62,115.33,119.36,94.239,88.014,88.467,30.761,30.109,134.7,223.64,18.178,18.992,18.197,22.251,20.217,93.866,97.465,91.8,92.517,200.87,193.56,238.3,479.77,117.2,146.25,40.037,38.024,50.871,138.52,139.54,215.71,243.52,235.94,119.43,124.23,67.535,43.051,214.41,229.11,28.616,27.976,55.689,53.799,61.066,46.922,47.683,127.25,134.6,34.923,37.568,34.472,212.02,218.73,31.462,31.715,130.26,124.36,127.88,199.3,199.66,119.39,120.13,95.236,148.43,135.61,2.721,42.723,32.317,196.49,137.09,135.99,210.88,77.455,251.48,257.91,247.55,23.065,23.847,21.445,182.76,181.41,34.931,31.848,31.985,40.228,34.76,91.943,42.425,123.11,137.51,242.25,151,121.73,39.965,38.948,31.522,195.23,196.25,196.34,37.614,140.69,129.97,235.55,227.07,240.61,240.63,34.394,39.449,25.663,118.35,150.7,29.194,32.577,13.638,48.064,13.907,39,17.975,66.92700000000001,175.1,164.53,110.69
307.65,307.79,309.33,309.38,233.5,234.55,239.51,239.02,291.99,312.62,308.61,306.96,304.41,311.3,214.46,268.62,239.78,239.91,261.55,239.26,239.47,252.54,238.07,279.92,279.73,272.17,272.19,295.35,300.23,230.55,230.36,232.71,283.65,283.06,273,272.9,308.08,319.37,278.45,286.73,305.67,241.86,241.91,316.06,316.65,267.3,267.16,266.52,391.79,383.73,350.11,348.18,347.03,254.94,255.08,240.31,240.46,241.74,241.67,239.15,239.11,240.31,239.57,239.25,239.19,242.11,239.34,286.78,286.76,236,236.45,226.58,226.72,226.51,219.3,219.29,330.03,309.37,308.98,292.27,290.91,298.49,284.87,284.87,284.52,262.53,262.57,316.82,328.36,328.96,326.69,304.06,304.19,120.52,120.51,323.14,331.01,230.69,462.42,444.3,298.38,298.99,298.31,307.06,307.29,344.21,344.58,254.24,299.24,299.42,299.39,305.5,314.54,299.55,302.83,298.89,353.43,312.85,306.19,301.4,303.19,302.48,0,0.17062,310.99,504.42,311.05,306.8,230.8,238,238.02,238.08,118.25,114.21,115.7,302.71,302.74,302.76,312.85,312.97,340.73,340.4,372.59,182.02,304.28,304.39,238.03,237.58,323.23,22.856,22.909,234.09,234.1,268.45,268.04,241.97,267.15,267.95,270.4,270.37,328.73,320.31,263.64,305.86,306.02,227.48,279.15,279.25,301.79,306.62,315.86,313.69,301.11,301.92,222.75,298.52,313.36,278.17,330.73,331.05,359.56,237.09,240.96,285.34,285.59,309.79,308.25,229.77,229.64,229.63,229.65,245.73,222.83,222.77,256.25,256.17,256.89,256.48,288.14,289.34,288.77,281.51,288.09,486.31,487.47,248.55,247.41,262.59,262.55,335.01,374.82,339.72,337.98,233.34,232.55,229.76,238.76,265.87,236.21,299.37,299.23,262.05,126.36,305.94,305.73,307.72,300.44,300.55,253.15,253.23,253.3,253.25,123.43,123,180.2,236.7,227.59,253.55,282.42,284.17,276.28,359,249.7,131.03,438.67,437.95,232.95,230.38,324.25,321.97,185.83,186.64,307.61,305.59,278.41,278.35,340.02,290.13,291.99,237.83,244.01,307.16,307.79,308.82,490.1,489.75,295.42,283.25,234.81,234.83,235.47,478.56,479.17,242.48,242.38,266.58,240.53,242.68,298.83,286.68,293.15,125.67,244.27,244.4,105.03,227.78,353.04,347.63,356.23,335.09,334.88,336.36,292.27,292.53,309.59,315.55,314.16,313.81,314.21,297.11,308.05,233.74,236.58,527.83,430.65,232.54,328.5,343.93,319.65,122.7,122.2,476.59,312.79,240.02,240.07,137.32,137.57,177.95,178.03,300.6,300.6,300.82,228.66,262.02,295.98,295.45,290.55,290.35,290.46,294.72,294.68,337.1,275.69,275.59,232.31
310.49,310.33,307.96,307.6,232.33,234.63,239.52,239.1,290.31,312.69,307.14,307.3,355.43,309.95,214.46,219.38,240.08,240.53,261.96,238.27,240.68,244.18,238.07,279.69,286.86,272.13,272.17,310.4,322.31,234.55,230.53,232.39,284.13,283.06,273.13,273.04,308.04,338.31,278.93,287.8,306.64,240.91,240.03,316.19,316.87,267.29,266.82,266.59,342.56,355.28,342.96,343.56,382.01,255.26,254.95,245.39,240.79,241.84,239.97,240.64,239.51,239.66,239.73,239.07,239.24,239.91,239.15,288.51,286.8,236.24,236.38,226.53,230.57,226.33,219.33,219.34,335.44,309.02,310.09,292.17,290.64,298.51,284.51,284.63,284.37,262.44,262.6,319.03,328.79,323.71,331.71,305.58,303.93,120.51,120.45,328.28,326.11,228.87,440.5,447.66,298.34,299.76,298.31,306.99,307.07,343.38,343.92,321.08,299.28,299.32,299.24,305.44,313.82,299.22,298.59,299.82,353.31,304.12,301.48,305.69,301.64,303.53,0.17062,0,335.07,412.39,311.06,307.93,231.1,238.18,237.95,237.94,122.68,114.08,114.22,303.09,302.67,302.74,312.86,312.98,340.57,342.52,355.04,200.26,307.31,304.19,237.42,237.62,314.08,22.846,22.847,234.62,242.67,267.89,267.97,242.49,266.53,266.43,270.39,270.54,319.4,363.68,263.31,306.24,305.98,227.52,279.21,279,298.43,297.44,320.08,318.8,300.66,300.66,257.45,298.98,313.27,277.11,381.58,393.8,331.24,237.66,235.91,285.02,287.88,308.5,308.05,230.32,229.51,229.6,229.92,245.72,223.15,222.58,256.27,256.11,256.18,256.39,291.6,288.18,292.76,256.94,265.94,486.22,486.24,256.24,245.32,262.64,262.91,335.25,392.81,371.87,348.91,239.31,232.3,229.7,250.45,250.02,247.95,299.28,299.39,250.24,126.7,305.9,305.76,306.79,300.38,301.52,253.23,253.31,253.19,253.1,123.27,126.37,186.61,228.68,227.63,237.83,285.23,286.01,287.45,283.36,249.84,131.34,440.99,436.86,229.65,230.1,343.4,312.27,186.58,192.41,305.84,305.7,278.32,283.03,313.05,289.7,289.88,239.38,243.76,307.28,307.43,307.11,489.76,491.3,284.1,283.8,235.12,234.93,235.47,478.45,478.71,242.41,242.82,268.61,240.52,240.56,298.86,290.67,287.36,125.73,244.46,244.33,104.85,227.6,347.17,352.6,347.27,336.23,336.19,337.1,292.07,292.18,309.31,314.03,315.37,314.79,319.44,419.19,305.53,233.5,242.42,430.96,527.42,233.85,323.56,330.77,343.34,126.67,122.27,475.35,311.96,239.77,240.53,137.43,137.35,177.94,177.96,300.67,300.57,306.92,229.88,268.21,294.86,295.7,290.52,290.61,290.6,294.48,295.5,322.87,278.01,275.36,232.11
98.926,99.62,99.003,101.09,122.64,124.4,109.93,109.18,29.267,46.577,84.02200000000001,77.929,76.303,57.606,92.992,119.32,120.43,119.65,70.387,94.328,94.755,96.59999999999999,93.746,34.377,34.439,144.17,144.55,41.47,73.66,85.48699999999999,87.123,105.85,32.67,32.889,149.04,149.05,13.019,116.53,150.88,42.998,42.776,94.911,98.919,18.22,16.451,86.902,87.38,86.39700000000001,20.44,20.411,89.53400000000001,18.964,71.837,131.12,132.2,96.983,94.68600000000001,95.884,95.73999999999999,95.06,94.06100000000001,96.94499999999999,110.6,94.629,94.651,97.76300000000001,95.182,56.488,56.857,112.29,112.78,111.55,111.7,111.64,197.31,105.32,73.84099999999999,31.78,31.297,61.017,63.02,32.575,71.61199999999999,69.036,69.048,49.519,49.933,19.364,16.807,17,17.266,22.89,22.984,206.27,207.36,16.709,16.689,108.06,212.13,191.84,33.974,36.346,33.64,46.328,43.863,17.192,17.197,99.66,15.085,15.294,15.058,5.106,31.749,20.896,25.195,19.918,29.087,24.595,23.055,23.245,24.267,24.496,310.99,335.07,0,56.411,0.2791,4.581,111.02,114.01,114,114.8,217.09,199.72,200,73.643,73.56,73.673,30.281,13.222,85.84,84.19,84.51900000000001,221,75.182,75.095,119.25,119.38,171.12,316.13,316.21,99.077,89.22799999999999,52.105,52.244,117.74,162.33,138.49,147.11,146.78,19.831,39.98,62.421,21.591,21.636,115.55,33.979,33.788,26.254,27.555,49.679,13.959,38.704,46.242,90.833,41.727,32.407,32.72,100.85,100.41,99.571,117.8,117.35,83.127,88.166,13.313,13.728,107.35,109.55,111.3,110.25,100.8,107.88,108,86.03100000000001,86.096,85.877,87.652,37.285,37.268,38.87,144.73,162.72,196.56,196.75,85.568,87.17100000000001,54.686,51.41,79.035,104.69,59.739,60.065,102.92,102.45,119,126.28,96.819,90.95999999999999,20.428,20.394,150.22,226.84,22.037,21.935,21.771,16.23,16.207,99.931,100.15,101.65,99.93000000000001,210.32,208.74,218.31,107.25,106.79,132.19,33.451,36.683,40.85,229.65,125.78,210,240.26,238.58,118.04,120.15,32.507,23.03,229.41,229.64,21.065,24.907,61.09,61.613,70.506,49.912,49.902,116.77,120.92,11.958,12.441,11.806,199.86,200.01,32.781,32.886,111.21,111.59,128.81,188.85,188.88,112.34,112.38,96.899,117.82,116.76,22.043,36.875,39.344,211.34,120.51,120.3,211.95,94.988,261.34,261.27,255.2,15.93,16.636,18.391,170,168.5,16.242,27.753,27.606,30.804,26.585,109,4.4821,109.54,125.87,134.05,232.13,110.67,37.373,36.502,37.66,209.15,208.46,186.01,15.174,116.36,116.1,220.91,221,244.06,242.93,39.739,37.266,41.068,107.86,137.77,32.458,33.159,31.53,29.284,31.64,9.7142,9.1637,51.473,151.75,151.42,101.74
126.36,370.95,355.51,513.78,441.45,916.65,130.54,253.37,172.56,368.06,81.837,153.51,1189.7,449.39,312.2,314.01,678.27,744.12,274.95,163.68,863.3,325.59,122.57,279.92,494.97,1236.2,178.5,97.539,862,119.53,136.24,973.66,1169.8,123.2,186.85,424.44,45.383,146.37,417.76,126.24,177.94,250.17,143.3,49.505,540.53,310.87,1342,765.33,492.33,59.056,60.208,167.75,775.13,216.64,920.2,137.17,288.94,158.15,158.34,148.25,770.55,133.08,1141.5,295.93,141.46,127.6,134.96,109.82,110.35,158.76,668.11,363.04,160.23,440.22,137.03,150.16,1029.1,263.11,771.12,90.84,94.23999999999999,404.1,315.61,810.9299999999999,153.94,143.57,84.505,689.66,517.25,107.63,93.05,91.77,508.54,697.4,348.25,212.86,310.85,132.13,1552.7,566.14,120.55,78.03100000000001,203.52,502.76,105.28,565.5,294.63,181.31,69.16,276.34,229.01,427.54,97.71299999999999,1184.2,51.697,57.983,54.587,141.3,169.33,76.254,761.3099999999999,256.65,504.42,412.39,56.411,0,270.95,226.37,198.68,437.06,208.37,1052.4,600.9400000000001,244.38,252.96,345.15,89.14400000000001,220.25,62.803,1163,127.55,122.02,214.53,328.51,467.53,622.37,353.05,159.83,386.1,942.05,962.22,156.6,1138.1,517.77,176.99,194.25,948.17,165.78,683.53,216.18,57.261,281.71,953.95,343.49,277.98,189.05,91.735,125.66,761.74,291.28,61.182,943.1,90.958,563.85,115.36,320.86,87.78400000000001,828.61,411.48,157.26,133.81,151.29,197.11,518.1900000000001,130.75,907.86,257.46,907.8200000000001,177.86,680.95,161.24,515.22,196.51,152.98,235.95,927.8,134.09,1436.7,234.16,447.94,238.77,1095.2,207.53,236.52,252.38,553.6,130.99,90.684,137.26,187.54,308.89,174.96,147.71,1002.8,118.5,307.72,788.71,118.14,458.38,795.96,402.16,398.65,241.07,257.09,245.18,120.5,221.59,66.676,324.9,337.63,123.63,116.65,249.58,253.03,261.93,305.36,507.34,152.15,79.124,506,91.411,652.09,1660.1,505.28,732.26,283.42,151.69,142.99,59.483,87.458,296.83,266.87,56.025,561.83,521.9299999999999,738.1799999999999,71.93600000000001,144.58,236.72,571.86,184.95,254.77,458.01,58.688,998.7,270.34,97.79600000000001,132.8,145.31,184.26,206.18,261.9,257.63,244.37,129.9,162.27,161.22,156.11,693.3200000000001,779.46,92.66200000000001,332.68,173.82,226.49,263,224.41,300.52,297.49,639.71,1335.2,59.673,281.79,881.2,304.44,183.55,194.11,67.55,363.84,83.78100000000001,658.6900000000001,387.26,351.78,161.37,143.71,397,967.03,51.712,683.29,65.944,354,297.37,430.5,49.578,591.42,152.76,275.84,539.38,293.37,428.97,167.43,113.65,96.565,246.58,331.96,243.59,71.98999999999999,285.04,1014,417.31,482.49,583.86,224.21,620.5599999999999,572.63,298.06
100.9,99.81399999999999,99.11799999999999,100.07,121.43,124.72,128.69,113.78,37.754,47.36,77.696,77.771,52.944,72.505,93.09399999999999,131.32,119.6,126.35,70.82599999999999,93.384,93.057,95.17700000000001,93.133,39.467,34.517,148.28,143.66,48.471,22.721,86.848,89.602,102.32,102.16,32.62,149.55,153.63,13.089,119.8,154.9,42.618,42.57,94.925,94.893,16.645,16.595,86.422,86.58799999999999,86.33499999999999,35.635,47.28,23.026,21.011,33.261,131,133.5,96.925,98.79000000000001,96.666,94.703,94.56399999999999,94.127,100.23,101.31,94.25,94.31,94.55,95.461,57.405,56.61,112.16,112.29,111.38,111.66,113.19,109.55,104.78,75.459,31.169,31.077,60.78,61.013,32.407,69.80500000000001,69.191,71.571,49.57,50.911,26.205,17.266,17.052,20.357,23.226,22.956,208.35,206.6,16.733,22.228,108.9,217.66,176.19,34.538,34.929,42.498,43.938,52.564,25.71,18.056,94.71299999999999,15.132,18.103,15.411,5.1527,31.937,14.869,15.008,15.159,39.479,26.744,44.104,23.279,25.84,23.78,311.05,311.06,0.2791,270.95,0,5.9875,111.14,114.98,114.04,118.87,211.25,199.75,199.83,80.215,73.568,74.636,15.315,13.853,84.14100000000001,84.188,84.34099999999999,217.72,75.611,75.60599999999999,127.36,119.66,201.03,316,317.09,91.78100000000001,89.163,52.5,52.259,117.18,137.39,138.17,146.36,146.59,35.395,12.613,52.432,21.549,23.367,115.81,34.081,43.736,27.039,37.676,31.007,13.356,37.428,41.439,92.559,54.572,28.697,37.068,99.283,100.91,100.78,117.92,119.87,83.75,83.21899999999999,13.138,18.376,109.78,108.9,114.61,109.55,102.84,107.74,107.77,86.69199999999999,86.444,86.825,88.14400000000001,37.896,39.04,37.535,138.26,164.36,196.56,196.48,85.792,85.547,49.732,52.084,79.26300000000001,122.31,59.993,83.90600000000001,105.31,102.69,118.43,91.895,96.328,97.262,23.019,20.423,129.34,210.36,22.601,27.416,21.845,16.166,16.18,102.79,100.62,101.8,99.96299999999999,217.54,208.76,216.72,107.66,108.88,125.01,34.7,35.513,42.678,131.83,135.25,210.86,244.41,238.68,117.95,122.31,12.497,22.97,230.09,229.55,21.141,21.06,62.358,61.07,35.048,49.932,49.931,115.82,122.19,15.113,12.339,15.051,201.46,200.05,41.488,32.852,111.09,112.3,111.09,190.07,188.87,113.72,121.93,95.571,118.68,117.03,20.855,41.211,38.01,214.59,120.7,120.31,211.89,93.15000000000001,255.46,261.21,256.31,16.839,25.165,14.905,168.22,168.4,12.542,27.107,26.774,26.524,26.821,220.46,4.4031,109.58,121.01,232.81,231.74,111.69,38.812,36.999,41.386,208.29,208.5,186.78,19.948,116.67,116.6,220.97,221.95,243.86,242.96,37.34,48.766,39.126,108.51,137.89,34.104,32.96,44.755,29.316,29.285,19.695,9.528499999999999,50.86,157.35,151.82,102.65
98.42400000000001,94.996,93.825,94.104,125.96,128.21,147.98,126.66,34.327,48.548,78.89700000000001,84.023,43.127,54.109,90.062,183.73,116.31,117.87,69.248,82.529,84.73,82.59,84.312,32.034,32.426,167.99,166.67,63.856,18.525,75.217,74.44799999999999,120.48,20.972,16.799,167.13,167.57,14.233,138.01,145.38,35.913,44.486,84.003,83.95099999999999,17.403,18.199,75.241,85.926,78.88,50.292,31.945,30.239,22.685,65.861,149.38,150.74,84.931,85.145,83.581,87.169,85.06699999999999,83.104,83.79000000000001,130.9,84.81399999999999,86.361,89.69199999999999,89.03100000000001,57.215,59.368,130.58,130.38,129.12,143.16,128.98,124.26,121.99,73.483,131.37,40.388,55.049,55.419,26.934,52.925,53.551,52.244,43.32,44.29,20.871,28.204,29.64,27.009,19.681,22.523,225.08,223.05,27.274,27.144,105.53,183.86,176.13,37.017,38.351,37.758,54.712,50.66,21.412,27.425,100.38,25.087,25.28,25.654,9.5139,35.765,15.764,19.907,22.503,17.093,42.891,55.474,41.406,35.459,36.115,306.8,307.93,4.581,226.37,5.9875,0,124.87,133.44,134.06,303.89,202.48,188.88,189.08,89.777,151.39,73.961,14.179,15.108,79.843,79.35899999999999,85.845,206.89,79.11199999999999,76.453,131.27,133.5,200.17,311.88,311.07,80.125,79.126,50.88,50.553,137.11,161.15,160.75,147.62,147.22,23.732,42.8,52.287,22.928,23.616,121.81,33.214,31.153,28.691,39.196,49.176,15.188,42.061,40.919,83.745,42.655,29.319,28.944,106.62,122.56,110.27,142.11,129.77,84.72499999999999,85.544,14.582,14.546,123.44,123.26,124.08,125.28,90.96899999999999,126.49,125.69,80.29900000000001,78.908,78.98099999999999,77.565,32.101,31.133,29.952,160.82,153.56,220.35,200.42,53.832,61.387,42.498,54.021,79.27800000000001,143.13,61.981,65.151,141.69,103.97,123.82,95.283,94.086,95.974,20.098,20.239,148.65,217.87,23.667,23.625,35.257,17.199,21.07,97.248,98.063,102.32,97.69499999999999,200.62,199.43,208.98,121.29,121.75,131.52,38.015,38.777,40.698,143.85,143.14,201.02,219.92,220.3,124.5,124.09,11.367,14.646,218.56,319.26,26.547,24.749,59.83,59.412,39.524,43.238,68.669,133.59,121.6,12.991,13.44,13.192,201.37,202.76,17.26,17.972,128.16,130.14,128.41,203.69,193.92,130.02,130.96,89.85899999999999,134.69,153.55,34.408,18.046,16.796,202.31,451.48,138.36,199.06,85.651,267.07,275.91,261.6,18.296,21.683,19.221,185.74,186.12,59.888,17.151,18.115,23.14,32.902,136.85,1.4728,127.43,146.82,136.95,136.45,112.72,36.57,30.23,34.299,199.11,197.1,190.67,30.24,134.39,135.65,221.59,222.42,226.81,226.32,42.093,58.998,43.176,126.76,155.59,39.353,35.653,33.633,36.843,34.999,12.906,10.665,50.644,173.05,171.54,123.47
190.06,196.48,190.49,190.13,18.027,19.24,33.744,34.818,117.37,139.46,151.63,150.21,131.31,167.92,171.64,188.62,24.302,24.263,169.37,183.32,186.67,183.84,181.41,137.19,145.06,56.817,58.373,149.88,118.17,173.95,173.92,25.275,124.34,122.6,58.07,57.804,104.48,25.138,89.495,139.4,138.37,183.29,185.13,108.65,107.92,174.91,174.75,174.76,115.3,163.11,146.63,123.59,149.9,39.516,40.055,182.69,183.29,184.25,184.09,183.65,183.18,184,209.06,182.56,182.46,182.67,182.62,144.79,144.82,3.5902,3.6241,39.115,39.387,40.878,32.31,32.187,160.99,127.73,127.82,145.74,144.61,113.1,159.8,157.82,157.51,139.66,139.71,108.51,104.3,105.01,104.8,122.84,118.69,299.27,299.28,103.93,104.15,7.2885,94.044,85.456,114.32,114.7,114.19,137.33,137.25,108.99,109.62,188.14,105.17,106.56,106.5,102.17,114.04,108.8,118.38,111.94,103.97,141.33,120.26,119.97,119.88,127.09,230.8,231.1,111.02,198.68,111.14,124.87,0,22.721,22.756,27.298,295.95,285.95,285.98,148.49,148.4,148.27,113.76,104.5,169.61,169.31,169.56,320.16,154.39,154.34,22.09,22.048,115.45,236.59,236.83,178.59,177.4,140.89,140.66,25.879,57.655,51.509,55.027,71.083,109.49,120.7,143.81,109.26,109.22,30.544,136.73,137.06,119.18,116.38,142.71,106.6,131.31,131.04,182.76,129.33,116.38,134.98,9.6922,9.5632,11.74,22.106,20.495,171.28,170.92,108.85,104.29,8.6173,8.3514,9.3378,8.370200000000001,195.27,35.476,35.386,173.53,173.57,173.41,174.89,133.35,133.24,142.08,50.453,78.03,296.34,296.28,159.2,159.95,132.49,132.75,165.37,177.6,150.45,150.71,27.625,26.883,13.424,181.56,181.2,172.86,114.16,114.01,30.317,311.41,112.57,112.36,112.66,105.52,106.74,194.43,194.22,194.41,194.31,295.98,295.1,322.22,30.646,12.231,41.168,124.72,125.21,132.75,67.42400000000001,34.291,305.07,326.8,326.77,13.467,13.631,123.82,103.69,315.64,315.58,111.59,111.65,155.61,158.03,146.88,138.2,138.2,23.747,31.287,105.21,105.64,105.44,299.55,299.75,122.77,122.76,5.6528,5.8922,8.135400000000001,299.89,300.2,35.627,35.518,185.01,28.526,25.093,117.48,142.19,129.03,297.46,29.261,29.192,306.5,182.7,452.01,452.82,455.24,106.76,105.37,105.16,77.938,76.694,103.19,126.56,127.12,126.95,130.73,232.81,124.16,4.7065,17.58,247.99,247.91,8.776999999999999,112.09,110.8,117.26,297.75,294.12,285.3,104.33,24.926,24.794,311.64,311.61,342.5,342.34,130.96,130.77,129.99,5.4539,50.994,122.95,122.95,117.67,117.83,117.67,104.53,104.42,141.24,60.791,60.747,25.505
196.39,198.74,198.29,196.42,7.7211,2.8174,39.328,39.212,124.64,144.89,155.18,156.3,146.04,272.35,178.36,198.71,31.497,31.675,180.67,188.68,191.52,195.27,188.65,144.64,144.85,61.563,63.164,147.69,182.63,181.19,180.91,32.717,136.81,130.15,62.269,62.302,111.37,15.244,111.48,144.64,145.72,191.6,191.27,115.78,115.21,182.75,182.59,182.08,123.05,135.91,137.03,145.84,132.12,44.037,50.984,192.68,190.85,194.71,192.27,189.69,189.71,190,189.67,218.23,189.61,190.2,189.61,153.43,151.96,25.351,27.199,46.16,46.501,46.419,39.265,39.291,167.22,128.09,128.16,148.76,149.39,120.29,165.82,164.87,164.7,138.8,139.28,119.24,108.05,108.51,109.06,122.26,122.32,306.38,306.37,110.65,107.54,20.161,123.01,146.58,121.36,122.71,121.37,144.52,144.38,106.02,114.96,361.2,109.64,109.82,109.68,109.22,119.39,112.64,112.35,114.78,111.33,118.74,134.89,119.78,115.74,125.25,238,238.18,114.01,437.06,114.98,133.44,22.721,0,0.2304,0.28899,300.07,293.04,293.16,171.3,171.16,171.27,111.48,111.22,176.44,176.51,176.42,327.3,158.73,161.79,38.953,29.195,92.25,243.11,237.99,185.19,184.62,152.13,152.12,19.321,55.691,55.671,33.635,33.595,120.03,133.36,154.48,116.56,116.4,19.221,144.6,143.7,119.15,116.59,133.59,112.46,138.09,138.28,187.98,136.39,123.6,507.74,23.516,14.347,24.47,27.718,27.631,177.08,176.96,112.1,114.7,21.442,21.372,21.518,21.26,196.2,43.029,42.733,177.3,177.29,178.02,177.91,138.63,142.59,139.16,74.93000000000001,100.14,312.41,312.24,164.4,165.25,137.86,137.73,171.29,187.52,157.18,158.78,36.342,35.973,21.978,184.84,180.47,181.71,122.26,122.17,47.268,320.98,118.36,120.26,116.58,110.82,110.85,201.51,201.39,201.38,201.39,302.04,302.02,323.74,21.39,19.321,42.67,131.85,131.92,143.32,85.572,24.237,305.92,333.86,333.86,21.574,21.695,137.52,115.37,322.78,322.82,118.61,118.59,162.47,364.83,138.82,145.2,145.16,29.412,25.394,109.9,111.03,109.94,315.5,317.5,129.69,135.45,24.004,24.981,24.213,304.34,304.45,42.626,42.665,188.73,18.708,19.453,113.51,133.94,137.08,304.62,266.05,7.6067,313.67,188.89,465.32,467.63,463.51,117.9,120.01,123.79,83.82299999999999,83.97199999999999,109.59,134.84,134.32,137.48,136.71,232.93,131.66,22.513,38.358,252.6,252.47,25.802,108.34,119.51,113.64,301.96,301.2,301.18,113,6.5674,6.8989,318.62,318.65,361.07,361.41,137.94,137.97,138.91,22.08,51.152,132.05,131.96,124.47,124.33,124.81,107.17,107.37,148.44,67.226,67.295,33.172
196.54,197.96,196.34,196.63,6.8954,2.7919,39.736,39.15,126.31,145.24,160.86,156.99,166.73,190.54,188.53,247.93,31.596,31.453,174.64,188.84,190.32,192.71,188.59,144.39,144.32,61.252,61.12,129.9,167.75,180.84,181.02,34.439,130.08,131.55,62.344,81.777,111.82,14.598,152.94,144.37,148.04,190.39,195.25,114.59,116.14,183.8,181.82,181.95,122.06,159.33,184.89,158.21,148.4,46.435,44.065,190.06,190.34,190.31,195.09,189.92,190.05,190.99,190.52,189.89,189.96,189.59,189.99,152.01,151.86,29.93,27.312,46.443,46.438,46.262,39.333,39.203,167.8,132.97,128.36,151.45,148.4,122.93,164.52,164.62,164.63,143.61,141.3,115.63,108.55,108.39,108.05,123.74,123.67,306.77,306.61,108.37,107.86,20.074,180.48,115.98,121.38,121.77,121.34,144.45,144.64,106.9,107.16,193.89,109.67,109.83,110.45,109.22,108.88,113.12,112.6,115.78,111.9,116.87,118.74,114.97,114.85,116.63,238.02,237.95,114,208.37,114.04,134.06,22.756,0.2304,0,0.26,293.58,293.04,293.05,171.17,171.12,171.24,111.34,111.11,176.55,176.51,176.43,316.45,158.87,159.17,29.078,29.163,107.7,243.05,242.98,185,184.59,152.05,152.14,19.655,55.543,55.551,33.557,42.707,127.65,146.27,150.85,116.27,116.49,19.081,143.81,143.71,123.73,113.8,116.53,111.28,139.26,138.08,182.24,136.17,123.51,141.69,14.216,14.162,14.353,30.07,27.658,177.56,176.94,111.35,110.99,21.485,21.316,21.51,21.276,196.29,42.577,42.474,177.19,177.74,177.6,177.68,138.75,138.64,139.25,63.148,84.252,312.18,312.17,163.82,166.54,137.84,137.85,171.8,189.68,157.97,167.65,36.598,36.544,22.797,185.76,183.63,181.58,122.24,122.17,37.557,307.53,120.55,116.53,121.61,110.9,110.83,201.34,201.7,201.42,201.45,302.28,301.98,321.96,19.908,19.572,74.503,131.53,134.77,139.88,115.33,23.992,310.6,333.74,333.78,21.742,21.583,135.06,115.64,322.75,322.81,119.05,118.68,162.44,162.81,153.84,145.2,145.1,29.283,18.515,111.35,110.82,110.06,315.63,315.75,129.72,130.49,24.746,24.927,24.049,304.39,304.36,42.55,42.717,190.47,18.593,18.734,113.99,133.33,137.83,304.57,7.5864,7.5749,313.63,188.52,469.66,465.47,463.31,114.62,118.69,114.61,83.917,83.70699999999999,110.66,134.15,133.85,134.79,136.58,243.74,134.42,22.717,36.336,252.37,252.38,23.891,114.82,114.21,113.53,307.06,301.64,301.61,112.53,6.4509,6.7127,318.55,318.57,361.34,361.12,137.99,138.1,141.57,20.547,51.213,132.09,132.07,124.64,124.49,123.88,107.92,107.25,150.81,67.116,67.333,33.234
203.24,208.33,196.33,201.75,6.6647,2.8763,44.806,40.742,124.64,144.99,169.04,161.77,139.04,174.56,183.27,205.44,31.569,31.473,187.55,188.81,188.99,190.77,188.55,144.72,144.41,61.549,61.267,146.47,175.19,186.5,180.8,32.568,129.99,131.43,62.416,62.235,111.27,14.988,64.955,143.9,154.74,190.49,193.75,114.49,121.15,182.7,184.16,183.46,151.18,191.96,152.17,141.81,133.71,43.941,44.099,190.46,190.66,191.81,192.01,189.67,189.85,193.47,224.04,190.23,189.81,190.66,189.95,151.9,151.87,25.225,25.235,47.958,46.452,46.255,48.675,39.196,167.3,127.67,128.09,151.15,151.27,123.86,169.21,164.75,164.63,141.69,139.74,115.42,109.04,107.96,107.31,123.81,123.89,326.02,306.38,109.58,107.47,20.159,215.88,119.27,121.51,121.61,123.4,144.47,151.84,107.36,106.32,237.63,109.78,109.86,109.75,109.26,119.57,119.5,115.82,114.47,110.71,149.53,129.98,115.59,118.87,117.87,238.08,237.94,114.8,1052.4,118.87,303.89,27.298,0.28899,0.26,0,301.92,293.57,293.29,171.2,171.26,171.38,111.22,111.26,177.01,176.79,176.52,317.93,160.75,159.12,29.199,29.197,84.23,237.88,248.39,185.06,184.76,152.08,153.77,19.541,55.951,55.839,33.619,39.775,114.07,136.79,150.92,116.61,116.62,24.85,143.73,143.77,121.22,115.41,128.11,111.68,141.15,138.14,186.52,142.06,128.62,141.7,34.354,23.48,14.38,27.527,27.832,176.74,177.86,114,111.31,21.453,21.669,21.419,33.629,196.25,42.504,42.998,176.9,176.49,177.39,178.66,138.68,138.77,138.94,73.95999999999999,104.52,312.24,312.25,164.85,165.24,137.85,139.85,171.43,234.79,159.58,158.38,42.799,35.996,21.629,286.05,181.93,182.58,122.21,122.16,39.406,307.47,120.57,120.25,118.44,111.21,113.51,201.38,201.77,201.52,201.4,303.81,302.23,328.4,20.782,19.339,39.202,131.43,131.62,140.09,103.11,23.974,307.16,333.8,333.93,21.723,21.589,134.4,143.09,322.8,324.68,118.63,123.82,162.66,162.66,138.88,145.19,145.16,36.832,19.198,136.08,110.91,110.59,316.73,315.8,138.24,130.81,24.621,27.805,24.595,304.41,304.5,43.576,42.816,191.6,19.068,18.83,112.75,146.34,138.43,304.65,7.5995,7.7193,313.67,189.18,467.54,465.81,475,119.81,115.18,115.17,83.827,83.749,111.53,135.71,133.99,134.59,136.34,212.75,131.27,22.614,53.419,252.43,252.56,30.546,111.35,112.5,109.73,303.18,301.33,301.51,119.05,6.7975,6.5905,318.64,318.59,364.68,361.16,137.99,137.9,139.57,20.52,51.274,135.31,137.38,124.86,124.4,124.58,107.29,107.53,148.21,67.19199999999999,67.18000000000001,33.447
115.63,118.16,116.89,115.57,299.58,320.99,275.62,268.21,193.67,183.01,230.58,228.23,228.03,213.69,133.12,148.06,313.89,309.53,145.85,128.16,129.16,126.25,124.89,213.54,217.04,335.66,328.95,216.54,285.26,116.65,122.85,268.88,172.58,173.59,327.35,325.08,213.28,295.3,343.4,188.77,172.45,130.32,129.38,217.05,205.27,120.65,126.06,126.13,238.07,217.76,236.93,239.34,243.29,291.48,289.82,131.47,127.33,129.48,131.74,131.29,132.32,131.41,130.2,126.67,125.06,134.77,128.31,170.44,168.88,297.44,306.89,306.28,312.74,320.18,298.27,297.75,222.1,195.9,185.16,162.32,162.22,172.89,151.76,145.9,142.89,165.61,168.15,201.96,207.42,207.81,201.89,202.31,191.27,9.150499999999999,9.270899999999999,213.99,194.1,302.13,365.34,380.04,168.68,177.3,168.4,196.42,186,196.88,198.91,256.12,197.84,202.33,206.69,198.63,185.9,195.92,201.81,211.02,204.42,206.04,209.21,198.95,197.6,202.73,118.25,122.68,217.09,600.9400000000001,211.25,202.48,295.95,300.07,293.58,301.92,0,3.7518,3.1978,210.43,213.15,210.74,205.24,206.58,139.71,139.37,142.27,280.64,212.39,214.03,301.08,308.67,378.06,128.24,145.23,125.62,127.3,163.35,158.25,298.71,330.68,324.7,345.76,329.38,223.92,241.66,175.3,180.38,184.07,297.67,209.25,207.47,210.93,221.89,217.94,203.09,178.68,177.44,136.12,185.8,168.74,197.55,289.76,286.26,287.23,304.78,316.37,128.79,128.31,207.65,199.97,299.58,305.08,297.04,299.93,139.6,301.6,307.95,141.3,138.73,137.65,134.29,173.59,186.13,185.45,329.41,323.43,343.66,345.21,154.67,145.94,161.95,160.29,150.24,185.87,214.45,196.14,269.34,266.87,306.2,131.34,134.5,138.18,193.74,194.52,331.71,15.668,208.25,208.98,207.99,202.32,200.96,135.26,126.12,132.68,153.68,12.271,11.944,283.73,292.99,288.1,323.22,178.07,172.32,204.42,391.5,300.41,68.907,145.97,144.65,307.25,303.09,226.28,213.13,153.37,181.39,192.18,189.53,179.06,177.56,209.87,161.37,160.51,293.22,288.69,207.18,203.38,201.05,340.01,338.71,167.89,162.26,304.15,294.12,294.69,330.46,329.19,271.93,276.75,148.54,312.08,312.88,200.43,177.47,169.76,14.731,315.9,308.58,107.9,131.34,87.319,88.84999999999999,89.18600000000001,206.45,203.91,200.93,349.21,352.89,202.52,182.87,188.78,172.39,169.9,202.69,209.81,294.22,319.65,320.87,294.18,304.49,188.09,193.73,188.27,20.522,10.918,325.33,202.93,305.29,304.8,17.383,19.118,223.06,223.05,193,186.93,205.82,296.39,300.4,169.19,178.11,185.24,184.92,182.6,218.48,213.44,187.88,345.57,344.82,267.5
245.26,245.27,245.72,245.64,302.87,289.66,302.64,302.8,172.75,203.36,171.98,172.1,202.68,208.11,122.11,148.64,295.13,295.14,149.52,125.87,130.55,131.86,125.69,167.39,167.8,327.09,327.65,194.87,188.25,118.61,118.06,295.88,175.07,173.69,328.26,328.19,195.67,290.84,342.57,171.15,174.3,127.68,129.52,205.22,203.85,119.05,119.56,119.06,204.84,209.34,321.61,199.39,203.43,310.3,309.98,144.4,127.23,128.12,129.64,127.73,127.16,128.1,128.18,127.25,126.88,127.42,127.57,151.89,151.88,291.22,291.29,293.62,294.11,293.7,287.38,286.63,219.14,191.55,191.58,155.84,155.71,197.75,140.93,140.46,140.54,150.08,150.13,206.96,188.59,190.25,188.91,201.74,201.67,8.0519,8.158799999999999,190.22,188.41,284.23,361.86,352.76,198.64,200.45,198.6,194.88,194.7,198.48,204.57,131.41,186.94,187.3,186.92,194.98,178.88,187.3,187.57,187.12,195.83,185.13,183.96,189.18,183.75,184.05,114.21,114.08,199.72,244.38,199.75,188.88,285.95,293.04,293.04,293.57,3.7518,0,2.2275,168.03,168.21,167.92,200.61,200.99,231.08,232.36,257.4,57.868,169.39,169.62,292.63,292.77,359.82,119.24,119.71,123.03,121.92,156.9,156.98,296.37,322.42,321.67,325.43,325.43,214.11,194.27,151.89,193.75,194.33,282.44,166.92,166.82,194.49,203.51,208.63,200.6,195.68,196.61,122.79,186.88,200.6,164.58,265.73,258.19,278.11,290.79,291.99,127.62,126.94,195.94,199.88,284.79,285,284.8,284.66,133.32,289.94,289.91,143.67,144.13,144.09,144.41,178.66,178.88,179.41,377.36,338.6,370.25,370.24,141.5,143.39,150.11,150.2,226.02,266.11,201.83,202.18,296.68,296.37,284.92,136.7,137.08,131.86,198.71,197.18,293.39,11.023,195.98,194.58,194.31,195.09,188.12,140.86,140.9,140.88,140.85,10.724,10.675,56.077,282.78,282.73,293.46,204.13,204.6,166.27,370.75,304.93,35.153,285.92,286.31,284.94,285.02,224.71,204.26,31.357,31.661,203.26,203.86,165.96,165.92,264.61,192.69,192.7,293.03,300.15,194.76,195.78,194.88,373.73,374.22,185.65,174.49,289.91,289.94,296.52,362.45,362.49,305.98,308.36,154.99,295.71,296,181.28,173.73,186.18,13.254,301.61,299.75,93.824,127.53,82.952,82.474,81.068,199.33,202.89,200.7,347.6,347.79,194.37,174.31,173.95,174.03,176.55,284.01,188.56,288.86,304.12,411.4,318.86,287.8,184.69,184.21,183.61,10.328,9.7776,365.57,194.18,295.56,295.24,22.301,22.226,234.7,234.86,197.5,195.56,183.38,284.63,316.61,191.44,198.15,173.34,172.92,173.11,195.18,195.08,192.59,330.52,330.75,296.17
246.78,246.79,245.52,245.48,286.78,295.61,303.77,302.55,173.27,203.29,175.2,173.1,216.29,201.24,120.45,154.44,294.88,295.22,149.55,127.15,126.25,127.66,125.68,167.36,169.2,328.24,329.91,203.41,263.47,120.1,123.66,295.72,174.56,174.53,329.53,328.87,195.91,290.21,302.19,174.18,172.33,127.94,128.75,207.21,205.12,119.36,119.3,121.36,216.65,219.6,221.53,238.13,252.25,309.94,310.37,127.44,126.93,127.5,129.72,130.19,133.04,130.09,127.31,129.89,127.71,129.28,126.81,151.92,151.87,292.21,413.35,293.75,293.76,293.74,286.65,286.6,217.41,191.61,192.28,174.1,155.65,198.67,145.22,140.49,144.87,150.79,150.77,207.2,188.54,191.8,189.21,200.05,200.15,10.233,7.9693,192.24,190.27,284.2,362.18,350.22,200.71,199.17,198.62,194.91,194.74,204.64,200.99,126.01,188.14,187.31,189.84,195.08,177.94,187.5,187.31,191.84,198.28,194.77,188.41,183.85,185.84,184.87,115.7,114.22,200,252.96,199.83,189.08,285.98,293.16,293.05,293.29,3.1978,2.2275,0,167.88,167.84,167.84,201.11,200.54,249.28,234.27,293.79,54.66,169.4,169.67,293.15,292.6,374.57,119.31,114.27,122.12,122.7,164.29,157.95,296.6,322.58,321.78,326.02,325.44,256.27,208.83,151.57,193.75,193.94,283.92,166.92,167,193.71,189.93,194.76,200.76,201.85,195.9,129.24,186.68,200.84,164.78,267.76,279.26,274.81,293.07,293.31,127.56,127.6,195.5,197.91,288.08,286.18,284.7,284.85,137.92,290.3,289.93,143.93,144.49,149.77,144.43,178.87,179.79,179.01,311.36,364.02,370.17,371.41,141.95,150.73,151.16,150.39,226.73,263.89,211.15,208.78,296.15,298.62,289.15,146.22,137.73,134.42,196.97,198.84,299.23,10.937,196.05,194.41,195.39,188.09,189.52,142.63,140.92,140.88,140.86,10.718,10.993,56.079,282.86,283.21,315.73,204.79,205.07,168.08,342,304.79,32.827,288.08,286.85,284.92,285.51,224.03,214.89,42.485,31.407,203.86,203.64,166.22,168.1,198.03,192.52,193.73,292.68,303.99,195.22,195.91,194.88,373.63,373.81,174.07,174.71,292.1,290.3,296.76,364.92,362.43,307.07,312.38,155.9,295.71,298.68,181.46,184.68,183.01,13.276,300.45,299.41,93.617,125.37,81.991,81.84399999999999,83.496,197.86,198.46,198.81,347.22,347.4,205.6,174.31,174.57,174.23,181.58,154.58,188.57,288.58,320.96,411.32,411.27,287.99,190.4,184.63,186.63,15.693,9.8324,359.22,192.13,296.06,294.87,33.063,22.259,235.2,235.65,195.69,195.69,185.58,284.78,316.63,186.55,186.57,175.19,173.26,175.03,195.34,202.9,214.83,330.47,330.46,296.34
79.71599999999999,79.637,79.38800000000001,79.541,160.94,162.57,166.31,168.32,31.474,61.645,15.19,14.533,54.359,59.558,81.14100000000001,99.996,157.76,157.77,74.319,61.31,62.339,61.22,61.061,49.571,49.627,175.63,178.37,71.991,108.35,53.389,53.395,160.11,48.516,48.431,206.35,206.48,38.591,150.81,211.05,58.091,436.88,62.851,62.967,51.108,42.812,54.512,55.136,55.597,84.96299999999999,63.378,53.104,66.92100000000001,73.977,189.13,188.13,62.169,64.79000000000001,65.619,63.746,62.207,63.258,63.71,63.598,79.84,62.156,64.214,62.484,24.562,24.535,169.22,169.52,168.68,168.82,168.61,161.56,161.69,96.41500000000001,65.884,65.98399999999999,28.862,29.908,47.381,65.193,62.075,62.683,30.589,30.937,42.443,50.851,49.775,47.936,76.122,76.367,174.14,174.16,47.266,47.109,146.86,225.17,210.5,48.608,62.863,49.122,59.074,59.085,26.322,26.369,326.44,45.652,45.707,45.67,71.61199999999999,43.59,61.751,61.783,64.55500000000001,37.143,59.513,58.279,58.115,57.935,73.86799999999999,302.71,303.09,73.643,345.15,80.215,89.777,148.49,171.3,171.17,171.2,210.43,168.03,167.88,0,0.26405,0.27487,38.628,44.365,105.2,105.28,105.24,258.01,11.115,11.057,156.59,156.67,244.45,307.75,302.7,57.283,57.149,51.913,46.58,174.56,170.19,172.45,203.54,203.58,37.763,37.591,32.628,36.496,36.692,153.75,48.841,49.1,45.312,39.251,50.345,40.545,52.769,52.908,101.46,28.637,43.914,47.167,128.57,127.49,128.19,155.29,155.77,100.28,100.13,38.003,42.555,147.05,146.94,147,147.18,68.79300000000001,164.88,164.94,78.98099999999999,79.29000000000001,78.989,79.18300000000001,52.561,52.609,52.967,236.72,253.85,255.1,253.73,109.73,110.22,30.652,30.696,101.03,147.04,111.14,102.37,164.63,159.59,156.15,88.431,85.715,86.468,71.432,71.447,182.09,208.74,68.494,68.18300000000001,68.15000000000001,46.953,47.519,94.386,94.413,94.404,94.40000000000001,177.26,176.89,257.68,145.06,144.8,175.8,50.502,50.572,49.486,240.02,182.82,202.72,231.75,231.65,156.34,156.12,50.978,59.509,197.84,197.56,78.306,78.318,55.541,55.449,79.568,49.6,49.751,153.97,176.71,37.362,39.417,46.094,257.11,257.31,47.945,48.396,168.49,168.1,170.69,245.9,245.98,169.5,169.59,92.414,174.93,173.73,55.45,70.206,49.453,179.45,177.65,178.15,204.87,62.04,223.54,233.65,233.79,71.517,71.72799999999999,73.364,225.54,225.5,38.003,41.628,41.44,46.377,41.746,202.71,73.783,167,189.04,288.99,289.44,149.65,39.899,40.793,39.603,176.25,175.95,242.95,36.885,173.59,173.7,217.66,217.61,235.89,235.98,52.568,52.55,42.6,145.1,195.22,53.4,48.057,31.642,31.558,31.583,67.39400000000001,67.276,100.55,208.63,209.19,160.13
79.378,80.119,80.95699999999999,80.822,158.41,161.69,167.07,167.88,31.333,61.778,14.436,14.604,61.439,41.743,73.06100000000001,90.09999999999999,173.12,157.72,74.148,62.243,62.637,61.225,61.079,49.47,50.494,176.99,176.36,66.438,107.28,53.333,53.44,159.13,47.862,48.089,206.33,206.07,38.458,153.65,188.08,62.657,69.238,63.637,64.572,46.792,42.855,54.727,54.207,54.375,109.92,55.12,53.137,60.557,49.518,191.69,188.71,88.206,63.134,62.475,63.637,62.633,62.5,64.348,62.115,62.453,62.095,63.245,62.627,24.581,24.596,169.38,169.26,168.98,168.95,168.83,161.73,162.56,96.02800000000001,65.962,65.79900000000001,29.497,28.483,47.455,67.367,61.937,62.028,30.655,32.381,46.589,48.787,48.192,47.953,74.523,74.48099999999999,174.18,174.62,47.053,46.93,146.32,204,234.51,48.544,48.946,48.535,59.11,59.151,26.317,26.553,179.85,45.654,45.728,45.558,69.572,43.609,63.515,61.867,65.489,38.349,60.663,76.565,58.085,59.15,60.812,302.74,302.67,73.56,89.14400000000001,73.568,151.39,148.4,171.16,171.12,171.26,213.15,168.21,167.84,0.26405,0,0.30735,38.564,38.62,135.65,105.52,109.35,260.69,11.046,11.074,156.53,156.76,241.11,307.89,307.82,58.979,57.194,46.509,46.539,175.26,171.31,175.5,203.52,203.51,35.247,54.578,32.597,36.673,37.121,153.97,48.983,48.781,42.388,39.509,62.392,39.903,59.207,52.716,103.54,28.678,43.639,47.105,166.43,128.39,128.54,156.34,155.24,100.09,105.23,38.918,38.265,148.96,146.97,147.05,147.26,68.711,164.93,164.97,79.217,79.699,79.175,79.35299999999999,52.489,52.484,52.705,189.79,246.8,253.67,253.7,110.23,106.95,30.803,30.763,100.22,138.28,75.60899999999999,76.261,162.28,159.61,158.96,83.88200000000001,85.378,87.31699999999999,71.471,71.334,164.04,211.22,68.295,68.145,68.078,46.635,46.718,94.444,94.453,94.381,94.416,176.82,176.72,259.5,145.44,145.29,166.41,48.484,50.666,61.952,238.84,182.86,203.47,231.57,231.67,156.11,156.08,68.553,44.927,197.47,197.88,78.214,78.282,55.804,55.436,99.798,49.592,49.587,154.08,176.86,37.467,37.654,37.627,257.19,258.29,48.16,47.959,169.03,168.75,168.04,246.06,245.98,169.49,169.5,90.30800000000001,173.67,173.69,55.435,53.078,50.462,179.63,177.59,177.57,204.79,62.331,228.97,228.4,233.45,73.283,73.411,71.98099999999999,225.23,225.38,37.069,43.642,41.619,41.31,43.416,138.15,73.902,166.76,192.05,288.72,288.88,152.58,39.889,40.393,39.988,176.34,176.01,244.29,37.902,173.18,173.35,221.59,217.57,235.93,235.95,52.669,52.51,42.304,144.07,204.82,48.875,47.952,32.268,31.485,31.631,71.041,66.78700000000001,67.77,209.91,208.83,160.27
80.294,79.959,79.31100000000001,91.087,160.05,161.63,166.25,167.73,31.438,61.715,14.751,15.191,143.56,144.47,73.93899999999999,116.07,157.77,158.62,74.3,61.357,63.772,75.39700000000001,64.779,49.463,49.573,176.49,177.25,93.20099999999999,91.45099999999999,53.232,53.372,159.17,48.03,49.832,206.23,206.15,38.331,155.54,209.44,57.836,61.349,63.152,64.625,48.9,41.902,54.718,54.665,54.933,83.994,63.717,60.427,66.679,61.389,188.2,188.87,65.595,62.45,62.343,62.957,62.151,62.052,62.905,64.139,63.644,62.15,62.242,62.273,24.607,24.585,169.44,169.95,168.73,168.89,168.6,162.03,163.04,96.312,65.745,65.82899999999999,30.006,28.92,47.586,62.61,62.186,61.953,30.647,34.742,43.388,47.436,47.832,47.436,76.026,75.992,174.19,174.17,46.94,49.204,146.18,204.13,205.88,48.647,50.619,48.681,69.706,59.227,26.306,26.432,304.83,45.651,45.963,45.604,68.88800000000001,43.594,65.858,61.305,65.995,40.985,67.755,81.133,57.966,58.021,58.717,302.76,302.74,73.673,220.25,74.636,73.961,148.27,171.27,171.24,171.38,210.74,167.92,167.84,0.27487,0.30735,0,39.393,38.598,137.91,105.31,106.36,257.28,11.04,11.036,156.84,156.77,262.06,302.59,313.12,57.191,63.276,46.552,46.629,174.41,172.68,173.26,203.5,203.62,34.94,35.928,32.696,36.846,37.062,153.9,48.994,48.91,44.406,73.77800000000001,45.878,39.858,53.139,53.272,99.611,28.737,43.576,47.766,128.54,133.13,129.01,156.19,155.75,100.07,100.43,38.357,40.89,146.98,146.97,146.97,146.88,68.72799999999999,164.96,165.05,79.09099999999999,78.992,79.026,79.16200000000001,52.567,52.568,52.861,191.86,214.18,253.75,253.72,106.98,106.99,30.744,30.664,116.25,154.61,76.098,76.133,172.68,159.51,156.19,88.28100000000001,87.214,82.85599999999999,71.72499999999999,71.455,191.91,206.43,68.83799999999999,68.203,68.121,47.109,47.217,94.44499999999999,94.46299999999999,94.417,94.39,176.89,176.82,258.77,145.27,144.99,177.69,50.827,48.915,58.561,186.42,183.01,203.44,231.62,231.62,156.95,156.23,48.726,63.471,197.51,198.97,78.26000000000001,78.26000000000001,55.441,55.469,108.43,49.613,49.564,154.07,252.39,37.727,38.403,37.591,257.09,257.25,48.183,48.037,176.99,168.85,168.26,246.01,249.48,169.58,170.03,88.151,173.83,173.75,55.456,53.695,47.647,179.4,177.62,177.57,204.85,60.923,227.97,223.37,230.02,71.178,73.78,72.48699999999999,229.41,225.2,38.744,41.604,42.163,43.65,55.438,169.59,74.90000000000001,166.7,193.94,175.24,176.41,149.79,39.191,39.53,39.583,176.87,176.21,242.64,36.937,173.24,173.35,217.71,217.66,235.97,235.97,52.526,52.622,44.192,145.98,196.62,47.888,47.776,31.643,31.508,31.647,66.88800000000001,66.95,67.194,208.55,208.57,159.86
114.45,114.83,116.47,113.68,104.84,107.75,106.29,106.09,25.22,46.101,36.534,36.5,106.63,33.754,79.07599999999999,106.85,112.99,112.98,88.008,100.64,100.19,97.154,93.706,47.956,49.618,174.79,145.2,87.05800000000001,93.384,90.95399999999999,98.53700000000001,101.94,34.137,33.307,148.21,149.53,10.901,120.35,135.34,51.15,44.306,95.711,96.762,6.4592,4.8609,88.39700000000001,87.791,86.96899999999999,7.3764,26.477,24.015,17.942,64.464,131.27,132.47,104.15,95.83199999999999,97.044,95.86799999999999,97.011,97.43899999999999,96.946,117.6,121.67,95.782,95.58199999999999,95.06699999999999,59.833,57.036,110.89,117.63,108.73,109.83,108.83,102.13,103.95,70,43.678,43.729,62.158,60.678,24.246,81.377,68.23699999999999,68.253,54.3,67.87,7.2728,15.954,14.536,15.568,31.213,31.095,212.35,213.71,13.93,14.228,101.8,191.75,179.98,24.085,32.718,24.034,47.287,47.895,15.762,15.485,106.2,12.41,14.1,12.492,8.7592,33.004,16.828,12.775,11.702,10.159,43.226,35.86,35.852,43.986,38.958,312.85,312.86,30.281,62.803,15.315,14.179,113.76,111.48,111.34,111.22,205.24,200.61,201.11,38.628,38.564,39.393,0,0.31763,90.5,119.44,90.626,213.97,33.846,33.552,111.28,110.67,163.27,317.96,312.85,94.14,89.819,59.576,59.483,114.31,142.57,145.43,144.17,153.31,10.935,17.592,58.143,29.072,19.026,101.74,49.659,49.551,25.26,33.245,25.331,1.9164,41.24,40.807,82.47,39.179,26.317,45.413,96.735,104.69,117.43,108.97,111.74,77.43000000000001,76.587,11.469,11.433,103.12,102.93,107.99,106.99,102.39,104.95,107.21,85.76900000000001,84.86199999999999,88.726,84.831,38.376,38.284,45.433,169.44,161.18,194.26,194.29,71.801,71.967,84.596,54.218,109.51,108.19,61.371,103.12,105.1,99.792,110.64,78.012,77.63800000000001,97.316,34.92,21.949,137.15,215.38,19.136,18.945,25.192,26.891,17.585,110.24,108.87,111.14,108.83,211.6,209.48,212.85,102.94,115.85,128.03,27.58,38.463,43.494,179.54,151.66,210.73,227.01,228.33,103.08,102.94,59.004,22.738,230.26,230.18,18.318,20.322,71.209,70.848,39.463,55.175,50.77,111.64,123.37,10.829,11.825,9.6149,197.68,197.84,33.625,33.545,108.09,109.36,108.75,187.62,186.67,109.46,110.12,99.91800000000001,116.91,115.67,38.464,35.691,41.934,213.93,117.54,117.58,213.28,96.78,367.08,361.29,363.77,1.5998,1.2411,2.2542,324.63,167.23,13.476,35.617,42.788,35.508,34.554,197.65,13.754,106.68,127.73,134.65,133.77,111.25,18.818,30.63,17.585,210.66,209.83,186.7,18.632,114.19,114,218.32,219.48,243.27,244.62,40.631,40.669,35.613,102.7,135.01,42.884,37.635,28.742,25.352,26.071,6.8427,6.8147,105.76,168.4,161.2,99.35599999999999
121.09,113.36,112.09,116.59,109.08,107.77,106.41,107.02,25.223,45.749,37.125,36.484,69.771,39.124,79.13200000000001,99.508,113.23,112.93,88.51900000000001,98.042,100.94,97.767,93.709,48.006,49.056,146.62,146.12,74.61499999999999,51.744,86.185,86.092,99.666,36.733,33.465,146.2,146.41,10.418,118.55,173.81,43.479,44.496,95.788,95.714,4.6564,6.39,87.08499999999999,87.934,87.194,58.645,40.035,33.984,35.962,27.107,128.13,131.48,96.724,94.854,95.059,97.294,94.90300000000001,94.8,96.104,126.12,94.974,95.117,94.899,95.949,57.076,57.087,109.45,109.67,108.71,109.01,109.63,101.64,101.57,70,43.737,43.735,60.855,60.712,22.861,75.363,68.28700000000001,68.30200000000001,56.06,54.75,9.117699999999999,14.412,14.904,14.465,29.615,29.6,212.39,212.41,13.891,13.794,102.48,183.04,176.04,24.185,24.49,24.054,47.195,47.196,15.403,15.76,94.099,12.534,13.254,12.491,12.489,17.55,12.539,11.872,11.734,16.48,37.188,35.847,38.07,41.48,37.708,312.97,312.98,13.222,1163,13.853,15.108,104.5,111.22,111.11,111.26,206.58,200.99,200.54,44.365,38.62,38.598,0.31763,0,90.654,102.48,90.69499999999999,211.83,33.532,33.558,110.67,110.66,227.33,323.12,317.97,97.547,89.89700000000001,61.5,59.511,114.71,140.31,139.83,143.55,148.83,14.923,17.913,56.076,19.125,19.251,100.81,47.417,47.279,30.535,29.419,51.731,2.3102,41.179,41.419,76.98,38.6,35.23,45.106,96.265,101.99,110.78,109.27,109.2,76.22,81.80800000000001,52.13,12.124,103.14,102.77,102.8,102.84,101.41,104.89,104.96,85.006,84.761,85.126,84.908,38.107,38.217,40.003,118.16,151.06,194.32,194.27,69.26900000000001,70.405,54.084,54.123,112.76,114.13,61.266,61.762,101.29,100.13,104.32,74.922,73.629,76.121,20.356,20.243,113.34,211.26,19.12,18.903,18.886,16.353,13.994,108.84,108.91,108.89,108.9,209.87,209.42,214.85,101.85,100.91,122.95,31.662,29.795,43.491,195.53,122.93,213.46,226.96,227.12,103.47,103.03,49.987,56.757,230.16,230.48,18.288,18.295,69.985,78.86199999999999,39.851,50.576,51.105,111.62,123.53,9.577400000000001,9.555300000000001,9.2637,197.69,197.82,33.349,33.53,108.06,108.79,107.99,186.57,189.68,109.44,109.6,96.224,113.95,113.81,33.456,32.973,41.826,212.1,117.57,117.99,213.27,94.76000000000001,362.27,361.79,365.19,1.7954,1.6808,1.9073,165.25,165.31,11.387,33.916,33.911,33.755,33.321,194.01,13.504,106.73,118.05,133.14,133.14,105.95,21.609,17.788,19.394,213.24,208.68,184.09,12.724,113.56,115.62,218.31,218.25,241.64,241.66,40.779,40.733,43.254,101.96,134.79,35.986,34.034,25.425,25.395,25.484,12.767,6.8746,52.162,148.65,148.62,101.66
130.41,433.32,127.35,153.93,172.33,177.89,171.7,173.54,75.217,118.04,110.33,122.13,99.599,99.98999999999999,26.949,32.405,178.43,178.36,124.58,125.08,144.93,127.35,122,90.696,72.788,214.78,241.1,81.661,89.142,122.68,137.69,164.67,62.287,64.539,211.82,212.29,90.71899999999999,178.95,272.08,107.59,81.348,125.09,158.12,115.89,113.21,115.91,118.85,132.38,226.28,126.82,121.44,139.37,97.637,193.99,193.6,123.2,124.22,124.19,165.07,123.12,123.87,125.17,123.48,124.26,132.26,197.68,123.56,87.658,88.209,175.07,176.86,173.84,174.01,174,167.99,167.19,123.64,107.46,94.408,127.66,119.98,85.541,103.51,139.83,120.27,85.051,85.548,99.09399999999999,100.97,80.86199999999999,80.732,72.777,72.88500000000001,257.95,258.95,80.58,81.68899999999999,167.56,240.64,267.96,116.75,78.654,77.99299999999999,101.17,101.51,97.133,98.485,183.59,81.71599999999999,78.56399999999999,158.44,74.321,81.04000000000001,88.98399999999999,138.97,85.182,87.288,103.65,119.19,91.949,86.75700000000001,89.122,340.73,340.57,85.84,127.55,84.14100000000001,79.843,169.61,176.44,176.55,177.01,139.71,231.08,249.28,105.2,135.65,137.91,90.5,90.654,0,0.24009,0.26587,221.79,108.28,141.43,176.08,175.95,256.32,345.24,347.09,119.69,119.2,138.75,90.133,179.59,205.01,205.23,208.69,208.99,84.672,92.047,87.22199999999999,87.43899999999999,83.529,165.84,88.49299999999999,98.976,116.36,104.96,122.32,91.408,83.074,81.125,26.33,139.39,91.499,72.197,173.25,170.79,179.69,174.36,174.82,115.02,161.75,121.24,91.571,168.17,168.14,225.92,167.91,129.6,170.32,170.27,113.34,113.67,117.94,114.21,64.297,79.143,66.857,211.6,210.27,258.94,259,112.76,142.28,85.962,85.46599999999999,6.6599,28.015,57.361,50.616,166.14,165.52,168.3,97.83799999999999,26.222,27.049,68.19499999999999,68.467,192.47,284.24,84.765,84.699,84.651,79.34999999999999,93.789,154.58,139.47,140.89,139.45,240.34,240.13,216.67,166.21,166.08,181.38,78.479,80.045,126.04,214.25,188.07,252.96,267.87,281.8,168.2,168.82,147.91,102.84,250.45,213.28,71.075,71.07599999999999,120.06,139.79,84.97199999999999,89.10299999999999,77.30200000000001,176.35,219.8,89.39700000000001,108.09,105.22,262.38,271.46,73.971,60.077,173.39,174.42,173.35,251.79,252.81,174.87,174.98,128.7,213.21,179.55,152.17,64.075,65.85599999999999,242.66,183.55,182.81,249.14,127.43,490.73,492.95,508.5,108.25,88.986,138.58,230.74,231.02,91.08,93.571,59.337,81.18600000000001,75.124,195.6,81.245,171.93,185.38,296.22,205.61,170.79,60.594,62.101,60.293,255.11,240.36,247.89,91.379,180.59,178.58,284.19,283.94,267.59,298.33,79.208,79.182,86.96899999999999,167.24,200.11,98.29600000000001,62.043,109.53,111.08,75.5,72.361,72.276,40.693,248.4,242.87,165.41
151.72,128.59,128.39,129.88,175,176.96,171.63,171.74,131.41,84.422,109.31,127.58,85.58499999999999,137.21,27.083,78.97499999999999,178.56,179.04,103.76,144.65,122.97,140.87,149.39,73.337,72.483,210.57,210.68,71.958,124.76,145.32,117.94,164.54,59.489,73.005,211.87,211.39,119.12,178.57,221.02,118.49,73.005,124.15,124.72,137.15,95.182,160.32,115.74,120.4,108.95,125.04,93.983,98.027,134.97,193.35,194.37,125.43,124.57,125,125.31,125.81,143.73,125.72,175.11,125.13,167.84,124.82,123.02,87.77800000000001,126.9,175.07,174.81,174.26,174.3,174.02,168.58,166.93,123.85,94.559,94.889,107.13,92.038,92.684,95.33199999999999,95.602,101.22,89.187,198.28,99.27800000000001,80.63500000000001,79.39400000000001,86.864,71.51900000000001,71.69799999999999,258.7,257.99,101.22,107.74,166.88,280.75,242.68,80.471,79.526,78.086,100.91,134.29,104.31,97.116,180.25,88.318,108.57,77.363,74.33499999999999,80.967,78.65300000000001,110.4,81.27,87.17,88.08,87.396,93.282,119.27,89.514,340.4,342.52,84.19,122.02,84.188,79.35899999999999,169.31,176.51,176.51,176.79,139.37,232.36,234.27,105.28,105.52,105.31,119.44,102.48,0.24009,0,0.20915,230.9,107.12,106.77,176.05,176.18,293.38,407.93,382.13,118.42,123.32,91.258,131.55,180.06,209.95,208.24,208.8,208.79,84.36799999999999,77.307,96.035,83.45699999999999,83.402,165.98,109.46,73.408,103.36,105.03,115.84,103.01,127.07,80.163,28.631,167.24,92.834,81.848,177.83,171.44,176.3,174.47,230.22,113.97,111.42,90.464,91.35299999999999,168.45,168.07,174.15,168.09,158.82,171.45,170.19,192.93,113.29,113.22,113.44,64.58799999999999,64.242,76.815,195.66,259.11,258.98,259.51,96.866,97.211,85.696,85.008,6.6913,56.511,104.18,62.505,170.54,169.78,168.19,26.305,28.871,26.609,72.93000000000001,68.285,182.38,338.99,84.896,84.717,133.72,78.711,80.339,139.87,140.3,139.5,179.72,264.24,240.36,226.8,173.72,166.24,190.77,115.16,81.017,74.292,240.54,189.81,252.48,264.63,264.6,168.37,168.3,117.32,123.03,221.37,211.7,70.974,70.98699999999999,119.01,100.81,139.35,77.197,77.06999999999999,176.06,183.72,100.91,90.178,90.07599999999999,262.7,262.59,59.373,59.129,173.26,173.66,173.55,251.3,251.82,174.72,175.27,126.17,178.96,183.94,85.2,91.404,71.286,246.05,182.89,183.31,249.02,123.24,501.68,491.77,494.53,89.73099999999999,95.666,101.32,231.64,231.08,94.91800000000001,60.121,60.235,59.098,64.251,115.6,79.13200000000001,172.47,195.19,296.27,296.32,171.24,62.159,61.166,67.541,275.2,239.32,249.06,88.744,178.57,178.88,283.75,284.81,267.7,297.73,79.434,79.065,89.946,168.02,200.88,63.719,59.738,76.15600000000001,79.789,126.15,79.02200000000001,73.90600000000001,40.91,211.32,237.79,171.26
130.18,127.52,146.81,159.74,175.91,177.3,171.64,173.19,76.048,73.23999999999999,110.9,145.17,173.81,96.092,27.151,112.85,178.39,178.98,107.94,124.5,152.75,143.92,121.97,72.682,116.15,211.65,210.53,93.143,130.62,114.35,115.33,164.96,75.935,103.28,211.6,214.09,92.759,178.55,222.15,82.813,105.52,125.02,126.8,99.111,95.84999999999999,115.3,129.62,189.09,90.748,108.62,121.4,114.13,127.54,194.41,194.38,127.91,124.73,124.18,162.09,161.51,150.28,130.66,157.11,125.1,158.14,126.31,123.18,103.91,107.61,174.81,178.55,174.13,174.7,173.99,168.06,167.26,153.33,143.06,94.56999999999999,93.074,113.58,96.518,95.02800000000001,95.523,95.592,87.373,91.44199999999999,94.496,79.20999999999999,108.29,79.092,72.782,73.956,258,258.18,79.491,78.879,167.05,242.13,235.41,78.953,79.22499999999999,106.95,101.05,100.94,95.334,95.449,46.167,77.608,101.65,77.29600000000001,74.334,82.59399999999999,77.578,79.82599999999999,92.053,95.273,88.414,130.39,87.307,96.96299999999999,133.27,372.59,355.04,84.51900000000001,214.53,84.34099999999999,85.845,169.56,176.42,176.43,176.52,142.27,257.4,293.79,105.24,109.35,106.36,90.626,90.69499999999999,0.26587,0.20915,0,218.58,145.57,106.91,176.41,176.03,247.59,400.29,345.16,118.41,170.56,90.73,90.398,179.9,205.85,205.85,208.88,208.95,78.226,92.602,112.67,84.51300000000001,84.004,165.96,76.139,74.929,118.98,103.2,128.39,91.517,79.309,115.49,23.651,135.33,90.986,71.379,174.66,178.58,172.52,178.23,175.94,111.36,154.79,105.85,127.71,168.13,168.1,169.21,167.95,147.9,170.13,170.54,113.27,113.35,150.9,113.1,107.76,64.092,64.273,200.23,196.11,259.08,259.16,112.56,96.465,130.53,86.3,6.6238,63.2,50.576,52.008,221.55,166.82,168.3,29.756,28.221,27.719,68.22799999999999,68.52500000000001,195.2,272.59,84.75700000000001,84.663,85.09699999999999,93.13,115.09,182.69,140.17,139.68,163.14,240.31,243.56,231.86,168.51,168.25,184.54,80.035,123.8,80.97499999999999,279.85,188.15,258.15,265.06,266.02,168.63,168.94,120.67,98.09099999999999,211.85,231.9,71.011,71.515,100.62,126.4,110.08,77.27800000000001,100.07,176.77,182.04,89.462,116.48,89.373,262.27,267.95,59.48,62.574,174.04,172.9,174.21,251.64,251.54,174.82,178.17,127.33,179.1,179.98,118.2,58.755,69.80500000000001,242.91,183.08,183.42,251.05,124.2,526.1,492.37,524.4,135.13,88.196,120.06,230.53,231.06,89.717,60.256,60.308,60.115,63.643,111.15,79.14100000000001,172.27,236.17,205.74,297.3,171.04,62.179,61.686,59.668,247.57,269.53,247.76,94.834,178.67,178.6,285.58,283.71,267.7,267.72,79.169,79.11199999999999,87.19499999999999,167.31,200.71,59.136,60.385,110.59,75.28700000000001,75.509,72.459,72.937,62.447,211.89,213,166.52
153.43,141.7,144.56,153.28,310.1,310.36,297.77,295.02,217.64,196.9,254.79,256.63,250.63,252.8,146.57,184.56,319.48,321.11,194.62,139.89,144.59,147.28,138.35,204.92,204.87,357.08,350.58,238.75,254.15,148.72,153.11,288.54,190.81,188.22,343.62,346.22,213.22,325.29,399.76,192.22,192.04,144.82,141.97,218.25,213.99,154.12,148.98,151.88,245.46,236.39,222.21,266.58,245.41,315.93,318.28,142.32,147.25,147.86,145.21,144.57,143.25,148.03,182.73,191.3,140.54,148.92,144.53,189.34,190.98,312.58,314.58,312.39,304.87,316.02,303.98,303.45,261.19,240.27,242.63,183,185.12,201.75,182.66,174.31,176.07,182.8,189.68,226.01,216.28,218.36,214.42,224.35,223.59,71.502,75.57899999999999,221.28,217.48,311.55,501.07,377.89,188.64,191.81,190.15,251.97,251.8,209.47,209.17,133.29,209.89,209.97,209.71,217.79,199.38,210.23,214.98,217.99,260.11,243.8,235.57,238.91,237.58,242.89,182.02,200.26,221,328.51,217.72,206.89,320.16,327.3,316.45,317.93,280.64,57.868,54.66,258.01,260.69,257.28,213.97,211.83,221.79,230.9,218.58,0,252.51,251.41,310.69,315.98,356.67,95.752,93.63,146.95,154.2,182.91,182.14,319.92,346.62,347.98,350.98,347.98,228.23,224.91,202.53,212.37,214.72,310.6,194.64,195.31,215.35,217.73,235.37,210.02,247.4,242.34,136.24,219.79,230.65,192.56,289.73,290.31,301.42,312.82,312.68,195.26,197.38,212.54,211.75,309.32,315.22,307.21,307.87,158.76,308.87,314.17,181.88,163.21,177.92,168.63,218.32,222.82,219.38,312.91,377.02,400.09,399.89,159.3,158.15,187.45,182.32,246.53,343.14,191.47,190.96,288.59,291.29,314.38,159.6,146.01,146.69,209.03,206.96,349.33,53.483,221.39,222.32,224.67,219.54,214.58,168.5,170.25,165.76,170.27,193.46,191.02,0.49683,312.69,308.37,339.94,198,199.6,197.84,361.65,319.44,114.88,318.78,330.88,312.58,315.82,280.22,237.64,1.6875,1.4629,218.29,225.06,206.86,203.65,217.36,189.16,190.69,312.98,321.92,214.21,217.02,218.19,405.43,403.59,181.59,184.41,321.95,317.71,321.77,391.88,391.67,300.4,299.58,192.7,323.33,324.71,239.13,187.23,197.77,178.12,326.12,322.5,71.8,162.33,187.67,184.86,184.62,210.79,213.84,209.76,372.28,373.25,216.05,191.32,185.87,192.92,187.67,147.22,214.85,309.71,331.66,310.27,312.69,312.81,201.81,204.54,198.39,172.13,176,388.94,211.43,322.7,321.44,58.238,56.021,308.52,313.7,253.97,270.17,201.66,317.05,326.34,221.29,221.75,216.81,220.62,217.27,207.71,207.05,273.81,357.04,359.89,289.39
93.19499999999999,81.09699999999999,81.43300000000001,80.867,166.62,166.42,168.65,171.03,17.085,63.309,13.92,11.912,21.934,79.64400000000001,78.31399999999999,146.77,163.61,168.56,72.491,63.016,64.602,70.89,62.621,44.436,44.379,184.81,182.15,78.67700000000001,126.93,56.037,54.973,160.76,52.556,49.903,208.2,230.04,33.225,162.13,190.46,62.142,61.13,64.57899999999999,64.7,41.131,37.146,56.2,56.106,57.043,50.651,48.65,44.151,80.53700000000001,60.741,189.55,189.84,64.033,65.679,63.814,67.59699999999999,63.766,63.896,70.196,83.48,63.697,63.942,63.736,64.492,26.256,26.341,171.14,170.87,170.18,170.9,170.32,165.29,164.23,94.571,75.15900000000001,67.479,38.729,29.851,53.442,67.70099999999999,63.666,63.648,29.204,29.177,40.469,51.712,46.131,50.575,85.901,79.916,175.73,175.84,45.905,45.244,151.39,221.12,223.06,46.895,48.231,46.829,60.723,61.054,35.01,35.082,144.2,43.933,43.976,43.899,70.37,50.79,62.822,63.715,68.238,46.012,61.711,60.243,59.444,59.528,60.335,304.28,307.31,75.182,467.53,75.611,79.11199999999999,154.39,158.73,158.87,160.75,212.39,169.39,169.4,11.115,11.046,11.04,33.846,33.532,108.28,107.12,145.57,252.51,0,0.61253,162.56,162.68,251.68,309.53,314.94,59.406,58.742,40.039,43.97,176.61,178,177.22,205.1,207.39,59.565,50.57,36.615,31.253,31.364,161.55,43.892,43.87,48.92,43.105,65.869,35.76,54.415,54.214,102.06,24.013,38.567,41.597,132.84,131.07,130.86,162.43,161.01,96.679,95.42,33.587,33.616,152.75,153.43,153.75,152.73,70.30200000000001,166.47,166.43,85.7,80.554,86.63,80.995,54.043,54.236,54.338,179.83,268.36,261.85,255.25,105.24,111.46,28.906,33.901,101.89,135.97,119.12,77.901,161.1,166.24,161.87,85.935,89.089,84.958,73.04900000000001,73,178.56,210.25,69.92400000000001,69.691,69.717,45.035,47.363,89.357,89.754,89.39400000000001,89.393,178.52,178.32,254.19,153.95,150.95,227.49,49.514,47.061,49.004,228.33,185.2,204.59,233.25,233.3,162.07,162.07,53.64,45.334,199.18,199.28,82.149,79.863,50.572,50.546,81.146,51.176,51.176,159.7,179,35.697,37.118,32.313,258.79,258.83,53.715,49.588,171.56,169.69,170.3,247.59,247.55,171.22,174.39,91.967,175.28,175.34,57.013,71.179,49.393,180.96,179.5,179.07,206.42,62.56,233.11,230.34,230.95,74.86199999999999,77.884,74.791,228.83,228.67,32.194,40.146,42.144,39.871,44.127,139.31,75.48,168.19,174.2,173.55,293,156.04,36.763,37.989,46.193,179.45,177.83,244.38,48.387,174.75,174.62,215.98,215.8,237.78,237.49,54.056,54.051,21.405,151.03,196.2,50.565,50.185,11.322,11.435,11.293,68.55,68.96599999999999,71.395,210.86,210.17,161.46
85.47499999999999,81.164,82.84699999999999,81.063,164.86,166.63,178.35,167.7,11.22,63.341,9.4108,10.746,21.667,21.498,78.559,88.456,163.73,163.48,72.643,62.878,64.233,62.668,62.676,44.469,45.406,183.2,182.98,68.455,78.19499999999999,55.052,55.06,161.74,49.518,51.086,207.83,207.74,33.406,162.4,176.51,60.011,59.39,64.91,66.541,39.99,37.751,56.289,55.999,56.378,51.211,51.816,145.18,51.582,50.442,189.65,189.79,71.127,65.524,63.912,64.892,63.827,63.689,65.688,93.699,63.937,64.28,64.145,64.018,26.13,26.208,171.32,171,170.29,170.77,170.32,163.66,163.93,94.38200000000001,67.459,67.444,29.771,30.055,45.845,64.48699999999999,64,63.579,28.875,28.838,40.049,45.71,46.078,45.786,76.142,76.19799999999999,175.76,475.48,45.415,45.319,151.55,289.43,221.57,47.01,47.132,46.793,60.754,60.67,35.041,35.002,143.62,43.976,44.203,44.373,71.06999999999999,50.842,63.072,63.629,62.687,43.778,66.241,59.874,59.654,59.491,75.03100000000001,304.39,304.19,75.095,622.37,75.60599999999999,76.453,154.34,161.79,159.17,159.12,214.03,169.62,169.67,11.057,11.074,11.036,33.552,33.558,141.43,106.77,106.91,251.41,0.61253,0,162.63,162.39,210.09,309.99,314.67,60.875,58.687,40.271,40.103,175.94,179.3,177.05,205.16,205.71,51.81,45.339,30.899,31.685,31.49,159.63,43.869,43.865,42.992,44.079,59.146,36.576,58.715,54.283,101.43,23.948,38.57,49.501,131.17,130.04,131.96,161.69,161.12,95.947,95.057,36.535,33.255,152.87,152.71,153,153.72,70.334,166.49,166.48,80.768,80.661,80.63800000000001,80.974,54.106,54.525,54.392,190.05,239.18,255.59,255.55,105.28,112.34,29.124,29.01,129.71,165.15,80.575,98.41,162.68,161.08,161.93,83.66,83.925,88.145,73.149,73.057,180.93,206.45,69.898,69.938,69.756,45.224,45.068,89.377,89.473,89.422,89.512,178.46,178.55,252.72,150.63,151.45,183.24,48.727,47.079,47.266,267.43,184.68,204.83,233.29,233.27,162.41,162.19,31.053,56.82,199.02,199.08,79.907,80.05800000000001,50.528,51.656,107.14,51.184,51.142,160.92,180.86,32.603,34.31,32.101,258.7,258.82,49.561,49.605,170.07,169.56,169.69,247.51,247.57,171.07,171.13,91.626,175.36,175.38,57.115,53.604,50.939,181.07,179.17,179.1,206.46,63.216,224.96,226.37,235.9,72.82299999999999,73.907,76.193,227.15,226.93,32.023,42.007,39.944,43.923,41.273,131.78,76.18899999999999,168.21,177.33,290.36,173.51,156.24,39.833,38.402,37.56,177.62,177.56,245.51,46.111,175.14,174.44,215.94,215.85,237.49,237.51,54.122,54.162,22.278,151.55,196.58,52.058,50.741,11.812,11.299,11.505,68.53400000000001,68.497,105.29,210.1,210.22,162.14
196.44,196.45,196.02,195.92,25.049,25.938,40.114,44.826,124.35,144.43,171.68,166.74,135.11,178.89,181.57,208.28,7.2663,7.2562,177.22,188.36,190.04,197.48,188.12,143.93,146.73,63.714,63.554,136.66,143.73,180.5,180.34,31.906,129.35,129.33,64.69499999999999,64.438,115.23,35.904,111.68,147.55,143.42,190.05,193.75,113.83,116.31,181.78,181.35,181.47,115.84,115.92,150.74,150.78,145.22,46.08,46.177,189.98,190.16,189.54,190.87,189.14,190.58,189.81,194.51,194.76,189.29,190.2,189.25,151.52,151.38,27.285,28.375,46.136,47.025,45.724,39.961,39.955,166.86,134.7,134.38,155.57,155.12,123.38,166.68,164.18,164.16,146.25,146.34,116.74,111.61,111.36,111.05,125.45,125.52,305.94,305.97,112.4,110.61,19.382,111.14,133.94,121.08,125.82,120.86,143.96,144.01,120.97,119.76,217.22,114.41,114.74,114.53,108.8,118.93,112.14,117.39,111.91,107.93,138.32,126.72,126.86,126.47,133.32,238.03,237.42,119.25,353.05,127.36,131.27,22.09,38.953,29.078,29.199,301.08,292.63,293.15,156.59,156.53,156.84,111.28,110.67,176.08,176.05,176.41,310.69,162.56,162.63,0,0.27001,116.7,242.83,242.52,184.73,192.38,153.38,152.15,32.516,57.488,57.566,61.577,61.727,106.6,114.28,150.51,115.84,115.85,11.183,143.26,143.2,113.51,118.15,124.19,114.08,140.65,137.63,191.32,135.47,124.07,142.1,21.173,19.907,19.998,4.1209,4.4285,177.65,177.41,112.03,112.34,20.762,20.646,21.988,20.638,203.05,41.995,42.031,181.84,180.21,180.17,180.65,138.15,138.12,145.38,52.364,111.74,314.42,314.36,165.98,167.61,146.3,146.27,170.87,214.91,157.61,169.05,42.046,32.751,26.854,175.44,175.17,175.41,122.35,122.29,34.436,306.95,119.07,118.91,118.95,115.86,115.75,200.86,201.08,200.89,200.93,301.88,301.5,312.39,13.506,11.098,79.08799999999999,131.36,131.28,139.42,105.66,40.939,306.03,323.05,323.04,13.898,14.041,130.28,123.74,322.96,322.33,118.19,118.16,162.12,166.83,138.53,144.66,144.57,7.6075,35.911,115.28,118.18,115.39,317.9,318.48,129.2,131.99,43.333,29.22,50.344,306.57,306.69,42.07,42.304,191.31,31.849,31.693,124.06,135.4,141.78,304.19,39.394,35.652,313.24,188,466.2,463.94,462.73,113.53,111.64,113.63,83.369,83.416,109.13,134.58,133.43,133.46,133.74,205.86,130.61,24.698,30.716,254.6,260.58,23.713,109.74,118.33,111.38,303.06,305.02,303.56,117.29,31.259,31.636,320.57,318.05,360.63,360.92,137.5,137.44,140.84,34.753,53.097,131.84,133.01,124.35,124.46,124.51,107.34,107.72,147.72,66.726,66.691,33.719
201.39,196.88,195.85,203.21,23.393,30.944,38.966,38.587,124.09,144.3,166.93,168.03,142.62,168.93,187.16,230.02,7.1658,7.352,181.25,188.22,189.64,194.37,188.12,143.87,143.92,64.913,63.767,148.98,132.58,180.9,180.34,32.036,130.4,133.38,64.277,64.14100000000001,114.32,35.855,97.366,143.67,144.2,191.62,190.69,115.09,113.96,181.7,191.29,181.32,177.37,127.01,126.51,182.24,187.67,46.021,46.123,190.62,189.14,189.63,190.31,189.14,189.08,191.6,213.95,195.24,189.24,189.9,189.19,151.42,151.4,29.289,39.905,45.754,46.421,45.768,38.709,38.684,166.62,134.3,134.44,155.02,155.78,127.93,164.48,164.29,164.19,146.2,146.22,116.82,110.89,111.42,110.77,125.43,125.48,307.57,305.91,110.69,110.83,21.293,150,287.03,120.95,121.33,120.93,143.94,144.33,120.2,120.02,195.19,114.48,115.01,114.54,109.06,118.59,111.93,114.36,120.74,109.58,131.62,129.14,126.54,126.6,142.64,237.58,237.62,119.38,159.83,119.66,133.5,22.048,29.195,29.163,29.197,308.67,292.77,292.6,156.67,156.76,156.77,110.67,110.66,175.95,176.18,176.03,315.98,162.68,162.39,0.27001,0,78.303,237.45,247.69,186.99,184.16,151.75,151.47,32.735,57.802,58.069,61.551,61.67,130.54,126.55,150.66,115.95,115.83,11.014,143.28,143.12,123.98,120.96,120.36,115.7,137.97,137.65,242.65,135.84,122.94,142.06,19.865,19.942,20.829,3.92,3.4854,177.86,177.4,113.47,112.03,20.73,20.588,20.662,20.613,203,42.025,42.018,180.08,180.13,179.97,180.15,138.12,138.71,138.83,62.804,107.62,314.32,314.44,166.91,167.58,146.08,148.14,170.84,212.75,156.98,158.17,32.442,32.405,13.507,173.95,173.06,174.75,122.29,122.41,36.345,308.56,119.1,119.35,119.74,114.8,114.89,200.85,200.93,200.87,200.95,301.77,301.51,312.34,11.501,11.133,8.003299999999999,131.35,131.38,172.87,40.649,40.674,305.39,323.22,322.95,13.46,13.661,108.16,122.04,322.47,322.98,118.16,118.32,162.03,162.27,138.59,144.65,144.57,7.5853,35.202,115.46,116.13,114.57,317.71,317.91,129.38,129.29,26.481,26.65,31.678,306.7,306.57,41.949,41.914,190.05,31.713,31.687,124.03,142.02,135.48,304.17,35.61,35.632,313.05,188.21,463.81,463.13,462.74,112.33,112.37,111.56,83.369,83.56399999999999,109.18,135.95,133.89,133.91,133.99,258.68,130.8,26.859,47.936,254.42,254.53,25.525,109.73,110.33,110.18,302.22,300.8,303.89,115.46,31.197,31.501,318.14,318.22,360.98,360.63,137.42,137.46,137.66,19.807,53.466,131.29,133.94,124.53,124.27,124.34,106.73,106.79,147.78,67.339,67.01000000000001,32.136
264.45,292.82,272.81,245.97,102.33,117.26,107.77,99.07899999999999,215.92,204.53,245.42,269.92,200.54,223.57,272.11,282.69,100.66,113.19,232.38,269.59,271.44,255.11,275.57,209.8,197.48,170.97,158.15,248.54,250.81,260.59,233.88,100.94,183.7,188.19,122.24,140.93,169.04,78.73999999999999,181.06,242.79,216.66,284.83,270.24,215.53,206.94,239.94,260.09,228.36,192.44,187.68,167.51,219.01,231.13,132.69,167.51,239.03,298.85,261.03,258.26,267.56,287.24,268.66,279.96,265.98,261.73,247.43,283.8,227.39,221.96,94.83499999999999,113.36,74.529,84.92700000000001,109.04,89.443,84.045,222.56,197.25,231.48,229.27,216.05,197.46,236.74,236.08,277.44,228.37,194,196.19,183.9,149.01,192.38,240.78,187.44,356.5,367.08,184.64,202.39,91.544,145.97,198.6,181.3,179.78,191.29,199.49,230.42,166.59,183.88,269.84,188.49,187.32,189.56,193.84,205.98,209.44,187.29,212.82,185.89,196.75,203.75,203.11,196.23,193.48,323.23,314.08,171.12,386.1,201.03,200.17,115.45,92.25,107.7,84.23,378.06,359.82,374.57,244.45,241.11,262.06,163.27,227.33,256.32,293.38,247.59,356.67,251.68,210.09,116.7,78.303,0,363.41,301.11,267.79,257.7,231.44,222.06,144.64,155.27,144.31,154.7,138.47,186.13,212.3,228.61,194.82,187.49,108.84,226.38,227.91,181.98,166.53,214.22,205.42,191.07,234.47,245.54,207.45,189.31,205.25,76.078,114.47,70.001,149.31,106.22,241.67,233.65,201.18,193.05,97.836,86.976,94.946,119.35,246.45,96.28100000000001,90.431,246.27,237.65,224.84,258.99,230.83,202.31,203.34,135.55,220.66,369.47,376.44,234.84,251.19,213.2,264.88,267,292.66,258.4,241.15,103.15,122.68,123.86,249,249.24,252.8,194.08,190.17,107.37,378.06,182.22,222.3,198.27,194.11,196,262.47,272.62,283.38,298.02,395.28,371.82,368.46,104.56,56.801,117.01,215.65,222.03,215.96,212.2,125.26,376.31,417.97,407.32,106,96.443,195.75,190.68,438.11,401.04,220.4,206.22,249.31,230.79,188.3,213.42,222.67,91.636,133.45,208.97,192.59,171.04,379.75,450.85,205.45,188.52,113.9,109.7,122.46,378.21,357.53,127.3,131.84,289.05,98.857,98.15600000000001,204.54,196.58,204.73,359.62,152.92,95.35899999999999,361.9,280.82,542.3099999999999,524.14,536.13,167.59,215.69,210.21,160.31,152.88,203.13,194.06,234.5,238.27,378.73,454.77,188.2,69.84,111.1,306.86,363.91,89.414,182.05,178.88,172.67,347.43,365.05,402.34,183.26,113.38,93.158,376.23,395.36,435.66,443.63,195.39,227.25,203.84,94.55500000000001,150.02,199.62,197.83,230.39,200.74,217.49,189.7,177.7,198.88,19.541,75.533,70.81100000000001
307.24,316.83,312.52,312.55,243.41,239.75,249.86,244.19,290.14,317.71,317.8,312.33,325.17,319.24,219.05,243.97,239.58,239.56,271.58,243.36,244.22,237.98,238,284.76,279.67,272.25,282.64,311.51,341.43,235.61,235.42,237.24,288.23,290.77,278.4,278.25,313.16,374.27,260.38,286.82,292.05,250.24,246.36,316.15,316.82,271.69,273.22,276.88,411.7,347.63,367.82,353.06,353.08,254.91,260.03,239.02,241.27,244.78,245.46,300.14,239.3,244.43,250.66,244.22,244.16,244.52,239.82,291.81,291.79,235.97,241.71,231.45,232.31,226.75,232.38,225.79,334.86,314.22,309.26,296.09,295.59,309.61,284.49,289.72,294.93,267.85,273.17,326.29,333.51,326.88,336.57,307.65,302.31,120.4,120.26,331.03,330.87,233.78,432.49,462.94,303.31,298.69,308.53,312.37,307.14,349.17,349.32,272.57,304.4,304.7,304.38,315.6,333.06,315.29,299.8,305.75,363.66,307.61,303.82,306.41,305.13,302.27,22.856,22.846,316.13,942.05,316,311.88,236.59,243.11,243.05,237.88,128.24,119.24,119.31,307.75,307.89,302.59,317.96,323.12,345.24,407.93,400.29,95.752,309.53,309.99,242.83,237.45,363.41,0,0.25785,245.06,239.22,273,267.74,241.52,277.46,271.61,275.39,280.61,336.59,336.36,273.6,311.5,306.11,232.73,289.55,290.35,307.37,314.75,320.98,318.89,305.88,306.44,218.3,303.96,319.45,282.56,339.59,340.35,339.23,241.26,251.2,415.07,339.71,320.87,319.69,239.83,234.62,229.78,234.5,245.67,227.67,222.54,261.26,266.84,256.26,261.55,293.09,298.43,293.54,324.91,292.2,491.5,491.66,255.65,254.92,267.55,267.79,345.98,369.7,324.01,322.52,239.46,237.74,234.89,249.62,252.16,257.48,304.76,304.64,237.28,134.02,306,310.78,315.91,301.14,300.25,253.08,263.39,258.24,258.26,133.37,122.9,91.703,232.65,227.77,247.47,294.61,284.94,275.13,312.04,254.61,137.89,444.07,437.07,234.93,229.67,317.37,325.58,84.878,95.754,310.68,311.04,288.62,283.6,376.79,294.79,289.64,242.62,251.46,306.95,318.2,312.24,494.93,494.94,288.38,288.3,240.76,245.51,239.84,478.48,478.59,247.33,252.77,272.17,243.5,250.44,303.98,292.04,296.96,130.75,249.61,249.48,105.35,228.28,352.93,353.06,354.39,341.42,335.31,340.49,297.36,292.87,311.88,319.42,319.4,319.11,316.07,278.79,310.56,238.63,243.53,537.97,533.37,239.16,320.49,325.17,326.5,127.37,132.5,479.96,317.05,244.87,245.36,142.51,137.21,183.1,183.16,305.73,305.6,307.3,237.31,261.37,295.34,295.43,301.05,295.45,290.47,298.45,297.81,307.11,285.63,285.56,231.8
307.38,313.45,314.75,308.93,231.77,234.41,250.78,244.68,291.97,317.68,312.7,306.73,320.35,319.51,219.11,235.13,244.87,244.82,266.56,243.32,246,246.96,237.95,285.29,284.88,277.36,277.77,310.79,347.92,240.62,235.45,237.55,293.69,284.13,278.09,278.19,313.18,330.26,280.38,297.07,298.93,240.65,250.71,316.71,322.53,269.53,267.08,268.81,345.12,340.67,392.51,365.04,353.53,260.02,261.16,251.67,239.33,249.91,247.14,244.58,239.12,245.05,270.22,249.39,244.23,244.4,244.92,291.93,297.01,241.16,243.39,231.36,226.62,231.68,224.55,224.69,335.21,314.11,314.15,300.31,291.3,310.34,287.37,284.51,289.59,269.83,262.42,327.36,331.99,326.43,333.93,303.97,309.07,125.57,125.62,332.47,336.16,233.55,489.8,440.5,303.38,304.12,298.23,312.17,312.18,354.86,350.04,267.84,304.38,307.91,309.73,305.22,319.32,300.07,298.85,305.74,358.71,304.43,306.87,306.95,306.36,317.15,22.909,22.847,316.21,962.22,317.09,311.07,236.83,237.99,242.98,248.39,145.23,119.71,114.27,302.7,307.82,313.12,312.85,317.97,347.09,382.13,345.16,93.63,314.94,314.67,242.52,247.69,301.11,0.25785,0,245.76,239.18,267.79,267.82,246.69,271.84,272.26,275.43,280.71,350.58,341.23,263.37,316.23,311.32,239.27,284.51,279.11,311.66,298.39,312.04,319.22,307.24,305.88,241.6,298.87,323.45,288.45,339,338.79,364.43,237.91,242.44,298.02,295.44,316,313.61,234.86,234.73,235.17,229.45,256.06,227.81,233.3,261.22,256.37,261.44,256.41,298.42,293.8,294.05,263.33,286.84,486.25,491.36,250.78,244.58,272.7,263.65,340.12,373.01,310.55,343.82,238.7,242.52,229.82,230.93,244.89,244.26,304.39,309.6,261.18,134.51,311.01,305.74,305.7,301.15,312.67,258.3,253.18,258.35,258.24,123.81,122.99,92.93899999999999,233.41,234.5,249.78,284.01,282.85,296.71,285.96,249.91,131.3,442.12,442.17,234.83,235.45,332.79,320.76,91.16,84.795,316.08,310.67,288.53,283.71,318.37,300.21,294.98,243.91,245.79,312.12,319.9,313.23,499.89,500.41,288.39,288.32,234.93,256.87,234.82,483.61,478.58,247.49,247.61,276.13,247.31,246.48,298.79,297.4,312.4,139.69,246.74,249.48,115.2,230.96,347.16,358.02,363.15,336.04,335.28,346.54,297.2,302.33,307.07,319.29,333.31,324.82,315.02,428.71,315.86,238.67,254.91,537.71,430.38,237.91,327.47,328.51,320.09,124.15,127.39,481.49,317.05,245.1,245.18,137.28,142.37,178.01,188.15,310.9,300.51,300.73,230.8,261.58,299.62,295.23,295.6,300.76,295.6,304.38,300.28,302.65,280.45,285.6,242.58
36.322,34.038,34.011,38.409,187.72,193.36,182.66,184.28,62.808,77.27800000000001,62.649,83.04300000000001,73.205,93.922,21.855,46.404,187.08,186.96,38.36,15.251,15.328,16.517,18.041,57.88,63.741,225.44,218.85,120.15,144.02,7.0772,7.3907,175.26,63.556,64.366,219.73,221.99,85.26900000000001,192.87,224.42,72.114,75.34099999999999,17.188,18.482,101,94.97799999999999,7.3368,8.0968,6.257,98.827,92.884,123.27,112.3,106.36,201.61,202.15,23.685,18.306,27.245,17.97,17.57,16.619,17.923,16.564,407.56,16.557,20.326,17.09,40.397,40.395,182.65,183.41,183.9,183.69,184.68,178.73,176.73,127.66,81.346,81.95099999999999,44.508,45.582,77.592,31.823,29.735,31.041,40.107,38.891,100.1,80.18300000000001,79.239,78.65300000000001,92.39400000000001,90.628,124.53,124.23,78.05800000000001,78.80200000000001,177.09,404.2,431.67,78.34099999999999,79.23099999999999,78.64,77.95399999999999,78.89700000000001,83.504,82.75700000000001,103.91,77.511,81.294,78.21599999999999,98.188,75.795,79.125,77.613,78.511,90.86499999999999,88.55,86.84699999999999,73.991,83.239,73.822,234.09,234.62,99.077,156.6,91.78100000000001,80.125,178.59,185.19,185,185.06,125.62,123.03,122.12,57.283,58.979,57.191,94.14,97.547,119.69,118.42,118.41,146.95,59.406,60.875,184.73,186.99,267.79,245.06,245.76,0,1.1004,46.822,45.383,188.79,213.65,212.88,217.38,217.35,86.021,109.32,41.346,82.91800000000001,83.098,174.02,57.124,56.535,83.44199999999999,82.205,93.92,119.5,66.511,65.866,12.861,76.02,91.482,54.212,194.13,176.89,177.12,184.4,185.78,35.068,33.736,85.27,87.465,179.79,176.63,176.9,250.77,13.264,179.79,179.82,33.002,33.814,33.801,33.414,67.401,68.684,69.58499999999999,198.53,253.46,259.82,259.53,30.724,32.293,38.601,38.729,113.04,150.96,89.857,91.355,201.19,174.91,179.39,27.84,26.633,27.982,85.658,86.161,188.26,129.98,84.08499999999999,83.76900000000001,83.636,81.774,78.42400000000001,31.271,35.711,31.258,30.219,130.78,130.59,156.03,174.36,176.58,199.86,88.84,81.121,67.247,278.33,196.87,168.49,188.41,185.74,177.24,179.59,133.09,85.48399999999999,153.77,151.86,94.343,93.746,56.287,56.768,135.56,78.492,78.136,184.48,190.31,86.26300000000001,84.792,83.982,262.86,264.12,64.50700000000001,64.443,182.1,186.11,182.51,252.13,252.19,185.32,184.95,51.081,187.55,187.62,70.994,65.146,80.20399999999999,133.84,191.47,191.06,158.88,13.027,188.27,182.35,182.31,90.137,89.53400000000001,89.3,239.24,239.36,84.783,64.045,64.444,64.387,69.215,104.82,96.33499999999999,181.6,203.85,300.67,301.49,179.47,76.494,76.651,76.137,130.48,130.1,252.42,87.473,189.59,186.66,138.63,140.27,189.94,191.2,72.453,65.521,72.61799999999999,185.88,208.93,62.022,61.559,65.43300000000001,63.33,62.404,85.26900000000001,85.306,96.517,228.34,222.25,175.51
36.797,34.119,36.045,34.776,188.01,194.17,181.77,181.55,62.039,75.83499999999999,61.177,61.439,89.191,109.99,28.749,74.414,188.44,189.14,45.675,62.512,15.43,15.141,15.967,56.623,56.564,219.27,219.76,85.968,136.01,6.5374,6.5215,174.72,63.415,63.436,220.02,219.92,84.85899999999999,183.31,223.95,568.99,73.669,18.794,18.562,102.58,104.09,6.2853,6.1494,5.7334,94.324,94.17100000000001,146.16,114.9,99.095,202.03,204.19,72.947,19.252,20.102,27.526,16.089,16.032,17.791,16.194,15.916,16.321,16.617,28.127,44.237,40.096,182.75,183.23,188.91,183.77,183.71,176.45,176.53,133.8,81.333,82.65300000000001,49.71,52.064,84.235,40.858,31.778,29.726,38.371,38.227,96.107,81.036,78.855,95.16500000000001,102.28,91.249,125.15,126.49,78.24299999999999,78.72499999999999,179.43,283.8,408.96,78.896,84.828,78.93300000000001,78.065,77.968,86.15900000000001,84.006,16.909,78.90600000000001,77.035,76.842,85.467,76.447,77.908,89.06399999999999,79.548,90.276,76.172,78.871,73.908,73.60599999999999,74.61199999999999,234.1,242.67,89.22799999999999,1138.1,89.163,79.126,177.4,184.62,184.59,184.76,127.3,121.92,122.7,57.149,57.194,63.276,89.819,89.89700000000001,119.2,123.32,170.56,154.2,58.742,58.687,192.38,184.16,257.7,239.22,239.18,1.1004,0,44.802,44.967,188.05,216.17,213.86,217.02,216.97,80.456,98.95399999999999,41.082,76.86499999999999,86.069,174.03,56.249,56.529,82.29300000000001,85.36,101.2,91.358,66.626,68.637,25.957,75.55,107,54.098,178.53,176.2,179.59,182.69,183.5,34.492,75.331,85.38,84.839,176.4,177.68,176.95,176.24,13.167,179.81,179.86,38.712,32.957,34.102,33.952,67.58,76.94199999999999,68.158,234.91,218.6,260.18,269.22,42.31,33.943,38.487,43.912,113.01,154.87,106.05,112.09,175.69,175.13,179.07,26.162,24.391,24.791,85.559,108.32,188.04,127.27,83.794,84.56999999999999,84.09999999999999,82.161,77.855,30.391,54.754,36.115,30.183,130.75,130.64,150.72,174.26,177.41,198.14,84.70699999999999,78.446,60.417,260.17,196.31,156.95,185.52,185.74,176.9,177.5,134.93,94.634,151.51,151.47,94.176,94.41800000000001,55.892,64.44199999999999,129.21,78.18600000000001,89.77800000000001,184.31,199.33,84.063,84.51600000000001,89.65900000000001,263.11,264.95,63.103,144.41,183.43,181.92,202.75,251.69,251.75,184.96,197.45,52.938,188.09,187.26,72.41,70.932,67.235,135.29,190.99,191.07,159.19,13.139,182.25,188.33,182.24,90.98399999999999,94.45999999999999,86.999,238.62,239.72,84.541,64.922,63.985,63.277,63.569,102.03,79.574,180.31,192.29,211.48,302.27,183.71,76.568,78.919,82.129,141.25,129.82,250.76,99.842,186.87,187.44,138.84,138.72,189.81,189.77,65.44799999999999,65.672,72.696,175.66,208.2,63.208,62.44,62.161,63.053,62.452,84.395,85.29900000000001,90.46299999999999,222.04,222.02,174.74
46.458,39.248,38.02,37.892,149.1,149.63,163.08,162.99,29.554,63.626,44.344,43.059,98.693,83.512,57.418,137.73,155.51,155.57,73.83,50.444,52.547,56.639,52.137,69.137,79.218,170.37,170.28,61.609,89.598,41.037,49.721,156.26,34.357,34.476,188.69,187.29,55.85,149.25,182.71,31.549,37.568,54.365,50.598,65.617,65.294,42.135,43.186,42.137,86.252,68.193,74.726,104.49,89.515,168.98,171.02,52.133,50.733,50.935,52.08,72.3,49.782,50.496,87.35299999999999,54.643,49.774,50.358,53.06,8.1065,8.232100000000001,150.26,151.39,152.81,152.82,152.82,145.97,145.6,78.55500000000001,51.672,51.698,1.8209,1.9614,63.592,47.997,48.139,48.132,6.8448,10.888,67.651,49.348,53.808,49.314,59.066,59.268,159.45,159.44,48.815,49.104,146.51,218.89,242.62,59.087,61.949,59.044,60.534,53.619,35.369,35.258,56.747,46.06,46.291,45.926,51.741,40.873,46.607,45.988,48.303,71.889,44.888,43.966,43.903,44.161,46.303,268.45,267.89,52.105,517.77,52.5,50.88,140.89,152.13,152.05,152.08,163.35,156.9,164.29,51.913,46.509,46.552,59.576,61.5,138.75,91.258,90.73,182.91,40.039,40.271,153.38,151.75,231.44,273,267.79,46.822,44.802,0,0.22763,155.56,164.35,164.91,185.86,186.18,75.895,42.547,10.506,70.501,53.908,142.89,26.098,25.75,49.5,50.805,64.566,61.965,48.045,47.421,46,45.117,60.477,23.674,131.86,131.82,134.64,150.3,150.27,84.797,90.563,56.66,55.56,145.08,145.13,147.13,145.12,56.388,150.38,150.29,66.584,66.79300000000001,66.642,67.178,37.868,37.75,38.203,194.77,214.31,229.27,229.18,50.615,56.716,7.0581,7.1037,78.488,95.627,62.094,92.92400000000001,157.59,155.97,145.74,59.253,60.841,61.348,57.407,57.45,165.86,158.75,51.573,53.815,51.054,47.081,46.898,65.224,74.041,65.45099999999999,65.27200000000001,166.11,165.83,183.04,147.61,141.87,166.34,54.484,55.76,23.982,217.9,165.21,213.06,208.87,209.06,149.54,145.17,83.259,76.833,179.47,179.48,65.93300000000001,63.74,21.095,23.079,56.889,28.927,28.92,152.09,158.85,62.812,55.138,57.725,232.52,232.98,32.981,33.006,150.38,151.79,151.78,225.16,222.94,166.33,166.38,78.64400000000001,154.61,154.59,39.943,62.878,38.571,168.44,159.9,159.83,214.23,49.73,344.19,346.26,341.52,62.197,61.469,63.141,206.08,206.37,53.531,35.218,34.52,33.153,33.689,253.75,51.315,147.67,162.1,177.12,177.54,149.27,43.543,42.192,41.763,166.52,165.5,218.97,49.219,155.42,155.77,181.81,173.72,228.05,224.04,47.171,47.249,55.031,139.12,179.8,32.878,33.717,35.724,33.555,33.607,62.135,57.381,53.413,190.92,190.88,155.87
37.938,38.868,37.852,39.899,146.13,149.47,166.48,167.46,29.522,68.578,49.412,43.255,48.903,48.268,52.071,93.36499999999999,155.34,155.34,67.97499999999999,50.944,50.721,50.179,50.204,69.393,75.965,170.61,170.08,69.583,75.628,41.077,41.077,156.2,34.542,34.554,187.18,187.08,54.592,150.95,181.64,31.53,31.754,50.731,53.639,65.205,66.34099999999999,42.541,42.13,42.317,57.012,57.251,60.609,57.94,109.94,168.92,169.07,50.605,51.721,52.161,54.217,49.967,50.273,52.937,49.825,50.698,50.001,54.017,50.962,8.052,8.1546,151.48,150.45,152.59,152.9,152.76,145.88,145.79,78.211,51.735,51.718,2.5091,1.9918,57.854,48.367,48.074,48.025,6.9554,7.1579,67.49299999999999,49.426,52.246,49.302,59.424,59.063,159.34,159.8,48.715,48.709,143.9,220.84,220.51,59.031,59.289,59.033,53.562,54.763,35.129,35.195,57.002,45.881,46.189,45.879,51.788,40.771,45.62,46.372,45.229,62.204,48.085,46.379,44.06,43.72,46.407,268.04,267.97,52.244,176.99,52.259,50.553,140.66,152.12,152.14,153.77,158.25,156.98,157.95,46.58,46.539,46.629,59.483,59.511,90.133,131.55,90.398,182.14,43.97,40.103,152.15,151.47,222.06,267.74,267.82,45.383,44.967,0.22763,0,155.94,164.54,164.23,185.82,187.01,76.181,43.744,10.987,53.954,54.553,143.4,25.846,26.018,67.298,47.739,82.962,61.08,47.606,47.495,53.637,45.049,61.248,23.601,320.83,131.8,132.96,150.19,150.36,85.17700000000001,86.41200000000001,55.648,55.515,145.23,145.2,145.14,145.09,56.442,150.36,150.34,66.55,66.938,66.53100000000001,67.105,37.597,37.717,38.148,170.71,241.8,229.19,229.28,49.779,49.996,6.9885,7.347,78.45399999999999,107.24,76.98399999999999,89.986,158.1,155.69,145.28,60.622,59.211,57.681,57.824,57.45,152.05,152.17,51.292,51.081,51.249,47.015,49.271,65.324,65.264,65.27800000000001,65.354,166.01,165.87,184.35,142.73,141.72,191.69,60.881,59.223,37.313,198.65,165.2,212.74,208.93,209.1,145.76,145.32,61.944,70.377,179.57,179.39,63.714,63.817,20.937,20.845,115.8,28.86,28.888,153.16,162.56,55.672,55.604,54.902,242.2,232.69,32.841,33.081,150.57,150.67,150.46,222.95,223.17,166.52,166.52,79.70099999999999,165.26,154.57,39.859,32.595,38.587,168.57,159.85,159.79,214.43,50.328,338.04,342.84,338.39,61.832,61.636,61.902,229.76,206.89,55.122,35.446,33.076,33.595,34.911,190.47,49.121,147.64,169.71,177.29,270.29,147.97,41.693,48.057,42.411,165.96,165.03,218.48,47.299,155.68,155.61,173.88,174.3,223.85,223.62,47.192,47.229,42.811,137.94,177.19,34.671,33.025,33.775,33.306,33.471,57.229,57.477,55.15,191.34,190.92,156.56
200.94,202.15,199.83,199.87,23.285,17.048,43.253,42.456,129.62,148.04,178.58,179.2,198.96,138.18,179.55,243.88,42.39,35.056,179.46,191.95,191.78,193.09,191.71,147.94,147.47,67.645,68.729,147.52,177.97,183.85,184.01,36.776,133.46,135.03,70.206,79.22799999999999,115.87,6.6165,99.806,147.53,150.98,194.34,193.72,119.42,118.48,186.25,186.37,185.01,151.03,146.17,149.64,159.51,158.23,49.745,49.985,197.53,194.79,193.8,194.02,193.76,193.62,193.62,193.11,193.89,193.31,192.94,192.83,155.74,155.25,31.532,33.018,49.423,51.297,49.415,42.786,42.41,170.84,138.04,138.29,158.97,159.58,123.47,169.74,168.36,167.88,150.06,149.86,120.6,115.11,115.03,114.8,128.44,128.47,309.87,311.3,114.34,114.35,24.473,100.67,102.74,130.3,125.44,125.71,147.68,148.07,119.6,120.04,336.51,112.7,112.97,112.97,114.6,133.83,116.38,133.42,120.44,115.11,135.86,137.47,130.64,130.16,131.43,241.97,242.49,117.74,194.25,117.18,137.11,25.879,19.321,19.655,19.541,298.71,296.37,296.6,174.56,175.26,174.41,114.31,114.71,179.59,180.06,179.9,319.92,176.61,175.94,32.516,32.735,144.64,241.52,246.69,188.79,188.05,155.56,155.94,0,61.794,64.28,61.93,64.06999999999999,129.1,137.89,154.22,119.75,120.78,28.391,147.03,147.03,130.51,132.84,137.38,114.51,142.68,141.6,194.22,139.95,126.89,146.46,20.743,19.224,95.178,30.824,31.257,181.25,181.37,115.47,118.19,24.533,25.32,24.874,24.379,199.4,46.331,45.806,185.28,183.77,184.13,183.92,142.85,142.27,144.45,75.73399999999999,110.79,318.25,318.12,169.38,170.88,149.84,149.9,174.54,201.13,160.29,162.9,42.063,39.096,24.802,196.05,186.27,186.49,126.8,125.39,41.618,310.72,122.8,122.62,122.72,114.33,113.97,204.57,204.66,204.49,204.83,305.31,306.85,317.94,22.948,22.654,41.359,133.91,136.39,147.11,120.32,45.406,308.96,337.02,337.21,24.867,25.487,137.92,154.21,326.39,326.37,122.15,121.77,165.67,165.77,170.63,150.16,148.22,32.629,40.806,113.46,116.47,113.39,339.68,323.8,133.05,134.2,29.997,30.254,29.569,310.36,310.37,45.794,48.331,196.5,10.787,10.632,128.04,136.88,141.76,308.12,35.912,35.795,316.84,192.15,471.72,462.96,469.41,114.77,120.42,117.5,87.871,88.369,113.5,137.14,138.11,138.02,138.8,299.52,135.5,28.633,55.68,258.37,262.72,28.793,121.31,123.26,128.43,304.72,304.4,307.35,113.05,34.832,33.179,324.34,321.74,364.59,364.38,141.14,144.14,138.54,23.713,70.37,133.23,133.78,133.53,128.12,127.95,111.52,111.07,152.17,70.3,71.678,39.424
225.11,423.31,225.04,224.82,53.024,54.827,55.596,61.876,142.2,178.06,187.77,181.74,177.27,171.95,212.38,240.95,59.929,60.073,205.25,217.89,219.71,220.86,217.64,173.63,173.69,12.575,11.661,169.46,179.98,214.06,209.64,39.496,161.15,157.64,33.095,33.746,134.31,61.485,96.22499999999999,178.46,176.57,218.95,221.12,143.73,144.36,210.35,210.81,210.98,190.72,152.31,165.95,143.23,180.2,14.676,34.112,222.16,219.54,221.36,220.41,219.3,218.54,219.2,221.11,217.96,218.42,218.54,220.14,184.49,181.6,40.07,52.596,75.41500000000001,77.23999999999999,75.191,69.584,68.392,196.74,164.25,163.42,168.52,167.73,156.27,195.53,193.13,196.45,184.01,176.18,149.02,143.42,144.67,141.02,156.6,154.39,334.77,337.1,145.62,140.01,48.757,135.99,152.09,152.06,150.42,150.41,173.71,173.42,134,118.86,224.67,127.54,127.69,129.36,138.73,148.15,142.4,143.43,141.83,135.26,158.29,158.02,155.65,158.79,158.35,267.15,266.53,162.33,948.17,137.39,161.15,57.655,55.691,55.543,55.951,330.68,322.42,322.58,170.19,171.31,172.68,142.57,140.31,205.01,209.95,205.85,346.62,178,179.3,57.488,57.802,155.27,277.46,271.84,213.65,216.17,164.35,164.54,61.794,0,0.3424,88.369,91.09099999999999,153.06,152.96,179.57,146.65,150.15,51.309,171.81,173.95,143.19,163.28,174.38,136.39,167.78,167.11,232.79,165.37,156.64,258.94,59.43,58.936,59.283,55.671,56.226,208.91,213.66,140.37,139.44,49.77,49.555,49.978,49.584,225.46,71.294,71.321,208.84,210.48,209.19,210.56,163.74,165.62,167.84,88.31999999999999,99.422,283.53,284.21,194.71,194.45,176.86,175.46,202.24,219.14,187.84,250.27,39.805,39.22,51.056,338.69,213.47,216.06,150.61,149.14,67.533,343.68,140.12,136.53,136.65,127.99,128.23,231.86,237.8,230.4,230.33,331.55,330.5,354.23,47.835,49.252,86.03100000000001,158.34,160.55,169.91,94.679,56.811,341.02,366.1,363.8,50.165,51.499,170.31,153.62,352.16,351.2,142.4,142.35,193.99,194,181.7,167.84,167.98,58.007,51.311,126.65,368.11,129.62,289.96,286.82,159.56,163.26,39.618,39.253,43.195,275.76,276.26,48.759,48.988,221.82,66.744,60.966,153.04,155.48,152.36,333.58,63.453,62.583,342.35,215.61,500.45,496.24,498.34,138.83,138.35,135.51,119.89,114.13,138.63,162.66,158.37,158.18,160.05,281.27,160.06,38.146,58.062,225.19,223.85,363.32,141.23,140.84,141.34,330.7,329.91,274.06,136.13,61.775,60.327,348.73,347.88,389.94,389.9,169.18,180.03,153.06,50.095,10.99,159.35,162.16,142.64,142.23,142.22,136.24,136.76,177.26,98.893,95.789,40.064
312.78,225.33,232.72,225.17,58.876,55.164,46.123,49.285,141.93,173.15,182.52,181.82,173.5,180.53,234.4,245.59,60.182,63.453,208.76,217.17,222.02,218.86,217.02,175.19,173.04,8.889699999999999,8.2346,152.38,175.71,209.53,209.29,38.899,170,170.04,33.319,33.099,134.93,61.938,117.4,177.55,177.74,220.14,219.75,142.84,145.24,210.99,211.26,211.22,171.65,163.59,167.68,148.05,152.03,14.601,15.082,224.86,218.7,222.58,220.65,218.11,218.16,219.2,239.3,218.45,218,219.09,218.22,182.39,180.44,40.318,40.559,74.738,75.35299999999999,75.11199999999999,82.23099999999999,67.58499999999999,197.91,163.43,165.26,168.05,167.96,151.29,194.12,193.44,192.91,175.35,176.35,148.47,141.85,141.29,139.87,157.36,153.77,334.79,337.53,140.92,142.33,56.159,144.2,144.11,149.93,152.34,149.69,173.12,173.53,118.67,119.56,254.8,127.59,129.07,129.58,137.86,148.66,142,141.12,140.88,133.66,159.03,155.94,173.04,155.57,158.33,267.95,266.43,138.49,165.78,138.17,160.75,51.509,55.671,55.551,55.839,324.7,321.67,321.78,172.45,175.5,173.26,145.43,139.83,205.23,208.24,205.85,347.98,177.22,177.05,57.566,58.069,144.31,271.61,272.26,212.88,213.86,164.91,164.23,64.28,0.3424,0,88.008,88.11199999999999,135.02,148.86,179.69,145.1,145.5,47.838,171.66,173.73,164.67,145.11,148.26,138.35,172.12,166.97,227.47,166.33,152.69,171.09,57.893,57.273,64.611,58.135,56.489,207.35,207.13,141,139.63,50.188,50.377,50.088,49.686,229.56,70.999,71.49299999999999,209.05,209.74,210.49,209.74,162.57,164.3,164.68,91.91200000000001,79.68000000000001,287.74,283.02,194.91,194.39,175.57,175.98,200.11,239.12,186.14,203.36,40.73,41.357,54.138,212.42,212.66,215.58,152.18,148.5,62.012,335.85,138.12,137.98,138.08,127.66,129.13,231.39,229.88,229.95,229.95,330.68,330.52,351.24,51.143,47.992,84.045,160.63,163,169.89,86.836,53.811,334.55,362.98,362.58,52.064,51.473,171.37,159.01,351.23,351.33,143.25,146.57,191.01,192.15,176.32,168,169.27,57.701,51.565,130.96,126.15,125.14,286.64,286.81,158.85,158.31,40.485,38.533,39.125,275.32,275.3,49.074,48.938,220.01,60.754,60.465,153,155.17,157.95,333.18,61.98,63.338,342.28,212.9,498.42,498.51,499.74,136.08,136.52,137.34,113.04,114.03,135.68,160.24,157.75,159.82,162.79,246.81,159.77,37.386,55.86,223.29,223.22,54.807,144.2,141.07,140.92,330.47,329.87,283.06,129.64,61.759,68.55800000000001,348.25,348.46,390.02,389.65,166.33,230.26,152.49,49.322,11.205,157.47,158.8,143.03,142.36,143.74,136.21,136.19,176.95,96.277,95.55200000000001,40.799
233.28,229.09,228.67,228.92,40.248,43.148,75.14100000000001,78.896,156.97,177.08,207.88,207.91,190.15,189.01,225.16,242.56,63.906,63.896,208.48,221.54,229.82,222.34,220.91,176.66,178.91,93.54000000000001,93.613,183.98,191.63,213.27,213.19,67.892,161.96,162.15,94.607,94.48699999999999,143.48,70.71299999999999,109.92,176.34,198.36,223.07,232.24,147.73,146.75,214.25,215.18,214.2,159.09,157.98,148.54,163.39,189.16,76.961,76.381,223,223.92,222.32,222.8,222.05,222.09,222.38,222.48,222.74,221.97,226.67,222.04,184.25,184.31,57.769,57.906,78.657,78.664,78.739,72.46299999999999,71.572,199.56,167.2,167.19,188.3,188.1,152.47,196.81,196.99,197.06,178.88,179.01,149.67,144.13,143.97,144.15,157.73,157.65,338.91,339.43,143.45,145.46,53.235,136.46,146.11,153.74,154.68,153.7,177.26,177.31,143.56,170.41,230.7,142.03,142.22,142.04,144.87,145.81,146.73,145.38,145.64,139.31,160.27,163.81,159.45,159.38,160.09,270.4,270.39,147.11,683.53,146.36,147.62,55.027,33.635,33.557,33.619,345.76,325.43,326.02,203.54,203.52,203.5,144.17,143.55,208.69,208.8,208.88,350.98,205.1,205.16,61.577,61.551,154.7,275.39,275.43,217.38,217.02,185.86,185.82,61.93,88.369,88.008,0,0.26542,150.5,136.51,184.37,148.81,148.67,51.518,176.09,176.09,154.55,144.64,171.19,144.28,170.56,170.48,212.4,168.72,155.86,174.04,75.188,72.73999999999999,75.38,60.658,61.056,225.78,211.71,143.97,145.5,53.803,53.734,53.756,53.672,228.55,75.425,74.896,212.8,212.79,213.1,213.83,170.99,171.14,174.77,86.16200000000001,111.33,346.37,344.54,198.62,199.76,179.08,181,203.62,221.44,191.73,189.97,74.422,72.193,53.931,210.72,206.88,217.26,154.6,154.72,60.623,354.36,152.02,151.79,154.24,146.57,143.19,233.77,233.77,233.72,233.78,334.61,334.31,358.09,51.706,52.916,75.273,161.89,164.55,176.54,121.47,56.373,343.57,355.88,355.79,55.113,54.136,181.73,159.55,354.3,354.61,150.99,151.57,194.94,205.32,164.73,177.5,177.45,61.684,53.672,142.33,142.7,142.68,347.94,349.5,162.42,162.17,55.943,58.805,57.028,336.8,337.39,78.078,77.988,224.45,61.244,62.583,157.02,173.57,172.23,336.95,45.72,39.959,346.06,233.16,506.63,504.59,506.02,144.65,144.71,146.77,116.18,116.12,142.27,166.39,166.28,168.46,167.18,418.88,146.56,54.937,78.075,285.42,284.95,57.985,141.36,145.51,145.69,335.12,333.52,333.47,141.28,32.064,31.81,350.94,350.94,393.74,393.46,170.32,170.4,166.91,53.019,85.34699999999999,165.18,162.77,157.13,157.03,157.5,139.59,139.93,180.44,99.608,99.548,67.785
228.68,229.2,230.48,228.77,46.168,43.31,74.834,74.946,156.97,177.02,207.89,207.81,231.2,191.92,219.79,255.26,63.887,63.891,208.59,222.23,221.09,229.11,220.85,176.68,176.74,94.09699999999999,93.51000000000001,175.62,172.59,213.3,213.19,68.083,162.79,161.92,94.355,94.685,143.43,70.818,104.06,176.24,176.69,223.29,223.65,148.97,146.97,214.51,214.62,214.14,178.21,176.48,165.35,156.34,192.84,84.578,76.47199999999999,227.31,223.7,225.18,225.87,223.94,222.69,222.99,223.96,222.89,222.22,223.37,222.72,186.33,184.99,57.677,65.86499999999999,78.83,78.896,78.69799999999999,71.67400000000001,82.914,199.91,167.18,167.22,188.06,197.69,152.57,209.83,197.09,196.97,179.83,188.48,149.8,144.15,144.08,144.14,157.59,157.6,338.75,338.85,143.98,147.87,53.077,158.55,150.48,153.73,155.38,153.75,176.86,178.45,143.67,173.5,267.7,142.03,142.15,142.04,143.88,145.81,145.23,145.75,146.38,141.06,164.4,160.52,159.51,176.37,159.88,270.37,270.54,146.78,216.18,146.59,147.22,71.083,33.595,42.707,39.775,329.38,325.43,325.44,203.58,203.51,203.62,153.31,148.83,208.99,208.79,208.95,347.98,207.39,205.71,61.727,61.67,138.47,280.61,280.71,217.35,216.97,186.18,187.01,64.06999999999999,91.09099999999999,88.11199999999999,0.26542,0,144.79,142.71,184.25,148.71,148.87,51.533,178.92,176.12,161.06,144.73,158.1,143.78,180.73,172.1,212.58,168.85,159.94,175.63,73.20099999999999,72.72199999999999,75.483,60.007,60.864,227.46,210.41,144.75,143.39,53.854,54.135,53.806,53.68,228.69,74.88200000000001,74.944,212.81,213.07,212.9,212.85,170.86,170.99,171.82,96.11799999999999,87.777,344.5,344.61,199.69,200.14,179.04,180.48,203.64,257.16,190.64,189.83,73.614,71.339,71.583,216.63,220.71,215.02,154.59,154.6,68.095,345.06,151.95,152.49,151.73,144.36,145.07,233.75,238.46,233.86,233.76,336.76,334.35,366.78,51.896,51.815,77.51900000000001,162.39,164.67,176.27,141.68,56.713,343.4,355.86,355.83,54.05,59.547,165.69,162.2,354.41,357.93,151.79,151,194.83,195.32,183.64,177.47,178.1,61.809,56.769,143.14,143.3,142.45,347.99,348.04,163.51,162.11,56.434,56.149,57.231,336.84,337.09,78.14100000000001,78.069,225.8,61.268,64.29000000000001,157.7,168.07,177.47,337.01,40.074,40.006,346.09,221.02,507.8,508.44,503.22,144.11,145.94,146.94,116.24,116.79,343.98,166.89,168.2,167.36,167.79,304.45,146.44,55.075,85.28400000000001,292.87,284.73,56.268,142.1,145.62,141.94,334.01,333.52,335.57,141.25,31.464,31.577,351.15,352.87,393.47,393.73,170.32,170.47,167.76,55.227,83.97,164.76,191.89,157.19,159.36,157.19,142.27,139.53,180.44,99.49299999999999,99.633,67.63
85.53400000000001,80.89,76.98099999999999,80.443,116.76,116.07,114.49,101.88,33.014,47.239,49.167,59.192,80.654,178.89,95.015,149.31,146.51,110.39,117.36,83.251,77.49299999999999,92.776,112.6,58.437,66.456,139.65,145.11,53.461,72.117,78.56100000000001,81.33199999999999,85.672,38.647,55.965,150.01,173.59,15.477,112.74,158.21,48.014,669.5700000000001,78.98099999999999,93.553,17.417,10.06,83.69199999999999,83.41200000000001,119.56,77.38500000000001,31.33,16.964,22.963,63.847,99.303,126.67,116.41,89.313,80.134,91.711,80.568,82.566,91.444,87.523,83.90300000000001,86.38,80.958,78.98699999999999,51.119,53.455,122.32,115.82,118.49,129.35,113.1,127.58,108.21,83.654,43.634,44.995,51.007,62.333,40.214,97.67,83.373,76.224,53.287,55.712,13.89,16.103,13.658,9.5425,28.262,33.476,203.38,203.74,11.231,22.382,101.68,186.6,174.61,35.126,36.96,31.68,40.132,36.756,18.493,20.978,270.84,12.269,15.418,15.316,29.134,35.257,11.425,11.398,60.598,13.824,30.777,29.998,20.163,27.489,21.561,328.73,319.4,19.831,57.261,35.395,23.732,109.49,120.03,127.65,114.07,223.92,214.11,256.27,37.763,35.247,34.94,10.935,14.923,84.672,84.36799999999999,78.226,228.23,59.565,51.81,106.6,130.54,186.13,336.59,350.58,86.021,80.456,75.895,76.181,129.1,153.06,135.02,150.5,144.79,0,0.43687,79.883,40.891,42.386,118.8,49.074,49.813,31.701,20.21,31.432,51.24,70.86199999999999,38.895,88.294,36.023,46.517,58.398,97.39,125.56,114.67,107.29,116.75,82.483,79.946,14.309,21.053,98.468,136.04,103.04,102.4,88.357,110.18,106.19,73.858,72.75,80.431,71.715,65.086,58.543,119.85,165.98,170.3,218.46,224.43,101.99,147.58,44.888,43.944,90.964,165.61,97.976,119.46,98.7,84.39700000000001,107.72,124.36,108.85,90.041,31.998,31.161,137.83,216.59,18.852,18.873,24.031,11.456,15.869,88.21599999999999,81.90000000000001,83.29900000000001,107.87,209.6,229.22,216.8,106.74,122.03,121.67,41.518,49.294,62.171,174.08,155.06,229.29,200.72,202.39,115.89,179.37,92.229,55.638,205.86,212.08,15.551,17.551,73.223,74.19799999999999,87.414,64.06699999999999,58.096,106.02,102.91,28.307,17.769,17.865,246.32,223.24,33.295,34.93,102.21,111.77,129.86,207.53,224.88,93.38200000000001,98.758,89.58199999999999,129.33,124.67,50.95,72.622,39.324,221.07,116.2,107.48,218.42,82.434,268.14,266.91,274.99,12.785,10.835,15.781,158.35,178.74,7.9781,50.167,41.528,32.339,81.108,136.22,22.646,102.62,110.39,127.31,105.52,104.2,17.219,30.268,17.656,213.01,233.59,228.88,20.262,118.06,118.75,216.48,214.14,273.91,267.1,35.167,33.719,42.141,102.76,159.79,47.796,38.487,40.063,44.32,33.795,25.749,4.8388,84.297,162.11,163.3,84.813
82.96599999999999,74.46299999999999,75.19799999999999,80.652,109.68,122.11,94.34999999999999,101.44,27.881,52.983,50.884,63.388,120.95,42.555,100.66,128.65,119.45,107.69,83.932,96.28100000000001,84.036,81.967,76.518,59.303,58.677,137.35,152.57,46.819,86.797,79.068,122.17,98.58799999999999,34.553,409.8,146.43,135.84,49.399,119.1,178.23,48.256,52.349,103.29,79.443,11.438,21.918,82.929,90.34,81.089,25.138,40.494,42.558,57.617,26.817,111.28,113.17,102.36,85.548,78.52,86.291,78.855,80.20699999999999,107.56,111.61,151.05,89.39400000000001,83.59099999999999,92.167,68.154,77.04000000000001,110.26,113.62,106.03,128.95,114.35,103.25,103.21,75.923,47.296,35.695,44.655,44.926,40.907,116.74,76.357,77.268,59.347,50.301,19.428,9.478999999999999,11.019,10.659,33.12,33.691,200.15,202.16,10.373,10.987,103.39,179.2,194.61,33.114,37.855,33.101,44.111,37.423,12.462,17.27,171.47,12.279,14.118,16.413,27.108,32.768,12.509,26.574,14.536,8.6592,31.353,31.903,31.05,18.925,31.13,320.31,363.68,39.98,281.71,12.613,42.8,120.7,133.36,146.27,136.79,241.66,194.27,208.83,37.591,54.578,35.928,17.592,17.913,92.047,77.307,92.602,224.91,50.57,45.339,114.28,126.55,212.3,336.36,341.23,109.32,98.95399999999999,42.547,43.744,137.89,152.96,148.86,136.51,142.71,0.43687,0,56.411,38.796,42.214,112.57,65.764,52.438,53.637,30.362,29.098,10.327,33.115,35.404,77.676,51.534,35.651,48.165,126,96.038,103.42,111.61,127.8,89.59,81.788,15.882,18.55,94.236,92.22199999999999,125.43,104.51,87.04000000000001,110.13,130.19,74.03700000000001,86.733,73.34099999999999,76.43899999999999,60.109,102.99,81.852,131.89,98.437,228.14,221.17,107.75,108.14,60.842,70.24299999999999,91.91800000000001,102.85,87.023,112.68,87.684,99.295,116.32,83.55200000000001,90.88,88.417,60.094,31.159,162.56,201.67,19.911,30.207,19.107,19.48,11.696,82.98999999999999,84.33199999999999,88.75700000000001,83.56100000000001,219.51,205.58,213.9,98.938,91.84099999999999,129.29,34.49,37.169,104.29,195.45,116.21,292.28,207.93,208.28,107.53,133.91,38.87,9.1989,208.18,213.2,18.993,15.779,65.648,103.94,52.169,69.94199999999999,79.502,148.52,109.48,15.991,18.302,17.421,232.85,225.08,46.965,68.038,102.17,110.35,123.16,211.08,219.83,100.05,113.06,101.49,121.1,124.21,97.18899999999999,48.75,50.139,220.4,127.09,108.58,218.26,83.34699999999999,280.67,264.57,267.7,15.98,17.378,15.77,166.57,187.68,50.729,36.723,31.03,38.496,44.969,180.24,27.981,97.709,123.82,122.83,198.54,139.35,23.954,19.105,42.87,222.04,239.16,230.79,14.021,117.4,126.61,211.19,225.38,252.75,252.56,31.214,44.384,52.388,115.46,108.64,55.501,28.95,30.427,34.631,32.966,59.25,5.7998,49.755,177.05,156.83,101.7
73.396,62.048,62.004,63.926,145.32,148.51,153.27,153.06,28.541,59.337,38.527,33.49,38.857,67.441,60.215,110.71,152.66,157.32,63.05,44.392,46.127,50.962,49.318,29.002,22.783,185.1,185.17,52.014,42.634,36.663,36.579,146.42,30.383,32.488,187.11,185.83,51.241,155.64,169.06,33.394,33.588,46.27,47.125,59.496,59.761,39.275,54.695,37.682,56.455,60.076,57.577,95.54300000000001,58.355,168.38,175.72,46.282,46.276,50.263,45.583,45.454,45.55,46.422,46.462,45.478,45.595,54.13,45.324,6.3674,17.942,149.08,151.22,150.04,150.25,149.89,142.87,143.09,73.193,47.599,47.65,10.492,10.743,53.251,43.447,43.692,43.785,3.3771,3.4635,62.423,44.861,44.717,44.25,57.806,62.119,153.61,153.49,43.907,43.993,141.69,228.22,221.75,54.243,55.574,54.85,46.07,45.705,51.53,52.263,206.1,44.033,42.908,42.494,54.364,54.495,42.67,67.14,47.834,68.539,41.491,39.981,39.66,59.548,39.833,263.64,263.31,62.421,953.95,52.432,52.287,143.81,154.48,150.85,150.92,175.3,151.89,151.57,32.628,32.597,32.696,58.143,56.076,87.22199999999999,96.035,112.67,202.53,36.615,30.899,150.51,150.66,228.61,273.6,263.37,41.346,41.082,10.506,10.987,154.22,179.57,179.69,184.37,184.25,79.883,56.411,0,55.077,51.879,140.26,22.638,22.922,67.24299999999999,65.883,101.98,56.232,46.367,39.216,65.849,42.316,62.519,20.408,142.36,158.68,147.71,154.43,149.73,81.681,86.584,50.968,50.893,142.63,142.38,142.75,142.45,56.584,153.56,146.44,61.727,61.597,61.435,61.983,34.73,34.722,35.377,196.3,187.65,230.79,232.41,59.215,61.502,3.8736,3.8496,83.63800000000001,124.1,57.732,58.519,158.36,152.95,142.67,68.623,68.349,68.298,53.663,53.218,153.41,148.73,49.754,49.67,49.554,63.49,43.8,60.365,60.376,60.558,60.893,161,159.9,202.95,141.16,140.45,158.05,57.071,52.612,18.491,210.58,163.01,196.36,205.24,203.96,142.67,142.86,56.561,48.834,180.63,181.97,59.928,59.757,19.342,19.612,102.02,20.756,20.77,150.57,159.38,51.415,58.9,52.824,234.85,234.23,29.771,29.811,148.34,154.86,147.9,223.02,222.99,156.37,160.18,71.717,153.76,153.51,37.106,40.925,31.588,162.51,161.96,157.34,198.37,44.822,337.6,335.57,337.88,61.194,59.686,58.885,205.08,204.93,50.34,32.084,29.638,29.473,35.492,143.83,50.098,146.58,170.36,174.42,174.75,146.54,52.16,51.159,57.306,159.31,159.18,219.59,68.863,153.18,153.02,169.24,168.81,219.41,219.79,40.954,39.091,39.057,141.76,174.87,30.043,29.884,29.048,28.827,28.754,56.096,53.622,53.523,188.26,188.25,150.05
109.62,105.97,105.57,111.94,109.78,112.87,127.98,127.32,22.979,41.564,34.303,34.261,52.429,33.321,78.709,107.38,118.07,127.47,83.783,87.087,89.636,86.816,87.149,40.627,40.639,150.61,151.97,65.749,85.68000000000001,79.542,79.73099999999999,119.02,35.162,27.599,151.51,151.58,18.932,130.04,137.7,23.181,23.317,90.014,90.34099999999999,22.445,24.245,80.16,80.05500000000001,80.245,48.165,74.13200000000001,46.775,31.773,30.665,139.73,134.34,89.096,87.941,89.676,90.42100000000001,88.018,88.76300000000001,91.449,93.474,88.53100000000001,87.85899999999999,90.79600000000001,89.44499999999999,50.062,50.05,115.43,115.52,116.86,116.95,116.89,109.91,110.16,67.63,41.562,41.557,55.185,55.31,13.392,61.224,60.952,60.898,47.394,49.541,25.56,17.497,13.934,11.96,42.069,38.134,210.66,210.64,11.501,11.823,107.57,203.96,232.37,14.195,14.934,14.553,24.422,32.895,39.968,40.44,100.72,10.375,10.491,10.096,17.695,4.2389,9.935,14.854,9.7394,36.304,34.171,33.602,34.748,36.806,36.528,305.86,306.24,21.591,343.49,21.549,22.928,109.26,116.56,116.27,116.61,180.38,193.75,193.75,36.496,36.673,36.846,29.072,19.125,87.43899999999999,83.45699999999999,84.51300000000001,212.37,31.253,31.685,115.84,115.95,194.82,311.5,316.23,82.91800000000001,76.86499999999999,70.501,53.954,119.75,146.65,145.1,148.81,148.71,40.891,38.796,55.077,0,0.27779,108.72,40.888,40.226,60.547,45.648,165.95,19.364,17.794,17.783,79.548,36.51,9.6503,44.672,126.02,126.9,128.89,114.84,114.88,81.753,80.959,20.884,24.97,108.08,108.25,115.35,107.95,96.005,113.39,113.45,77.542,77.54900000000001,78.33499999999999,77.726,31.698,31.241,32.443,156.68,171.04,193.82,193.73,62.407,65.13500000000001,47.191,50.35,95.639,112.65,54.326,55.43,121.47,120.08,109.11,69.232,67.48999999999999,66.89400000000001,28.866,29.323,123.5,221.49,16.84,16.755,16.981,11.357,11.616,102.65,102.22,101.87,102.24,203.21,202.51,212.61,107.04,105.88,157.63,16.311,18.54,61.464,184.27,128.85,204.46,230.04,229.57,108.12,107.97,64.328,16.632,223.2,223.77,26.532,26.714,62.948,69.286,58.871,43.317,43.174,116.55,123.42,17.96,17.585,17.696,198.16,200.69,26.273,26.225,113.28,113.38,113.45,186.73,185.66,129.45,129.18,89.181,118.83,119.3,31.098,34.908,31.429,213.84,122.65,122.88,206.08,86.303,359.76,351.47,349.18,20.341,19.755,20.355,174.09,171.29,17.426,12.574,13.274,13.525,15.103,75.65900000000001,22.031,111.82,124.08,141.96,234.65,111.34,7.975,4.3627,4.3774,202,202.24,185,37.192,119,118.64,227.06,226.64,261.61,262.34,17.479,28.196,34.16,107.57,140.47,22.488,19.719,27.5,28.099,23.198,26.371,15.588,64.035,154.35,153.99,123.84
109.56,105.49,105.54,106.59,109.96,112.98,126.4,125.85,23.039,41.082,33.79,35.402,53.386,44.413,63.461,94.529,120.41,119.47,81.038,87.205,87.521,94.538,87.021,40.849,41.029,155.3,151.76,46.141,66.099,79.208,79.349,119.06,26.585,28.917,151.18,151.38,18.891,131.14,177.77,22.787,23.946,90.036,89.901,27.133,24.634,80.42,81.48699999999999,80.099,26.108,53.273,29.668,51.218,50.415,133.93,133.22,88.357,87.931,88.502,88.61,87.877,88.23099999999999,88.44,129.25,89.33799999999999,88.248,88.267,88.015,50.461,50.378,114.55,118.16,117.51,117.46,116.93,111.6,109.93,68.965,41.531,41.607,55.354,56.124,13.035,61.224,61.045,61.304,47.801,47.262,25.348,15.708,12.705,12.297,40.833,39.808,210.92,211.22,12.926,11.525,106.95,218.04,213,14.446,311.58,14.229,24.591,24.486,40.309,39.853,85.45099999999999,10.662,10.416,10.361,17.287,4.2786,15.004,9.752800000000001,9.671900000000001,36.745,34.437,34.293,33.744,33.61,34.64,306.02,305.98,21.636,277.98,23.367,23.616,109.22,116.4,116.49,116.62,184.07,194.33,193.94,36.692,37.121,37.062,19.026,19.251,83.529,83.402,84.004,214.72,31.364,31.49,115.85,115.83,187.49,306.11,311.32,83.098,86.069,53.908,54.553,120.78,150.15,145.5,148.67,148.87,42.386,42.214,51.879,0.27779,0,105.8,40.359,40.261,46.289,55.689,53.985,20.343,17.996,17.883,79.145,37.17,10.621,41.371,124.97,124.21,125.83,115.5,114.47,83.907,83.77200000000001,20.095,19.137,107.97,108.33,108.15,107.95,94.505,114.06,113.57,79.651,78.455,77.7,78.035,30.938,31.554,33.894,216.22,161.56,193.44,193.34,61.943,62.158,47.914,50.428,78.199,121.89,86.72799999999999,54.951,119.81,119.3,108.95,68.995,66.128,70.29300000000001,37.989,28.659,128.85,224.21,17.68,17.952,17.992,12.601,53.286,101.89,101.94,102.01,102.01,204.03,202.49,213.28,106.41,106.1,131.76,16.2,15.104,37.225,128.54,128.17,204.4,229.7,230.3,108.4,108.01,50.01,27.404,223.11,224.38,26.635,26.65,62.998,62.994,72.456,43.244,43.147,116.49,121.9,19.253,20.921,17.99,197.2,197.03,26.167,26.26,113.03,114.52,113.62,185.83,191.7,129.26,140.44,90.621,118.89,119.42,31.273,48.668,35.266,205.15,122.77,124.41,206.22,86.842,349.9,350.59,350.17,21.063,20.54,37.762,170.6,170.77,17.618,14.186,13.409,12.766,13.795,115.03,33.227,111.82,120.57,235.05,141.71,110.84,13.265,4.4141,4.518,203.39,201.6,183.27,38.559,118.24,118.13,226.66,226.86,261.98,261.61,17.852,18.022,34.312,107.47,140.61,20.662,13.074,23.293,23.592,23.682,15.711,15.76,44.874,156.44,154.09,119.5
193.03,191.89,186.78,189.26,17.816,15.703,28.841,28.633,113.96,138.17,164.32,164.64,172.06,146.96,174.38,232.65,13.384,18.646,165.62,180.53,182.12,189.74,177.92,133.86,133.73,53.757,53.755,125.87,117.23,170.27,170.29,21.764,119.28,118.98,54.212,62.622,109.09,37.686,63.05,133.7,134,179.77,182.18,106.83,105.45,171.11,171.46,171.39,141.12,125.33,137.53,164.95,213.86,37.378,36.064,182.29,182.9,180.66,180.08,181.73,179.73,182.26,181.88,179.03,179.05,179.83,180.15,141.79,141.34,17.416,18.264,35.696,37.917,40.421,28.998,28.703,157.16,126.02,124.32,149.51,145.04,109.55,156.13,154.22,154.1,136.06,137.96,106.74,101.06,103.94,101.23,122.66,122.64,295.85,296.5,100.55,100.86,9.8818,210.78,120.36,110.77,112.78,110.77,133.87,133.81,117.53,128.83,227.77,111.68,112.76,111.72,100.94,116.13,102.2,102.09,106.86,105.16,119.61,120.93,116.48,116.36,118.67,227.48,227.52,115.55,189.05,115.81,121.81,30.544,19.221,19.081,24.85,297.67,282.44,283.92,153.75,153.97,153.9,101.74,100.81,165.84,165.98,165.96,310.6,161.55,159.63,11.183,11.014,108.84,232.73,239.27,174.02,174.03,142.89,143.4,28.391,51.309,47.838,51.518,51.533,118.8,112.57,140.26,108.72,105.8,0,133.17,133.22,115.9,125.1,120.39,111.79,129.56,127.66,188.4,125.38,112.81,131.44,17.214,17.044,17.6,14.95,10.687,169.22,167.31,109.53,109.47,11.018,10.772,10.633,10.533,200.13,45.98,31.988,170.34,169.96,169.88,174.65,127.9,128.55,128.32,72.161,105.04,304.16,304.24,155.14,159.1,143.54,136.37,160.66,181.65,148.5,147.03,24.167,27.1,19.453,192.62,193.61,185.24,119.44,119.3,30.669,298.43,109.06,109.03,109.09,112.37,112.29,190.78,190.85,191.15,190.91,291.68,292.37,311.57,10.417,8.607100000000001,39.457,119.13,119.44,129.35,30.779,30.7,296.83,316.89,312.92,3.0107,3.0186,129.68,118.6,312.14,312.15,108.36,108.04,151.91,153.64,212.92,134.54,134.51,14.745,26.084,112.87,119.43,112.94,307.58,308.07,119.18,120.15,15.858,21.368,15.975,296.46,296.49,31.921,37.457,181.6,22.613,21.569,113.96,137.67,142.84,294,25.56,25.502,302.98,179,452.13,455.39,453.46,102.08,101.66,102.79,73.999,73.883,100.57,124.89,123.62,123.22,123.37,317.39,120.55,14.678,32.028,244.36,244.98,20.499,116.64,114.15,115.34,294.82,290.58,293.66,117.95,21.732,21.217,308,308.04,350.81,350.54,127.38,127.4,135.46,9.0716,42.733,121.63,119.83,116.09,114.4,114.34,97.68899999999999,96.63,137.39,56.612,56.695,22.661
78.494,79.82599999999999,78.675,81.953,137.05,143.09,147.53,147.68,47.512,47.874,49.014,46.681,58.196,52.569,51.31,75.09699999999999,146.11,145.54,49.762,73.627,62.044,59.96,60.007,9.590299999999999,9.6746,179.05,178.47,49.368,66.042,52.427,52.34,139.26,17.175,16.404,178.91,178.66,47.208,163.46,140.8,13.366,29.62,66.31699999999999,69.07299999999999,50.658,51.999,53.777,60.632,53.721,75.17700000000001,66.187,51.661,58.022,56.971,160.59,161.54,63.909,61.721,61.336,62.25,61.018,61.175,62.308,61.634,134.57,61.087,61.665,61.957,23.33,23.352,142.53,145.55,145.43,145.74,145.17,138.16,138.24,85.889,53.948,54.075,27.229,27.355,51.615,29.649,29.951,29.863,20.242,23.065,51.55,35.226,35.738,35.483,48.462,48.516,211.52,211.65,34.788,34.831,134.12,287.12,292.16,46.834,45.455,45.238,57.454,57.481,48.108,48.248,61.385,33.376,33.623,33.493,35.035,50.606,33.284,37.313,37.102,60.296,52.52,46.483,46.206,50.727,46.406,279.15,279.21,33.979,91.735,34.081,33.214,136.73,144.6,143.81,143.73,209.25,166.92,166.92,48.841,48.983,48.994,49.659,47.417,88.49299999999999,109.46,76.139,194.64,43.892,43.869,143.26,143.28,226.38,289.55,284.51,57.124,56.249,26.098,25.846,147.03,171.81,171.66,176.09,178.92,49.074,65.764,22.638,40.888,40.359,133.17,0,21.666,65.271,61.641,61.835,50.266,51.127,51.194,64.688,54.31,47.797,6.6067,156.02,158.61,193.71,142.25,142.54,67.955,68.184,48.35,48.075,136.49,135.46,135.36,135.36,67.69499999999999,141.45,141.45,46.339,46.748,46.626,46.483,20.966,21.192,22.432,196.99,239.43,223.18,223.16,31.263,30.91,20.285,20.436,68.52500000000001,126.15,45.663,65.535,140.45,139.84,135.61,64.646,63.42,63.817,43.71,43.803,154.57,244.08,47.726,47.326,47.4,34.731,34.931,75.247,75.247,78.75700000000001,75.148,176.26,175.88,197.42,133.95,133.47,164.03,47.757,48.61,7.2452,207.21,155.35,198.95,198.71,198.66,135.83,135.6,59.066,58.789,196.88,201.89,54.835,54.868,36.285,36.356,51.006,12.144,12.154,143.44,150.73,46.86,46.515,46.033,226.75,226.87,16.128,16.228,140.98,143,140.92,215.32,215.33,149.43,149.42,57.686,146.38,146.41,43.743,38.79,29.927,178.27,150.09,150.22,196.26,60.933,341.93,338.21,337.6,48.08,48.937,48.634,198.43,197.97,46.274,16.509,17.23,17.348,16.194,153.94,30.769,139.42,160.71,169.7,170.74,141.11,73.785,76.044,72.05500000000001,174.86,174.86,212.72,40.637,146.14,146.3,255.04,254.86,203.4,203.53,51.012,50.972,48.242,134.85,168.54,16.382,18.226,36.224,35.616,35.733,39.144,39.187,35.688,181.18,181.2,139.1
80.139,78.77500000000001,79.931,78.664,137.84,140.38,146.05,145.99,47.495,53.496,47.206,49.343,67.971,65.294,68.059,83.262,145.79,152.42,50.824,60.953,69.45,62.48,60.019,9.647,24.321,178.46,178.31,40.492,44.492,54.473,52.196,143.13,16.725,26.152,178.87,178.84,47.086,166.65,161.44,16.167,13.708,61.887,64.65600000000001,51.88,52.862,53.578,53.558,53.568,52.108,63.083,85.73,50.144,86.517,160.92,166.08,61.309,64.22199999999999,61.627,62.423,61.344,61.136,61.381,97.252,65.953,61.021,61.137,61.653,23.296,23.321,141.86,142.57,145.28,147.16,145.33,139.07,138.1,80.437,54.001,54.178,27.008,27.681,47.222,37.514,29.837,29.835,20.259,21.28,55.466,41.281,35.267,37.289,46.958,46.801,211.38,211.47,42.979,34.861,134.18,291.06,275.71,50.45,45.785,45.167,57.5,57.807,48.256,52.095,58.231,33.407,33.785,33.599,35.122,50.649,33.016,38.469,41.786,68.28100000000001,52.76,51.615,49.332,46.069,46.527,279.25,279,33.788,125.66,43.736,31.153,137.06,143.7,143.71,143.77,207.47,166.82,167,49.1,48.781,48.91,49.551,47.279,98.976,73.408,74.929,195.31,43.87,43.865,143.2,143.12,227.91,290.35,279.11,56.535,56.529,25.75,26.018,147.03,173.95,173.73,176.09,176.12,49.813,52.438,22.922,40.226,40.261,133.22,21.666,0,68.86,61.544,95.455,49,56.932,52.701,64.447,51.206,47.33,4.9261,161.6,153.98,159.48,142.6,142.47,69.003,68.804,47.148,48.267,135.45,135.32,135.5,135.34,67.748,141.48,141.62,48.76,46.809,46.378,46.689,21.011,21.042,21.328,176.96,172.11,224,223.02,30.985,38.122,20.279,20.389,68.35299999999999,85.401,50.622,44.794,142.82,139.79,135.61,62.773,61.284,63.341,43.865,46.212,154.86,250.39,47.373,47.289,51.726,37.482,35.12,75.417,75.28700000000001,75.185,75.13800000000001,175.79,175.63,197.76,133.66,133.35,152.46,47.981,47.374,30.89,217.34,155.58,200.33,198.59,198.7,136.09,135.76,73.96299999999999,49.442,196.4,197.92,54.976,54.885,36.173,36.754,64.221,12.064,12.349,143.63,150.31,45.855,50.145,48.31,226.62,226.75,16.165,16.205,141.07,141.42,145.3,215.47,215.52,149.8,150.42,58.549,146.43,146.31,43.616,35.861,26.824,178.35,150.22,150.12,196.8,61.393,338.27,339.25,338.23,48.315,54.513,51.735,197.88,198.27,45.878,18.635,16.705,16.041,16.814,92.733,31.441,139.75,148.14,171.48,261.47,147.23,75.006,71.41200000000001,75.90600000000001,175.58,176.83,213.19,40.762,153.4,146.79,254.83,255.03,203.38,203.39,51.537,50.832,45.969,134.54,167.52,20.594,16.178,35.767,35.928,35.835,47.825,45.002,63.517,181.57,181.35,139.29
80.857,85.212,95.181,78.077,125.41,136.94,101.77,101.61,60.297,51.643,59.364,59.521,53.526,47.485,85.126,119.41,137.82,115.44,88.32899999999999,90.485,95.93600000000001,88.327,100.5,68.76300000000001,69.161,159.51,161.79,54.984,89.925,94.77200000000001,95.11199999999999,93.16200000000001,39.624,39.269,140.93,145.01,32.193,130.17,183.91,73.884,56.131,94.371,101.64,45.204,29.915,87.289,92.851,102.52,44.086,37.53,33.053,38.958,77.86199999999999,109.75,119.84,98.346,87.64100000000001,94.839,102.44,90.498,94.66200000000001,101.81,88.91,106.13,87.506,90.709,111.6,59.905,63.277,111.89,110.21,120.99,147.64,126.7,114.76,117.49,80.68000000000001,40.752,44.179,49.693,62.888,55.238,89.982,86.07299999999999,85.36499999999999,57.89,60.944,25.317,19.198,20.832,19.132,55.388,49.353,209.92,212.89,18.921,19.493,106.07,230.56,212.33,48.443,38.363,46.219,56.356,49.328,15.084,16.5,97.202,14.552,19.642,17.333,48.88,47.885,14.596,13.891,25.606,21.604,37.606,48.438,41.926,33.074,32.993,301.79,298.43,26.254,761.74,27.039,28.691,119.18,119.15,123.73,121.22,210.93,194.49,193.71,45.312,42.388,44.406,25.26,30.535,116.36,103.36,118.98,215.35,48.92,42.992,113.51,123.98,181.98,307.37,311.66,83.44199999999999,82.29300000000001,49.5,67.298,130.51,143.19,164.67,154.55,161.06,31.701,53.637,67.24299999999999,60.547,46.289,115.9,65.271,68.86,0,6.7194,24.236,31.075,45.115,40.006,87.05500000000001,51.328,44.911,64.11199999999999,110.77,111.29,113.67,112.39,113.87,85.35899999999999,101.47,22.458,19.595,110.42,108.67,105.41,104.05,125.09,126.13,119.95,78.922,89.11799999999999,79.39400000000001,83.377,69.251,66.14400000000001,78.628,155.51,148.64,224.55,219.96,103.72,101.26,48.401,51.834,83.94799999999999,133.24,104.19,97.435,121.19,93.32599999999999,114.69,113.07,95.398,91.313,50.58,50.914,166.82,213.86,21.783,26.734,30.037,25.564,21.249,91.506,103.72,88.27500000000001,87.93000000000001,209.64,213.19,219.95,103.73,115.61,127.92,42.815,40.26,62.997,211.51,118.47,244.41,255.5,210.67,115.46,113.53,47.584,22.815,213.45,220.87,33.801,45.735,73.884,80.069,82.852,59.576,72.50700000000001,111.73,115.29,18.809,19.642,18.704,225.04,224.88,37.916,56.046,111.45,123.57,119.73,209.41,209.39,103.36,103.22,94.096,128.15,136.47,31.856,40.65,46.17,219.09,122.75,126.3,217.5,87.83799999999999,266.52,265.96,268.48,25.641,25.477,26.97,188.86,178.1,19.812,38.966,41.247,40.07,48.603,104.7,35.404,109.17,133.86,126.67,98.619,110.64,0.38698,0.40275,0.34654,211.34,211.69,213.73,25.214,128.75,127.88,226.13,237.62,261.23,266.03,39.171,44.901,56.013,113.94,132.64,41.174,46.551,37.546,30.79,30.943,17.596,18.531,57.742,161.97,151.42,93.642
82.373,82.42700000000001,85.869,84.78100000000001,127.58,136.81,101.88,103.14,38.786,48.534,55.499,55.445,49.055,53.983,89.294,148.53,114.47,126.28,85.92100000000001,89.989,94.09699999999999,89.23999999999999,87.227,73.48,66.41800000000001,149.54,156.25,73.51600000000001,110.8,91.209,86.06100000000001,95.18600000000001,44.314,51.801,137.02,139.74,29.194,121.3,181.5,55.072,63.603,100.76,100.06,38.094,33.164,98.12,85.181,82.539,59.314,60.638,28.054,60.524,36.178,134.18,109.85,94.879,101.41,97.483,105.62,110.95,92.383,87.59099999999999,99.66200000000001,96.947,102.35,97.63500000000001,92.944,61.242,66.572,114.63,110.6,114.96,129.76,122.68,119.46,116.63,80.02200000000001,44.541,40.453,48.93,60.032,39.611,93.52200000000001,91.33199999999999,85.542,57.913,68.55500000000001,29.8,20.151,19.29,19.446,58.579,52.17,210.07,215.4,27.004,21.395,102.97,186.27,190.58,40.545,39.703,38.178,48.25,45.326,15.87,15.395,92.89,14.534,15.025,15.132,38.379,44.533,16.524,21.037,17.453,22.016,34.468,32.929,33.257,34.395,67.26000000000001,306.62,297.44,27.555,291.28,37.676,39.196,116.38,116.59,113.8,115.41,221.89,203.51,189.93,39.251,39.509,73.77800000000001,33.245,29.419,104.96,105.03,103.2,217.73,43.105,44.079,118.15,120.96,166.53,314.75,298.39,82.205,85.36,50.805,47.739,132.84,163.28,145.11,144.64,144.73,20.21,30.362,65.883,45.648,55.689,125.1,61.641,61.544,6.7194,0,9.0722,25.271,39.779,39.512,83.854,46.289,49.546,81.959,108.94,110.64,107.86,115.21,113.12,87.43600000000001,106.47,27.385,24.629,106.76,104.12,106.29,105.68,96.13200000000001,133.48,118.09,87.414,79.414,80.232,79.495,65.41200000000001,73.76600000000001,75.82899999999999,131.32,152.39,224.18,217.87,99.934,106.75,60.06,49.434,85.887,136.99,95.836,105.02,103.58,93.515,116.1,89.932,90.812,93.29300000000001,50.536,54.999,127.44,209.36,24.444,34.25,21.548,13.662,14.548,92.81699999999999,94.765,87.59399999999999,90.703,207.98,212.32,234.05,111.06,107.71,122.7,43.194,49.409,54.874,184.31,139.49,310.73,264.08,234.02,114.93,123.48,43.047,34.977,220.05,213.54,31.768,35.229,73.873,72.783,45.248,64.129,60.395,115.89,114.4,17.514,20.431,18.676,220.32,225.49,49.033,37.946,116.32,118.37,111.38,208.76,208.96,103.03,103.82,91.422,135.65,125.17,34.227,43.568,44.664,221.68,122.89,118.54,212.31,96.587,265.76,266.69,266.07,24.193,25.813,25.572,193.75,192.9,35.576,43.005,83.23,38.46,49.047,111.65,35.976,120.64,133.57,120.43,110.76,114.55,0.53012,0.44578,0.44864,215,218.75,208.18,25.12,125.4,129.63,221.35,226.43,271.5,265.96,39.48,39.514,51.696,126.96,125.43,44.902,45.527,32.058,31.126,31.357,18.537,19.387,57.934,163.36,151.91,94.221
100.23,96.303,93.961,99.563,132.46,134.79,121.67,102.32,59.617,47.752,67.77500000000001,64.026,64.541,114.17,93.872,144.09,136.73,128.46,104.95,104.57,100.52,109.46,108.56,73.16200000000001,86.098,158.04,164.78,73.252,59.571,94.20099999999999,92.883,105.5,58.053,69.735,155.29,170.76,51.078,144.39,126.06,54.795,57.174,104.62,103.66,47.078,47.061,90.678,94.35899999999999,103.31,53.991,59.484,54.04,68.765,103.42,129.35,123.4,109.67,108.19,96.16,104.9,93.852,116.88,93.89400000000001,112.97,109.26,108.31,106.26,113.5,61.956,68.44799999999999,129.19,108,125.44,146.82,138.81,128.43,110.87,83.184,52.025,50.754,62.14,64.89700000000001,59.226,112.61,90.393,97.767,73.256,67.13200000000001,27.942,38.214,35.599,30.853,61.224,92.011,229.02,228.81,45.908,18.995,117.41,174.27,196.77,65.26900000000001,62.217,45.95,70.583,52.112,40.972,29.837,179.96,27.008,28.435,32.955,48.69,56.009,19.217,34.766,46.203,38.668,67.218,46.499,72.285,54.068,40.926,315.86,320.08,49.679,61.182,31.007,49.176,142.71,133.59,116.53,128.11,217.94,208.63,194.76,50.345,62.392,45.878,25.331,51.731,122.32,115.84,128.39,235.37,65.869,59.146,124.19,120.36,214.22,320.98,312.04,93.92,101.2,64.566,82.962,137.38,174.38,148.26,171.19,158.1,31.432,29.098,101.98,165.95,53.985,120.39,61.835,95.455,24.236,9.0722,0,38.256,56.991,60.993,95.101,75.309,63.808,79.937,117.7,116.07,121.25,124.48,194.76,103.29,105.81,38.854,49.222,121.89,114.65,113.82,113.74,100.33,124.24,144.3,101.51,85.729,86.687,97.51900000000001,79.398,85.979,84.035,165.83,186.69,235.01,223.16,116.57,120.17,68.236,53.514,104.82,120.49,101.49,99.10599999999999,97.901,108.34,121.34,108.09,120.18,105.26,58.489,67.56399999999999,129.97,218.21,35.291,33.378,22.186,26.692,38.289,105.09,99.48699999999999,107.01,96.45699999999999,224.85,217.88,219.81,102.68,132.56,136.53,59.969,54.496,74.21899999999999,243.98,154.64,324.7,240.86,224.24,125.53,113.67,46.475,41.431,213.79,224.06,41.898,48.761,73.28100000000001,80.13200000000001,78.54600000000001,70.188,75.02200000000001,125.91,136.41,38.475,34.523,48.625,235.31,234.21,64.113,58.121,125.97,122.9,141.65,223.94,225.96,115.25,117.47,107.43,149.96,133.98,46.445,62.427,66.852,230.48,134.91,130.19,236.43,94.53400000000001,273.22,283.93,283.49,37.599,44.336,36.816,178.46,193.28,39.595,57.342,47.513,53.18,56.295,225.49,43.652,122.87,157.51,106.74,114.52,116.66,7.1272,19.945,25.682,227.09,220.72,224.15,38.734,135.06,141.45,235.68,226.5,263.43,272.59,51.319,39.478,54.408,130.91,145.66,38.51,46.6,55.493,59.558,46.854,31.769,18.943,75.843,167.04,172.85,102.21
113.35,112.33,112.53,114.61,104.98,107.87,106.89,110.52,26.673,46.152,42.209,36.177,107.22,70.289,79.39400000000001,131.2,116.78,115.95,88.828,94.059,104.35,96.621,95.271,49.116,48.2,140.71,139.69,60.291,40.073,89.496,86.846,99.901,33.99,35.338,146.51,148.1,10.702,116.78,147.01,43.549,43.596,95.88800000000001,95.767,4.5677,4.6878,87.093,94.79000000000001,87.158,27.699,15.426,17.905,16.351,14.362,130.81,128.33,95.999,97.182,96.584,97.84399999999999,95.913,96.261,96.182,96.488,96.119,95.81,95.502,95.054,57.174,57.138,110.71,110.02,110.35,108.98,109.3,103.49,101.71,71.486,44.145,45.113,62.335,62.327,23.99,68.78,68.33499999999999,68.413,54.322,64.654,7.4858,14.348,14.968,14.44,33.014,31.996,212.78,214.31,14.054,15.67,108.02,179.62,196.99,24.206,30.258,24.605,47.311,48.158,17.186,16.324,214.13,13.106,13.684,14.583,8.9391,27.764,14.385,12.029,13.654,11.363,36.92,36.365,39.956,37.345,37.436,313.69,318.8,13.959,943.1,13.356,15.188,106.6,112.46,111.28,111.68,203.09,200.6,200.76,40.545,39.903,39.858,1.9164,2.3102,91.408,103.01,91.517,210.02,35.76,36.576,114.08,115.7,205.42,318.89,319.22,119.5,91.358,61.965,61.08,114.51,136.39,138.35,144.28,143.78,51.24,10.327,56.232,19.364,20.343,111.79,50.266,49,31.075,25.271,38.256,0,40.947,40.972,86.233,39.248,26.236,49.571,96.333,96.084,99.27800000000001,115.91,115.22,75.82899999999999,82.379,10.394,11.72,106.33,105.58,104.9,105.19,102.12,105.06,105.05,85.53100000000001,84.90900000000001,84.845,85.373,38.289,38.457,38.649,118.25,201.26,194.39,195.16,69.29900000000001,69.328,54.262,63.804,85.871,154.36,117.79,69.572,101.37,100.65,115.79,86.32899999999999,82.78400000000001,83.81,21.39,21.597,137.36,207.92,22.081,21.387,26.485,13.511,15.328,109.41,108.98,109.43,109.16,209.94,210.06,210.49,103.18,103.13,155.12,29.809,38.991,45.924,126.47,123.03,218.09,227.59,228.3,114.2,114.45,8.2317,19.734,230.28,230.81,20.478,19.715,70.855,70.069,77.926,57.869,51.435,113.48,119.15,10.604,16.685,11.172,198.08,198.76,33.767,33.424,110.35,108.52,109.97,187.3,186.96,110.94,109.93,96.51600000000001,114.2,115.11,34.625,36.528,44.905,212.94,118.32,119.13,213.67,94.95699999999999,363.22,362.93,362.67,62.253,4.4374,1.9803,167.48,166.17,9.4398,33.963,33.935,33.58,33.676,247.72,19.823,107.03,137.03,133.36,134.53,107.33,21.858,19.658,29.499,209.16,209.58,183.69,1.802,114.49,113.82,219.85,219.56,242.71,242.03,42.671,40.947,35.324,104.64,136.1,38.527,35.913,25.528,26.104,25.691,7.3203,6.8434,52.794,149.99,148.74,100.69
74.562,74.739,75.129,76.842,134.17,134.69,147.78,149.38,23.308,22.346,56.912,56.859,48.376,61.313,57.511,110.24,139.95,141.17,84.069,72.64700000000001,69.854,74.996,71.11199999999999,53.195,51.792,173.57,173.67,58.028,40.947,62.265,62.37,385.19,8.2501,7.2399,173.16,173.1,43.245,138.96,221.59,17.329,20.074,71.553,71.66200000000001,45.14,44.2,63.005,64.765,63.033,68.111,59.969,48.673,122.31,54.572,155.04,155.77,75.765,73.117,74.678,73.804,70.63500000000001,71.423,72.47499999999999,73.983,96.148,71.836,73.069,71.249,36.306,35.772,139.11,141.41,138.71,139.19,139.16,132.52,132.47,66.73699999999999,42.084,42.009,40.423,41.419,20.153,61.519,58.458,58.121,37.274,43.504,46.88,30.772,30.632,30.956,48.777,50.903,201.98,203.83,30.364,31.727,128.43,208.44,243.28,15.41,30.916,15.697,9.3001,11.257,33.312,33.185,146.9,32.369,29.773,29.608,35.934,51.213,26.035,25.153,26.732,29.094,36.945,35.391,34.631,34.143,36.374,301.11,300.66,38.704,90.958,37.428,42.061,131.31,138.09,139.26,141.15,178.68,195.68,201.85,52.769,59.207,53.139,41.24,41.179,83.074,127.07,79.309,247.4,54.415,58.715,140.65,137.97,191.07,305.88,307.24,66.511,66.626,48.045,47.606,142.68,167.78,172.12,170.56,180.73,70.86199999999999,33.115,46.367,17.794,17.996,129.56,51.127,56.932,45.115,39.779,56.991,40.947,0,0.22191,129.71,31.201,33.876,48.833,124.43,124.64,125.81,138.47,136.06,58.802,58.899,40.313,206.39,130.45,129.68,129.84,132.18,77.961,134.99,135.09,60.793,61.005,60.683,61.977,11.976,13.582,12.258,207.19,205.24,226.56,215.71,59.698,60.473,37.387,40.275,102.29,97.64700000000001,53.889,52.543,142.96,141.28,130.37,60.478,60.758,58.521,38.208,40.327,145.89,237.91,32.679,33.441,37.651,33.104,42.798,96.67100000000001,99.631,96.684,98.46899999999999,205.59,205.07,243.28,128.04,129.43,160.29,14.891,14.756,47.682,287.19,150.03,221.81,242.16,241.42,130.19,130.98,43.882,38.48,226.75,228.4,48.315,39.721,58.398,61.821,46.846,24.695,25.335,138.3,145.5,40.314,47.996,45.918,218.69,218.87,7.3736,7.1498,135.2,136.27,135.69,208.08,208.61,151.54,152.77,71.94499999999999,142.78,142.98,32.756,22.387,24.333,208.86,147.04,145.67,217.25,69.267,453.94,454.74,456.4,41.436,36.122,35.811,193.19,192.84,41.638,23.025,22.307,22.555,22.374,314.13,43.874,135.72,152.79,163.94,257.44,133.01,28.329,26.532,26.27,204.49,203.64,204.79,59.341,140.42,148.78,249.53,250.06,256.58,258.03,2.8195,3.0694,32.771,128.95,164.61,6.7772,7.8332,26.356,23.434,25.018,36.376,33.849,49.258,175.68,175.54,142.24
79.758,74.7,74.39700000000001,77.834,136.36,134.81,147.71,147.57,23.694,20.849,58.914,56.819,44.353,38.788,56.877,90.47499999999999,139.97,139.95,68.301,69.797,74.33199999999999,72.15300000000001,69.61,51.878,56.179,173.51,172.27,70.637,39.873,61.972,61.834,140.99,7.0481,6.7386,173.02,173.31,40.719,137.5,177.82,17.167,17.166,71.497,71.55800000000001,44.093,44.213,63.519,63.847,62.943,70.527,100.97,75.11199999999999,56.71,113,155,154.96,71.709,73.66,71.78400000000001,76.053,70.896,71.07899999999999,71.369,72.64400000000001,71.21899999999999,71.631,70.732,73.786,35.574,36.541,136.81,138.72,138.61,138.87,138.7,133.76,131.77,63.888,42.619,42.067,41.676,39.347,27.24,57.803,58.986,57.901,37.293,37.303,49.893,30.893,30.96,30.618,47.222,47.849,202.07,202.1,30.166,31.278,128.75,217.62,213.2,15.543,15.493,14.904,9.223000000000001,10.044,31.699,31.918,125.37,29.205,29.277,28.828,35.792,49.402,25.615,25.882,24.964,28.822,200.87,34.734,34.583,34.234,37.86,301.92,300.66,46.242,563.85,41.439,40.919,131.04,138.28,138.08,138.14,177.44,196.61,195.9,52.908,52.716,53.272,40.807,41.419,81.125,80.163,115.49,242.34,54.214,54.283,137.63,137.65,234.47,306.44,305.88,65.866,68.637,47.421,47.495,141.6,167.11,166.97,170.48,172.1,38.895,35.404,39.216,17.783,17.883,127.66,51.194,52.701,40.006,39.512,60.993,40.972,0.22191,0,124.42,31.16,34.16,48.804,125.5,124.5,125.05,136.26,138.31,59.356,58.796,40.398,53.865,129.84,129.69,129.76,130.15,77.875,134.93,135.44,62.177,60.962,60.933,61.931,11.578,12.802,12.524,180.12,187.49,218.64,215.29,58.872,58.944,38.371,38.499,78.73099999999999,105.64,92.45999999999999,50.108,146.54,142.47,129.86,58.778,57.932,58.623,37.894,37.861,140.86,239.41,32.647,33.06,32.167,33.386,33.208,96.68300000000001,96.75700000000001,97.051,97.61,205.41,206.16,243.95,127.71,127.84,200.82,16.768,16.859,56.415,149.71,149.95,220.38,241.11,243.96,131.14,130.02,38.204,38.221,225.6,229.79,36.124,35.91,58.48,58.982,64.35899999999999,24.702,24.832,138.35,147.13,40.534,43.2,39.693,219.47,219.71,7.113,7.2191,135.46,137.02,135.71,207.46,208,150.98,150.89,72.76900000000001,140.85,140.64,31.732,32.385,6.3832,207.24,144.69,145.23,217.58,79.395,453.79,456.82,454.72,38.49,36.448,37.211,192.2,192.29,39.132,22.718,22.784,22.161,29.383,259.62,42.228,133.58,144.84,163.66,163.58,134.52,26.463,26.559,26.8,203.93,205.74,205.36,60.453,140.49,140.16,248.33,249.23,256.68,256.42,2.8895,3.1604,32.45,128.92,161.93,8.2913,6.8356,22.658,22.586,22.716,34.08,33.713,81.265,175.61,175.53,141.23
12.83,14.334,22.578,13.243,204.11,209.97,153.08,160.38,85.46599999999999,80.76000000000001,108.32,107.87,151.83,294.17,7.7004,56.295,193.28,193.07,46.221,8.1523,6.899,6.1564,6.1337,75.929,70.52200000000001,245.82,232.63,109.41,109.64,13.876,13.893,174.39,56.818,86.40300000000001,226.1,225.09,85.959,186.75,180.88,64.29600000000001,78.002,6.9668,8.809100000000001,87.29600000000001,86.21299999999999,15.502,15.129,15.228,133.52,121.74,131.98,106.97,99.248,194.13,202.61,52.953,8.5617,14.914,14.696,9.329599999999999,11.468,17.174,9.0091,39.527,8.323499999999999,7.7461,6.917,51.984,52.179,197.21,196.83,193.67,189.42,316.07,180.38,187,113.18,78.752,81.625,59.854,54.414,75.44499999999999,40.597,42.011,40.945,54.406,60.884,88.425,81.922,84.489,77.381,80.67700000000001,81.845,129.08,139.36,90.783,76.878,193.41,267.62,245.88,71.809,73.295,67.46599999999999,133.81,129.47,81.29300000000001,78.214,30.448,79.67,81.946,79.416,95.84399999999999,69.497,82.32599999999999,90.36199999999999,77.76300000000001,80.26000000000001,103.06,103.3,96.893,93.10299999999999,89.964,222.75,257.45,90.833,115.36,92.559,83.745,182.76,187.98,182.24,186.52,136.12,122.79,129.24,101.46,103.54,99.611,82.47,76.98,26.33,28.631,23.651,136.24,102.06,101.43,191.32,242.65,245.54,218.3,241.6,12.861,25.957,46,53.637,194.22,232.79,227.47,212.4,212.58,88.294,77.676,65.849,79.548,79.145,188.4,64.688,64.447,87.05500000000001,83.854,95.101,86.233,129.71,124.42,0,73.123,85.621,71.65300000000001,164.03,169.14,163.65,191.45,191.04,8.316700000000001,5.9901,180.19,73.92,181.54,183.33,197.81,188.11,35.086,193.29,194.61,20.15,20.623,19.743,20.741,70.83799999999999,70.678,71.04900000000001,222.33,189.49,218.15,218.02,23.542,23.121,42.033,41.969,24.376,62.324,55.524,57.884,156.56,148.17,196.71,8.743,6.2542,375.84,79.624,78.943,215.52,127.8,92.092,92.70999999999999,92.476,81.22199999999999,78.407,29.886,30.719,29.823,40.096,160.94,141.29,138.36,197.85,192.13,208.87,71.925,72.163,67.288,258.66,191.92,206.45,159.18,140.74,191.71,191.04,133.49,89.54600000000001,132.99,132.99,83.04900000000001,77.94199999999999,64.735,64.669,99.699,64.90900000000001,64.629,188.67,193.78,86.922,84.298,84.35599999999999,223.16,223.44,63.027,63.2,195.51,195.8,199.29,210.39,210.52,156.22,156.69,39.788,348.15,193.1,82.377,84.36799999999999,59.137,142.65,190.69,185.69,152.4,5.3144,190.57,187.17,194.43,86.23999999999999,86.785,85.50700000000001,253.33,394.59,83.25700000000001,61.33,69.19799999999999,55.764,57.986,45.399,82.256,186.72,199.7,141.69,146.11,185.81,68.702,71.742,69.167,176.42,164.73,207.01,98.702,197.47,198.42,149.76,147.2,177.94,173.1,122.65,122.6,95.167,182.74,203.29,57.412,66.291,91.52,93.346,92.80200000000001,82.59,84.372,57.452,230.64,220.34,147.59
98.134,97.67100000000001,100.89,98.048,130.95,133.06,147,146.31,21.338,55.867,26.466,26.503,26.433,32.252,65.039,134.59,138.7,138.15,89.81399999999999,79.673,83.532,91.777,78.893,56.312,49.676,170.49,171.39,77.279,65.569,75.27,72.083,149.18,35.692,34.589,171.61,171.67,38.967,140.95,140.69,44.969,45.751,83.908,81.148,46.315,42.155,73.76300000000001,73.63,73.477,51.522,60.548,132.73,93.495,104.33,152.76,153.35,83.866,86.916,81.676,81.456,82.383,81.71899999999999,84.363,84.684,81.825,80.657,80.65300000000001,81.337,47.904,42.61,134.72,134.89,137.01,137.24,137.03,135.85,130.62,60.589,35.004,34.275,46.539,46.432,40.632,69.499,69.907,70.455,39.638,39.929,47.529,31.795,31.753,32.501,65.053,59.287,217.36,216.64,31.524,31.891,126.5,191.42,193.23,42.118,42.459,41.73,37.925,37.357,88.92100000000001,88.949,139.82,29.84,30.035,29.488,37.525,36.618,29.113,30.062,28.979,37.762,29.954,26.572,31.68,25.789,31.349,298.52,298.98,41.727,320.86,54.572,42.655,129.33,136.39,136.17,142.06,185.8,186.88,186.68,28.637,28.678,28.737,39.179,38.6,139.39,167.24,135.33,219.79,24.013,23.948,135.47,135.84,207.45,303.96,298.87,76.02,75.55,45.117,45.049,139.95,165.37,166.33,168.72,168.85,36.023,51.534,42.316,36.51,37.17,125.38,54.31,51.206,51.328,46.289,75.309,39.248,31.201,31.16,73.123,0,46.064,46.981,122.58,121.63,128.57,134.85,133.87,100.33,100.55,38.339,39.105,127.82,127.73,128.05,127.51,87.54600000000001,132.57,132.97,86.324,86.667,90.26000000000001,86.61199999999999,40.169,40.49,42.193,181.77,202.44,214.13,213.58,71.82599999999999,71.202,40.04,41.413,103.99,138.81,78.377,64.92700000000001,140.54,139.39,128.26,69.26300000000001,69.83799999999999,77.298,48.252,48.151,139.7,246.14,35.971,36.566,36.735,31.193,30.511,98.446,95.316,94.702,95.307,195.73,195.16,218.07,127.65,125.53,150.77,47.816,33.763,48.849,196.13,148.79,218.45,229.78,229.02,127.73,127.82,36.265,36.011,216.34,216.9,46.171,46.321,55.602,61.615,48.225,51.746,51.959,135.65,142.84,37.267,42.076,37.355,216.9,230.33,35.465,34.829,133.19,172.79,136.87,205.61,205.51,148.83,148.86,95.744,138.92,137.92,23.603,36.352,34.741,197.82,142.48,142.79,215.44,80.121,358.19,357.21,360.85,39.153,50.257,39.879,190.09,190.32,36.87,35.008,36.069,35.034,34.994,225.44,42.83,131.67,151.06,161.68,163.71,130.84,26.089,31.28,26.832,194.54,196.02,202.99,37.591,138.43,140.11,246.45,246.74,255.04,254.59,30.839,31.071,25.942,127.65,163.27,37.52,35.617,16.027,15.509,15.195,36.069,34.931,95.155,176.94,173.73,142.87
116.15,112.31,112.22,112.91,118.07,120.03,133.61,133.32,30.11,48.223,40.851,40.97,55.982,49.263,68.651,75.252,125.34,125.62,88.012,94.572,100.82,93.852,94.81,47.884,56.984,157.36,158.29,58.81,45.711,86.348,86.961,126.49,33.624,32.979,165.82,159.69,29.661,138.76,147.41,27.199,27.102,95.80800000000001,96.13800000000001,29.401,29.641,87.149,89.928,87.35599999999999,69.581,107.66,80.376,33.737,40.436,141.75,158.81,98.937,96.81999999999999,95.82899999999999,95.902,95.155,95.705,95.899,96.679,95.532,94.892,95.657,96.96899999999999,57.941,57.131,122.66,125.23,124.38,126.64,124.8,118.3,117.32,74.896,48.56,48.661,61.06,60.963,30.785,68.19499999999999,69.065,68.044,55.142,66.003,32.142,29.23,25.671,19.188,49.7,45.464,218.12,217.76,19.193,24.632,116.85,213.88,190.59,20.592,38.341,19.942,44.137,40.161,50.16,37.502,129.84,17.902,17.495,17.288,24.415,28.953,16.699,17.117,20.299,33.829,57.734,41.505,40.788,47.921,41.168,313.36,313.27,32.407,87.78400000000001,28.697,29.319,116.38,123.6,123.51,128.62,168.74,200.6,200.84,43.914,43.639,43.576,26.317,35.23,91.499,92.834,90.986,230.65,38.567,38.57,124.07,122.94,189.31,319.45,323.45,91.482,107,60.477,61.248,126.89,156.64,152.69,155.86,159.94,46.517,35.651,62.519,9.6503,10.621,112.81,47.797,47.33,44.911,49.546,63.808,26.236,33.876,34.16,85.621,46.064,0,47.131,126.53,124.17,122.42,122.3,121.7,88.304,88.116,25.662,26.415,115.11,115.87,115,115.03,101.58,120.52,123.08,85.718,87.858,84.836,85.08,38.21,38.425,38.335,169.57,170.71,200.61,204.06,69.13500000000001,69.181,54.277,54.768,87.476,144.85,65.245,78.556,138.04,128.57,173.17,65.777,65.563,61.629,35.706,36.018,131.31,222.8,24.326,24.122,23.95,18.301,19.346,109.3,109.37,108.94,112.37,210.57,210.89,229.19,113.32,113.35,141.39,19.324,37.717,43.569,136.44,135.06,218.54,238.09,236.91,115.44,115.63,23.641,23.511,218.32,220.28,40.402,36.187,70.88800000000001,70.158,57.328,50.767,50.392,123.04,130.17,24.775,25.654,25.535,204.14,204.58,44.793,33.277,121.15,122.37,122.54,192.71,194.86,136.61,136.72,100.97,128.27,125.83,38.49,40.201,41.891,212.66,130.07,130.4,213.86,93.48999999999999,350.93,354.75,352.67,29.308,28.443,27.262,178.55,177.87,31.149,17.156,17.35,17.001,29.283,205.3,29.679,118.85,145.88,242.08,244.18,117.92,26.041,11.675,11.814,209.08,208.77,191.28,43.56,125.97,125.98,233.74,233.83,268.93,268.88,38.256,33.957,40.071,114.39,147.98,25.115,25.288,31.76,30.498,30.451,22.215,25.629,70.124,161.29,160.73,126.68
76.449,85.752,77.19199999999999,83.675,137.21,139.19,143.59,145.25,50.39,47.194,44.234,44.004,54.002,74.52500000000001,54.053,100.87,146.31,145.18,48.403,58.027,61.64,61.956,58.825,7.8604,14.884,173.3,178.45,33.365,28.211,44.748,51.977,137.48,14.032,23.626,176.77,178.4,47.529,164.01,177.13,11.546,12.486,60.799,65.40600000000001,49.555,52.121,51.525,51.67,52.094,59.03,68.255,59.628,67.77500000000001,122.95,169.64,158.57,66.536,59.667,60.925,63.835,59.804,59.41,60.44,84.468,59.36,63.419,59.788,60.584,22.017,21.771,140.18,141.12,142.79,145.11,143.53,164.43,137.1,83.992,52.637,53.334,33.341,25.415,42.936,30.036,27.754,28.221,17.997,18.336,49.442,43.682,33.99,34.523,48.091,47.303,209.36,210.97,35.152,44.833,133.2,359.64,228.62,48.246,51.798,43.22,63.387,58.474,49.555,47.384,265.3,32.278,31.407,32.029,32.826,54.376,37.148,30.93,37.026,60.158,48.645,409.2,47.245,45.693,46.544,278.17,277.11,32.72,828.61,37.068,28.944,134.98,507.74,141.69,141.7,197.55,164.58,164.78,47.167,47.105,47.766,45.413,45.106,72.197,81.848,71.379,192.56,41.597,49.501,142.1,142.06,205.25,282.56,288.45,54.212,54.098,23.674,23.601,146.46,258.94,171.09,174.04,175.63,58.398,48.165,20.408,44.672,41.371,131.44,6.6067,4.9261,64.11199999999999,81.959,79.937,49.571,48.833,48.804,71.65300000000001,46.981,47.131,0,152.71,151.29,151.02,141.39,143.09,67.86199999999999,67.102,48.25,51.628,133.76,125.54,134.95,133.2,67.149,139.15,141.93,44.976,44.304,44.567,44.773,19.01,18.643,22.968,171.18,207.26,221.82,221.29,32.405,28.721,18.211,19.917,67.348,107.89,49.929,43.23,142.33,138.07,134.67,70.52200000000001,63.305,62.746,42.321,42.002,154.56,253.86,46.689,47.051,45.516,33.435,32.921,74.301,74.678,73.56699999999999,74.417,173.66,174.23,195.03,139.41,132.12,146.34,46.742,46.466,36.349,301.66,153.14,198.01,186.99,187.76,133.46,134.02,42.777,42.601,194.7,194.68,54.866,53.064,35.915,34.979,85.499,10.717,11.924,142.92,155.8,44.545,44.866,44.638,224.22,224.81,16.944,13.993,138.94,139.11,138.98,213.04,213.67,148.2,147.18,58.664,146.39,145.5,41.515,14.426,27.376,177.2,148.7,148.07,193.79,62.826,337.16,337.33,336.35,46.978,46.073,49.14,199.47,196.27,44.154,13.993,14.829,17.884,216.83,83.667,29.073,139.56,140.84,261.43,259.51,136.73,59.951,60.041,57.226,178.69,174.27,210.78,41.297,145.66,145.07,254.23,253.23,202.36,201.91,49.478,48.984,46.202,132.24,165.49,15.387,17.37,33.931,33.69,39.298,37.642,38.884,33.267,179.25,179.2,138.58
170.67,172.7,163.82,160.28,23.482,27.346,27.397,324.41,113.13,125.89,129.47,129.37,168.22,171.08,164.7,179.78,21.944,21.709,175.62,170.49,173.05,170.95,167.16,142.13,147.45,64.173,64.98399999999999,155.01,124.84,178.59,176.73,21.246,114.37,115.95,49.79,50.27,92.861,27.179,118.64,147.31,145.48,170.64,169.85,104.45,92.7,178.69,216.59,179.04,110.23,201.26,149.04,207.88,115.71,40.455,45.255,169.95,168.18,174.73,168.51,168.57,168.29,169.17,176.66,169.58,168.11,169.1,169.39,148.41,147,13.317,13.732,45.469,45.293,45.107,38.658,38.403,166.74,131.08,124.88,133.48,133.32,121.41,182.01,179.56,181.31,136.19,129.51,106.77,101.66,102.92,101.72,106.86,107.98,333.92,311.69,92.944,93.393,34.088,83.479,91.974,120.7,253.62,120.96,131.07,131.2,100.16,101.31,185.16,100.2,99.351,101.01,116.03,113.43,97.398,96.81999999999999,98.93600000000001,100.19,110.26,106.65,108.91,108.43,108.96,330.73,381.58,100.85,411.48,99.283,106.62,9.6922,23.516,14.216,34.354,289.76,265.73,267.76,128.57,166.43,128.54,96.735,96.265,173.25,177.83,174.66,289.73,132.84,131.17,21.173,19.865,76.078,339.59,339,194.13,178.53,131.86,320.83,20.743,59.43,57.893,75.188,73.20099999999999,97.39,126,142.36,126.02,124.97,17.214,156.02,161.6,110.77,108.94,117.7,96.333,124.43,125.5,164.03,122.58,126.53,152.71,0,0.55799,1.0237,20.469,18.991,163.49,163.69,143.19,98.755,22.823,23.17,23.768,23.749,194.79,37.071,46.938,166.09,202.68,166.81,169.6,140.18,142.32,223.66,25.691,100.3,289.31,279.22,158.94,164.34,119.44,126.32,171.41,212.01,165.08,169.32,23.463,21.073,19.501,242.06,172.48,165.04,126.92,126.34,30.475,307.71,106,105.55,108.53,104.07,100.42,167.23,175.99,176.14,177.22,293.76,295.17,302.19,21.828,21.281,48.836,126.33,123.09,129.77,139.82,29.922,313.22,284.16,283.93,19.435,19.634,106.23,105.22,287.76,287.5,96.134,95.17100000000001,156.4,152.11,145.43,178.4,178.26,17.571,1420.2,97.563,105.58,98.80800000000001,282.54,293.68,115.62,114.74,15.252,15.015,14.545,263.99,264.37,30.687,35.99,177.72,18.511,18.287,116.44,124.5,134.28,287.97,32.494,32.64,306.24,166.66,349.01,351.53,350.8,95.69799999999999,96.377,96.09099999999999,107.36,106.92,92.992,116.8,115.75,115.87,117.83,202.82,115.86,20.056,31.827,173.95,171.68,26.029,105.32,107.18,102.93,289.49,298.4,269.07,98.17400000000001,22.039,22.742,307.85,306.47,321.42,322.54,124.41,125.51,124.35,5.433,44.497,113.79,115.78,168.98,115.5,115.53,93.351,87.673,143.18,58.39,57.543,20.484
165.27,163.35,163.25,161.98,23.525,26.104,27.502,27.245,112.41,126.82,131.96,130.47,128.89,156.66,162.35,194.45,21.858,21.771,176.56,168.32,167.39,168.35,167.02,138.92,148.97,64.336,62.183,137.76,113.97,176.79,177.15,21.398,114.97,114.96,50.138,49.723,91.89400000000001,25.936,93.21299999999999,154.19,150.27,170.15,173.32,93.938,101.25,178.8,178.36,178.23,107.68,131.56,110.49,164.76,144.51,40.361,40.92,168.92,168.95,182.23,168.86,169.73,169.14,168.82,169.18,173.21,167.9,168.95,170.24,156.74,148.94,12.206,15.343,44.877,45.094,45.18,37.84,38.446,162.84,121.2,121.42,133.42,136.87,122.53,179.48,180.44,179.61,136.55,135.45,105.32,102.4,102.15,92.41500000000001,107.02,106.65,307.19,301.38,92.724,92.667,37.878,102.8,93.533,119.23,122.03,121.69,130.93,148.31,101.33,100.04,219.47,98.452,104.5,100.31,111.75,115.03,94.88800000000001,103.5,93.81699999999999,100.65,124.63,108.94,109.17,106.6,105.57,331.05,393.8,100.41,157.26,100.91,122.56,9.5632,14.347,14.162,23.48,286.26,258.19,279.26,127.49,128.39,133.13,104.69,101.99,170.79,171.44,178.58,290.31,131.07,130.04,19.907,19.942,114.47,340.35,338.79,176.89,176.2,131.82,131.8,19.224,58.936,57.273,72.73999999999999,72.72199999999999,125.56,96.038,158.68,126.9,124.21,17.044,158.61,153.98,111.29,110.64,116.07,96.084,124.64,124.5,169.14,121.63,124.17,151.29,0.55799,0,1.4797,18.357,18.625,162.69,162.45,108.6,101.51,22.837,22.671,22.647,23.369,193.67,36.881,37.514,166.16,166.37,166.11,166.22,144.6,141.9,146.71,36.453,76.22799999999999,279.79,279.18,157.63,157.63,118.72,118.39,168.17,212.59,166.46,164.8,22.486,22.197,19.934,180.1,165.82,177.63,128.72,125.72,31.383,302.35,106.42,106.1,105.05,101.59,102.13,179.98,175.51,166.48,175.15,294.61,300.01,292.21,24.409,24.103,43.967,125.63,122.75,135.12,123.6,29.795,393.19,284.84,284.07,21.214,19.552,128.29,136.93,287.87,287.72,96.178,95.23,154.25,149.91,136.03,178.15,178.16,17.422,24.679,97.304,104.93,97.935,274.13,283.31,114.04,115.36,14.642,14.496,14.524,262.66,272.04,30.387,30.956,175.71,18.414,18.628,113.44,111.94,126.37,292.63,32.484,32.68,302.37,167.24,349.95,350.38,354.89,95.699,97.083,96.059,107.52,107.8,93.77800000000001,117.73,115.55,114.97,114.47,210.82,108.15,19.122,37.564,164.14,172.12,26.19,101.3,101.11,103.66,289.81,298.5,261.49,97.029,22.18,22.259,307.18,319.78,325.45,321.38,125.3,162.81,120.57,4.0899,44.591,112.62,111.74,117.71,115.2,116.63,91.157,88.871,139.33,57.671,57.677,21.367
168.47,161.78,159.14,165.61,28.753,26.929,27.494,27.649,112.02,130.62,131.16,130,583.7,139.28,174.27,166.11,21.796,22.96,175.6,168.2,169.77,176.66,166.99,140.66,139.36,66.90000000000001,62.994,129.24,160.11,178.02,176.96,25.947,115.53,116.3,51.271,50.937,93.458,26.947,106.52,157.73,161.72,170.07,172.77,105.08,92.09699999999999,178.65,178.8,179.12,138.6,110.94,159.06,125.23,115.89,41.006,41.448,175.79,168.88,170.37,168.64,168.23,168.97,170.11,169.03,189.07,168.07,169.86,168.95,139.21,139.35,13.031,13.387,46.544,44.862,44.706,37.744,39.892,166.1,124.15,119.97,135.38,135.12,120.4,184,181.81,180,131.74,136.95,106.62,91.438,91.818,91.68000000000001,108.26,108.5,312.17,313.84,102.99,103.04,35.058,100.96,75.521,120.32,125.3,119.78,132.22,131.87,102.42,105.01,187.67,98.852,102.57,103.56,111.15,116.29,94.152,93.508,98.68899999999999,99.134,355.06,110.54,106.71,108.15,109.85,359.56,331.24,99.571,133.81,100.78,110.27,11.74,24.47,14.353,14.38,287.23,278.11,274.81,128.19,128.54,129.01,117.43,110.78,179.69,176.3,172.52,301.42,130.86,131.96,19.998,20.829,70.001,339.23,364.43,177.12,179.59,134.64,132.96,95.178,59.283,64.611,75.38,75.483,114.67,103.42,147.71,128.89,125.83,17.6,193.71,159.48,113.67,107.86,121.25,99.27800000000001,125.81,125.05,163.65,128.57,122.42,151.02,1.0237,1.4797,0,19.261,19.397,181.94,161.35,105.5,110.56,23.91,23.452,23.16,22.758,194.46,40.057,37.55,166.15,166.94,166.04,167.55,141.83,143.63,150.03,25.187,92.611,289.12,279.57,158.26,158.04,118.82,119.82,233.07,233.96,164.87,170.3,24.386,21.545,19.768,167.34,167.83,173.92,126.41,126.69,34.292,308.59,106.56,106.7,106.07,99.489,101.04,167.87,166.81,176.87,3575.1,296.17,296.07,300.29,22.458,23.874,49.156,128.32,122.33,130.02,81.91200000000001,29.763,292.35,287.05,286.96,20.039,20.03,127.82,104.16,287.89,287.74,97.244,105.89,162.33,160.74,132.01,178.62,178.08,17.609,26.931,100.88,101.58,103.02,282.67,283.54,115.52,114.91,15.423,14.184,15.959,272.35,272.19,31.586,34.953,177.23,18.847,18.677,112.14,132.49,123.3,284.53,34.294,34.393,296.29,167.6,345.4,355.26,349.38,99.41200000000001,97.27500000000001,99.396,107.58,107.97,98.376,115.98,114.27,120.95,119.19,235.63,107.94,19.592,46.095,174.56,170.88,31.595,112.46,107.58,117.43,292.43,295.51,268.43,99.634,23.774,23.392,327.78,311.91,322.16,321.62,124.86,126.16,124.1,5.154,64.821,115.58,113.21,119.13,117.62,118.57,93.50700000000001,265.7,178.76,58.009,59.727,22.157
197.81,195.59,194.97,194.18,30.27,30.057,40.574,37.407,122.44,142.61,175.46,165.96,159.08,150.97,176.7,256.16,7.0402,6.7654,178.9,188.6,188.92,192.5,187.67,397.58,162.79,63.359,67.515,132.36,137.42,179.59,178.98,30.797,128.42,127.52,62.818,84.143,113.49,41.102,86.843,141.62,153.06,189.58,190.88,113.53,114.43,179.91,180.38,211.2,115.77,148.71,143.82,158.2,126.72,46.127,94.244,188.41,188.1,188.38,188.02,188.65,187.41,189.28,188,187.94,188.62,193.38,187.47,155.76,151.07,25.879,27.964,44.85,44.225,43.987,38.009,37.705,164.68,134.3,132.53,153.65,156.12,117.91,165.79,162.7,163.16,144.53,145.7,115.01,117.66,110.45,109.33,130.8,125.74,304.11,304.26,110.07,110.11,19.941,110.82,135.26,120.17,138.7,119.05,142.11,142.68,118.93,119.5,242.53,113.2,114.77,112.82,106.86,116.97,122.72,110.61,111.75,108.54,129.49,129.05,125.03,130.7,125.22,237.09,237.66,117.8,151.29,117.92,142.11,22.106,27.718,30.07,27.527,304.78,290.79,293.07,155.29,156.34,156.19,108.97,109.27,174.36,174.47,178.23,312.82,162.43,161.69,4.1209,3.92,149.31,241.26,237.91,184.4,182.69,150.3,150.19,30.824,55.671,58.135,60.658,60.007,107.29,111.61,154.43,114.84,115.5,14.95,142.25,142.6,112.39,115.21,124.48,115.91,138.47,136.26,191.45,134.85,122.3,141.39,20.469,18.357,19.261,0,6.1833,189.8,176.04,113.42,110.94,19.091,18.874,19.119,20.07,201.34,40.185,40.971,181.07,178.48,178.44,179.48,136.41,137.62,137.98,57.92,64.205,312.84,312.57,164.16,163.45,145.99,145.08,170.84,218.24,155.28,170.54,51.699,30.62,13.041,185.17,179.81,182.99,130.67,120.5,49.917,306.41,117.68,118.61,117.52,113.26,114.38,199.63,199.33,199.43,201.14,300.69,302.9,311.29,36.668,10.669,3.5915,129.34,129.07,139.63,63.22,39.123,310.1,322.74,322.1,11.873,11.781,123.97,124.87,323.18,321.29,117.89,116.61,162.01,160.28,163.18,143.06,143.53,5.9668,43.056,117.64,116,113.52,316.65,317.82,127.98,127.56,24.892,26.739,26.836,308.47,304.97,42.339,41.343,191.18,36.47,34.33,122.74,171.6,140.25,304.1,37.586,38.467,311.5,186.78,465.37,461.95,461.88,112.57,109.97,111.28,83.431,82.239,109.18,134.23,133.3,133.42,134.6,308.75,129.44,22.832,41.443,255.3,252.68,56.146,116.07,107.82,109.83,301.69,299.24,301.76,116.81,34.842,33.12,317.3,318.15,359.45,359.91,135.65,135.66,137.39,21.865,53.159,128.28,132.05,122.52,124.07,122.82,105.14,105.95,146,64.91800000000001,71.89400000000001,54.355
197,197.52,198.04,195.08,22.551,24.078,37.011,44.181,123.3,143.47,167.02,166.26,161.88,195.02,169.64,198.74,5.5519,6.9132,175.14,186.63,186.51,197.84,187.06,144.26,142.02,64.414,62.85,134.2,177.56,193.76,179.02,33.536,128.88,127.43,63.967,63.172,113.18,34.537,104.41,144.08,151.93,188.38,214.65,116.59,115.38,182.64,179.83,179.83,154.64,122.77,126.33,136.14,127.93,44.836,63.491,187.45,189.53,191.19,189.49,189.38,189.72,197.8,195.44,188.51,188.45,188.13,187.51,149.55,149.56,26.212,25.96,44.403,46.109,44.119,38.814,37.498,166.31,134.8,133.09,154.31,155.06,120.02,164.99,162.35,162.37,146.29,147.31,113.67,109.42,110.26,109.81,126.14,125.21,304.85,304.26,110.03,109.77,18.62,126.14,151.97,119.59,122.66,120.47,142.16,142.86,119.42,120.4,214.12,112.97,112.88,112.83,108.1,117.92,111.57,112.19,117.97,106.8,130.18,125.38,130.83,128.52,125.39,240.96,235.91,117.35,197.11,119.87,129.77,20.495,27.631,27.658,27.832,316.37,291.99,293.31,155.77,155.24,155.75,111.74,109.2,174.82,230.22,175.94,312.68,161.01,161.12,4.4285,3.4854,106.22,251.2,242.44,185.78,183.5,150.27,150.36,31.257,56.226,56.489,61.056,60.864,116.75,127.8,149.73,114.88,114.47,10.687,142.54,142.47,113.87,113.12,194.76,115.22,136.06,138.31,191.04,133.87,121.7,143.09,18.991,18.625,19.397,6.1833,0,176.42,520.1,112.96,111.57,19.127,20.457,19.095,20.07,202.71,40.803,41.094,179.19,178.46,178.52,179.93,137.25,136.54,142.67,74.77500000000001,65.614,313.56,313.79,163.51,163.62,145.06,145.47,170.28,206.43,155.17,157.85,32.051,31.144,13.6,181.27,177.4,183.43,120.96,121.34,23.642,305.85,118.2,117.45,118.93,112.95,113.56,199.58,201.26,199.4,199.19,300.53,300.49,313.63,9.9626,10.475,16.933,131.68,127.63,139.1,138.4,41.545,305.06,324.74,321.64,14.962,12.789,135.83,110.35,320.65,321.3,116.78,117.01,164.74,160.48,195.26,146.98,146.3,5.9375,34.684,115.72,116.42,116.56,380.71,342.11,127.5,128.16,25.663,25.655,24.754,305.77,306.5,41.057,40.562,189.11,31.731,30.794,123.05,141.81,138.73,302.94,34.683,35.497,313.95,188.46,462.22,462.03,462.27,109.9,111.47,113.34,82.569,84.70999999999999,109.15,132.29,131.65,131.75,133.03,199.32,131.38,23.45,38.646,253.96,254.08,22.167,108.46,110,110.06,299.18,299.11,312.15,116.7,32.607,32.292,317.21,319.69,359.29,359.35,136.04,136.91,138.18,19.912,51.912,129.95,131.84,123.65,124.2,122.58,105.28,105.11,146.77,65.417,66.67400000000001,33.237
31.18,46.537,30.017,29.713,172.16,174.47,176.37,175.74,67.63800000000001,86.99299999999999,97.765,98.015,92.154,79.435,6.499,33.984,179.74,179.15,44.454,3.7273,6.9176,4.963,33.35,68.646,69.599,211.51,211.45,76.996,72.57899999999999,29.843,29.977,168.56,56.407,54.882,212.56,213.04,80.163,181.11,232.51,64.208,65.602,5.3298,5.3032,84.05200000000001,80.97499999999999,32.291,31.398,30.666,116.55,123.86,103.52,94.559,126.09,194.21,194.95,11.056,6.0892,5.6482,6.0969,10.141,5.1175,6.0576,373.04,4.7636,4.4399,5.2784,6.3656,82.63500000000001,82.78,175.61,176.05,178.77,178.95,178.63,176.09,171.57,132.61,101.3,102.6,87.83199999999999,88.93000000000001,74.08799999999999,39.339,39.043,39.468,79.90300000000001,80.5,85.593,74.31999999999999,73.31,73.077,82.102,82.295,132.87,133.96,72.94199999999999,72.69199999999999,168.05,243.35,270.93,72.946,94.595,72.93000000000001,73.995,65.41,77.61,79.435,17.338,72.20699999999999,72.21299999999999,71.745,80.34399999999999,67.861,80.76000000000001,82.52800000000001,80.14,80.81100000000001,103.69,111.8,94.297,93.649,99.801,285.34,285.02,83.127,518.1900000000001,83.75,84.72499999999999,171.28,177.08,177.56,176.74,128.79,127.62,127.56,100.28,100.09,100.07,77.43000000000001,76.22,115.02,113.97,111.36,195.26,96.679,95.947,177.65,177.86,241.67,415.07,298.02,35.068,34.492,84.797,85.17700000000001,181.25,208.91,207.35,225.78,227.46,82.483,89.59,81.681,81.753,83.907,169.22,67.955,69.003,85.35899999999999,87.43600000000001,103.29,75.82899999999999,58.802,59.356,8.316700000000001,100.33,88.304,67.86199999999999,163.49,162.69,181.94,189.8,176.42,0,1.8729,82.988,82.02500000000001,173.26,169.03,169.51,169.68,35.883,175.07,177.13,20.464,20.987,33.663,22.82,58.943,59.066,60.495,218.46,259.6,254.91,256.58,40.019,40.106,80.718,82.943,145.36,146.88,81.907,85.875,170.54,170.37,169.85,13.808,13.986,13.792,80.248,79.56399999999999,194.72,141.26,84.72199999999999,84.36499999999999,85.16,72.274,72.5,35.45,74.959,35.098,37.491,135.78,135.42,194.18,245.02,167.76,183.87,69.011,77.741,74.129,223.46,201.34,149.68,164.06,164.53,170.15,169.35,79.145,80.703,156.81,156.69,88.19799999999999,88.791,95.47,95.973,88.961,52.966,50.716,177.6,194.14,80.467,80.78400000000001,79.496,259.21,258.83,54.157,54.44,176.87,178.16,177.14,251.31,246.81,179.16,178.85,32.458,180.2,179.93,91.559,66.23,62.982,138.21,183.3,183.3,146.1,4.2755,206.56,200.8,204.92,81.651,79.036,79.843,235.7,233.65,79.226,53.866,54.794,55.973,55.053,9.6073,83.30200000000001,173.6,197.09,289.58,289.99,172.34,75.78700000000001,66.655,71.31999999999999,135.17,136.1,243.56,81.687,182.32,182.24,161.23,161.64,177.99,177.31,59.488,59.808,76.206,168.25,202.13,55.667,99.05,66.604,67.346,66.623,77.20399999999999,77.008,75.095,214.66,211.23,168.78
34.829,30.239,42.557,29.74,180.26,177.57,178.74,409.43,66.289,88.108,99.639,97.753,91.075,90.642,5.5284,31.911,183.32,180.9,353.56,6.442,6.0999,3.6924,3.8628,70.931,69.16500000000001,214.7,212.84,92.123,72.03,30.254,30.725,168.8,60.439,56.075,218.03,212.65,80.688,178.09,201.84,65.85899999999999,65.35599999999999,12.904,6.8915,79.173,79.229,32.13,30.942,43.488,133.81,84.65900000000001,110.54,96.303,140.78,194.84,197.14,5.8504,5.2814,10.291,5.7041,4.5167,5.7483,5.6884,8.3407,43.54,4.5562,6.7245,7.7302,85.58799999999999,82.55500000000001,175.58,183.42,178.02,178.34,178.32,172.69,171.2,135.91,102.48,101.42,87.786,92.694,73.985,38.954,39.674,39.358,80.806,80.06999999999999,88.90300000000001,73.79600000000001,74.074,77.946,86.98,86.807,132.69,133.37,73.515,72.563,169.96,248.65,243.41,73.32899999999999,73.59399999999999,72.473,66.53700000000001,65.38800000000001,77.81699999999999,78.236,66.874,75.92,77.801,72.227,163.75,68.001,80.86199999999999,81.355,79.857,79.047,94.97499999999999,94.59999999999999,105.84,93.79000000000001,495.65,285.59,287.88,88.166,130.75,83.21899999999999,85.544,170.92,176.96,176.94,177.86,128.31,126.94,127.6,100.13,105.23,100.43,76.587,81.80800000000001,161.75,111.42,154.79,197.38,95.42,95.057,177.41,177.4,233.65,339.71,295.44,33.736,75.331,90.563,86.41200000000001,181.37,213.66,207.13,211.71,210.41,79.946,81.788,86.584,80.959,83.77200000000001,167.31,68.184,68.804,101.47,106.47,105.81,82.379,58.899,58.796,5.9901,100.55,88.116,67.102,163.69,162.45,161.35,176.04,520.1,1.8729,0,83.425,86.099,171.64,169.02,169.82,169.15,35.751,174.22,178.85,20.408,20.293,20.799,21.195,59.501,59.328,59.696,214.75,241.31,254.75,255.68,40.097,49.393,85.97799999999999,79.621,106.26,134.09,82.401,82.495,174.83,168.88,170.76,14.727,12.821,12.72,85.401,79.316,176.18,142.61,90.506,84.779,84.473,72.81,78.69499999999999,36.068,35.272,34.964,36.369,138.55,137.93,194.31,172.38,170,195.75,70.092,76.407,71.91200000000001,276.84,199.34,145.78,163.58,163.62,169.83,169.88,77.745,78.149,156.08,158.8,87.69,88.863,103.36,95.401,130.34,50.226,54.515,177.5,205.73,102.93,81.45,79.91200000000001,258.31,263.54,54.614,54.907,174.66,176.78,179.8,246.74,248.83,179.21,180.77,29.825,180.14,181.06,95.521,54.549,64.98099999999999,138.27,184.28,185.15,148.08,4.1684,218.35,205.3,206.86,84.687,89.435,92.583,231.42,237.19,79.97,54.22,63.248,54.116,60.035,92.13,88.48999999999999,174.84,188.93,289.75,299.56,172.6,72.3,70.11199999999999,69.98,137.22,135.81,243.6,82.34,186.43,186.32,161.9,167.77,177.95,178.85,63.974,60.413,76.63800000000001,168.51,210.81,64.06399999999999,54.302,67.50700000000001,66.735,67.298,76.422,77.965,72.53,214.98,209.66,169.69
113.99,107.91,106.82,107.15,108.77,109.03,108.16,106.6,26.603,55.917,35.864,38.366,92.306,70.03700000000001,77.518,108.73,115.67,113.39,87.80200000000001,88.821,95.075,89.31100000000001,99.10599999999999,52.357,48.887,145.67,148.62,48.878,36.447,80.99299999999999,82.476,100.15,41.306,35.705,145.97,148.92,4.5527,117.41,185.59,49.104,45.117,90.29600000000001,90.58,13.7,13.824,81.90900000000001,83.967,82.011,19.396,20.621,77.569,52.084,17.095,127.85,128,94.07899999999999,98.77200000000001,90.38200000000001,92.294,90.032,90.574,89.65000000000001,99.089,91.898,92.881,91.741,90.629,52.4,52.217,109.34,110.88,110.3,109.56,108.92,101.89,107.54,69.758,43.232,49.694,56.641,56.128,22.544,74.95699999999999,68.202,69.66200000000001,49.079,49.706,16.885,13.648,15.393,19.193,31.587,31.317,211.38,207.65,16.609,13.377,104.38,195.72,177.11,27.564,32.485,23.578,47.265,54.84,12.885,13.12,86.145,12.507,12.807,12.347,8.3871,26.639,12.214,12.241,16.328,8.33,44.649,36.501,37.301,37.874,38.087,309.79,308.5,13.313,907.86,13.138,14.582,108.85,112.1,111.35,114,207.65,195.94,195.5,38.003,38.918,38.357,11.469,52.13,121.24,90.464,105.85,212.54,33.587,36.535,112.03,113.47,201.18,320.87,316,85.27,85.38,56.66,55.648,115.47,140.37,141,143.97,144.75,14.309,15.882,50.968,20.884,20.095,109.53,48.35,47.148,22.458,27.385,38.854,10.394,40.313,40.398,180.19,38.339,25.662,48.25,143.19,108.6,105.5,113.42,112.96,82.988,83.425,0,0.42072,103.59,104.72,102.86,104.7,103.67,105.4,107.19,89.316,85.84399999999999,84.333,85.756,38.321,39.803,41.797,147.42,183.11,195.78,196.68,68.75700000000001,68.798,49.896,50.154,92.52,119.13,61.006,93.19199999999999,100.89,99.232,112.04,80.828,84.08,87.717,20.641,20.024,118.11,210.83,19.787,18.4,19.296,13.346,12.958,103.61,103.69,104.85,104.9,204.82,205.38,206.42,100.53,103.74,124.14,27.992,35.972,43.206,147.14,123.06,241.76,237.56,237.71,112.24,112.11,4.1441,8.137600000000001,229.72,224.87,19.697,18.347,64.905,65.218,42.231,49.916,53.088,111.24,116.55,5.182,7.9969,5.0897,200.47,199.4,46.825,34.002,109.34,108.45,109.65,188.5,191.36,114.31,109.33,94.29000000000001,117.13,114.76,34.198,41.481,44.424,209.94,118.36,127.38,212.97,89.79900000000001,368.78,361.77,363.69,11.685,17.152,19.046,166.88,165.42,6.782,33.499,33.959,32.82,43.267,112.26,14.201,106.63,120.47,135.32,133.2,107.18,19.56,18.811,15.558,208.12,205.43,186.21,15.057,113.49,112.99,218.12,217.94,242.95,245.81,40.15,41.643,35.489,105.19,134.7,32.997,33.372,24.976,25.69,25.072,6.3239,6.6394,52.379,151.21,148.17,101.16
106.93,107.58,106.96,111.97,107.51,107.51,109.19,106.3,25.014,51.359,35.687,38.837,60.765,60.135,89.03700000000001,118.32,118.74,114.06,88.977,88.77500000000001,89.04900000000001,97.614,89.131,47.482,48.832,144.89,159.35,52.355,38.158,80.688,83.32599999999999,98.75700000000001,36.358,35.536,146.04,158.03,2.5076,117.31,133.35,42.948,43.845,90.479,90.93899999999999,13.678,13.948,82.536,85.334,82.072,36.871,27.924,19.148,49.494,48.888,130.39,130.12,93.79600000000001,91.92,93.14400000000001,92.05200000000001,92.67700000000001,91.96599999999999,91.31699999999999,120.39,89.974,91.556,107.22,94.541,52.111,52.377,110.18,112.12,108.86,111.5,108.67,103.28,102.24,72.027,43.356,43.448,63.027,55.873,22.785,70.29600000000001,68.348,68.41200000000001,50.331,49.32,16.654,13.892,14.132,13.961,30.492,40.002,210.33,207.26,13.791,14.967,102.43,195.88,299.17,24.489,25.896,24.122,58.437,47.238,21.511,17.192,91.172,11.938,16.642,12.69,8.847099999999999,20.926,15.434,12.309,13.48,8.0349,37.81,41.01,36.502,39.853,36.311,308.25,308.05,13.728,257.46,18.376,14.546,104.29,114.7,110.99,111.31,199.97,199.88,197.91,42.555,38.265,40.89,11.433,12.124,91.571,91.35299999999999,127.71,211.75,33.616,33.255,112.34,112.03,193.05,319.69,313.61,87.465,84.839,55.56,55.515,118.19,139.44,139.63,145.5,143.39,21.053,18.55,50.893,24.97,19.137,109.47,48.075,48.267,19.595,24.629,49.222,11.72,206.39,53.865,73.92,39.105,26.415,51.628,98.755,101.51,110.56,110.94,111.57,82.02500000000001,86.099,0.42072,0,102.84,102.91,104.63,105.43,101.7,104.52,106.12,84.383,85.09,84.352,86.833,39.102,38.364,39.536,122.24,148.55,196.82,195.53,70.101,70.688,54.001,50.802,129.21,131.14,61.858,63.964,101.77,101.58,112.21,80.25,76.119,78.68000000000001,20.58,19.808,138.29,209,18.799,18.828,19.183,16.643,15.184,103.94,105.14,103.93,103.73,208.21,206.59,211.49,103.27,103.01,120.88,28.174,25.551,42.966,140.26,122.18,218.33,241.16,237.4,113.19,112.46,3.596,8.9839,225.27,225.88,18.752,18.493,68.06399999999999,65.114,27.982,54.945,50.018,109.79,117.12,4.9931,6.4147,8.0869,212.39,200.68,32.785,34.039,108.32,167.74,108.28,189.15,188.17,109.4,109.5,94.447,114.36,117.42,33.966,52.263,43.753,208.31,121.94,117.34,213.71,402.9,362.3,361.39,364.41,12.044,11.406,12.082,165.64,165.36,5.4232,33.594,34.882,34.055,33.766,203.45,13.149,111.13,117.65,133.32,134.71,105.8,18.545,15.293,26.043,206.96,205.5,185.62,15.857,116.51,115.98,217.82,218.17,241.46,241.19,40.787,40.451,34.815,103.9,137.62,33.538,36.216,26.065,25.251,24.964,13.167,8.118600000000001,51.456,148.52,148.61,99.298
188.2,191.42,188.43,188.12,16.062,18.1,31.962,35.381,116.86,136.47,157.64,157.33,381.81,187.34,177.1,181.31,23.556,23.077,167.84,180.52,184.03,184.48,180.25,136.04,136.27,56.3,57.159,125.55,169.86,172.58,172.75,24.542,125.79,122.06,56.543,64.057,105.33,38.252,95.88800000000001,135.57,136.28,182.16,185.21,106.8,108.22,173.61,173.43,173.45,111.04,108.97,143.91,132.02,130.72,38.24,38.363,184.25,181.89,181.33,184.05,181.5,181.83,183.02,184.29,181.33,181.23,181.74,183.37,143.59,143.6,20.373,20.128,38.15,38.794,37.981,33.13,31.8,159.07,126.73,126.84,147.25,147.65,118.57,163.32,156.8,156.52,138.37,138.5,111.64,103.5,103.58,103.47,115.86,116.06,298.2,298.15,103.91,103.24,5.8921,118.81,116.31,113.11,113.34,113.13,136.12,136.08,120.52,119.34,281.59,104.76,105.14,104.82,100.99,109.15,105.68,104.54,107.51,97.59399999999999,134.44,123.05,118.8,118.82,119.53,229.77,230.32,107.35,907.8200000000001,109.78,123.44,8.6173,21.442,21.485,21.453,299.58,284.79,288.08,147.05,148.96,146.98,103.12,103.14,168.17,168.45,168.13,309.32,152.75,152.87,20.762,20.73,97.836,239.83,234.86,179.79,176.4,145.08,145.23,24.533,49.77,50.188,53.803,53.854,98.468,94.236,142.63,108.08,107.97,11.018,136.49,135.45,110.42,106.76,121.89,106.33,130.45,129.84,181.54,127.82,115.11,133.76,22.823,22.837,23.91,19.091,19.127,173.26,171.64,103.59,102.84,0,0.4676,0.59548,0.44253,193.84,34.754,34.232,172.33,172.54,172.26,173.67,130.53,130.29,131.02,69.721,106.7,306.48,306.51,157.81,157.67,138.38,138.32,162.97,203,148.77,151.05,24.803,24.617,13.237,184.48,183.18,173.6,112.94,112.65,37.493,299.23,111.32,111.2,112.21,105.25,105.15,193.16,193.41,193.04,193.09,293.75,293.72,307.94,18.043,10.933,21.176,124.11,123.38,132.17,56.649,33.019,301.37,327.32,325.79,13.313,13.279,128.8,112.5,314.45,314.89,110.39,110.33,154.22,155.3,166.81,136.83,137.09,20.919,28.645,105.82,109.62,106.14,309.91,310.72,122.3,121.38,18.059,18.315,18.534,298.71,298.7,34.223,34.465,182.86,24.15,24.188,116.3,124.92,135.72,296.31,27.755,27.792,305.44,179.93,455.37,455.17,455.2,104.81,106.51,105.04,82.122,75.589,101.26,125.85,126.08,126.38,127.82,309.96,122.96,16.996,25.772,246.75,246.91,10.504,114.1,114.52,114.5,293.07,292.95,295.5,113.36,24.197,23.64,310.43,310.36,352.83,353.05,129.61,129.67,129.71,6.3967,44.898,127.89,124.44,117.04,116.68,116.64,99.29600000000001,99.05200000000001,139.94,59.031,59.065,25.457
188.12,188.38,188.67,189.8,19.36,17.891,31.367,30.808,116.15,136.33,157.33,157.3,174.76,175.11,177.52,190.49,22.987,23.075,168.42,180.43,182.97,182.45,180.13,135.97,141.59,56.145,70.179,152.59,147.27,172.5,172.44,24.089,121.22,121.1,56.304,56.339,103.79,40.895,16.827,135.53,135.98,181.99,184.72,108.47,109.58,173.59,173.32,173.44,129.25,143.18,111.22,133.02,141.67,38.555,38.204,182.42,182.32,181.58,193.11,181.27,181.61,184.96,224.72,182.02,181.16,183.43,181.61,143.56,143.47,19.873,20.239,38.001,38.041,37.888,33.823,33.218,158.98,126.69,126.58,147.46,147.41,111.77,156.19,156.34,156.24,138.22,138.31,107.41,103.69,103.69,103.4,117.15,117.38,297.93,297.93,102.91,102.65,1.9065,124.47,144,112.99,113.33,112.94,136.03,136.04,116.69,119.01,258.11,104.84,106.97,105.29,100.84,109.16,104.51,109.32,114,99.024,121.35,124.14,118.56,118.56,121.99,229.64,229.51,109.55,177.86,108.9,123.26,8.3514,21.372,21.316,21.669,305.08,285,286.18,146.94,146.97,146.97,102.93,102.77,168.14,168.07,168.1,315.22,153.43,152.71,20.646,20.588,86.976,234.62,234.73,176.63,177.68,145.13,145.2,25.32,49.555,50.377,53.734,54.135,136.04,92.22199999999999,142.38,108.25,108.33,10.772,135.46,135.32,108.67,104.12,114.65,105.58,129.68,129.69,183.33,127.73,115.87,125.54,23.17,22.671,23.452,18.874,20.457,169.03,169.02,104.72,102.91,0.4676,0,0.62129,0.29126,192.99,35.743,34.133,172.08,172.47,172.57,172.82,130.13,401.45,132.83,59.132,113.53,306.48,306.44,158.35,157.41,138.69,138.25,163.65,230.53,149.3,160.93,24.653,26.242,13.14,175.81,184.54,182.36,112.59,112.65,36.276,299.81,111.86,111.03,111.01,105.57,105.8,195.34,193.04,193.02,193.05,293.83,293.63,312.87,12.016,11.367,46.401,121.37,124.08,131.52,117.88,32.921,297.69,325.36,325.41,12.874,14.378,126.94,105.45,314.3,315.3,110.27,110.21,154.15,154.15,151.11,136.81,136.7,20.833,27.826,106.41,108.82,107.76,309.76,309.92,123.38,122.11,17.924,18.64,17.98,298.62,298.7,35.098,40.446,184.19,26.214,24.144,116.72,129.97,123.87,296.33,27.638,27.698,305.3,182.58,458.26,455.22,455.86,105.3,103.69,111.86,75.434,75.41,104.93,126.8,125.7,126.4,126.01,196.45,123.55,16.823,37.405,247.37,247.57,10.599,114.14,114.3,117.75,294.7,292.81,295.82,118.22,24.274,28.769,310.23,310.3,353,352.73,129.58,129.63,129.12,6.254,45.327,123.14,127.68,116.86,116.56,116.7,99.35599999999999,99.499,139.94,58.808,58.759,24.031
196.35,189.02,191.66,190.06,15.4,25.989,34.982,30.889,116.41,136.55,161.91,158.42,355.61,132.59,178.6,212.77,23.291,23.314,168.02,180.7,181.84,186.03,180.14,136.58,138.12,55.944,57.17,151.87,137.24,172.58,174.06,24.004,121.83,127.33,56.676,56.681,105.49,38.247,51.179,135.55,135.65,182.32,183.4,109.34,107.69,173.97,173.5,173.72,111.06,126.31,108.25,125.9,106.15,38.456,38.318,181.68,183.75,181.56,183.05,182.31,182.4,188.41,187.5,181.28,181.31,181.85,181.41,143.61,143.57,19.626,19.7,37.942,38.33,37.884,31.466,30.85,158.8,126.55,135.94,147.67,147.72,112.47,156.16,156.36,156.95,138.33,138.27,106.94,108.97,105.55,103.2,117.31,117.42,298.52,299.26,105.31,102.74,2.0984,119.4,96.998,113.03,115.24,113,136.29,136.07,109.61,117.84,355.2,104.82,106.09,104.95,100.92,109.18,104.3,105.82,106.53,99.15900000000001,123.48,123.7,119.3,118.66,119.68,229.63,229.6,111.3,680.95,114.61,124.08,9.3378,21.518,21.51,21.419,297.04,284.8,284.7,147,147.05,146.97,107.99,102.8,225.92,174.15,169.21,307.21,153.75,153,21.988,20.662,94.946,229.78,235.17,176.9,176.95,147.13,145.14,24.874,49.978,50.088,53.756,53.806,103.04,125.43,142.75,115.35,108.15,10.633,135.36,135.5,105.41,106.29,113.82,104.9,129.84,129.76,197.81,128.05,115,134.95,23.768,22.647,23.16,19.119,19.095,169.51,169.82,102.86,104.63,0.59548,0.62129,0,0.30121,201.89,34.254,34.216,172.59,172.42,172.3,172.93,130.47,130.23,130.79,76.89100000000001,108.05,306.51,306.66,158.81,159.02,138.33,138.25,163.03,174.6,149.35,149.93,24.704,25.025,13.097,179.41,173.93,179.44,115.48,112.7,36.462,300.53,111.25,111.18,111.06,106.57,105.28,194.59,193.04,193.06,193.17,293.76,293.58,308.35,13.526,10.898,46.116,123.53,123.34,138.86,117.11,33.016,305.07,325.56,325.5,13.251,13.365,149.3,104.97,314.69,316.32,122.1,110.39,154.44,160.07,152.91,137.16,136.78,20.988,28.056,106.64,105.97,109.67,309.93,310.09,121.44,121.33,22.438,18.383,18.451,298.64,298.73,34.294,34.308,190.22,24.902,23.936,116.32,135.87,128.24,296.89,28.416,27.773,305.44,182.15,458.45,455.45,457.69,104.98,103.06,104.17,75.92,75.699,101.33,127.23,125.52,137.95,130.17,225.85,123.1,16.989,34.828,246.72,246.82,10.521,114.51,114.16,115.15,292.94,292.91,295.5,117.65,24.005,23.524,310.39,310.28,352.77,353.14,129.64,130.6,130.04,6.341,44.95,126,122.99,116.78,116.8,116.6,100.27,98.88800000000001,139.99,58.972,59.076,24.362
187.93,192.83,188.2,192.37,14.902,17.935,32.063,30.746,116.2,138.75,157.48,157.11,144.99,130.42,180.49,216.35,24.638,22.956,167.61,182.86,180.44,184.45,180.61,135.91,136.26,57.346,63.834,112.63,162.3,172.48,172.49,24.098,121.88,121.32,56.374,56.254,103.62,38.341,96.79900000000001,137.17,141.26,182.6,182.23,111.52,111.04,173.3,173.48,173.46,139.59,113.8,117.05,117.06,109.53,38.131,38.226,186.82,182.51,181.5,181.31,181.41,181.43,181.96,234.04,181.28,181.17,187.21,181.49,144.91,143.47,19.426,30.676,37.86,38.545,37.978,34.497,30.835,159.35,126.52,126.44,147.17,147.48,111.84,157.05,156.21,156.25,139.22,138.2,110.93,102.91,103.28,103.3,115.66,115.82,297.94,298.01,103.25,102.6,2.0665,103.06,114.4,112.98,113.25,112.91,137.38,136.01,117.34,112.7,189.78,104.75,104.87,104.83,100.79,108.86,105.42,104.19,103.85,95.714,119.56,118.71,118.67,118.49,121.06,229.65,229.92,110.25,161.24,109.55,125.28,8.370200000000001,21.26,21.276,33.629,299.93,284.66,284.85,147.18,147.26,146.88,106.99,102.84,167.91,168.09,167.95,307.87,152.73,153.72,20.638,20.613,119.35,234.5,229.45,250.77,176.24,145.12,145.09,24.379,49.584,49.686,53.672,53.68,102.4,104.51,142.45,107.95,107.95,10.533,135.36,135.34,104.05,105.68,113.74,105.19,132.18,130.15,188.11,127.51,115.03,133.2,23.749,23.369,22.758,20.07,20.07,169.68,169.15,104.7,105.43,0.44253,0.29126,0.30121,0,193.05,34.092,34.355,172.26,172.57,172.04,173.35,130.12,130.57,130.56,58.231,112.83,306.38,306.38,157.3,157.76,138.25,138.27,162.89,176.09,148.7,150,29.307,24.677,12.971,188.8,183.88,176.61,112.45,112.51,40.338,299.01,111.84,111.04,111.16,105.87,105.74,192.95,193.02,192.97,192.98,293.81,293.71,308.43,11.714,10.81,62.863,122.83,123.34,146.18,157.81,33.009,296.73,325.38,325.45,13.315,13.084,122.19,112.74,315.47,314.47,110.2,110.23,154.09,156.33,130.49,136.67,136.7,21.334,27.798,109.76,110.84,106.34,309.76,310.35,121.36,121.3,18.679,28.454,29.17,298.61,298.67,34.024,40.966,183.4,23.755,23.843,116.15,132.51,126.15,296.21,27.695,27.62,305.35,180.24,460.21,454.58,455.2,105.32,103.57,104.94,75.386,75.471,102.17,126.09,125.9,125.54,125.27,398.9,122.81,16.849,27.574,246.53,247.81,10.583,114.39,114.1,114.61,294.65,292.83,295.14,109.85,23.501,23.552,310.15,310.24,352.73,352.99,129.51,129.53,128.97,6.3487,46.314,124.31,123.78,116.72,116.39,116.65,102.26,99.08199999999999,139.49,58.769,58.77,24.19
45.369,45.977,46.63,44.834,199.23,202.03,193.42,193.24,75.20999999999999,87.34,77.124,74.91,124.16,115.59,28.974,60.62,204.08,204.1,51.54,8.207599999999999,23.481,17.236,7.1221,68.28100000000001,68.637,230.34,235.97,89.39400000000001,108.63,16.778,16.767,186.37,74.604,75.319,239.04,231.21,96.58199999999999,196.5,235.27,83.881,82.65600000000001,22.725,9.442399999999999,105.74,106.9,17.219,15.074,15.211,146.85,146.91,104.54,124.62,156.85,213.17,219.77,8.2232,8.714499999999999,8.839700000000001,8.829499999999999,8.2547,8.5069,14.617,8.404299999999999,8.194699999999999,8.123100000000001,9.7399,8.436999999999999,51.684,51.724,194.35,194.85,195.19,195.57,195.05,189.81,190.04,140.38,92.90900000000001,92.958,55.608,56.509,88.759,43.841,41.447,41.387,49.931,49.902,107.94,89.867,90.193,90.223,100.36,100.43,135.78,135.82,89.67,90.158,192.84,247.36,256.79,90.928,90.836,89.928,89.721,89.628,84.041,84.12,110.22,88.30800000000001,90.512,88.405,95.20699999999999,87.102,88.892,89.384,91.56699999999999,81.86,93.98699999999999,85.251,90.03100000000001,85.066,89.776,245.73,245.72,100.8,515.22,102.84,90.96899999999999,195.27,196.2,196.29,196.25,139.6,133.32,137.92,68.79300000000001,68.711,68.72799999999999,102.39,101.41,129.6,158.82,147.9,158.76,70.30200000000001,70.334,203.05,203,246.45,245.67,256.06,13.264,13.167,56.388,56.442,199.4,225.46,229.56,228.55,228.69,88.357,87.04000000000001,56.584,96.005,94.505,200.13,67.69499999999999,67.748,125.09,96.13200000000001,100.33,102.12,77.961,77.875,35.086,87.54600000000001,101.58,67.149,194.79,193.67,194.46,201.34,202.71,35.883,35.751,103.67,101.7,193.84,192.99,201.89,193.05,0,191.39,191.47,30.878,25.455,25.146,25.786,84.91,84.83499999999999,86.12,223.31,241.23,271.13,271.12,42.695,42.832,49.936,50.96,124.55,133.07,137.72,101.19,188.27,186.68,202.59,129.18,28.911,28.068,97.65900000000001,97.343,210.77,136.57,95.47799999999999,95.26000000000001,97.01000000000001,96.005,89.748,41.749,41.82,41.741,41.758,142.38,142.25,159.15,192.85,191.57,228.97,89.83199999999999,90.285,83.158,207.9,207.94,150.26,177.72,177.86,202.51,202.64,111.15,103.57,164.34,168.54,105.44,105.43,66.80500000000001,66.946,122.31,89.72,89.676,200.42,201.32,95.515,101.09,95.771,274.5,274.6,74.76000000000001,75.47199999999999,193.12,193.42,193.32,263.41,263.44,196.61,196.6,37.268,199.51,201.32,82.607,85.931,77.616,144.96,202.6,202.61,150.92,7.8324,193.74,190.73,199.01,99.35899999999999,98.56399999999999,100.11,250.53,250.41,94.98399999999999,76.251,75.152,75.002,76.38800000000001,165.83,89.52800000000001,191.77,222.96,318.8,312.49,195.81,79.154,79.553,79.172,141.75,141.46,260.34,81.602,198.46,198.48,153.75,150.17,182.4,182.01,77.358,77.11,85.32899999999999,193.97,219.96,84.13200000000001,77.64100000000001,74.288,73.824,73.96299999999999,96.03100000000001,96.748,115.54,234.97,233.61,187.47
199.56,194.87,210.53,194.78,35.969,39.129,43.912,44.331,119.79,139.98,170.12,169.95,131.88,146.78,170.97,193.49,44.369,44.249,169.82,183.94,185.47,186.1,183.74,142.03,142.12,76.95999999999999,76.553,151.8,144.33,176.08,176.11,36.789,127.99,131.01,77.61499999999999,77.622,104.79,50.129,116.36,141.38,138.52,185.73,185.92,110.13,109.81,177.25,177.01,177.13,138.16,119.97,197.85,119.4,151.77,59.701,59.803,184.93,186.08,187.98,184.85,184.82,185.5,185.11,229.44,185.14,184.76,187.1,186.22,147.12,147.37,40.675,40.854,16.043,16.467,16.019,9.269600000000001,9.131,166.37,122.37,122.36,150.84,151.12,117,166.87,161.4,161.46,144.12,143.44,112.85,108.99,108.38,108.6,118.94,118.95,301.74,302.57,108.03,108.03,37.67,131.77,129.37,118.23,119.36,118.21,141.28,141.26,133.78,133.66,210.11,106.54,106.66,106.54,102.96,138.04,106.29,111.07,111.88,109.8,296.39,119.36,119.65,114.54,120.62,222.83,223.15,107.88,196.51,107.74,126.49,35.476,43.029,42.577,42.504,301.6,289.94,290.3,164.88,164.93,164.96,104.95,104.89,170.32,171.45,170.13,308.87,166.47,166.49,41.995,42.025,96.28100000000001,227.67,227.81,179.79,179.81,150.38,150.36,46.331,71.294,70.999,75.425,74.88200000000001,110.18,110.13,153.56,113.39,114.06,45.98,141.45,141.48,126.13,133.48,124.24,105.06,134.99,134.93,193.29,132.57,120.52,139.15,37.071,36.881,40.057,40.185,40.803,175.07,174.22,105.4,104.52,34.754,35.743,34.254,34.092,191.39,0,0.29564,178.88,178.85,179.01,179.92,132.3,132.67,132.51,112.41,123.35,307.39,307.4,162.44,162.4,143.47,143.53,165.16,195.04,150.96,151.84,37.88,37.118,34.371,183.06,173.33,183.71,115.87,116,43.483,305.4,113.3,113.16,113.11,107.8,110.01,198.24,198.24,198.24,198.3,298.93,298.81,313.58,34.548,32.239,56.643,127.05,125.34,138.35,169.04,54.253,305.45,335.7,328.81,34.423,34.313,123.27,107.42,320.75,319.85,112.4,112.34,159.37,159.32,132.52,141.2,141.19,42.127,48.156,104.23,105.25,103.74,310.81,310.96,127.43,127.73,39.706,39.029,40.135,299.68,299.63,46.927,46.976,188.73,45.156,48.648,112.05,133.41,138.4,301.45,50.547,48.872,307.38,183.35,457.45,463.88,455.03,107.68,105.82,106.85,97.339,96.81999999999999,103.38,127.71,127.99,127.67,129.75,279.54,124.96,37.952,56.498,246.3,246.26,37.005,122.36,119.48,120.72,298.3,298.02,297.6,129.89,44.739,44.766,312.3,312.31,335.76,335.78,134.85,134.86,130.18,33.661,66.324,123.7,124.95,120.28,120.1,120.16,101.24,101.68,141.8,60.025,53.861,37.118
194.93,195.14,194.83,198.21,36.399,39.15,50.31,43.497,119.82,140.15,168.96,169.47,142.32,130.34,179.17,209.98,44.378,44.282,169.84,183.97,184.09,185.62,183.83,142.03,142,76.827,76.595,151.93,139.65,176.13,176.04,36.648,127.37,129.28,77.45999999999999,77.696,105.23,49.477,73.848,138.3,137.71,185.7,185.83,110.4,108.18,177.18,194.31,176.95,119.62,139.01,140.34,148.1,143.26,59.409,143.63,188.14,185.58,185.18,185.11,184.83,185.57,192.23,188.48,185.15,184.75,185.76,184.83,147.35,147.09,41.18,41.881,16.239,16.293,16.107,10.136,9.167899999999999,164.37,122.29,122.37,156.68,150.91,117.06,162.67,161.43,161.55,143.48,148.5,109.35,108.58,110.09,108.15,120.55,120.52,301.73,301.83,114.14,108.26,32.892,131.13,131.15,118.27,119.68,118.21,141.37,141.3,131.69,135,204.18,112.17,106.66,106.53,103.02,139.16,113.13,108.25,111.09,108.03,115.72,114.71,114.65,121.79,115.04,222.77,222.58,108,152.98,107.77,125.69,35.386,42.733,42.474,42.998,307.95,289.91,289.93,164.94,164.97,165.05,107.21,104.96,170.27,170.19,170.54,314.17,166.43,166.48,42.031,42.018,90.431,222.54,233.3,179.82,179.86,150.29,150.34,45.806,71.321,71.49299999999999,74.896,74.944,106.19,130.19,146.44,113.45,113.57,31.988,141.45,141.62,119.95,118.09,144.3,105.05,135.09,135.44,194.61,132.97,123.08,141.93,46.938,37.514,37.55,40.971,41.094,177.13,178.85,107.19,106.12,34.232,34.133,34.216,34.355,191.47,0.29564,0,179.09,179.03,178.97,179.04,132.38,132.28,133,56.127,102.65,307.45,307.42,162.69,163.02,143.9,143.49,165.12,191.14,155.34,155.96,50.663,37.237,34.316,177.9,179.55,175.37,115.93,116.03,51.325,306.01,113.35,113.19,113.13,113.25,107.84,201.82,198.44,198.3,198.28,298.9,298.82,310.26,32.581,32.092,80.645,125.36,128.37,143.52,105.66,54.533,306.94,321.04,321.22,34.251,34.316,137.93,113.67,319.64,319.69,112.34,112.32,159.3,175.74,133.38,141.18,141.2,42.217,50.2,103.88,108.11,103.7,310.81,311.05,127.48,129.19,39.531,39.916,39.544,299.64,299.67,46.869,47.029,188.64,45.224,45.14,112.05,151.66,139.36,301.45,48.977,48.874,307.46,184.54,465.67,462.48,466.06,106.88,106.15,108.78,96.58799999999999,96.491,104.73,127.82,127.91,128.07,131.53,256.5,124.92,38.011,82.913,246.26,246.32,36.965,116.72,127.38,122.27,298.43,298.01,300.83,129.56,46.882,44.516,312.34,312.34,335.76,335.75,134.88,134.83,130.58,33.315,66.143,126.4,125.63,120.28,120.04,120.07,101.48,101.7,142.85,56.658,54.072,36.662
33.441,28.681,28.732,28.821,184.92,185.05,179.99,178.69,71.35599999999999,70.098,83.29000000000001,83.70399999999999,124.82,90.63800000000001,51.339,62.299,182.48,182.44,44.365,21.083,20.928,26.947,21.1,72.994,47.149,215.13,214.43,93.268,153.92,29.139,29.019,188.64,55.666,56.248,215.48,215.55,84.65900000000001,180.79,210.96,60.051,73.794,22.781,22.7,90.92100000000001,90.5,30.79,30.718,30.664,134.73,107.06,117.63,144.16,113.77,197.4,197.4,24.047,25.188,31.407,25.059,23.731,23.365,33.977,23.559,24.163,23.804,23.837,23.843,61.926,61.938,179.03,178.69,182.72,183.5,182.58,175.79,174.91,131.93,90.873,90.614,66.45999999999999,66.151,72.17400000000001,18.829,18.283,18.247,66.47499999999999,59.391,90.82299999999999,74.62,75.131,74.483,83.432,83.392,150.32,150.26,74.242,74.066,171.19,452,265.81,73.381,76.27500000000001,73.428,81.16800000000001,81.223,72.048,84.52,24.178,72.56100000000001,72.83,72.845,81.556,60.526,79.577,79.977,93.33499999999999,92.07899999999999,84.789,83.27800000000001,82.71899999999999,82.631,83.095,256.25,256.27,86.03100000000001,235.95,86.69199999999999,80.29900000000001,173.53,177.3,177.19,176.9,141.3,143.67,143.93,78.98099999999999,79.217,79.09099999999999,85.76900000000001,85.006,113.34,192.93,113.27,181.88,85.7,80.768,181.84,180.08,246.27,261.26,261.22,33.002,38.712,66.584,66.55,185.28,208.84,209.05,212.8,212.81,73.858,74.03700000000001,61.727,77.542,79.651,170.34,46.339,48.76,78.922,87.414,101.51,85.53100000000001,60.793,62.177,20.15,86.324,85.718,44.976,166.09,166.16,166.15,181.07,179.19,20.464,20.408,89.316,84.383,172.33,172.08,172.59,172.26,30.878,178.88,179.09,0,0.39747,0.31865,0.54735,60.528,60.918,61.337,252.77,217.34,260.5,260.52,19.731,22.571,59.871,59.798,106.89,147.28,117.28,84.116,174.42,175.28,174.04,35.354,29.407,31.101,80.35299999999999,80.399,193.02,140.15,80.878,80.973,80.684,72.16500000000001,72.259,29.075,29.26,29.123,28.97,152.83,152.65,180.13,171.95,170.41,201.85,73.79900000000001,74.968,49.531,234.56,192.18,131.71,143.87,143.97,172.58,172.88,107.35,95.39400000000001,173.65,173.3,91.616,91.65600000000001,75.777,76.252,84.371,73.444,73.319,180.2,189.88,83.79300000000001,84.285,83.643,265.16,264.27,55.993,56.919,177.39,177.4,178.13,252.75,252.82,182.03,181.99,15.073,183.15,183.06,80.224,62.996,70.527,155.13,187.51,187.78,129.74,20.332,204.78,203.93,204.36,84.114,85.675,86.672,234.6,234.66,83.52,56.972,55.65,55.114,55.21,54.975,79.042,176.06,196.13,204.74,296.28,174.67,92.645,75.34999999999999,84.09699999999999,155.93,153.46,250.41,94.855,183.06,183.44,160.62,160.8,159.59,158.66,60.583,60.682,81.291,172.65,204.48,63.384,56.28,71.739,71.61,71.396,79.291,80.071,75.447,217.84,217.84,171.85
28.702,29.816,35.61,34.548,183.26,185.28,179.71,178.96,71.304,78.515,83.804,83.22499999999999,96.925,124.08,55.029,82.211,182.41,182.46,43.784,23.861,21.076,23.701,20.834,47.174,47.247,215.68,214.54,87.526,67.069,29.436,29.318,171.87,55.948,82.304,215.57,215.91,84.488,181.71,215.97,58.612,58.258,22.912,22.557,88.29000000000001,88.31999999999999,30.453,30.842,30.501,109.71,137.58,107.06,111.09,123.62,197.51,197.74,24.67,23.841,43.699,33.886,23.898,24.312,23.713,29.716,24.397,23.74,24.538,23.862,62.6,62.026,178.49,179.12,182.98,182.86,182.67,177.17,174.84,131.53,90.84999999999999,90.77800000000001,66.47799999999999,72.81999999999999,72.2,18.634,18.579,18.123,59.475,59.942,92.721,74.627,76.505,75.11,83.464,83.38200000000001,150.16,149.92,74.306,74.25700000000001,170.98,248.92,233.44,74.09,75.405,73.395,81.33799999999999,81.688,72.152,72.08499999999999,43.235,72.655,72.919,72.55800000000001,81.348,60.26,79.708,79.84999999999999,81.264,86.53100000000001,88.384,83.495,83.901,82.675,89.89100000000001,256.17,256.11,86.096,927.8,86.444,78.908,173.57,177.29,177.74,176.49,138.73,144.13,144.49,79.29000000000001,79.699,78.992,84.86199999999999,84.761,113.67,113.29,113.35,163.21,80.554,80.661,180.21,180.13,237.65,266.84,256.37,33.814,32.957,66.79300000000001,66.938,183.77,210.48,209.74,212.79,213.07,72.75,86.733,61.597,77.54900000000001,78.455,169.96,46.748,46.809,89.11799999999999,79.414,85.729,84.90900000000001,61.005,60.962,20.623,86.667,87.858,44.304,202.68,166.37,166.94,178.48,178.46,20.987,20.293,85.84399999999999,85.09,172.54,172.47,172.42,172.57,25.455,178.85,179.03,0.39747,0,0.49362,0.2681,60.675,60.985,60.788,207.78,234.02,263.17,260.87,19.288,19.393,59.943,59.529,107.12,132.48,87.497,110.02,172.65,172.77,173.22,30.847,32.976,29.513,80.279,80.455,193.24,153.7,80.977,80.789,81.583,72.569,74.79000000000001,29.041,32.515,29.185,29.037,152.71,153.05,179.95,171.36,170.46,197.91,75.09,75.32599999999999,58.218,224.52,192.14,130.7,146.61,144.17,172.33,172.61,82.185,82.282,173.38,173.76,91.69499999999999,91.545,75.80500000000001,84.28100000000001,98.499,73.49299999999999,73.47499999999999,180.38,186.69,83.702,84.123,85.90900000000001,263.85,268.46,56.292,55.885,177.36,177.61,178.66,252.85,252.88,181.92,182.29,12.636,183.33,183.16,80.54600000000001,65.032,64.974,155.68,187.69,188,127.68,20.781,209.58,204.56,205,84.504,85.345,84.395,235.1,234.51,83.407,54.849,55.195,56.014,55.537,36.074,77.581,176.89,192.15,204.68,297.43,174.94,72.04900000000001,68.405,71.818,154.71,152.13,249.66,99.483,183.01,183.67,160.98,160.64,158.72,158.55,60.58,60.777,85.866,171.92,339.69,55.699,58.394,71.54600000000001,72.88800000000001,71.61499999999999,79.468,79.46899999999999,92.2,218.04,217.91,172.14
28.861,30.077,30.195,29.307,182.57,184.96,178.83,185.41,71.36799999999999,71.66800000000001,83.89,83.203,91.44199999999999,119.48,25.856,70.056,182.5,182.65,45.109,20.98,21.905,20.898,20.803,47.079,47.324,214.89,214.84,81.854,71.29300000000001,29.212,29.223,174.04,57.084,56.163,215.41,215.54,84.651,180.99,227.95,58.204,67.58799999999999,22.678,22.743,88.071,88.15000000000001,30.379,30.913,30.259,122,102.8,134.01,104.56,114.25,197.34,197.64,26.845,24.059,23.939,23.724,23.569,23.774,25.873,23.82,23.613,23.652,27.748,24.165,62.341,62.004,178.78,178.88,182.71,183.2,182.74,175.13,175.87,131.4,90.714,90.81999999999999,65.723,65.973,72.117,30.22,18.11,18.176,59.561,59.676,93.033,74.116,74.97,74.95699999999999,83.61499999999999,83.702,149.9,150.22,74.164,74.283,171,269.65,242.49,75.38,75.29900000000001,73.31,81.253,81.214,72.286,72.512,51.048,72.601,73.14100000000001,74.506,81.36799999999999,60.036,79.681,346.25,81.432,86.187,89.968,85.066,82.788,82.76300000000001,87.251,256.89,256.18,85.877,134.09,86.825,78.98099999999999,173.41,178.02,177.6,177.39,137.65,144.09,149.77,78.989,79.175,79.026,88.726,85.126,117.94,113.22,150.9,177.92,86.63,80.63800000000001,180.17,179.97,224.84,256.26,261.44,33.801,34.102,66.642,66.53100000000001,184.13,209.19,210.49,213.1,212.9,80.431,73.34099999999999,61.435,78.33499999999999,77.7,169.88,46.626,46.378,79.39400000000001,80.232,86.687,84.845,60.683,60.933,19.743,90.26000000000001,84.836,44.567,166.81,166.11,166.04,178.44,178.52,33.663,20.799,84.333,84.352,172.26,172.57,172.3,172.04,25.146,179.01,178.97,0.31865,0.49362,0,0.36517,60.708,61.369,73.495,207.36,191.08,260.79,260.63,19.18,19.201,59.721,59.499,106.69,140.92,83.572,87.405,173.99,172.82,172.55,33.347,39.479,27.829,80.38,80.42400000000001,190.07,141.33,80.908,80.684,85.02500000000001,72.071,75.944,29.101,36.528,29.007,29.092,152.61,153.02,169.03,170.81,170.39,182.89,75.51600000000001,80.15900000000001,42.613,303.53,192.1,131,143.96,144.22,172.4,172.44,82.297,82.108,173.38,173.81,96.313,91.489,75.627,76.619,93.779,73.20999999999999,73.426,180.08,187.58,83.67,83.82599999999999,83.468,265.43,266.63,56.067,55.783,177.34,178.27,177.62,253.15,252.91,181.81,181.8,12.382,183.18,183.14,80.241,55.398,69.411,155.41,187.62,187.52,127.63,29.222,204.48,204.58,204.16,85.50700000000001,84.024,85.387,235.26,234.62,84.586,55.22,55.699,55.222,55.415,122.4,77.256,176.13,205.39,204.7,295.45,175.03,77.703,73.94499999999999,104.87,152.15,152.05,249.51,100.73,183.15,183.18,160.82,160.74,158.75,158.61,60.676,60.608,81.40000000000001,172.09,204.1,67.645,55.818,72.58,71.498,71.792,80.218,79.437,105.73,218.04,217.99,172.01
30.076,28.851,30.014,29.454,184.87,186.09,179.94,178.55,71.925,69.848,83.85899999999999,84.136,118.21,142.24,26.354,55.039,182.34,182.88,43.592,21.118,20.919,20.847,21.707,47.584,47.328,214.86,215.5,84.377,132.6,29.096,29.907,172,56.623,59.151,215.87,215.74,84.63,180.8,253.06,58.84,743.83,22.593,23.77,90.651,89.224,30.827,30.8,31.306,102.39,108.45,137.1,119.94,101.23,197.64,197.84,25.557,27.439,24.622,25.583,24.089,23.727,26.234,24.548,24.005,24.817,25.244,23.839,61.998,62.405,178.56,179.21,183.36,182.95,182.57,174.84,175.47,132.83,90.953,90.759,66.386,66.67100000000001,77.038,20.986,18.363,18.219,60.281,60.086,89.364,74.94,76.202,75.148,85.197,85.017,150.73,151.02,74.33199999999999,74.18300000000001,171.8,231.83,267.89,73.438,74.02800000000001,74.658,81.69,81.61199999999999,75.297,72.643,25.455,72.93899999999999,73.239,83.062,83.79300000000001,60.764,80.04600000000001,82.20399999999999,82.732,87.134,428.85,83.593,83.06399999999999,83.06999999999999,88.33199999999999,256.48,256.39,87.652,1436.7,88.14400000000001,77.565,174.89,177.91,177.68,178.66,134.29,144.41,144.43,79.18300000000001,79.35299999999999,79.16200000000001,84.831,84.908,114.21,113.44,113.1,168.63,80.995,80.974,180.65,180.15,258.99,261.55,256.41,33.414,33.952,67.178,67.105,183.92,210.56,209.74,213.83,212.85,71.715,76.43899999999999,61.983,77.726,78.035,174.65,46.483,46.689,83.377,79.495,97.51900000000001,85.373,61.977,61.931,20.741,86.61199999999999,85.08,44.773,169.6,166.22,167.55,179.48,179.93,22.82,21.195,85.756,86.833,173.67,172.82,172.93,173.35,25.786,179.92,179.04,0.54735,0.2681,0.36517,0,60.474,236.09,70.07899999999999,191.49,217.33,260.98,260.94,19.295,25.266,163.01,76.486,107.41,188.97,83.419,95.498,174.71,173.21,174.69,31.34,32.939,28.772,82.06699999999999,80.80800000000001,188.37,147,81.03400000000001,81.13,80.848,72.867,131.2,29.984,32.201,29.106,29.3,152.89,154.02,182.29,170.57,170.9,207.25,75.452,75.26600000000001,43.479,299.99,192.6,132.4,144.08,144.51,172.64,172.61,102.74,90.696,173.62,173.94,92.226,92.687,76.295,76.322,111.77,73.578,73.31399999999999,180.32,187.16,84.916,84.242,83.857,264.09,264.07,55.822,55.955,177.9,179.46,178.24,253.5,253.22,183.46,182.37,14.888,183.79,193.59,80.92700000000001,63.875,66.045,155.46,188.43,188.17,127.85,23.026,205.1,205.39,210.03,84.45999999999999,85.822,95.99299999999999,234.63,235.17,84.321,57.983,55.712,54.852,64.595,40.239,78.18300000000001,177.05,199.68,296.37,205.09,174.8,67.678,66.90900000000001,92.389,152.08,152.21,249.71,94.289,183.66,188.6,160.8,161.08,161.34,159.73,60.824,61.136,88.453,173.8,206.24,59.977,56.26,71.736,71.604,72.102,79.601,80.08799999999999,102.1,220.12,219.41,172.3
77.794,76.20999999999999,75.956,75.843,134.12,135.14,134.24,133.42,44.796,21.271,58.009,56.606,68.982,74.80800000000001,71.679,87.753,140.48,140.51,51.443,71.035,73.169,74.759,70.639,21.529,21.615,168.17,170.6,34.174,61.355,63.089,62.952,126.74,7.0626,9.689399999999999,173.69,174.73,38.225,141.73,210.71,16.805,17.622,73.48699999999999,72.851,43.745,42.206,64.05500000000001,64.79300000000001,64.047,48.947,49.553,87.96899999999999,82.526,54.734,155.5,156.84,73.51900000000001,74.621,72.255,71.79600000000001,71.846,71.804,72.304,76.43600000000001,72.506,72.349,71.78700000000001,71.73699999999999,35.673,35.843,136.75,137.47,136.13,136.4,136.19,129.38,129.17,70.956,43.572,43.327,39.19,41.047,14.854,46.259,41.826,41.824,32.439,32.468,42.266,27.093,27.233,27.038,28.219,27.954,212.85,212.93,27.152,26.288,129.03,279.84,241.9,15.013,17.336,14.973,33.201,33.233,37.688,37.66,108.35,24.769,25.591,24.923,32.493,25.299,28.935,25.727,29.727,78.489,46.158,34.119,35.864,33.937,34.511,288.14,291.6,37.285,234.16,37.896,32.101,133.35,138.63,138.75,138.68,173.59,178.66,178.87,52.561,52.489,52.567,38.376,38.107,64.297,64.58799999999999,107.76,218.32,54.043,54.106,138.15,138.12,230.83,293.09,298.42,67.401,67.58,37.868,37.597,142.85,163.74,162.57,170.99,170.86,65.086,60.109,34.73,31.698,30.938,127.9,20.966,21.011,69.251,65.41200000000001,79.398,38.289,11.976,11.578,70.83799999999999,40.169,38.21,19.01,140.18,144.6,141.83,136.41,137.25,58.943,59.501,38.321,39.102,130.53,130.13,130.47,130.12,84.91,132.3,132.38,60.528,60.675,60.708,60.474,0,0.62087,0.92438,196.62,179.21,213.91,214.06,43.207,46.322,32.549,33.133,80.60899999999999,98.288,35.256,74.886,126.88,127.75,130.44,79.114,93.002,85.087,23.98,23.507,144.33,250.41,32.142,32.105,35.124,28.298,27.226,87.075,87.011,87.05500000000001,87.252,187.77,187.68,204.09,132.31,133.67,158.28,17.768,17.319,25.621,237.63,150.42,191.67,211.14,211.04,130.68,130.41,49.846,37.503,205.66,205.79,35.025,34.665,48.133,48.108,87.858,24.527,24.581,138.21,152.84,36.856,40.782,36.862,217.33,217.95,6.6819,7.2646,136.89,135.8,135.43,206.47,206.19,136.92,136.94,73.47,141.27,141.18,31.541,22.132,7.866,190.44,144.93,144.99,187.13,71.17,355.93,345.57,345.75,42.954,36.952,36.792,192.68,192.8,44.672,8.4617,7.9353,7.0437,14.816,196.09,21.639,133.99,147.93,251.81,251.35,133.51,53.078,52.246,53.535,189.63,187.16,202.93,30.252,141.7,140.97,247.22,245.85,215.34,215.3,11.608,11.531,32.009,130.26,162.67,7.4171,6.9362,22.486,22.391,22.521,30.595,31.978,63.252,176.19,175.94,126.43
79.646,76.661,80.983,76.08199999999999,133.12,135.27,134.55,133.65,46.293,40.642,56.718,56.673,62.965,51.742,84.004,106.85,146.03,140.31,51.256,71.01300000000001,73.32599999999999,70.825,70.788,21.564,27.739,167.57,169.48,46.544,78.351,63.013,63.149,126.71,6.8093,7.1032,173.65,173.49,38.296,141.33,173.14,16.775,21.395,72.958,74.148,45.04,42.081,64.095,64.337,65.664,55.705,61.026,61.259,50.65,50.644,156.53,157.74,73.13500000000001,74.28700000000001,72.40000000000001,73.17400000000001,71.99299999999999,72.67100000000001,74.464,75.669,76.739,79.09,72.372,84.881,35.539,35.546,136.96,136.8,136.24,136.19,136.01,130.7,130.2,71.032,43.737,43.466,39.159,39.646,18.854,41.878,42.152,46.179,32.496,38.667,46.333,32.736,34.882,26.597,26.576,26.496,212.91,212.94,37.309,26.288,128.98,250.9,256.07,14.917,15.574,14.925,33.343,33.157,37.886,43.981,276.81,25.223,25.384,35.822,32.517,39.8,25.876,31.785,24.796,62.617,34.727,34.275,34.101,44.994,35.907,289.34,288.18,37.268,447.94,39.04,31.133,133.24,142.59,138.64,138.77,186.13,178.88,179.79,52.609,52.484,52.568,38.284,38.217,79.143,64.242,64.092,222.82,54.236,54.525,138.12,138.71,202.31,298.43,293.8,68.684,76.94199999999999,37.75,37.717,142.27,165.62,164.3,171.14,170.99,58.543,102.99,34.722,31.241,31.554,128.55,21.192,21.042,66.14400000000001,73.76600000000001,85.979,38.457,13.582,12.802,70.678,40.49,38.425,18.643,142.32,141.9,143.63,137.62,136.54,59.066,59.328,39.803,38.364,130.29,401.45,130.23,130.57,84.83499999999999,132.67,132.28,60.918,60.985,61.369,236.09,0.62087,0,0.98312,193.75,188.64,213.95,213.94,46.361,43.272,32.636,32.562,80.98699999999999,115.54,70.61799999999999,44.163,140.06,127.03,138.6,84.98999999999999,80.92,85.465,23.324,23.445,146.26,234.6,32.192,32.036,34.253,25.407,25.413,87.095,87.056,87.084,92.383,187.78,188.36,202.69,129,128.38,158.73,16.385,27.314,32.671,150.38,150.29,190.46,210.98,211.05,130.65,130.43,58.462,41.333,205.85,205.83,34.616,34.552,51.239,48.237,55.291,29.846,24.544,138.29,146.23,37.158,36.743,37.05,217.37,220.71,6.9418,6.7254,135.52,136.82,136.86,206.16,206.26,137.03,139.17,86.29000000000001,142.38,144.66,31.503,25.146,27.25,190.31,144.95,145.03,187.02,76.76000000000001,345.7,356.29,346.93,35.788,36.36,45.306,193.21,192.65,37.854,6.7245,7.0007,7.4595,11.893,155.46,22.472,134.38,159.29,160.52,165.91,133.5,52.294,52.242,60.425,187.67,187.03,211.1,30.43,141.36,140.81,245.66,245.7,219.96,215.42,11.54,11.435,33.621,130.32,162.45,7.1659,22.412,22.55,22.805,24.37,37.838,31.26,41.878,175.98,176.02,127.25
76.399,77.301,76.03700000000001,76.252,137.14,135.82,134.26,135.44,45.633,21.861,56.807,57.816,39.719,35.014,72.244,159.51,140.61,405.79,51.653,71.396,80.3,72.717,73.697,22.751,22.05,169.77,169.58,42.909,19.773,63.577,64.699,129.37,11.83,13.889,174.85,177.1,41.256,143.53,199.54,17.22,21.074,75.548,73.419,41.739,41.913,64.40600000000001,64.681,65.01900000000001,53.084,61.474,66.248,90.65900000000001,61.985,156.52,157.21,72.35899999999999,74.928,72.349,89.68600000000001,73.22499999999999,72.179,74.217,74.045,103.81,71.985,72.517,86.38200000000001,35.765,35.669,137.06,147.04,136.25,136.59,137.99,129.52,131.52,71.782,43.475,43.551,40.708,43.428,13.904,44.323,42.103,42.44,32.982,34.268,45.29,27.594,27.198,26.92,28.596,28.214,213.19,213.6,27.037,28.945,130.39,235.93,227.31,15.197,18.623,15.689,33.783,34.14,39.115,37.983,103.66,25.509,25.589,24.973,32.903,25.277,36.95,25.51,26.107,58.324,47.551,34.908,34.244,34.977,35.366,288.77,292.76,38.87,238.77,37.535,29.952,142.08,139.16,139.25,138.94,185.45,179.41,179.01,52.967,52.705,52.861,45.433,40.003,66.857,76.815,64.273,219.38,54.338,54.392,145.38,138.83,203.34,293.54,294.05,69.58499999999999,68.158,38.203,38.148,144.45,167.84,164.68,174.77,171.82,119.85,81.852,35.377,32.443,33.894,128.32,22.432,21.328,78.628,75.82899999999999,84.035,38.649,12.258,12.524,71.04900000000001,42.193,38.335,22.968,223.66,146.71,150.03,137.98,142.67,60.495,59.696,41.797,39.536,131.02,132.83,130.79,130.56,86.12,132.51,133,61.337,60.788,73.495,70.07899999999999,0.92438,0.98312,0,216.71,199.45,214.34,216.09,47.675,45.638,32.998,32.683,81.93899999999999,124.92,35.82,76.18000000000001,128.36,129.04,131.32,249.05,79.937,80.93899999999999,23.65,23.668,141.32,234.91,32.568,32.856,32.475,27.988,25.723,88.18000000000001,88.239,88.425,87.43300000000001,189.73,190.69,203.17,128.99,132.21,184.11,17.8,16.17,20.137,254.82,153.89,194.68,212.2,217.79,130.81,132.08,36.612,36.173,205.82,207.44,34.884,36.032,49.062,48.199,81.81100000000001,25.442,25.175,139.52,159.6,37.414,38.735,37.077,217.42,218.25,6.9466,7.0283,138.66,136.11,137.08,207.22,209.45,138.25,137.42,74.94799999999999,141.67,141.41,32.227,6.7979,22.333,192.25,145.25,145.56,187.17,71.363,348.75,348.05,352.78,37.139,36.709,41.119,192.78,193.52,39.066,7.6714,28.598,8.657400000000001,22.938,110.65,22.429,135.55,155.31,160.79,160.97,134.13,51.234,57.256,52.125,187.68,187.71,203.93,30.492,141.46,141.25,253.06,245.96,215.53,216.25,24.185,13.476,46.204,131.08,162.64,6.7534,7.5778,23.002,22.624,22.681,44.174,34.564,25.69,178.19,176.37,127.37
247.31,231.44,208.91,219.25,40.296,80.261,30.086,63.617,135.01,182.58,245.14,195.1,198.19,202.25,211.07,180.17,112.18,82.40300000000001,208.68,213.04,236.52,224.5,207.12,198.86,178.65,50.24,100.75,187.57,199.08,226.8,267.24,62.527,181.87,181.61,70.383,90.072,142.33,170.17,115.75,180.35,178.21,237.15,218.05,177.42,150.68,200.86,218.22,190.69,144.92,190.86,123.02,237.06,175.8,57.901,31.418,229.34,203.73,218.71,235.27,265.5,234.78,249.88,224.51,240.7,210.25,198.81,215.08,176.92,191.54,72.931,96.387,83.297,86.892,85.636,98.874,74.66,223.73,150.13,147.66,177.85,178.14,139.8,193.03,206.36,186.79,241.98,192.96,125.55,125.17,190.14,154.06,179.81,135.58,357.45,318.53,158.12,157.39,93.536,142.83,159.13,172.59,194.5,176.85,203.34,163.81,120.45,98.072,197.38,174.54,153.33,144.35,151.27,129.77,184.77,156.26,145.13,133.34,187.19,153.42,190.5,128.03,157.11,281.51,256.94,144.73,1095.2,138.26,160.82,50.453,74.93000000000001,63.148,73.95999999999999,329.41,377.36,311.36,236.72,189.79,191.86,169.44,118.16,211.6,195.66,200.23,312.91,179.83,190.05,52.364,62.804,135.55,324.91,263.33,198.53,234.91,194.77,170.71,75.73399999999999,88.31999999999999,91.91200000000001,86.16200000000001,96.11799999999999,165.98,131.89,196.3,156.68,216.22,72.161,196.99,176.96,155.51,131.32,165.83,118.25,207.19,180.12,222.33,181.77,169.57,171.18,25.691,36.453,25.187,57.92,74.77500000000001,218.46,214.75,147.42,122.24,69.721,59.132,76.89100000000001,58.231,223.31,112.41,56.127,252.77,207.78,207.36,191.49,196.62,193.75,216.71,0,119.2,302.06,329.26,223.84,178.8,177.4,181.69,212.48,217.72,234.65,198.69,38.294,77.249,67.137,201.2,234.84,198.63,145.38,184.9,114.67,334.74,136.28,149.41,151.16,140.78,145.12,250.22,228.89,219.42,220.14,332.65,324.23,312.48,71.25700000000001,81.58199999999999,102.16,204.13,159.03,183.65,93.23999999999999,127.85,350.25,370.91,358.92,56.111,101.77,184.55,172.5,369.31,385.51,130.98,175.46,193.95,205,146.03,208.06,154.33,76.566,66.848,189.19,164.25,212.94,309.5,304.73,170.73,166.06,77.018,78.48399999999999,70.72799999999999,335.22,331.36,101.68,33.197,238.37,75.505,73.523,188.28,203.64,179.19,320.48,67.404,67.95099999999999,343.29,241.25,461,469.06,513.85,166.45,152.34,139.79,142.5,117.33,136.68,186.67,203.87,162.63,155.25,272.21,184.81,30.263,43.452,239.81,278.17,63.819,176.7,145.85,136.53,317.25,341.15,347.34,121.87,54.491,93.52500000000001,325.55,345.99,434.72,377.8,178.32,220.51,198.76,70.038,63.091,182.37,183.6,156.41,152.8,163.16,142.46,148.93,206.16,124.93,83.202,68.37
289.66,290.99,247.52,238.35,137.72,133.91,61.711,79.154,159.85,199.6,232.03,234.82,191.31,202.62,199.2,248.5,95.621,122.83,234.4,243.16,262.87,205.65,301.93,196.83,225.84,121.82,88.072,222.39,180.47,221.47,239.18,39.566,167.55,237.13,93.509,115.46,181.98,176.85,120.74,196.39,172.01,218.03,253.38,162.74,149.31,216.19,254.99,224.53,153.39,137.06,164.24,212.38,168.62,86.333,94.288,259.95,266.29,248.13,249.47,203.21,250.92,223.82,278.43,224.23,283.67,240.37,223.9,258.38,255.16,80.033,99.404,153.16,101.54,124.27,82.70999999999999,87.241,248.56,162.93,181.26,195.69,208.18,170.52,205.38,210.35,286.1,239.26,201.45,171.29,220.01,151.93,149.72,181.71,193.64,341.73,328.63,192.86,156.68,90.18000000000001,131.98,174.38,202.09,174.98,196.71,191.83,240.95,138.24,162.6,273.69,187.73,180.14,184.52,136.8,199.48,146.74,153.62,174.14,153.26,207.21,153.57,158.66,180.36,171.94,288.09,265.94,162.72,207.53,164.36,153.56,78.03,100.14,84.252,104.52,323.43,338.6,364.02,253.85,246.8,214.18,161.18,151.06,210.27,259.11,196.11,377.02,268.36,239.18,111.74,107.62,220.66,292.2,286.84,253.46,218.6,214.31,241.8,110.79,99.422,79.68000000000001,111.33,87.777,170.3,98.437,187.65,171.04,161.56,105.04,239.43,172.11,148.64,152.39,186.69,201.26,205.24,187.49,189.49,202.44,170.71,207.26,100.3,76.22799999999999,92.611,64.205,65.614,259.6,241.31,183.11,148.55,106.7,113.53,108.05,112.83,241.23,123.35,102.65,217.34,234.02,191.08,217.33,179.21,188.64,199.45,119.2,0,384.22,309.01,183.9,212.67,221.81,214.46,211.37,282.66,238.42,251.41,100.22,71.634,80.21299999999999,243.78,210.06,225.12,151.62,170.33,90.55800000000001,366.41,184.89,151.71,162.94,212.56,156.54,246.08,227.98,286.27,284.44,354.02,345.17,300.53,100.27,70.803,138.44,168.05,229.28,218.1,136.95,72.095,379.76,387.99,348.88,87.714,107.11,201.01,212.04,399.68,387.65,168.58,159.03,215.25,231.47,170.38,209.24,186.24,112.75,59.466,168.31,166.82,153.81,394.53,336.88,193.11,158.73,90.06699999999999,84.117,103.93,329.71,325.69,81.553,70.04900000000001,232.54,82.90000000000001,170.46,197.31,201.78,210.51,360.02,110.36,101.33,346.75,254.98,495.32,486.76,512.5700000000001,162.52,124.46,135.46,146.81,146.36,212.17,188.55,163.64,222.02,192.38,226.44,187.47,70.24299999999999,128.12,276.87,260.52,73.98,173.51,150.67,150.32,364.95,381.48,348.31,144.72,112.11,119.07,372.79,360.83,410.37,420.53,193.35,235.98,171.75,96.348,105.88,215.38,174.12,172.57,173.23,195.57,181.97,147.92,204.37,136.38,138.97,89.95699999999999
276.52,275.57,275.71,274.25,294.47,305.23,302.59,302.37,184.07,224.05,212.98,212.58,279.4,206.51,232.5,253.13,316.65,318.03,258.81,271.12,265.65,266.48,263.46,223.67,223.7,288.56,290.68,236.98,280.82,255.85,255.83,295.51,209.4,209.19,289.42,289.29,194.26,304.21,310.71,219.23,220.92,265.9,268.47,197.56,198.31,256.75,256.98,256.82,210.58,206.24,212.24,210.62,278.21,271.7,272.75,265.1,265.08,267.58,267.18,265.69,266.46,264.84,265,265.8,264.66,265.09,265.02,231.8,231.6,296.75,297.86,311.19,311.35,311.13,304.38,304.1,186.54,211.07,211.1,235.37,247.27,197.4,244.38,244.02,244.04,207.6,207.66,200.93,196.23,188.78,188.86,217.07,226.45,387.38,387.3,188.2,188.23,305.24,359.47,369.83,198.5,201.63,198.52,221.65,221.53,216.14,209.45,287.29,186.89,187.25,186.82,192.33,192.32,195.96,197.44,194.73,200.15,230.73,207.1,206.85,206.83,218.64,486.31,486.22,196.56,236.52,196.56,220.35,296.34,312.41,312.18,312.24,343.66,370.25,370.17,255.1,253.67,253.75,194.26,194.32,258.94,258.98,259.08,400.09,261.85,255.59,314.42,314.32,369.47,491.5,486.25,259.82,260.18,229.27,229.19,318.25,283.53,287.74,346.37,344.5,218.46,228.14,230.79,193.82,193.44,304.16,223.18,224,224.55,224.18,235.01,194.39,226.56,218.64,218.15,214.13,200.61,221.82,289.31,279.79,289.12,312.84,313.56,254.91,254.75,195.78,196.82,306.48,306.48,306.51,306.38,271.13,307.39,307.45,260.5,263.17,260.79,260.98,213.91,213.95,214.34,302.06,384.22,0,0.22766,245,246.37,224.03,223.74,253.85,288.47,234.88,241.15,296,299.67,306.58,236.21,240.88,236.96,207.24,207.14,325.73,393.01,202.2,201.94,201.9,190.14,193.72,278.48,278.51,278.53,278.54,379.21,379.08,400.47,304.63,304.47,335.6,211.94,211.72,219.22,366.79,310.22,392.79,402.74,402.79,306.63,306.55,196.66,203.3,393.97,393.65,205.89,205.22,239.62,239.7,203.15,226.17,226.2,314.35,307.66,193.21,193.18,193.13,51.847,59.952,209.05,209.56,299.49,295.62,298.2,27.409,27.472,305.66,305.62,272.78,317.34,317.39,205.03,212.47,210.89,381.76,318.55,318.52,391.33,263.38,433.91,433.45,434.06,197.08,195.05,198.44,368.71,369.17,194.56,209.65,211.28,209.24,220.02,279.33,197.14,294.23,326.1,170.86,208.76,308.9,193.22,192.35,193.32,378.97,379.71,31.872,203.47,317.59,316.86,401.82,401.75,413.21,413.22,215.12,215.14,194.29,294.74,277.96,212.5,214.16,184.69,184.46,184.25,201.87,191.11,225.64,352.23,352.75,295.24
278.06,275.84,274.21,274.05,302.7,296.91,302.41,302.3,183.92,224.01,212.88,213.44,199.11,213.63,232.17,234.81,318.32,316.54,260,263.94,263.47,270.26,263.51,223.69,224.22,289.6,288.67,255.83,218.62,255.8,255.79,295.38,208.99,208.82,289.51,289.84,194.21,304.3,307,219.22,219.55,265.99,269,197.69,198.68,257.69,256.71,256.63,209.36,241.11,245.67,216.76,207.04,271.38,271.39,268.68,265.28,265.18,266.07,264.56,264.78,267.16,264.84,272.17,264.5,264.57,264.57,231.7,231.63,296.57,297.87,311.2,311.3,311.06,304.21,304.06,186.65,211.19,211.17,235.57,235.45,205.76,243.86,244.01,243.98,207.63,207.62,200.22,188.76,188.65,188.54,233.5,218.09,387.29,389.15,188.38,188.26,305.26,362.07,414,198.55,198.76,198.48,221.69,223.51,210.36,209.39,346.69,186.86,187,186.82,192.35,192.46,195.9,195.08,197.54,197,213.04,216.08,207.04,206.8,207.13,487.47,486.24,196.75,252.38,196.48,200.42,296.28,312.24,312.17,312.25,345.21,370.24,371.41,253.73,253.7,253.72,194.29,194.27,259,259.51,259.16,399.89,255.25,255.55,314.36,314.44,376.44,491.66,491.36,259.53,269.22,229.18,229.28,318.12,284.21,283.02,344.54,344.61,224.43,221.17,232.41,193.73,193.34,304.24,223.16,223.02,219.96,217.87,223.16,195.16,215.71,215.29,218.02,213.58,204.06,221.29,279.22,279.18,279.57,312.57,313.79,256.58,255.68,196.68,195.53,306.51,306.44,306.66,306.38,271.12,307.4,307.42,260.52,260.87,260.63,260.94,214.06,213.94,216.09,329.26,309.01,0.22766,0,245.06,248.46,223.92,223.79,253.91,294.03,236.92,235.42,296.7,295.92,309,237.9,239.02,238.65,207.17,207.33,323.81,400.79,202.48,201.95,201.92,188.23,190.95,278.57,278.61,278.51,278.55,379.22,379.12,399.08,310.03,304.96,320.87,211.7,209.98,219.23,390.25,310.25,393.04,402.82,403,306.63,306.54,210.6,197.57,393.7,394.51,205.28,205.3,239.55,239.65,227.7,226.19,226.17,314.49,307.33,193.06,193.58,193.24,51.847,52.786,209.07,209.39,295.39,296.44,295.81,27.429,28.273,305.67,305.7,271.45,317.42,317.53,204.31,215.93,214.76,381.8,318.55,318.54,389.24,263.95,438.76,428.95,433.47,195.33,195.69,194.54,370.18,368.87,195.75,209.52,210.55,209.36,212.33,277.09,197.26,294.08,302.02,208.92,210.39,309.62,194.35,193.4,192.82,381.85,378.31,30.514,203.54,317.31,317.12,402.66,401.77,413.17,413.39,215.09,215.1,195.02,292.96,278.76,214.95,212.95,185.9,184.24,184.41,190.57,190.46,228.31,352.19,352.58,295.12
25.378,23.116,22.637,24.157,172.37,176.49,164.26,164.07,56.392,70.96599999999999,108.11,107.78,106.36,67.15600000000001,26.403,126.96,167.43,167.49,45.681,34.966,34.901,37.485,34.853,31.485,31.416,199.76,202.48,76.855,61.512,26.932,26.867,158.01,38.179,38.03,201.84,200.7,69.34399999999999,167.61,193.05,42.746,42.693,36.466,36.502,72.816,72.74299999999999,28.087,28.617,28.034,133.72,122.07,122.96,95.876,94.798,182.56,182.65,39.342,36.014,36.396,40.021,35.837,35.819,37.218,86.205,38.658,36.149,38.779,36.706,60.518,58.595,168.72,165.09,167.58,167.55,167.44,161.03,159.19,102.02,76.941,75.30500000000001,49.334,50.119,66.017,2.2119,2.0015,2.0208,42.243,42.101,73.71299999999999,57.339,58.474,57.377,69.345,69.31,157.91,157.86,57.053,56.843,156.97,412.73,273.13,67.07599999999999,68.348,69.361,79.205,79.23999999999999,92.764,91.771,35.414,57.066,55.694,55.357,56.969,70.431,76.93000000000001,78.122,87.867,77.73699999999999,76.943,67.67,67.58,68.565,71.218,248.55,256.24,85.568,553.6,85.792,53.832,159.2,164.4,163.82,164.85,154.67,141.5,141.95,109.73,110.23,106.98,71.801,69.26900000000001,112.76,96.866,112.56,159.3,105.24,105.28,165.98,166.91,234.84,255.65,250.78,30.724,42.31,50.615,49.779,169.38,194.71,194.91,198.62,199.69,101.99,107.75,59.215,62.407,61.943,155.14,31.263,30.985,103.72,99.934,116.57,69.29900000000001,59.698,58.872,23.542,71.82599999999999,69.13500000000001,32.405,158.94,157.63,158.26,164.16,163.51,40.019,40.097,68.75700000000001,70.101,157.81,158.35,158.81,157.3,42.695,162.44,162.69,19.731,19.288,19.18,19.295,43.207,46.361,47.675,223.84,183.9,245,245.06,0,0.24876,42.373,42.372,109.85,129.72,110.91,72.04000000000001,168.28,157.7,159.8,26.279,32.284,32.593,64.724,64.628,187.93,142.22,93.42100000000001,94.095,93.11499999999999,56.569,56.603,49.928,49.876,52.838,51.693,150.5,159.57,161.67,167.41,163.22,198.57,87.123,85.852,27.218,259.21,177.48,150.22,161.54,162.27,157.47,157.47,66.879,66.755,165.81,163.17,75.73699999999999,76.005,59.824,58.137,74.89100000000001,45.603,47.704,167.41,221.94,69.849,68.357,68.824,248.41,249.15,45.156,38.067,163.97,164.61,172.44,237.38,237.36,167.1,169.72,40.932,168.7,168.96,64.896,37.663,43.068,157.29,172.08,172.17,145.75,37.965,194.15,194.69,195.4,96.98,96.97199999999999,97.571,220.44,221.02,70.97199999999999,37.916,38.729,38.323,38.2,48.076,53.342,161.14,175.9,282.32,192.97,163.93,71.11199999999999,66.494,66.878,150.97,150.35,235.23,86.25,167.38,168.07,159.12,158.32,176.2,176.14,58.673,58.732,66.372,156.5,190.45,61.926,63.83,57.829,56.778,56.72,63.301,64.08799999999999,64.88800000000001,203.68,203.16,157.24
22.472,28.077,22.471,25.873,167.12,172.71,163.89,171.29,56.39,70.261,107.88,107.98,101.91,124.15,22.578,57.181,167.53,326.56,52.258,44.8,42.789,37.47,35.826,35.544,33.333,201.83,201.18,71.95099999999999,52.019,28.793,27.879,156.75,38.182,39.553,209.14,203.2,69.21299999999999,167.75,220.4,45.456,42.571,36.95,36.85,72.34999999999999,72.446,28.786,28.324,28.152,111.99,96.976,102.69,100.39,122.57,185.13,186.05,36.173,39.101,37.716,38.383,36.287,36.511,41.379,97.589,40.937,36.652,36.188,36.315,58.814,58.242,164.9,166.04,168.61,168.07,166.19,159.56,159.7,102.65,76.744,75.23,52.326,50.733,65.94199999999999,11.095,2.2639,1.9647,42.142,42.201,73.51600000000001,57.311,59.131,57.08,74.934,69.358,157.79,159.33,56.816,57.692,156.24,254.18,260.06,69.05800000000001,68.36199999999999,67.10599999999999,80.26900000000001,79.431,91.99299999999999,92.01000000000001,107.6,59.807,55.575,56.012,64.598,62.269,76.76900000000001,77.242,76.858,79.03,70.426,80.53100000000001,67.489,68.443,72.121,247.41,245.32,87.17100000000001,130.99,85.547,61.387,159.95,165.25,166.54,165.24,145.94,143.39,150.73,110.22,106.95,106.99,71.967,70.405,142.28,97.211,96.465,158.15,111.46,112.34,167.61,167.58,251.19,254.92,244.58,32.293,33.943,56.716,49.996,170.88,194.45,194.39,199.76,200.14,147.58,108.14,61.502,65.13500000000001,62.158,159.1,30.91,38.122,101.26,106.75,120.17,69.328,60.473,58.944,23.121,71.202,69.181,28.721,164.34,157.63,158.04,163.45,163.62,40.106,49.393,68.798,70.688,157.67,157.41,159.02,157.76,42.832,162.4,163.02,22.571,19.393,19.201,25.266,46.322,43.272,45.638,178.8,212.67,246.37,248.46,0.24876,0,44.363,43.31,96.643,104.58,122.93,69.73999999999999,159.77,157.61,157.71,29.527,29.44,32.972,70.961,64.77,164.5,147.7,96.01600000000001,94.59,94.90000000000001,56.784,59.509,54.959,51.544,51.45,50.196,150.52,150.44,165.79,159.06,155.66,177.95,87.116,84.221,39.119,183.54,177.42,148.85,161.51,161.64,159.77,157.56,66.76000000000001,66.71899999999999,163.65,163.36,81.657,76.233,58.397,84.69799999999999,66.989,46.495,48.916,166.14,173.06,68.212,69.07599999999999,70.494,248.41,248.66,37.998,37.967,163.81,163.02,164.73,242.8,237.58,166.98,167.03,48.192,168.51,170.8,65.029,45.825,53.022,153.49,172.73,178.45,147.55,37.545,190.13,200.33,200.72,97.006,98.652,96.33499999999999,220.88,223.52,68.068,38.74,38.506,38.277,38.614,313.32,56.48,165.24,185.74,194.95,192.46,159.99,66.768,66.34999999999999,66.149,150.04,149.89,234.53,84.72499999999999,168.43,169.4,158.95,160.68,181.15,176.19,62.31,62.63,66.251,157.06,193.44,61.984,66.193,57.272,57.472,58.685,64.723,68.119,58.768,205.25,204.2,157.72
59.523,59.38,59.803,59.477,143.97,145.75,151.18,152.11,26.456,56.897,31.708,31.597,97.285,99.476,59.259,100.8,149.01,150.02,61.258,42.516,42.971,42.318,42.239,21.069,20.921,181.51,180.84,74.777,74.76600000000001,34.538,35.037,144.28,28.473,27.562,181.87,186.56,49.202,141.28,186.42,32.418,33.194,44.662,45.658,57.479,57.458,35.816,35.532,35.867,58.807,57.214,84.744,83.587,97.62,163.48,164.68,55,43.582,44.653,44.467,44.719,43.379,45.018,43.499,43.456,43.385,43.652,43.849,4.454,4.6385,144.7,144.86,147.24,147.96,148.1,144.75,140.65,71.002,45.443,45.443,8.219799999999999,8.2501,51.258,41.415,43.838,41.266,0.92372,1.0382,62.512,43.3,42.98,42.703,54.463,54.452,152.78,152.57,42.205,42.026,137.21,202.69,220.82,53.111,53.956,52.729,48.245,48.172,40.289,39.958,127.16,40.501,41.956,40.515,47.165,48.377,41.019,63.118,45.724,45.942,48.236,38.041,37.567,37.618,38.642,262.59,262.64,54.686,90.684,49.732,42.498,132.49,137.86,137.84,137.85,161.95,150.11,151.16,30.652,30.803,30.744,84.596,54.084,85.962,85.696,130.53,187.45,28.906,29.124,146.3,146.08,213.2,267.55,272.7,38.601,38.487,7.0581,6.9885,149.84,176.86,175.57,179.08,179.04,44.888,60.842,3.8736,47.191,47.914,143.54,20.285,20.279,48.401,60.06,68.236,54.262,37.387,38.371,42.033,40.04,54.277,18.211,119.44,118.72,118.82,145.99,145.06,80.718,85.97799999999999,49.896,54.001,138.38,138.69,138.33,138.25,49.936,143.47,143.9,59.871,59.943,59.721,163.01,32.549,32.636,32.998,177.4,221.81,224.03,223.92,42.373,44.363,0,1.8591,98.437,97.492,55.711,84.68000000000001,145.67,144.88,138.56,54.465,55.375,57.956,51.379,51.582,146.99,146.72,47.832,47.727,47.653,41.683,42.432,58.889,58.41,58.442,58.463,159.08,159.16,180.21,136.64,136.27,146.51,53.959,48.152,33.43,170.44,158.36,205.61,201.82,201.81,138.88,138.38,66.35299999999999,62.115,179.76,180.81,57.668,57.74,17.467,17.388,69.377,34.68,34.61,146.34,152.41,48.129,49.327,48.176,227.25,228.59,27.455,27.561,144.19,143.58,143.83,216.1,216.28,154.49,154.52,71.003,152.47,154.31,35.041,28.728,31.091,161.73,153.16,153.54,207.51,61.343,337.14,350.24,340.54,61.267,64.831,57.393,200.96,200.93,48.198,28.383,28.034,27.888,34.965,93.04600000000001,47.632,142.3,168.73,265.21,173.45,141.17,42.069,41.629,41.504,158.81,158.25,223.8,50.083,148.62,148.73,166.92,167.39,218.14,218.45,40.814,37.202,37.024,129.54,170.26,28.395,28.483,26.696,26.558,26.667,48.306,48.519,51.346,184.28,184.09,144.07
59.622,61.811,69.352,59.794,149.36,145.77,153.42,152.2,31.718,56.869,32.961,31.501,52.8,65.328,47.101,98.583,148.49,150.04,64.051,42.513,49.777,46.136,42.531,21.045,21.638,180.7,181.89,66.803,75.827,34.57,34.571,144.28,27.551,37.99,181.88,181.8,49.468,146.05,182.77,32.967,31.66,44.035,44.581,58.006,60.262,36.085,49.967,43.456,74.2,72.76000000000001,55.519,59.91,63.878,164.93,163.75,43.953,44.745,45.265,46.903,46.034,43.46,44.91,44.121,48.999,43.296,43.354,43.788,4.4697,5.3865,145.04,147.51,147.25,150.28,147.36,141.6,140.62,72.248,82.06,53.23,8.145200000000001,8.098599999999999,51.175,41.267,41.28,41.673,0.86287,4.402,62.353,42.411,43.627,48.774,54.5,54.395,152.77,153.33,41.989,41.963,139.21,209.89,298.61,52.433,53.271,53.087,50.333,48.379,39.857,39.74,88.41200000000001,40.89,40.661,50.471,50.473,48.253,47.266,40.77,41.852,53.981,41.122,37.825,37.572,37.899,39.408,262.55,262.91,51.41,137.26,52.084,54.021,132.75,137.73,137.85,139.85,160.29,150.2,150.39,30.696,30.763,30.664,54.218,54.123,85.46599999999999,85.008,86.3,182.32,33.901,29.01,146.27,148.14,264.88,267.79,263.65,38.729,43.912,7.1037,7.347,149.9,175.46,175.98,181,180.48,43.944,70.24299999999999,3.8496,50.35,50.428,136.37,20.436,20.389,51.834,49.434,53.514,63.804,40.275,38.499,41.969,41.413,54.768,19.917,126.32,118.39,119.82,145.08,145.47,82.943,79.621,50.154,50.802,138.32,138.25,138.25,138.27,50.96,143.53,143.49,59.798,59.529,59.499,76.486,33.133,32.562,32.683,181.69,214.46,223.74,223.79,42.372,43.31,1.8591,0,89.645,114.47,82.251,57.943,145.01,145.28,146.36,57.546,55.775,59.739,51.339,51.248,150.83,146.77,47.955,47.656,47.634,44.595,41.823,58.401,60.252,58.73,58.389,159.12,159.08,188.88,136.3,137.27,167.8,50.066,49.669,32.096,236.89,158.33,210.98,202.09,201.98,138.72,139.15,51.354,83.227,180.69,179.74,75.45999999999999,57.85,17.503,17.546,77.565,34.389,34.375,149.67,154.77,49.076,50.576,49.867,227.19,227.32,27.463,27.438,154.77,145.9,146.45,217.21,216.12,154.4,154.49,72.09399999999999,149.28,149.23,35.118,39.15,43.503,188.77,152.97,153.03,208.17,43.121,331.57,341.46,331.55,56.926,56.318,56.298,200.95,201.12,50.313,33.614,30.65,28.514,28.466,99.465,50.082,142.22,172.14,268.01,265.07,141,41.323,42.113,41.457,158.27,158.28,225.02,51.172,148.85,148.68,166.98,166.9,219.91,218.19,37.746,40.691,37.135,131.12,172.82,28.165,28.593,26.653,27.299,26.576,48.01,48.746,46.471,184.06,184.25,144.87
122.21,122.23,121.85,152.73,164.89,167.89,166.34,166.35,69.98999999999999,68.218,145.04,140.21,103.57,116.17,27.768,98.11799999999999,173.29,186.86,106.77,117.91,123.68,127.08,116.83,68.913,69.70999999999999,205.37,206.68,87.84699999999999,75.254,109.36,109.42,162.29,55.353,56.081,206.34,207.84,86.63500000000001,174.04,203.55,87.934,80.965,119.59,152.73,111.69,135.83,111.7,123.88,110.42,104.83,125.16,191.27,133.04,117.88,188.12,188.3,152.8,145.75,119.8,121.4,118.37,118.42,127.73,130.47,145.97,150.17,158.3,118.14,82.94499999999999,82.68600000000001,169.47,170.91,168.71,169.12,168.96,162.08,161.7,118.7,89.72799999999999,89.28,80.26000000000001,78.498,78.706,90.042,122.49,90.375,108.43,80.789,91.827,101.52,74.795,73.85899999999999,69.203,67.64400000000001,252.85,252.98,77.649,73.622,161.72,249.18,270.58,114.81,96.973,117.54,95.642,95.721,90.13,90.04600000000001,37.937,87.331,72.744,72.16800000000001,69,76.63200000000001,97.97199999999999,91.83199999999999,74.384,82.366,83.471,90.822,81.52,111.61,111.87,335.01,335.25,79.035,187.54,79.26300000000001,79.27800000000001,165.37,171.29,171.8,171.43,150.24,226.02,226.73,101.03,100.22,116.25,109.51,112.76,6.6599,6.6913,6.6238,246.53,101.89,129.71,170.87,170.84,267,345.98,340.12,113.04,113.01,78.488,78.45399999999999,174.54,202.24,200.11,203.62,203.64,90.964,91.91800000000001,83.63800000000001,95.639,78.199,160.66,68.52500000000001,68.35299999999999,83.94799999999999,85.887,104.82,85.871,102.29,78.73099999999999,24.376,103.99,87.476,67.348,171.41,168.17,233.07,170.84,170.28,145.36,106.26,92.52,129.21,162.97,163.65,163.03,162.89,124.55,165.16,165.12,106.89,107.12,106.69,107.41,80.60899999999999,80.98699999999999,81.93899999999999,212.48,211.37,253.85,253.91,109.85,96.643,98.437,89.645,0,2.8355,44.803,45.394,160.82,160.13,163.15,33.201,28.257,31.411,63.034,63.614,179.24,276.44,79.711,81.86499999999999,98.039,80.96599999999999,121.67,134.75,135.32,134.3,145.32,236.68,237.7,246.25,161.45,160.96,181.67,75.2,75.32599999999999,73.042,194.31,183.03,242.15,253.62,249.72,163.12,163.05,136.52,105.59,258.04,256.23,70.52500000000001,65.842,95.917,96.923,109.19,108.02,76.956,171.88,203.92,127.81,85.253,84.307,257.71,257.33,85.723,56.553,168.26,168.45,168.6,246,246.04,169.59,169.64,121.07,176.16,174.47,78.93600000000001,77.14100000000001,61.989,237.67,177.85,177.66,243.92,117.78,355.01,361.64,354.98,83.31100000000001,83.556,85.726,225.79,226.3,83.86199999999999,57.894,81.158,54.219,56.762,171.45,73.92100000000001,166.89,188.2,291.17,200.46,166.22,60.609,61.335,60.931,322.38,234.29,254.81,85.874,173.4,173.43,278.44,278.43,262.66,304.71,77.122,101.51,98.087,164.19,195.45,79.148,87.01000000000001,84.38500000000001,77.714,70.473,66.96899999999999,67.44,35.416,206.67,206.38,160.06
182.74,213.86,153.3,157.11,208.15,218.61,188.2,193.65,108.08,95.021,130.3,148.18,163.89,143.7,77.611,122.56,219.46,204.55,157.05,127.85,177.08,165.55,116.99,104.47,108.07,235.86,242.11,121.88,142.62,137.68,139.45,178.79,143.8,131.58,237.61,233.96,138.34,226.79,250.1,80.07899999999999,113.52,167.37,186.16,115.78,138.36,132.79,145.91,140.87,147.29,148.85,154.15,137.38,137.95,242.46,230.94,188.44,141.9,154.9,163.92,143.05,145.22,171.52,132.9,134,124.31,150.3,169.33,107.88,142.21,193.82,209.47,193.89,191.31,209.9,195.27,176.41,177.99,121.62,143.01,82.989,138.36,91.45,120.7,114.58,101.54,96.30500000000001,202.44,125.03,96.184,85.407,117.63,111.69,87.81699999999999,290.92,271.3,106.17,109.77,190.11,278.25,299.27,95.39100000000001,112.89,80.861,130.57,127.75,117.02,129.59,149.74,122.78,123.7,82.578,94.67100000000001,82.40000000000001,98.623,108.26,102.5,122.39,112.09,105.93,106.83,89.60899999999999,152.34,374.82,392.81,104.69,308.89,122.31,143.13,177.6,187.52,189.68,234.79,185.87,266.11,263.89,147.04,138.28,154.61,108.19,114.13,28.015,56.511,63.2,343.14,135.97,165.15,214.91,212.75,292.66,369.7,373.01,150.96,154.87,95.627,107.24,201.13,219.14,239.12,221.44,257.16,165.61,102.85,124.1,112.65,121.89,181.65,126.15,85.401,133.24,136.99,120.49,154.36,97.64700000000001,105.64,62.324,138.81,144.85,107.89,212.01,212.59,233.96,218.24,206.43,146.88,134.09,119.13,131.14,203,230.53,174.6,176.09,133.07,195.04,191.14,147.28,132.48,140.92,188.97,98.288,115.54,124.92,217.72,282.66,288.47,294.03,129.72,104.58,97.492,114.47,2.8355,0,88.607,52.098,212.25,183.83,178.53,37.49,62.391,51.427,78.498,85.752,203.59,318.07,116.68,115.99,117.26,95.04600000000001,123.55,161.96,171.42,185.93,155.96,329.69,281.64,280.3,188.83,176.07,202.26,112.48,99.748,110.36,241.86,225.42,273.05,286.29,269.51,191.68,175.38,138.56,102.17,314.32,309.66,93.907,106.33,166.86,135.33,149.59,141.5,100.29,221.44,241.26,113.19,107.17,94.13200000000001,286.61,262.46,117.2,100.39,212.5,194.93,191.51,260.32,311.78,193.45,180.6,191.29,207.08,211.67,91.946,79.18899999999999,111.86,286.43,202.41,211.25,269.87,160.98,384.94,386.87,371.49,96.18600000000001,143.74,124.61,247.96,250.59,117.21,59.528,73.751,131.11,74.596,133.18,121.81,211.32,209.51,361.97,312.24,182.09,89.065,85.005,100.63,258.69,256.82,263.53,136.18,198.73,185.65,311.52,314.88,330.27,271.37,115.54,127.47,99.76600000000001,182.45,227.09,120.47,71.255,110.76,161.46,113.5,81.012,97.3,43.11,210.78,228.31,196.8
102.52,98.901,97.58,97.977,161.39,170.9,153.31,152.39,46.241,43.958,80.479,89.40000000000001,72.598,146.75,60.61,112.66,159.66,170.39,214.86,93.50700000000001,107.04,92.985,124.87,45.067,49.324,192.25,191.24,48.922,114.52,85.53400000000001,85.123,146.57,51.486,260.95,192.25,192.51,61.11,164.86,192.58,50.021,41.802,98.52500000000001,103.58,71.901,66.791,86.401,91.678,86.218,115.79,81.557,83.051,81.858,79.66500000000001,174.25,175.53,95.43600000000001,115.38,141.73,140.44,93.71299999999999,98.71899999999999,101.79,138.76,94.13,94.937,116.66,118.34,89.229,59.174,155.24,155.99,154.62,154.92,155.16,147.82,152.22,94.72499999999999,65.456,65.21299999999999,76.749,63.497,51.058,66.994,67.60899999999999,66.18600000000001,98.512,56.127,96.14,52.189,51.331,50.521,47.128,46.958,235.28,233.97,64.819,75.983,150.86,281.08,318.79,49.275,100.33,71.842,72.25,100.42,108.39,86.834,67.864,50.046,48.342,92.01300000000001,54.852,94.482,49.373,98.874,53.343,172.8,67.233,70.52500000000001,58.965,58.309,66.41200000000001,339.72,371.87,59.739,174.96,59.993,61.981,150.45,157.18,157.97,159.58,214.45,201.83,211.15,111.14,75.60899999999999,76.098,61.371,61.266,57.361,104.18,50.576,191.47,119.12,80.575,157.61,156.98,258.4,324.01,310.55,89.857,106.05,62.094,76.98399999999999,160.29,187.84,186.14,191.73,190.64,97.976,87.023,57.732,54.326,86.72799999999999,148.5,45.663,50.622,104.19,95.836,101.49,117.79,53.889,92.45999999999999,55.524,78.377,65.245,49.929,165.08,166.46,164.87,155.28,155.17,81.907,82.401,61.006,61.858,148.77,149.3,149.35,148.7,137.72,150.96,155.34,117.28,87.497,83.572,83.419,35.256,70.61799999999999,35.82,234.65,238.42,234.88,236.92,110.91,122.93,55.711,82.251,44.803,88.607,0,0.55587,147.41,147.56,149.37,63.903,85.03100000000001,52.825,43.803,43.907,168.93,259.99,59.673,55.533,63.316,93.214,49.142,110.69,111.41,149.42,110.18,226.51,211.66,202.47,148.38,149.07,190.73,50.704,49.468,41.665,230.13,168.93,229.94,235.14,261.29,148.98,148.98,87.218,69.124,211.69,211.06,41.497,45.444,71.45699999999999,71.175,89.72199999999999,48.198,74.74299999999999,157.01,162.62,104.36,62.64,73.068,238.06,238.33,60.995,51.536,156.82,155.01,153.94,227.44,229.63,155.48,155.64,133.74,160.61,159.97,54.695,33.136,66.23,213.21,164.03,164.83,230.43,94.893,343.55,378.89,349.75,59.282,66.631,107.58,211.24,211.45,62.265,33.751,31.566,31.404,30.877,114.24,59.727,152.71,178.34,272.41,271.96,151.84,72.696,71.92400000000001,74.849,211.27,210.38,226.63,102.7,160.94,160.03,264.42,265.8,238.77,284.74,87.809,50.125,55.841,148.2,181.85,30.891,34.19,63.508,46.208,49.779,54.71,53.133,11.282,187.34,188.33,146.83
107.65,98.761,98.229,144.15,170.4,160.1,155.83,153.28,76.227,99.11,125.11,89.084,116.19,141.65,53.362,113.18,161.54,161.01,75.627,93.22799999999999,154.07,100.29,93.25,46.446,49.82,192.22,194.18,70.07299999999999,120.3,132.58,86.407,146.64,32.021,48.301,194.6,193.95,117.25,173.04,190.31,42.367,230.66,95.334,95.77200000000001,77.431,66.777,97.7,89.059,91.428,106.07,104.49,123.36,79.29300000000001,92.68600000000001,174.37,178.14,97.02500000000001,97.09099999999999,154.21,104.19,123.49,120.2,132.82,172.95,94.59999999999999,94.29000000000001,105.11,97.47,60.297,97.11499999999999,180.43,158.5,170.47,155.04,155.04,153.09,150.7,105.01,80.113,68.842,62.959,65.517,49.838,90.782,99.849,66.345,56.226,75.798,69.108,51.618,56.481,96.11799999999999,69.858,63.002,233.98,234.8,73.133,50.089,151.18,253.54,265.98,86.321,51.191,81.277,114.34,73.556,89.871,87.98,84.49299999999999,78.29300000000001,57.627,66.503,55.53,91.291,51.504,69.84099999999999,57.729,238.87,146.57,83.849,91.387,87.367,100.97,337.98,348.91,60.065,147.71,83.90600000000001,65.151,150.71,158.78,167.65,158.38,196.14,202.18,208.78,102.37,76.261,76.133,103.12,61.762,50.616,62.505,52.008,190.96,77.901,98.41,169.05,158.17,241.15,322.52,343.82,91.355,112.09,92.92400000000001,89.986,162.9,250.27,203.36,189.97,189.83,119.46,112.68,58.519,55.43,54.951,147.03,65.535,44.794,97.435,105.02,99.10599999999999,69.572,52.543,50.108,57.884,64.92700000000001,78.556,43.23,169.32,164.8,170.3,170.54,157.85,85.875,82.495,93.19199999999999,63.964,151.05,160.93,149.93,150,101.19,151.84,155.96,84.116,110.02,87.405,95.498,74.886,44.163,76.18000000000001,198.69,251.41,241.15,235.42,72.04000000000001,69.73999999999999,84.68000000000001,57.943,45.394,52.098,0.55587,0,148.01,147.36,149.2,65.76900000000001,75.91800000000001,67.904,44.175,44.225,162,254.1,57.145,67.105,57.046,60.991,52.022,156.39,147.33,110.34,129.4,239.71,224.07,191.44,157.34,149.54,184.32,54.191,53.103,41.183,179.49,175.2,268.75,236.19,275.69,151.95,169.28,80.90900000000001,73.402,211.52,244.23,41.73,43.137,72.473,89.586,115.54,83.039,48.038,161.23,178.41,62.257,77.911,93.131,239.91,250.18,32.819,34.611,155.1,163.29,157.52,239.24,228.66,156.65,159.79,112.87,163.01,161.05,55.957,30,30.498,219.49,166.17,165.88,232.31,95.81100000000001,344.11,386.71,351.34,63.417,60.85,61.434,213.04,212.6,62.689,30.759,49.944,33.143,42.575,263.61,61.191,153.44,172.59,276.1,273.77,155.82,73.645,72.413,71.84699999999999,214.16,212.74,231.49,108.52,162.89,167.63,265.11,264.6,270.5,270.54,80.107,54.931,60.795,148.1,182.73,68.289,77.08799999999999,47.095,50.127,48.752,53.752,58.773,16.357,201.2,189.57,145.26
190.22,187.49,185.56,185.79,29.465,31.386,11.922,10.742,115.87,135.56,175.32,165.54,126.24,134.85,153.37,197.58,35.618,35.766,168.44,183.17,182.05,183.97,182.05,140.25,143.31,46.311,48.469,135.93,144.42,177.66,176.83,4.3947,122.94,122.43,46.67,45.833,100.49,38.59,111.14,134.78,134.09,181.31,181.64,105.25,104.35,177.49,184.66,174.3,110.63,101.73,106.26,152.8,147.02,27.737,45.825,239.11,180.92,180.57,181.23,177.59,181.09,189.16,200.87,180.42,181.34,182.53,182.89,149.16,148.86,28.886,25.616,40.94,42.147,49.564,35.073,39.54,174.53,125.66,123.75,148.11,147.63,128.76,170.57,156.95,157.74,145.71,147.57,110.19,112.71,111.99,110.5,114.58,113.75,302.86,302.57,108.69,108.88,26.594,87.396,95.33499999999999,128.46,127.33,126.25,148.19,157.6,88.76000000000001,93.039,275.63,109.39,108.63,107.56,98.38,113.29,101.38,102.85,107.79,87.20399999999999,117.53,111.1,109.35,113.18,110.62,233.34,239.31,102.92,1002.8,105.31,141.69,27.625,36.342,36.598,42.799,269.34,296.68,296.15,164.63,162.28,172.68,105.1,101.29,166.14,170.54,221.55,288.59,161.1,162.68,42.046,32.442,103.15,239.46,238.7,201.19,175.69,157.59,158.1,42.063,39.805,40.73,74.422,73.614,98.7,87.684,158.36,121.47,119.81,24.167,140.45,142.82,121.19,103.58,97.901,101.37,142.96,146.54,156.56,140.54,138.04,142.33,23.463,22.486,24.386,51.699,32.051,170.54,174.83,100.89,101.77,24.803,24.653,24.704,29.307,188.27,37.88,50.663,174.42,172.65,173.99,174.71,126.88,140.06,128.36,38.294,100.22,296,296.7,168.28,159.77,145.67,145.01,160.82,212.25,147.41,148.01,0,6.1237,27.452,153.83,150.83,147.49,110.89,112.13,44.29,318.54,112.33,107.77,109.63,115.25,118.53,205.05,206.65,205.1,205.18,306.2,307,296.09,42.914,22.815,46.052,132.62,128.27,137.17,74.672,41.489,300.84,320.85,320.35,25.339,25.31,109.16,122.85,325.84,337.79,110.65,108.96,173.81,166.5,135.45,147.18,138.09,47.49,42.641,99.066,100.2,103.63,299.49,301.07,120.76,122.79,26.049,25.949,25.169,289.98,292.64,18.868,19.513,183.46,37.327,35.794,107.1,124.61,126.77,308.53,53.002,46.257,304.21,180.31,381.58,383.22,374.56,101.78,106.47,102.82,84.578,82.84999999999999,103.39,123.25,123.79,125.9,128.67,253.88,103.28,23.3,35.085,237.09,236.91,30.056,88.117,91.09399999999999,89.01600000000001,310.67,310.71,287.36,89.60299999999999,35.894,46.147,308.07,314.01,363.95,366.22,141.46,148.26,129.67,27.183,40.933,121.04,122.06,115.71,119.13,116.1,97.444,96.264,139.58,77.96299999999999,74.07299999999999,2.2167
188.04,185.52,188.74,184.81,31.084,31.413,12.414,15.492,116.15,134.11,165.6,164.3,125.99,125.19,153.52,230.72,34.553,35.279,164.57,179.08,179.4,182.14,192.4,140.05,140.57,44.712,45.377,122.62,143.36,171.34,171.38,7.6187,120.47,129.03,45.931,45.854,99.614,37.304,113.72,132.56,141.78,181.22,182.27,103.45,104.09,172.85,180.07,172.3,104.11,126.91,101.48,119.52,113.74,28.955,27.705,181.53,185.65,184.22,180.85,180.67,180.26,185.66,180.64,246.97,180,180.36,182.34,147.62,147.5,23.503,24.223,41.228,40.991,40.811,33.964,34.02,169.96,121.04,117.16,146.62,147.27,124.19,161.25,155.91,156.05,144.65,144.72,103.89,109.12,108.89,108.62,116.49,115.39,302.39,303.2,108.54,109.78,24.483,92.634,111.26,125.62,125.58,125.54,147.39,147.54,89.64400000000001,89.643,402.26,106.93,107.21,108.45,97.504,110.2,104.47,101.83,102.15,88.83499999999999,127.76,110.83,109.2,116.51,115.33,232.55,232.3,102.45,118.5,102.69,103.97,26.883,35.973,36.544,35.996,266.87,296.37,298.62,159.59,159.61,159.51,99.792,100.13,165.52,169.78,166.82,291.29,166.24,161.08,32.751,32.405,122.68,237.74,242.52,174.91,175.13,155.97,155.69,39.096,39.22,41.357,72.193,71.339,84.39700000000001,99.295,152.95,120.08,119.3,27.1,139.84,139.79,93.32599999999999,93.515,108.34,100.65,141.28,142.47,148.17,139.39,128.57,138.07,21.073,22.197,21.545,30.62,31.144,170.37,168.88,99.232,101.58,24.617,26.242,25.025,24.677,186.68,37.118,37.237,175.28,172.77,172.82,173.21,127.75,127.03,129.04,77.249,71.634,299.67,295.92,157.7,157.61,144.88,145.28,160.13,183.83,147.56,147.36,6.1237,0,24.811,147.61,147.05,147.51,110.98,110.88,33.452,296.85,108.08,107.71,107.76,113.73,114.79,206.61,204.45,205.08,204.79,304.93,304.92,288.16,22.905,22.325,70.755,127.68,125.95,140.53,37.033,37.378,296.83,319.09,319.57,24.388,25.076,118.04,109.27,325.66,325.69,111.95,110.17,167.08,165.75,145.97,135.87,136,33.446,31.331,99.072,101.43,98.78100000000001,299.18,299.32,122.8,121.24,22.475,22.403,22.29,287.88,288.29,14.023,13.667,184.38,35.413,35.443,106.8,132.38,127.86,307.59,46.601,46.034,302.49,203.91,376.2,374.81,375.84,100.94,100.74,103.99,82.736,84.09099999999999,99.827,122.81,122.29,123.91,128.63,164.32,102.65,20.833,37.714,236.02,237.32,31.16,99.398,95.874,96.289,310.39,304.03,285.84,88.096,35.238,35.037,307.21,306.91,364.05,364.39,141.09,141.18,127.34,25.544,35.555,120.82,120.44,115.82,115.68,115.28,97.19499999999999,96.39,136.86,70.465,70.991,4.8067
188.17,191.72,188.44,190.76,15.91,18.084,37.113,31.137,116.44,136.54,166.7,167.09,168.54,126.01,185.68,191.66,15.767,16.332,168.33,180.6,180.64,180.37,180.31,138.15,136.07,55.575,55.542,136.6,153.51,179.32,172.68,24.491,121.98,125.57,56.739,56.564,114.7,35.019,98.41500000000001,135.66,138.93,183.82,185.52,109.11,106.91,173.77,173.62,173.95,125.81,125.16,160.63,123.52,404.86,41.051,38.517,184.07,182.94,183.54,182.27,181.45,181.73,181.42,183.61,183.42,182.94,186.01,181.85,143.65,143.65,19.585,27.133,38.33,43.332,38.338,51.798,31.049,159.01,127.36,126.65,148.86,147.88,118.21,163.97,156.47,156.64,138.45,138.78,111.08,103.9,103.56,104.21,125.09,125.04,298.69,298.2,104.14,103.1,12.009,127.68,131.31,113.15,117.11,113.29,136.23,136.18,129.13,119.17,216.4,114.07,114.52,114.23,101.12,122.48,106.12,104.25,104.36,109.69,127.26,119.43,118.8,118.82,119.36,229.76,229.7,119,307.72,118.43,123.82,13.424,21.978,22.797,21.629,306.2,284.92,289.15,156.15,158.96,156.19,110.64,104.32,168.3,168.19,168.3,314.38,161.87,161.93,26.854,13.507,123.86,234.89,229.82,179.39,179.07,145.74,145.28,24.802,51.056,54.138,53.931,71.583,107.72,116.32,142.67,109.11,108.95,19.453,135.61,135.61,114.69,116.1,121.34,115.79,130.37,129.86,196.71,128.26,173.17,134.67,19.501,19.934,19.768,13.041,13.6,169.85,170.76,112.04,112.21,13.237,13.14,13.097,12.971,202.59,34.371,34.316,174.04,173.22,172.55,174.69,130.44,138.6,131.32,67.137,80.21299999999999,306.58,309,159.8,157.71,138.56,146.36,163.15,178.53,149.37,149.2,27.452,24.811,0,193.43,184.26,194.93,122.69,121.77,12.778,313.78,111.53,111.22,111.64,119.06,114.44,199.51,193.19,193.32,193.16,297.65,294.27,316.86,12.117,20.976,77.001,124.55,121.62,139.18,101.14,33.042,302.6,315.48,315.94,0.75021,0.56177,127.56,111.16,314.47,314.61,112.32,110.78,158.51,157.22,152.28,136.88,137.84,37.286,29.051,118.24,117.14,116.28,325.31,310.08,125.06,127.54,18.611,20.861,19.438,298.96,301.24,34.352,45.942,182,24.041,24.129,116.34,131.22,137.67,296.98,27.944,29.374,305.52,181.43,454.73,459.78,456.74,105,107.02,106.44,75.73399999999999,75.88800000000001,101.84,126.63,130.23,126.72,125.99,308.34,123.11,17.025,40.77,246.88,246.84,8.5823,117.94,117.57,118.21,293.87,299.15,295.75,130.04,26.604,23.77,310.44,310.48,352.95,353.19,129.8,129.9,138.23,11.484,45.451,123.86,125.53,117.3,116.64,116.83,101.07,98.91500000000001,139.92,95.925,59,25.794
23.694,373.51,24.864,29.799,194.82,285.38,156.66,269.63,81.842,71.48699999999999,107.82,99.12,116.73,117.58,12.86,94.10599999999999,185.4,184.9,39.075,12.688,19.736,11.9,11.919,91.395,81.83499999999999,223.33,221.11,82.38,148.04,24.275,23.101,151.4,58.291,61.119,214.67,209.69,90.221,187.14,189.55,360.97,68.57599999999999,17.415,22.051,74.374,72.598,19.974,20.027,28.242,99.70099999999999,113.93,78.227,80.69,107.5,188.99,189.01,34.48,15.944,24.776,15.992,16.979,16.772,13.933,25.32,16.591,15.524,17.949,16.537,66.139,68.29300000000001,178.55,180.73,180.5,174.15,183.9,172.54,170.21,117.83,85.164,85.693,61.45,63.299,65.444,29.778,30.008,29.818,61.487,61.859,88.855,87.30800000000001,88.41200000000001,85.63800000000001,76.429,76.31399999999999,133.95,136.33,87.777,85.358,182.87,262.88,236.45,64.396,76.10899999999999,63.009,63.289,66.349,85.983,83.506,15.365,84.527,84.129,85.655,90.068,70.251,85.048,80.807,81.926,81.15300000000001,107.56,90.36199999999999,82.982,87.048,94.239,238.76,250.45,126.28,788.71,91.895,95.283,181.56,184.84,185.76,286.05,131.34,136.7,146.22,88.431,83.88200000000001,88.28100000000001,78.012,74.922,97.83799999999999,26.305,29.756,159.6,85.935,83.66,175.44,173.95,249,249.62,230.93,27.84,26.162,59.253,60.622,196.05,338.69,212.42,210.72,216.63,124.36,83.55200000000001,68.623,69.232,68.995,192.62,64.646,62.773,113.07,89.932,108.09,86.32899999999999,60.478,58.778,8.743,69.26300000000001,65.777,70.52200000000001,242.06,180.1,167.34,185.17,181.27,13.808,14.727,80.828,80.25,184.48,175.81,179.41,188.8,129.18,183.06,177.9,35.354,30.847,33.347,31.34,79.114,84.98999999999999,249.05,201.2,243.78,236.21,237.9,26.279,29.527,54.465,57.546,33.201,37.49,63.903,65.76900000000001,153.83,147.61,193.43,0,15.345,0.81998,71.074,73.762,219.93,130.08,92.057,95.158,89.34,82.004,88.179,38.071,41.382,39.442,38.23,131.5,146.17,150.87,182.87,173.09,217.94,71.31,66.85599999999999,76.04600000000001,265.74,197.74,198.03,140.83,159.41,186.21,194.07,90.407,97.167,260.57,214.07,81.878,84.119,80.343,77.145,141.53,248.41,65.041,179.23,184.58,85.325,85.73,88.209,241.66,244.4,56.209,58.456,411.77,181.79,177.52,229.47,230.43,162.6,155.52,44.427,349.2,194.77,86.986,64.453,63.796,141.26,223.32,195.28,149.47,16.192,215.76,212.23,220.56,71.664,71.65900000000001,72.233,240.54,234.36,85.325,64.774,57.15,66.111,59.545,171.56,87.461,178.64,199.1,151.56,148.96,178.46,65.395,70.38800000000001,61.828,131.06,132.25,226.5,86.206,186.68,189.08,349.3,151.9,192,190.9,60.077,64.29900000000001,100.38,181.68,193.72,61.914,63.628,73.202,75.83499999999999,76.65900000000001,106.94,81.087,72.956,227.86,225.18,151.4
31.621,29.206,22.578,27.11,194.87,199.28,154.24,157.93,79.18000000000001,76.149,97.10899999999999,101.22,112.9,174.81,14.539,35.888,184.87,182.98,41.177,9.330500000000001,15.367,11.086,9.3926,81.60599999999999,83.89400000000001,221.7,220.08,91.205,124.68,23.184,21.659,146.3,57.043,65.465,212.34,221.74,90.08199999999999,187.86,231.71,59.783,64.872,13.315,16.389,75.45099999999999,70.64,23.663,24.697,21.489,80.883,94.244,106.19,99.738,77.035,186.93,186.13,16.107,18.339,20.997,15.446,14.363,13.974,29.491,56.744,13.848,13.399,13.313,15.055,63.427,67.65600000000001,173.02,166.77,177.79,178.42,184.73,175.73,169.48,117.68,87.724,85.455,62.587,63.976,64.38800000000001,30.555,25.934,30.46,63.813,66.791,93.97199999999999,87.027,86.33799999999999,86.48,77.64700000000001,82.268,133.94,133.33,87.682,85.194,181.89,257.63,308.5,65.58,66.28100000000001,64.919,66.098,63.055,82.944,83.502,20.492,162.54,88.04000000000001,86.333,88.53100000000001,77.08499999999999,81.038,84.931,90.571,80.307,89.55500000000001,88.996,85.825,94.51300000000001,88.014,265.87,250.02,96.819,118.14,96.328,94.086,181.2,180.47,183.63,181.93,134.5,137.08,137.73,85.715,85.378,87.214,77.63800000000001,73.629,26.222,28.871,28.221,146.01,89.089,83.925,175.17,173.06,249.24,252.16,244.89,26.633,24.391,60.841,59.211,186.27,213.47,212.66,206.88,220.71,108.85,90.88,68.349,67.48999999999999,66.128,193.61,63.42,61.284,95.398,90.812,120.18,82.78400000000001,60.758,57.932,6.2542,69.83799999999999,65.563,63.305,172.48,165.82,167.83,179.81,177.4,13.986,12.821,84.08,76.119,183.18,184.54,173.93,183.88,28.911,173.33,179.55,29.407,32.976,39.479,32.939,93.002,80.92,79.937,234.84,210.06,240.88,239.02,32.284,29.44,55.375,55.775,28.257,62.391,85.03100000000001,75.91800000000001,150.83,147.05,184.26,15.345,0,0.79447,72.82299999999999,70.399,196.33,133.42,89.93899999999999,93.01000000000001,94.304,85.182,81.73999999999999,36.457,41.359,34.46,35.978,130.94,135.6,144.3,173.21,177.49,206.56,67.52,68.792,84.807,189.54,195.05,197.24,142.89,167.52,185.37,190.01,130.97,111.68,232.68,261.09,82.554,84.05500000000001,79.333,80.30800000000001,108.35,61.522,63.329,178.87,180.83,82.803,85.246,86.26900000000001,246.68,248.77,57.889,61.277,199.24,171.29,187.1,230.92,242.1,156.2,155.52,42.217,184.45,183.04,87.863,57.767,57.389,164.21,192.52,196.34,150.9,10.601,217.1,214.74,211.74,71.352,72.68000000000001,74.23,233.49,233.28,83.125,60.698,56.299,59.127,57.271,154.41,89.245,176.35,193.26,149.24,157.06,186.22,70.98699999999999,64.494,67.107,135.82,125.18,261.55,87.913,185.43,186.08,152.42,151.48,184.91,200.61,57.365,59.433,100.01,169.44,194.98,61.522,61.338,72.70099999999999,76.309,75.155,81.17,83.264,68.871,230.39,233.08,151.53
24.177,23.187,30.346,23.368,190.12,197.26,156.9,157.83,79.792,75.14,96.61,95.93000000000001,103.34,150.66,13.877,39.881,185.71,189.5,41,10.336,9.6835,9.404500000000001,9.537599999999999,80.105,82.878,222.71,220.93,86.08799999999999,184.85,19.127,18.366,148.47,57.973,62.217,208.35,221.89,88.328,184.04,215.16,61.159,63.71,19.715,17.55,71.04900000000001,70.41200000000001,20.312,24.524,23.271,133.52,89.872,78.31699999999999,73.557,86.43000000000001,180.67,190.19,22.148,18.352,16.109,16.154,18.059,11.119,14.887,50.954,13.553,10.299,16.613,14.182,67.03100000000001,65.529,175.9,179.93,183.63,180.68,176.23,178.04,177.57,116.64,83.70699999999999,82.998,64.61499999999999,60.054,67.739,32.511,30.939,26.117,62.434,64.68000000000001,89.107,88.71899999999999,84.012,82.208,80.095,76.996,135.08,134.76,87.34999999999999,88.383,186.31,246.5,254.76,64.325,66.63200000000001,65.071,63.205,67.61499999999999,84.812,94.849,205.09,88.532,88.738,88.379,90.05,70.503,83.742,86.60899999999999,85.298,82.629,93.681,89.40600000000001,84.79300000000001,95.913,88.467,236.21,247.95,90.95999999999999,458.38,97.262,95.974,172.86,181.71,181.58,182.58,138.18,131.86,134.42,86.468,87.31699999999999,82.85599999999999,97.316,76.121,27.049,26.609,27.719,146.69,84.958,88.145,175.41,174.75,252.8,257.48,244.26,27.982,24.791,61.348,57.681,186.49,216.06,215.58,217.26,215.02,90.041,88.417,68.298,66.89400000000001,70.29300000000001,185.24,63.817,63.341,91.313,93.29300000000001,105.26,83.81,58.521,58.623,375.84,77.298,61.629,62.746,165.04,177.63,173.92,182.99,183.43,13.792,12.72,87.717,78.68000000000001,173.6,182.36,179.44,176.61,28.068,183.71,175.37,31.101,29.513,27.829,28.772,85.087,85.465,80.93899999999999,198.63,225.12,236.96,238.65,32.593,32.972,57.956,59.739,31.411,51.427,52.825,67.904,147.49,147.51,194.93,0.81998,0.79447,0,70.581,70.592,214.41,128.63,90.84,93.01300000000001,89.608,85.946,83.548,37.031,33.481,39.054,35.534,130.04,134.71,149.79,184.95,173.04,198.17,65.437,67.20999999999999,66.518,255.51,188.88,211.67,165.82,144.66,188.16,192.48,99.604,92.995,269.87,236.46,83.021,82.015,77.44499999999999,77.809,101.15,69.551,65.90600000000001,177.06,186.04,87.58199999999999,90.11799999999999,82.187,249.17,240.73,58.982,59.753,175.96,170.35,169.8,229.9,232.8,156.99,163.86,36.609,188.8,199.61,89.73,62.772,67.446,156.59,191,195.4,153.92,11.046,211.89,210.14,212.81,75.514,76.52800000000001,74.514,237.15,232.7,89.29000000000001,57.958,56.527,56.956,59.305,17.421,90.10599999999999,179.99,211.6,147.71,154.5,185.92,69.428,63.363,71.288,133.58,132.71,227.2,88.90900000000001,196.59,188.65,153.15,150.52,188.11,189.3,59.156,60.055,97.836,167.52,199.52,62.004,56.032,73.979,78.694,73.16500000000001,82.432,80.962,73.65300000000001,225.99,219.39,150.81
86.48699999999999,86.41500000000001,87.587,86.577,117.33,118.78,117.23,119.65,34.173,21.831,77.663,75.73399999999999,45.078,84.946,78.34099999999999,91.611,124.75,123.49,86.611,89.846,89.806,90.741,89.657,44.408,44.422,155.12,155.5,17.178,51.439,82.005,81.833,110.98,18.529,18.892,157.32,157.26,20.047,133.4,136.45,38.226,41.148,91.497,94.116,24.385,24.132,88.18600000000001,84.288,82.84699999999999,91.59999999999999,80.765,25.67,45.601,25.331,141.44,140.83,91.045,92.39400000000001,91.107,92.164,90.666,94.777,92.575,91.92,90.693,90.65600000000001,91.431,91.788,53.788,53.627,120.43,120.43,119.58,119.83,119.67,113.68,112.81,79.70999999999999,37.848,37.782,57.907,58.574,26.308,71.584,63.709,63.821,51.236,51.565,27.608,23.733,24.249,24.052,11.635,11.601,210.24,208.85,23.437,23.59,111.3,205.65,185.5,24.858,26.68,24.881,56.624,62.022,35.487,35.767,99.467,21.968,25.631,22.05,17.122,26.569,23.181,34.874,28.981,45.669,30.205,43.187,38.789,29.893,30.761,299.37,299.28,20.428,795.96,23.019,20.098,114.16,122.26,122.24,122.21,193.74,198.71,196.97,71.432,71.471,71.72499999999999,34.92,20.356,68.19499999999999,72.93000000000001,68.22799999999999,209.03,73.04900000000001,73.149,122.35,122.29,194.08,304.76,304.39,85.658,85.559,57.407,57.824,126.8,150.61,152.18,154.6,154.59,31.998,60.094,53.663,28.866,37.989,119.44,43.71,43.865,50.58,50.536,58.489,21.39,38.208,37.894,79.624,48.252,35.706,42.321,126.92,128.72,126.41,130.67,120.96,80.248,85.401,20.641,20.58,112.94,112.59,115.48,112.45,97.65900000000001,115.87,115.93,80.35299999999999,80.279,80.38,82.06699999999999,23.98,23.324,23.65,145.38,151.62,207.24,207.17,64.724,70.961,51.379,51.339,63.034,78.498,43.803,44.175,110.89,110.98,122.69,71.074,72.82299999999999,70.581,0,0.29987,146.33,232.76,28.908,31.346,28.616,23.164,23.162,105.32,105.3,105.31,105.29,207.96,205.84,223.89,111.15,111.08,138.22,29.011,29.311,39.949,199.3,133.93,196.25,213.54,213.76,122.95,122.08,43.785,40.306,226.58,226.69,4.1306,4.0549,66.52200000000001,66.64400000000001,63.064,45.495,45.574,119.59,128.59,18.965,20.688,18.781,210.66,210.77,18.445,18.788,118.8,119.37,120,199.45,199.69,120.37,120.44,94.2,124.96,124.83,27.472,30.097,28.152,208.7,128.48,128.54,198.41,90.39100000000001,461.11,468.51,462.3,22.443,22.666,20.547,176.35,176.65,23.715,19.387,19.574,18.879,42.749,180.88,13.07,117.76,134.69,146.05,146.12,115.23,32.888,32.904,33.258,206.03,205.77,196.23,33.932,124.48,124.51,229.31,230.12,243.83,238.02,37.905,37.638,46.053,111.23,145.64,24.088,20.876,34.428,34.221,34.479,20.331,19.626,35.371,165.81,165.36,111.73
89.76300000000001,87.504,87.101,86.71599999999999,119.15,118.67,117.34,117.07,34.408,22.003,76.548,75.467,80.383,44.615,78.69,109.3,123.39,123.24,72.45399999999999,89.91200000000001,97.012,91.191,89.65600000000001,44.419,44.349,155.27,154.2,48.456,30.392,81.929,81.851,110.43,19.383,20.507,157.17,157.04,19.932,133.32,141.71,39.38,705.4400000000001,92.95099999999999,91.857,24.843,24.139,82.98399999999999,83.27500000000001,82.815,24.973,27.891,54.4,42.48,69.65600000000001,139.26,142.04,91.393,91.285,95.92,91.782,91.125,90.63,92.387,90.669,90.855,90.645,90.992,90.779,53.733,53.719,120.25,120.83,119.68,119.87,119.82,112.65,112.92,79.48999999999999,37.737,37.908,58.375,58.652,26.317,65.05,63.645,63.652,51.238,60.969,26.858,28.685,24.249,23.928,11.703,11.551,209.46,208.76,23.417,24.46,124.75,230.78,186.93,24.81,25.349,24.864,56.596,56.734,35.16,35.408,220.46,22,22.155,22.183,17.176,26.451,21.528,34.049,22.066,45.649,33.559,47.548,30.05,29.876,30.109,299.23,299.39,20.394,402.16,20.423,20.239,114.01,122.17,122.17,122.16,194.52,197.18,198.84,71.447,71.334,71.455,21.949,20.243,68.467,68.285,68.52500000000001,206.96,73,73.057,122.29,122.41,190.17,304.64,309.6,86.161,108.32,57.45,57.45,125.39,149.14,148.5,154.72,154.6,31.161,31.159,53.218,29.323,28.659,119.3,43.803,46.212,50.914,54.999,67.56399999999999,21.597,40.327,37.861,78.943,48.151,36.018,42.002,126.34,125.72,126.69,120.5,121.34,79.56399999999999,79.316,20.024,19.808,112.65,112.65,112.7,112.51,97.343,116,116.03,80.399,80.455,80.42400000000001,80.80800000000001,23.507,23.445,23.668,184.9,170.33,207.14,207.33,64.628,64.77,51.582,51.248,63.614,85.752,43.907,44.225,112.13,110.88,121.77,73.762,70.399,70.592,0.29987,0,142.17,225.94,28.763,28.633,28.623,23.454,23.238,105.48,105.55,105.42,105.29,206.02,205.86,204.54,110.58,110.42,171.66,29.489,29.609,50.596,183.82,133.64,201.06,213.7,213.63,122.42,122.01,67.122,23.58,226.85,226.6,4.3549,4.0844,66.386,68.673,32.961,45.525,45.557,119.63,130.55,19.692,19.6,19.556,210.78,218.03,18.584,19.606,119.6,120.45,119.64,199.42,199.66,120.53,120.52,93.503,124.77,124.77,27.389,40.585,22.204,208.47,129.05,128.46,198.26,91.048,460.81,462.98,462.62,21.477,22.836,31.66,176.24,176.24,20.334,22.426,18.866,18.931,22.4,267.86,13.118,117.94,124.11,146.18,146.91,115.18,32.338,32.624,32.822,205.27,205.17,196.52,22.915,124.36,124.47,229.33,229.22,238.15,238.2,37.685,37.767,44.967,111.21,150.64,22.899,18.972,34.402,34.708,34.468,20.445,19.611,34.677,165.61,165.72,110.63
215.37,199.46,203.92,202.62,38.772,27.763,52.62,54.35,129.64,150.18,175.69,181.22,173.8,290.92,224.63,233.1,32.791,33.92,184.43,198.26,191.64,199.67,208.28,151.84,155.85,70.71899999999999,80.364,172.91,151.07,194.15,184.73,42.927,146.08,138.59,74.851,73.261,128.34,51.238,106.36,141.48,402.33,208.63,211.08,134.62,113.86,186.64,182.8,192.22,165.73,139.45,145.35,186.68,168.7,59.909,61.702,200.36,196.21,198.22,207.24,209.25,206.31,209.79,210.11,209.64,192.17,203.68,194.03,147.93,169.14,34.331,41.276,59.039,58.006,43.499,37.9,36.82,165.35,154.8,149.55,176.26,174.53,129.91,175.3,175.6,186.48,163.37,168.92,122.33,114.35,121.06,119.76,140.78,143.95,313.32,319.55,115.25,128.61,15.566,154.36,140.99,129.97,138.6,139,145.62,152.52,140.88,134.29,294.65,138.97,123.86,122.58,120.1,139.22,133.48,130.72,118.62,115.83,150.06,136.26,138.46,148.68,134.7,262.05,250.24,150.22,398.65,129.34,148.65,30.317,47.268,37.557,39.406,331.71,293.39,299.23,182.09,164.04,191.91,137.15,113.34,192.47,182.38,195.2,349.33,178.56,180.93,34.436,36.345,107.37,237.28,261.18,188.26,188.04,165.86,152.05,41.618,67.533,62.012,60.623,68.095,137.83,162.56,153.41,123.5,128.85,30.669,154.57,154.86,166.82,127.44,129.97,137.36,145.89,140.86,215.52,139.7,131.31,154.56,30.475,31.383,34.292,49.917,23.642,194.72,176.18,118.11,138.29,37.493,36.276,36.462,40.338,210.77,43.483,51.325,193.02,193.24,190.07,188.37,144.33,146.26,141.32,114.67,90.55800000000001,325.73,323.81,187.93,164.5,146.99,150.83,179.24,203.59,168.93,162,44.29,33.452,12.778,219.93,196.33,214.41,146.33,142.17,0,309.87,126.54,130.28,123.37,126.33,133.37,210.72,211.49,215.57,196.99,314.34,308.33,328.75,22.556,23.079,80.06699999999999,144.24,132.31,163.94,80.164,48.929,310.89,330.11,341.52,31.082,22.349,129.87,110.81,324.81,324.32,143.54,136.51,173.46,174.66,200.19,153.38,150.84,32.854,40.691,130.19,136.28,150.92,314.39,320.78,134.77,139.44,35.04,46.344,24.427,313.96,314.14,39.334,56.596,201.35,38.231,48.139,123.15,144.17,144.63,324.51,49.548,47.935,321.8,194.89,480.86,474.86,489.38,139.78,119.96,125.76,90.194,104.8,131.1,131.9,136.59,140.98,149.8,325.04,147.76,37.755,69.949,268.53,265.76,21.983,132.2,130.52,135.32,313.17,304.87,299.62,137.56,41.181,38.217,324.98,331.69,361.75,362.67,157.32,139.59,158.47,23.633,58.145,133.85,127.63,138.1,134.77,138.6,112.27,111.3,171.83,86.042,78.673,35.774
255.94,248.27,257.72,256.72,301.52,304.06,304.59,302.57,202.23,247.3,207.77,207.8,283.78,277.69,130.47,179.07,318.2,311.8,155.69,122.58,122.38,129.75,136.5,244.29,244.35,358.81,347.25,245.86,264.23,124.65,114.66,300.9,245.46,231.72,351.48,343.34,208.04,317.63,365.56,249.41,246.6,125.55,139.77,226.51,212.18,128.47,117.23,115.82,230.03,224.42,241.17,216.74,219.3,328.8,329.69,139.7,129.27,129.75,137.86,123.53,123.63,130.28,131.2,123.78,142.72,137.55,129.33,166,156.02,323.43,305.52,305,310.72,309.97,302.62,302.54,273.26,224.27,221.25,163.71,159.06,227.27,148.56,137.59,154.07,157.05,152.52,221.25,212.39,216.53,210.55,224.9,232.07,16.914,16.96,212.38,210.28,351.6,391.12,394.26,229.66,222.22,227.7,248.72,244.77,199.31,209.51,139.66,224.01,219.57,208.8,210.39,229.88,204.09,204.86,230.38,204.7,224.34,218.33,221.42,226.51,223.64,126.36,126.7,226.84,241.07,210.36,217.87,311.41,320.98,307.53,307.47,15.668,11.023,10.937,208.74,211.22,206.43,215.38,211.26,284.24,338.99,272.59,53.483,210.25,206.45,306.95,308.56,378.06,134.02,134.51,129.98,127.27,158.75,152.17,310.72,343.68,335.85,354.36,345.06,216.59,201.67,148.73,221.49,224.21,298.43,244.08,250.39,213.86,209.36,218.21,207.92,237.91,239.41,127.8,246.14,222.8,253.86,307.71,302.35,308.59,306.41,305.85,141.26,142.61,210.83,209,299.23,299.81,300.53,299.01,136.57,305.4,306.01,140.15,153.7,141.33,147,250.41,234.6,234.91,334.74,366.41,393.01,400.79,142.22,147.7,146.72,146.77,276.44,318.07,259.99,254.1,318.54,296.85,313.78,130.08,133.42,128.63,232.76,225.94,309.87,0,211.58,209.95,210.72,217.85,211.7,137.44,141.15,137.46,140.88,26.806,19.89,50.024,298.38,297.06,329,215.11,222.74,244.55,355.54,320.42,33.283,291.56,291.72,299.43,299.17,242.54,221.17,46.203,40.731,226.2,221.11,164.06,168.12,223.8,254.74,258.24,314.79,325.84,218.32,207.01,207.93,394.03,404.79,229.77,230.86,304.24,313.92,304.57,383.21,384.71,318.2,305.87,158.37,310.06,318.79,212.37,235.57,248.73,22.46,314.39,316.87,103.07,123.67,90.485,92.783,86.804,208.33,209.31,221.6,367.84,361.73,210.79,236.96,230.16,240.04,234.32,142.91,210.13,308.85,322.49,335.98,329.52,303.98,228.89,233.04,219.54,20.761,24.345,394.36,214.69,321.35,316.37,16.098,16.975,237.23,252.04,237,244.79,222.3,309.43,340.45,233.06,231.42,202.49,202.51,221.57,204.44,203.61,262.47,354.07,355.97,295.7
94.248,94.497,94.37,93.922,127.03,128.43,114.88,116.92,23.723,46.804,73.496,73.054,76.908,45.96,87.694,107.98,121.51,121.4,82.857,88.146,88.211,88.059,87.98399999999999,40.951,42.552,142.03,141.99,42.534,72.961,80.08199999999999,80.065,108.92,27.546,27.563,154.73,154.77,18.6,118.11,171.22,38.004,45.44,89.697,92.325,24.703,23.146,81.56699999999999,81.98699999999999,81.045,73.506,57.876,42.817,39.018,44.807,136.52,136.55,109.03,89.70099999999999,94.947,92.79300000000001,88.94199999999999,88.855,90.051,89.77800000000001,88.896,89.298,93.504,89.708,51.252,51.266,118.59,117.84,117.11,117.24,117.13,112.99,110.04,74.254,25.783,25.819,54.976,55.557,27.551,64.288,64.01000000000001,64.169,47.757,48.657,25.22,12.105,11.951,11.93,37.979,38.01,200.86,200.96,11.622,11.712,110.97,176.58,198.72,28.87,29.249,28.693,38.886,39.098,11.091,11.04,96.16500000000001,10.14,10.604,10.107,17.26,45.373,12.89,9.645799999999999,15.68,19.751,21.454,17.812,18.042,20.118,18.178,305.94,305.9,22.037,257.09,22.601,23.667,112.57,118.36,120.55,120.57,208.25,195.98,196.05,68.494,68.295,68.83799999999999,19.136,19.12,84.765,84.896,84.75700000000001,221.39,69.92400000000001,69.898,119.07,119.1,182.22,306,311.01,84.08499999999999,83.794,51.573,51.292,122.8,140.12,138.12,152.02,151.95,18.852,19.911,49.754,16.84,17.68,109.06,47.726,47.373,21.783,24.444,35.291,22.081,32.679,32.647,92.092,35.971,24.326,46.689,106,106.42,106.56,117.68,118.2,84.72199999999999,90.506,19.787,18.799,111.32,111.86,111.25,111.84,95.47799999999999,113.3,113.35,80.878,80.977,80.908,81.03400000000001,32.142,32.192,32.568,136.28,184.89,202.2,202.48,93.42100000000001,96.01600000000001,47.832,47.955,79.711,116.68,59.673,57.145,112.33,108.08,111.53,92.057,89.93899999999999,90.84,28.908,28.763,126.54,211.58,0,0.89654,0.38478,11.378,14.091,101.99,101.97,101.96,102.03,204.32,203.48,219.49,110.87,109.31,139.78,30.717,28.759,53,131.17,131.43,204.94,233.52,233.98,111.4,111.4,34.882,53.259,224.68,309.05,26.992,26.834,63.06,63.051,40.284,48.792,44.774,119.71,126.04,21.048,20.591,23.402,205.53,205.79,27.797,28.88,116.77,117.56,116.51,194.35,194.37,117.79,123.04,90.34699999999999,123.48,123.86,15.423,41.889,36.837,206.21,126,126.04,207.28,89.10299999999999,260.77,266.68,256.1,19.158,21.329,23.856,173.85,174.43,17.136,28.582,27.286,27.03,27.257,246.88,22.206,115.23,134.57,237.26,141.37,116.74,48.887,46.312,45.698,204.28,202.85,202.26,27.076,122.39,121.75,221.28,221.34,237.82,237.87,32.619,32.29,34.004,110.58,143.41,27.734,29.586,24.136,23.919,24.026,28.632,15.756,64.41200000000001,157.55,157.04,115.92
94.807,95.26300000000001,93.73699999999999,99.2,125.74,128.25,114.46,114.42,23.549,44.191,72.295,72.649,66.157,34.015,88.608,134.36,121.25,125.35,72.88200000000001,87.901,87.583,88.125,87.572,41.722,44.431,142.15,141.59,45.594,65.946,80,79.919,107.53,27.504,27.359,154.6,154.31,18.785,118.1,162.03,37.328,37.313,89.419,89.51600000000001,23.896,23.859,81.387,81.29000000000001,80.77500000000001,34.099,51.304,51.907,31.226,30.035,136.46,136.38,88.723,89.828,90.895,91.224,89.041,90.012,94.97499999999999,107.36,104.6,88.657,89.464,88.843,51.056,51.259,117.5,120.31,117.01,117.02,116.91,111.3,109.93,73.979,25.631,25.594,56.072,55.44,27.491,63.672,63.834,63.826,47.675,47.642,27.032,11.843,12.169,11.837,37.906,37.937,200.76,200.7,11.413,11.266,110.24,196.16,218.25,31.306,29.228,28.498,38.582,38.57,11.061,10.931,111.5,9.9137,10.058,9.914199999999999,19.442,45.134,9.288500000000001,9.2486,9.103199999999999,20.094,25.12,17.918,17.735,17.623,18.992,305.73,305.76,21.935,245.18,27.416,23.625,112.36,120.26,116.53,120.25,208.98,194.58,194.41,68.18300000000001,68.145,68.203,18.945,18.903,84.699,84.717,84.663,222.32,69.691,69.938,118.91,119.35,222.3,310.78,305.74,83.76900000000001,84.56999999999999,53.815,51.081,122.62,136.53,137.98,151.79,152.49,18.873,30.207,49.67,16.755,17.952,109.03,47.326,47.289,26.734,34.25,33.378,21.387,33.441,33.06,92.70999999999999,36.566,24.122,47.051,105.55,106.1,106.7,118.61,117.45,84.36499999999999,84.779,18.4,18.828,111.2,111.03,111.18,111.04,95.26000000000001,113.16,113.19,80.973,80.789,80.684,81.13,32.105,32.036,32.856,149.41,151.71,201.94,201.95,94.095,94.59,47.727,47.656,81.86499999999999,115.99,55.533,67.105,107.77,107.71,111.22,95.158,93.01000000000001,93.01300000000001,31.346,28.633,130.28,209.95,0.89654,0,0.30768,10.942,11.037,101.81,103.15,101.81,101.8,203.9,203.24,221.23,109.25,109.12,169.05,28.175,28.888,60.461,187.85,131.17,210.24,233.35,233.4,111.57,111.77,38.139,33.374,224.42,229.67,26.618,26.589,62.892,65.069,79.29000000000001,44.632,44.621,120.44,124.62,20.251,20.738,22.356,205.36,205.47,28.627,27.596,116.49,116.51,116.57,194.03,194.23,117.75,117.81,90.206,131.98,122.01,15.429,28.437,38.452,205.88,125.85,125.79,206.67,98.88800000000001,255.24,260.16,260.32,21.178,23.405,20.621,173.74,174.96,17.008,28.33,27.241,27.775,29.077,220.41,21.926,114.94,127.08,237.09,139.64,113.65,45.189,45.841,46.806,204.16,202.48,190.71,22.823,121.8,122.26,221.11,221.06,237.62,237.65,32.081,32.04,34.26,110.38,143.12,27.535,28.644,23.669,23.736,24.098,15.094,16.649,60.652,156.9,157.32,107.26
94.111,127.94,94.366,97.309,125.87,133.68,114.95,114.32,33.158,56.426,72.31100000000001,73.34999999999999,47.508,43.081,87.413,147.63,121.14,124.84,82.242,90.242,92.575,92.816,87.518,45.731,41.102,143.16,143.26,68.816,95.663,81.586,79.91500000000001,108.36,28.323,27.392,154.66,154.49,32.68,116.37,159.39,37.333,550.15,90.09099999999999,89.44499999999999,25.536,24.921,83.556,80.81100000000001,80.739,30.631,28.568,29.553,51.086,27.181,136.22,136.28,88.732,88.834,89.36799999999999,90.245,88.651,88.61199999999999,89.491,124.36,91.011,88.846,89.075,98.523,51.179,50.997,117.58,117.85,116.86,117.09,116.86,113.47,111.18,73.962,26.715,25.596,55.649,54.801,32.864,63.995,63.687,64.742,47.548,49.269,25.746,11.726,11.559,19.761,39.26,39.315,200.7,200.71,11.227,11.288,109.97,221.05,301.94,32.095,28.82,28.633,38.507,39.499,10.966,15.342,149,9.852499999999999,10.532,9.8919,17.041,55.99,10.05,11.626,15.491,20.204,24.474,17.973,23.887,17.621,18.197,307.72,306.79,21.771,120.5,21.845,35.257,112.66,116.58,121.61,118.44,207.99,194.31,195.39,68.15000000000001,68.078,68.121,25.192,18.886,84.651,133.72,85.09699999999999,224.67,69.717,69.756,118.95,119.74,198.27,315.91,305.7,83.636,84.09999999999999,51.054,51.249,122.72,136.65,138.08,154.24,151.73,24.031,19.107,49.554,16.981,17.992,109.09,47.4,51.726,30.037,21.548,22.186,26.485,37.651,32.167,92.476,36.735,23.95,45.516,108.53,105.05,106.07,117.52,118.93,85.16,84.473,19.296,19.183,112.21,111.01,111.06,111.16,97.01000000000001,113.11,113.13,80.684,81.583,85.02500000000001,80.848,35.124,34.253,32.475,151.16,162.94,201.9,201.92,93.11499999999999,94.90000000000001,47.653,47.634,98.039,117.26,63.316,57.046,109.63,107.76,111.64,89.34,94.304,89.608,28.616,28.623,123.37,210.72,0.38478,0.30768,0,19.754,10.881,101.8,105.92,101.75,101.76,203.28,203.34,220.84,109.48,111.55,157.64,28.816,30.765,52.749,170.18,131.24,234.51,233.29,233.34,111.26,114.55,38.448,43.639,226.27,225.1,26.505,26.508,68.127,63.504,49.693,44.814,44.616,119.09,126.89,21.893,22.35,20.06,205.45,205.44,27.487,29.218,116.7,117.57,116.42,194.19,194.25,117.66,118.49,92.15300000000001,122.02,123.95,15.203,42.775,36.303,205.94,125.77,125.82,207.36,89.54300000000001,255.14,261.13,254.75,22.213,22.829,20.543,176.04,173.58,18.336,28.269,27.167,28.273,27.634,174.77,22.089,115.16,145.36,139.61,142.19,119.51,46.538,46.04,50.522,203.08,202.67,206.75,24.897,122.34,122.54,221.16,221.08,238.13,237.61,32.238,40.756,45.739,110.38,146.47,27.261,30.99,23.825,24.825,23.78,25.91,15.02,70.08,156.91,156.89,107.63
88.312,91.672,89.70399999999999,97.794,106.53,107.34,121.15,120.32,17.745,35.584,49.636,47.646,40.589,56.465,100.43,134.41,116.15,117.52,76.89400000000001,81.99299999999999,90.83499999999999,81.81999999999999,82.023,35.146,37.301,134.17,133.99,65.045,34.559,74.07599999999999,74.096,115.4,21.993,20.765,146.06,148.07,14.979,111.77,126.42,31.264,31.606,84.816,92.517,16.714,16.83,77.495,84.815,75.047,21.757,39.719,24.869,47.001,48.9,130.19,128.82,86.629,91.342,84.846,83.71299999999999,85.63800000000001,83.688,85.23099999999999,84.146,90.45999999999999,84.372,83.557,83.012,45.007,45.055,110.03,109.27,111.5,113.13,111.49,107.18,104.73,62.346,28.175,28.115,49.238,49.362,17.43,56.538,56.782,55.44,43.137,41.97,17.398,3.6057,4.2551,6.8232,33.94,34.192,205.57,211,3.6618,13.625,104.18,203.34,179.67,20.777,38.618,16.276,39.588,39.371,3.0518,2.9789,84.355,1.9124,6.36,3.7325,11.495,37.617,5.335,4.1326,12.014,12.184,21.142,26.265,20.26,20.196,22.251,300.44,300.38,16.23,221.59,16.166,17.199,105.52,110.82,110.9,111.21,202.32,195.09,188.09,46.953,46.635,47.109,26.891,16.353,79.34999999999999,78.711,93.13,219.54,45.035,45.224,115.86,114.8,194.11,301.14,301.15,81.774,82.161,47.081,47.015,114.33,127.99,127.66,146.57,144.36,11.456,19.48,63.49,11.357,12.601,112.37,34.731,37.482,25.564,13.662,26.692,13.511,33.104,33.386,81.22199999999999,31.193,18.301,33.435,104.07,101.59,99.489,113.26,112.95,72.274,72.81,13.346,16.643,105.25,105.57,106.57,105.87,96.005,107.8,113.25,72.16500000000001,72.569,72.071,72.867,28.298,25.407,27.988,140.78,212.56,190.14,188.23,56.569,56.784,41.683,44.595,80.96599999999999,95.04600000000001,93.214,60.991,115.25,113.73,119.06,82.004,85.182,85.946,23.164,23.454,126.33,217.85,11.378,10.942,19.754,0,0.2211,97.41,100.36,96.774,98.741,197.12,196.94,215.39,110.59,103.79,133.9,30.204,22.792,35.915,179.31,122.5,210.85,224.04,224.46,114.46,114.65,11.04,11.735,219,217.88,21.12,25.137,71.898,59.988,46.774,39.792,37.589,113.2,116.33,19.426,12.912,12.117,193.71,191.47,20.895,21.383,109.55,108.99,108.23,180.12,180.47,123.67,124.42,84.55,113.33,115.84,17.735,21.794,31.84,199.58,117.19,117.23,200.56,81.54000000000001,354.62,356.76,354.27,13.77,14.538,17.265,165.3,164.72,14.231,20.539,21.367,20.799,27.461,156.73,16.523,106.27,134.8,137.55,229.94,108.34,37.401,38.291,38.445,199.6,196.18,186.44,13.905,112.93,112.95,221.37,221,256.15,256.41,32.87,33.019,27.76,102.35,134.68,20.512,23.842,17.972,18.117,18.046,26.568,9.7011,65.539,148.25,148.22,113.31
102.38,89.90600000000001,90.66500000000001,97.908,105.63,107.35,122.16,120.6,17.909,45.746,52.52,47.844,57.658,100.11,79.43300000000001,163,127.57,116.24,75.40300000000001,82.056,85.21299999999999,94.931,84.54000000000001,35.564,35.851,134.71,133.37,50.15,38.561,75.423,74.148,113.48,22.621,20.521,146.39,148.06,13.338,109.67,134.64,31.494,31.464,83.706,83.94199999999999,17.065,16.662,74.98,74.91500000000001,75.301,18.886,52.898,263.17,32.186,81.712,127.69,127.81,89.29900000000001,84.908,86.334,84.20099999999999,82.837,83.67400000000001,85.253,85.714,84.985,82.80500000000001,83.494,84.92700000000001,45.316,45.565,112.11,121.04,111.46,112.31,114.27,104.82,104.44,63.112,28.14,34.904,50.788,48.969,15.05,56.045,55.511,55.509,41.849,48.605,21.631,3.7225,3.7797,4.0486,32.415,40.951,208.42,205.24,4.565,9.4961,104.15,197.32,198.47,16.532,16.701,16.383,39.348,39.477,3.1068,2.8822,130.67,1.935,2.4912,2.2397,11.726,37.879,5.5528,3.9013,4.4527,11.626,22.778,20.266,20.291,61.593,20.217,300.55,301.52,16.207,66.676,16.18,21.07,106.74,110.85,110.83,113.51,200.96,188.12,189.52,47.519,46.718,47.217,17.585,13.994,93.789,80.339,115.09,214.58,47.363,45.068,115.75,114.89,196,300.25,312.67,78.42400000000001,77.855,46.898,49.271,113.97,128.23,129.13,143.19,145.07,15.869,11.696,43.8,11.616,53.286,112.29,34.931,35.12,21.249,14.548,38.289,15.328,42.798,33.208,78.407,30.511,19.346,32.921,100.42,102.13,101.04,114.38,113.56,72.5,78.69499999999999,12.958,15.184,105.15,105.8,105.28,105.74,89.748,110.01,107.84,72.259,74.79000000000001,75.944,131.2,27.226,25.413,25.723,145.12,156.54,193.72,190.95,56.603,59.509,42.432,41.823,121.67,123.55,49.142,52.022,118.53,114.79,114.44,88.179,81.73999999999999,83.548,23.162,23.238,133.37,211.7,14.091,11.037,10.881,0.2211,0,97.227,96.60899999999999,98.15000000000001,97.73699999999999,197.01,196.93,213.29,104,103.15,146.87,29.698,33.286,43.597,147.3,126.81,205.27,224.53,226.62,120.47,114.38,11.979,11.119,219.85,218.03,23.777,23.076,60.213,57.506,59.348,43.711,37.861,112.26,116.7,12.119,104.37,23,196.53,196.15,21.063,20.52,109.79,109.55,108.18,180.48,181.47,124.27,126.59,89.621,115.22,114.33,17.772,21.641,36.282,199.96,117.3,117.82,200.49,81.31,353.91,349.22,356.82,15.853,13.956,18.623,166.44,166.03,18.115,20.613,20.842,20.641,27.981,328.1,18.91,107.18,126.79,136.06,137.66,107.77,38.142,42.682,43.976,199.04,196.38,177.51,18.682,113.03,115.46,226.66,220.94,256.35,258.24,33.026,32.928,38.695,104.31,144.52,22.446,21.406,19.376,22.44,17.867,14.967,12.099,55.517,149.5,148.21,115.17
53.084,53.413,52.832,53.593,194.87,199.05,211.06,211.19,81.039,111.63,92.26000000000001,92.32299999999999,166.95,133.72,31.253,80.078,204.96,203.2,68.60299999999999,34.402,34.073,34.058,34.057,75.727,78.124,235.64,235.4,112.81,117.32,26.264,26.332,204.01,82.027,83.504,236.18,236.41,103.85,192.15,251.48,81.33499999999999,79.476,35.959,36.578,113.12,114.03,27.881,27.826,27.293,150.88,122.07,139.76,136.32,146.06,218.36,218.33,38.619,35.076,35.87,36.566,35.131,35.702,36.209,35.3,35.16,35.47,43.79,35.236,61.364,61.329,199.46,200.47,201.97,202.02,202,194.99,194.97,125.77,99.643,99.617,66.43600000000001,66.739,105.74,49.626,48.802,48.764,58.385,61.431,115.08,97.41,97.533,97.258,108.42,108.42,143.34,143.37,96.895,96.699,191.84,265.74,255.94,106.92,107.37,106.89,103.05,103.11,79.48,79.741,34.548,95.268,95.468,95.24299999999999,107.94,92.65000000000001,95.291,94.73399999999999,96.459,92.73,258.59,92.318,98.85599999999999,98.29600000000001,93.866,253.15,253.23,99.931,324.9,102.79,97.248,194.43,201.51,201.34,201.38,135.26,140.86,142.63,94.386,94.444,94.44499999999999,110.24,108.84,154.58,139.87,182.69,168.5,89.357,89.377,200.86,200.85,262.47,253.08,258.3,31.271,30.391,65.224,65.324,204.57,231.86,231.39,233.77,233.75,88.21599999999999,82.98999999999999,60.365,102.65,101.89,190.78,75.247,75.417,91.506,92.81699999999999,105.09,109.41,96.67100000000001,96.68300000000001,29.886,98.446,109.3,74.301,167.23,179.98,167.87,199.63,199.58,35.45,36.068,103.61,103.94,193.16,195.34,194.59,192.95,41.749,198.24,201.82,29.075,29.041,29.101,29.984,87.075,87.095,88.18000000000001,250.22,246.08,278.48,278.57,49.928,54.959,58.889,58.401,134.75,161.96,110.69,156.39,205.05,206.61,199.51,38.071,36.457,37.031,105.32,105.48,210.72,137.44,101.99,101.81,101.8,97.41,97.227,0,0.25997,0.25389,0.25138,149.86,149.77,170.66,191.43,191.06,230.43,98.078,109.11,83.60899999999999,246.48,213.08,178.25,203.1,203.28,193.2,193.1,129.84,111.55,207.58,209.15,111.62,111.63,74.146,74.19,121.86,78.32299999999999,78.19799999999999,201.39,206.65,102.79,103.66,126.27,281.91,282.07,82.20399999999999,82.2,198.51,198.01,198.36,271.39,271.74,214.15,214.31,41.806,204.5,203.93,89.226,96.928,85.99299999999999,152.43,207.72,207.73,176.45,34.091,360.06,360.04,359.12,109.52,109.21,112.48,255.97,255.75,102.53,82.861,82.221,82.426,82.63,63,96.794,196.9,212.51,321.62,319.86,195.94,77.428,77.479,73.697,149.56,148.94,276.82,93.83199999999999,203.76,203.84,162.48,157.7,208.89,209.16,97.027,96.56399999999999,93.184,192.43,225.12,82.248,82.57599999999999,81.372,81.27,81.209,105.51,105.18,101.61,239.97,238.77,204.48
54.632,55.491,53.545,52.4,195.31,197.98,211.14,210.91,81.111,111.7,91.983,93.087,135.46,145.09,45.476,44.904,203.23,203.28,68.824,35.052,37.567,34.142,34.089,75.82599999999999,85.267,236.18,236.27,115.72,103.73,26.426,26.283,204.06,82.429,86.727,236.65,236.5,105.71,192.97,334.7,79.49299999999999,80.208,38.38,38.649,115.57,112.81,27.513,27.499,37.369,178.58,124.34,145.42,144.96,131.32,218.7,218.25,36.157,39.547,38.195,42.361,35.185,35.186,38.848,50.663,36.065,35.494,35.594,35.196,61.443,61.401,199.89,199.88,202.08,202.1,201.97,196.41,194.94,131.97,99.593,99.631,66.399,66.59699999999999,105.78,48.9,48.873,48.811,58.342,63.226,117.84,97.23099999999999,97.12,97.30200000000001,108.44,108.38,143.37,143.31,99.843,96.71899999999999,191.86,434.4,406.31,111.51,107.4,106.95,103.01,102.99,79.399,79.82899999999999,36.29,95.251,95.846,95.28,105.41,87.94499999999999,94.917,96.767,94.667,97.998,99.876,92.16,91.78700000000001,99.937,97.465,253.23,253.31,100.15,337.63,100.62,98.063,194.22,201.39,201.7,201.77,126.12,140.9,140.92,94.413,94.453,94.46299999999999,108.87,108.91,139.47,140.3,140.17,170.25,89.754,89.473,201.08,200.93,272.62,263.39,253.18,35.711,54.754,74.041,65.264,204.66,237.8,229.88,233.77,238.46,81.90000000000001,84.33199999999999,60.376,102.22,101.94,190.85,75.247,75.28700000000001,103.72,94.765,99.48699999999999,108.98,99.631,96.75700000000001,30.719,95.316,109.37,74.678,175.99,175.51,166.81,199.33,201.26,74.959,35.272,103.69,105.14,193.41,193.04,193.04,193.02,41.82,198.24,198.44,29.26,32.515,36.528,32.201,87.011,87.056,88.239,228.89,227.98,278.51,278.61,49.876,51.544,58.41,60.252,135.32,171.42,111.41,147.33,206.65,204.45,193.19,41.382,41.359,33.481,105.3,105.55,211.49,141.15,101.97,103.15,105.92,100.36,96.60899999999999,0.25997,0,0.25463,0.24542,150.75,149.76,168.87,195.46,192.34,202.29,109,109.09,77.364,230.34,213.16,184.32,204.18,205.89,193.78,193.13,127.84,109.42,207.77,207.66,111.62,112.43,74.35899999999999,74.291,117.01,78.248,78.249,203.02,209.17,103.14,103.34,103.02,283.07,286.24,82.209,82.229,199.37,203.22,198.56,270.7,275.58,216.34,214.29,41.05,204.04,203.95,89.264,96.934,101.93,154.79,207.83,207.76,176.39,34.729,360.99,361.71,359.26,111.34,113.96,111.12,255.57,255.41,104.2,83.27200000000001,83.56,83.036,82.825,69.705,96.869,197.05,221.9,319.61,227.31,198.17,75.084,88.631,71.879,149.08,149.76,278.58,99.221,203.61,203.65,157.76,161.19,208.91,209.29,96.495,96.53,92.334,192.21,225.95,82.151,82.309,81.248,81.35599999999999,81.505,106.76,106.51,101.88,238.97,238.82,204.87
58.31,53.451,52.453,52.538,202.99,197.99,211.14,210.99,81.13,111.5,92.133,93.12,149.69,132.55,42.756,76.23399999999999,203.25,203.33,69.46899999999999,34.336,35.887,57.427,34.053,75.85299999999999,76.258,235.64,236,109.68,99.783,26.256,26.277,206.52,83.80800000000001,85.651,236.31,236.45,104.14,192.94,212.57,79.46299999999999,79.468,35.882,36.102,113.55,113.22,27.899,35.252,27.216,135.12,137.5,128.19,132.65,135.86,218.33,218.32,40.643,41.471,35.291,35.235,37.369,35.415,36.464,60.621,36.523,35.255,38.384,35.291,61.348,61.359,199.46,199.44,201.9,202.09,201.96,195.23,194.96,125.97,99.602,99.58799999999999,77.639,66.547,105.76,49.161,48.758,48.777,58.455,58.453,115.19,97.244,97.407,96.886,109.87,110.01,143.38,143.33,96.718,97.068,191.87,244.46,248.23,107.02,107.63,106.89,103.07,102.96,79.655,79.33799999999999,35.398,95.22499999999999,95.67100000000001,95.23,103.31,87.836,94.827,95.056,98.613,96.38200000000001,107.08,91.902,91.789,102.85,91.8,253.3,253.19,101.65,123.63,101.8,102.32,194.41,201.38,201.42,201.52,132.68,140.88,140.88,94.404,94.381,94.417,111.14,108.89,140.89,139.5,139.68,165.76,89.39400000000001,89.422,200.89,200.87,283.38,258.24,258.35,31.258,36.115,65.45099999999999,65.27800000000001,204.49,230.4,229.95,233.72,233.86,83.29900000000001,88.75700000000001,60.558,101.87,102.01,191.15,78.75700000000001,75.185,88.27500000000001,87.59399999999999,107.01,109.43,96.684,97.051,29.823,94.702,108.94,73.56699999999999,176.14,166.48,176.87,199.43,199.4,35.098,34.964,104.85,103.93,193.04,193.02,193.06,192.97,41.741,198.24,198.3,29.123,29.185,29.007,29.106,87.05500000000001,87.084,88.425,219.42,286.27,278.53,278.51,52.838,51.45,58.442,58.73,134.3,185.93,149.42,110.34,205.1,205.08,193.32,39.442,34.46,39.054,105.31,105.42,215.57,137.46,101.96,101.81,101.75,96.774,98.15000000000001,0.25389,0.25463,0,0.26026,149.85,149.77,165.44,191.07,191.08,213.63,96.98999999999999,108.9,73.81999999999999,213.4,213.09,178.06,203.14,203.37,193.2,194.02,135.76,110.93,207.35,207.67,111.64,111.64,74.265,76.76000000000001,106.23,78.214,78.215,201.01,206.84,102.83,103.49,102.86,281.92,282.63,82.265,82.187,198.33,199.08,201.35,270.84,270.76,214.28,214.36,38.378,203.81,203.92,89.20099999999999,94.39100000000001,83.45,152.4,207.72,207.74,176.37,35.235,363.39,361.34,359.59,112.43,111.72,109.84,255.47,255.76,102.84,82.545,83.191,82.236,86.46599999999999,54.404,96.877,196.87,228.9,226.4,319.67,195.59,73.068,75.504,79.53100000000001,149.1,148.98,267.63,95.371,203.35,203.19,157.71,157.71,209.18,208.92,96.545,96.614,92.087,192.21,225.65,82.92700000000001,84.244,81.319,81.256,81.286,105.72,105.34,122.09,238.81,238.81,204.32
52.556,52.582,56.601,56.508,194.92,198,211.28,210.89,81.044,111.59,93.63500000000001,92.57899999999999,121.98,121.44,31.327,115.03,203.15,203.13,69.03100000000001,330.91,37.09,34.102,36.193,75.714,75.68899999999999,235.55,236.68,97.004,137.31,38.729,26.298,204.02,82.494,83.47799999999999,236.45,236.4,104.1,192.39,259.53,81.185,93.00700000000001,35.797,37.095,114.37,113.36,27.88,28.078,27.38,165.26,142.94,147.55,130.1,177.11,218.31,220.16,36.157,36.709,35.558,35.93,35.355,35.176,36.14,44.391,37.505,35.198,35.93,36.333,61.403,61.424,199.6,200.95,202,202.05,202.07,195.8,195.13,128.19,99.64100000000001,99.643,66.38800000000001,66.56399999999999,105.84,50.714,48.771,48.835,58.391,59.54,115.5,97.756,97.422,97.121,109.99,109.92,144.47,143.76,292.22,96.746,191.9,262.51,247.88,106.96,107.86,106.94,102.98,103.03,79.77800000000001,79.46599999999999,43.864,95.306,95.468,95.32599999999999,101.12,87.785,94.727,95.913,95.797,92.872,99.70999999999999,91.84699999999999,91.76900000000001,91.66200000000001,92.517,253.25,253.1,99.93000000000001,116.65,99.96299999999999,97.69499999999999,194.31,201.39,201.45,201.4,153.68,140.85,140.86,94.40000000000001,94.416,94.39,108.83,108.9,139.45,179.72,163.14,170.27,89.393,89.512,200.93,200.95,298.02,258.26,258.24,30.219,30.183,65.27200000000001,65.354,204.83,230.33,229.95,233.78,233.76,107.87,83.56100000000001,60.893,102.24,102.01,190.91,75.148,75.13800000000001,87.93000000000001,90.703,96.45699999999999,109.16,98.46899999999999,97.61,40.096,95.307,112.37,74.417,177.22,175.15,3575.1,201.14,199.19,37.491,36.369,104.9,103.73,193.09,193.05,193.17,192.98,41.758,198.3,198.28,28.97,29.037,29.092,29.3,87.252,92.383,87.43300000000001,220.14,284.44,278.54,278.55,51.693,50.196,58.463,58.389,145.32,155.96,110.18,129.4,205.18,204.79,193.16,38.23,35.978,35.534,105.29,105.29,196.99,140.88,102.03,101.8,101.76,98.741,97.73699999999999,0.25138,0.24542,0.26026,0,149.89,149.78,164.84,192.39,191.21,206.35,87.31699999999999,87.73999999999999,79.53,262.59,213.09,184.08,203.16,203.37,193.27,193.62,117.74,113.25,207.85,208,113.71,111.7,74.28700000000001,74.265,121.95,78.247,78.22199999999999,201.08,208.15,103.08,102.94,102.67,282.38,282.24,82.40000000000001,82.17700000000001,198.44,198.59,199.15,270.78,270.92,214.39,214.44,40.911,204,203.95,89.218,92.946,96.94199999999999,152.4,207.71,207.7,176.43,34.153,360.05,359.87,359.44,111.16,111.88,109.69,255.45,255.58,102.95,82.661,82.614,82.169,83.85299999999999,233.65,97.01300000000001,196.93,211.83,319.79,319.73,197.72,77.16800000000001,76.92400000000001,81.002,149.73,149.84,268.71,94.065,203.92,203.45,157.75,157.67,209.2,208.92,96.529,96.539,92.077,193.08,225.53,84.85299999999999,83.843,81.392,81.877,81.221,105.44,105.18,133.16,241.36,238.81,203.83
257.06,256.27,257.34,257.59,295.76,299.34,311.83,311.75,181.75,212.59,180.85,182.46,192.13,207.04,150.07,136.88,304.94,306.42,158.35,136.27,135.59,148.08,134.98,176.43,176.35,336.98,336.35,208.83,210.65,127.06,127.3,304.96,183.85,182.68,337.35,337.51,204.64,310.28,332.73,180.98,187.57,136.99,138.36,215.74,214.16,128.46,135.75,128.66,221.39,210.44,226.7,234.34,255.68,319.17,319.09,141.82,141.35,136.25,137.27,135.8,136.08,138.59,137.23,142.26,136.06,136.36,135.78,160.9,160.85,301.37,300.37,302.66,302.96,302.51,296.5,295.55,226.55,200.59,200.61,164.57,165.59,206.42,151.24,149.44,149.5,159.1,159.34,221.11,198.26,198.57,198.03,211.77,209.48,18.085,16.888,197.47,198.87,292.45,367.72,385.11,211.31,208.92,207.57,203.84,203.75,203.96,199.25,184.86,196.27,196.17,195.99,203,196.62,196.76,239.91,198.93,207.83,202.12,193.82,192.99,194.13,200.87,123.43,123.27,210.32,249.58,217.54,200.62,295.98,302.04,302.28,303.81,12.271,10.724,10.718,177.26,176.82,176.89,211.6,209.87,240.34,264.24,240.31,193.46,178.52,178.46,301.88,301.77,395.28,133.37,123.81,130.78,130.75,166.11,166.01,305.31,331.55,330.68,334.61,336.76,209.6,219.51,161,203.21,204.03,291.68,176.26,175.79,209.64,207.98,224.85,209.94,205.59,205.41,160.94,195.73,210.57,173.66,293.76,294.61,296.17,300.69,300.53,135.78,138.55,204.82,208.21,293.75,293.83,293.76,293.81,142.38,298.93,298.9,152.83,152.71,152.61,152.89,187.77,187.78,189.73,332.65,354.02,379.21,379.22,150.5,150.52,159.08,159.12,236.68,329.69,226.51,239.71,306.2,304.93,297.65,131.5,130.94,130.04,207.96,206.02,314.34,26.806,204.32,203.9,203.28,197.12,197.01,149.86,150.75,149.85,149.89,0,0.29662,201.25,292.03,291.7,314.06,213.61,213.59,173.58,364.45,313.75,45.16,295.02,295.27,293.83,293.96,225.15,213.92,40.409,41.549,212.34,212.39,175.15,175,207.03,201.78,201.68,302.07,309.47,203.69,204.03,206.15,382.54,383.16,183.68,183.01,299.57,301.11,329.3,371.78,371.64,314.97,314.96,170.64,304.6,305.2,190.29,182.96,183.21,4.8423,310.21,308.69,102.64,136.2,90.499,90.989,90.157,209.76,207.14,206.67,356.1,356.11,204.15,182.89,183.19,182.83,183.18,303.61,198.32,298.06,314.23,421.6,327.23,296.77,198.89,188.77,191.59,1.4363,1.4581,369.93,211.65,304.35,304.4,31.266,31.23,243.66,243.71,205.17,204.6,192.99,293.13,327.85,194.78,194.96,182.01,182.09,182.21,207.74,206.54,201.7,339.92,339.43,305.67
254.21,254.45,258.59,256.25,301.7,298.55,312.03,311.63,181.64,212.17,181.89,181.49,198.79,191.98,132.92,172.91,303.76,303.77,158.85,134.85,134.68,134.62,134.59,176.26,176.29,336.33,336.07,224.9,223.64,126.98,126.9,307.39,183.15,183.12,337.23,337.66,204.56,317.29,338.83,180.17,181.8,136.51,136.73,217.83,212.98,128.35,128.85,132.03,201.33,207.04,304.75,207.16,268.56,318.84,318.87,137.56,136.43,138.71,136.57,135.73,135.65,137,138.51,135.71,135.64,135.97,135.76,160.97,160.78,300.03,303.68,302.51,302.77,302.79,295.94,295.58,226.37,200.53,200.69,164.86,165,206.64,149.21,149.42,149.37,159.14,158.99,213.43,201.92,197.85,197.84,210.51,210.55,18.937,16.874,197.61,197.29,292.99,455.87,388.09,207.81,207.94,207.53,203.64,204.19,209.47,205.33,141.24,195.89,196.1,195.89,205.63,198.97,201.56,197.99,196.26,219.18,206.83,192.92,201.31,192.65,193.56,123,126.37,208.74,253.03,208.76,199.43,295.1,302.02,301.98,302.23,11.944,10.675,10.993,176.89,176.72,176.82,209.48,209.42,240.13,240.36,243.56,191.02,178.32,178.55,301.5,301.51,371.82,122.9,122.99,130.59,130.64,165.83,165.87,306.85,330.5,330.52,334.31,334.35,229.22,205.58,159.9,202.51,202.49,292.37,175.88,175.63,213.19,212.32,217.88,210.06,205.07,206.16,141.29,195.16,210.89,174.23,295.17,300.01,296.07,302.9,300.49,135.42,137.93,205.38,206.59,293.72,293.63,293.58,293.71,142.25,298.81,298.82,152.65,153.05,153.02,154.02,187.68,188.36,190.69,324.23,345.17,379.08,379.12,159.57,150.44,159.16,159.08,237.7,281.64,211.66,224.07,307,304.92,294.27,146.17,135.6,134.71,205.84,205.86,308.33,19.89,203.48,203.24,203.34,196.94,196.93,149.77,149.76,149.77,149.78,0.29662,0,172.92,293.12,291.69,335.5,217.53,213.35,177.27,361.27,313.63,48.052,294.71,295.08,293.88,293.97,234.79,219.24,40.502,40.273,212.25,212.25,174.79,174.9,207.03,201.43,201.68,301.65,310.32,203.6,203.55,203.54,382.47,384.1,182.83,183.37,298.75,300.43,305.73,371.29,372.58,314.89,314.88,164.9,304.91,304.67,190.42,188.85,197.28,4.5877,308.53,308.33,102.59,135.6,90.313,90.443,90.20699999999999,207.35,206.74,207.29,356.25,356.21,204.32,184.66,183.38,183.53,184.71,217.46,197.49,297.52,306.48,327.02,327.29,296.25,193.46,188.47,459.67,4.772,1.3334,368.32,204.68,303.97,304.22,31.104,31.046,243.52,243.56,205.31,204.29,192.86,292.81,326.5,207.38,195.18,182.3,181.82,182.07,203.99,204.5,201.65,339.39,339.4,305.1
146.74,147.39,141.16,148.45,312.78,308.26,296.61,296.93,216,195.88,255.86,257.45,240.82,249.58,143.67,185.04,320.32,316.87,190.88,144.42,136.8,149.57,139.71,205.22,205.28,356.13,355.91,214.36,264.81,147.92,144.58,287.92,187.85,182.76,344.61,341.95,213.05,317.17,368.56,193.65,194.03,137.21,152.95,215.29,216.34,155.51,150.26,156.51,244.01,229.77,218.28,271.09,220.96,316.97,317.6,145.37,135.07,139.96,137.83,142.47,138.2,142.81,142.86,161.78,144.49,149.35,144.1,187.28,186.13,321.17,318.82,311.47,310.96,311.17,303.52,309.07,259.35,239.56,246.04,182.41,182.25,194.25,172.79,178.6,177.23,187.81,192.02,221.98,214.58,217.68,216.19,222.32,224.14,68.009,65.285,217.83,215.74,307.02,378.13,382.56,188.32,199.54,189.89,251.4,249.65,209.79,207.49,138.17,208.73,206.76,208.96,217.19,198.75,210.01,210.81,214.07,207.4,250.05,240.46,237.85,235.45,238.3,180.2,186.61,218.31,261.93,216.72,208.98,322.22,323.74,321.96,328.4,283.73,56.077,56.079,257.68,259.5,258.77,212.85,214.85,216.67,226.8,231.86,0.49683,254.19,252.72,312.39,312.34,368.46,91.703,92.93899999999999,156.03,150.72,183.04,184.35,317.94,354.23,351.24,358.09,366.78,216.8,213.9,202.95,212.61,213.28,311.57,197.42,197.76,219.95,234.05,219.81,210.49,243.28,243.95,138.36,218.07,229.19,195.03,302.19,292.21,300.29,311.29,313.63,194.18,194.31,206.42,211.49,307.94,312.87,308.35,308.43,159.15,313.58,310.26,180.13,179.95,169.03,182.29,204.09,202.69,203.17,312.48,300.53,400.47,399.08,161.67,165.79,180.21,188.88,246.25,280.3,202.47,191.44,296.09,288.16,316.86,150.87,144.3,149.79,223.89,204.54,328.75,50.024,219.49,221.23,220.84,215.39,213.29,170.66,168.87,165.44,164.84,201.25,172.92,0,306.38,308,314.17,198.88,211.4,194.88,338.13,334.09,78.087,330.62,330.29,313.83,310.09,225.85,219.63,1.2407,1.7011,219.79,218.87,199.77,202.2,244.48,188.63,189.73,309.15,322.43,216.14,239.75,215.21,402.74,402.58,181.94,182.4,317.16,321.07,315.26,391.33,391.5,299.19,300.94,191.45,321.81,324.47,235.21,183.05,180.95,180.18,331.94,320.31,59.166,162.21,178.87,184.55,184.35,212.35,207.3,209.66,371.52,372.97,216.54,183.14,185.32,185.01,195.16,456.99,206.14,312.83,326.76,323.32,312.96,311.05,199.87,198.57,200.06,202.97,186.94,387.84,208.84,320.85,321.2,55.071,55.463,310.51,308.73,251.51,250.54,204.71,313.51,320.77,203.16,218.48,216.28,215.92,216.4,208.91,207.51,268.03,359.39,360.9,290.08
187.18,186.23,186.25,191.08,13.045,18.133,30.756,29.924,114.99,134.75,155.61,156.39,182.83,153.63,191.33,211.08,14.344,13.781,166.73,178.76,178.92,182.31,180.87,139.14,134.35,59.803,53.546,151.22,149.96,173.16,171.06,22.124,119.83,133.82,55.022,54.539,102.6,36.429,27.396,133.9,133.68,185.29,183.97,104.78,107.48,173.51,171.78,171.78,116.55,142.35,140.56,110.79,106.18,36.367,48.301,179.35,181.56,179.78,181.17,179.67,179.78,188.38,179.34,179.94,180.34,179.18,180,142.81,141.63,18.031,18,36.608,37.964,36.148,30.371,29.334,157.75,124.53,124.95,147.31,150.99,112.22,154.21,154.64,154.57,136.35,138.06,105.66,101.85,101.63,107.02,116.32,115.77,297.48,591.5599999999999,102.68,101.05,10.091,131.9,134.33,111.56,112.28,111.18,136.67,135.14,112.81,114.49,282.16,102.82,107.8,102.9,99.57299999999999,107.42,102.79,104.25,103.5,97.63500000000001,120.37,119.67,117.1,119.57,479.77,236.7,228.68,107.25,305.36,107.66,121.29,30.646,21.39,19.908,20.782,292.99,282.78,282.86,145.06,145.44,145.27,102.94,101.85,166.21,173.72,168.51,312.69,153.95,150.63,13.506,11.501,104.56,232.65,233.41,174.36,174.26,147.61,142.73,22.948,47.835,51.143,51.706,51.896,106.74,98.938,141.16,107.04,106.41,10.417,133.95,133.66,103.73,111.06,102.68,103.18,128.04,127.71,197.85,127.65,113.32,139.41,21.828,24.409,22.458,36.668,9.9626,245.02,172.38,100.53,103.27,18.043,12.016,13.526,11.714,192.85,34.548,32.581,171.95,171.36,170.81,170.57,132.31,129,128.99,71.25700000000001,100.27,304.63,310.03,167.41,159.06,136.64,136.3,161.45,188.83,148.38,157.34,42.914,22.905,12.117,182.87,173.21,184.95,111.15,110.58,22.556,298.38,110.87,109.25,109.48,110.59,104,191.43,195.46,191.07,192.39,292.03,293.12,306.38,0,0.37524,24.093,120.86,123,154.91,104.52,33.303,295.31,313.64,315.84,11.882,13.245,103.33,117.93,312.52,314.84,108.29,108.88,152.94,154.04,131.07,135,135,19.159,25.71,107.63,115.15,104.53,308.42,309.51,119.66,119.78,16.484,16.372,16.456,296.79,303.15,37.411,32.311,186.01,25.41,22.133,114.32,126.07,127.55,294.73,26.109,26.215,303.85,178.77,453.19,452.13,455.77,102.45,102.3,105.67,74.06399999999999,73.956,99.628,125.84,124.62,126.27,129.8,310.4,121.15,16.855,33.453,244.8,244.61,15.543,114,114.68,113.1,293.19,291.03,293.83,109.95,22.902,21.836,308.61,308.44,351.13,351.19,129.76,133.12,134.76,13.463,42.969,122.44,121.85,115.83,115.12,118.62,101.37,97.21899999999999,138.88,57.372,57.158,22.114
191.33,189.13,188.2,187.1,12.981,16.214,30.026,30.725,114.27,134.24,158.33,155.9,156.77,135.66,194.47,256.45,13.421,13.526,166,178.46,179,184.1,178.2,134.17,133.94,54.812,53.594,124.39,143.72,170.47,170.59,47.901,120.16,119.7,54.263,54.344,102.75,36.155,39.314,135.91,135.56,181.19,188.96,107.05,104.06,171.54,174,171.54,149.46,122.1,105.54,120.75,150.71,37.279,36.476,209.62,181.38,179.48,180.58,179.61,180.01,181.91,180.86,179.33,179.35,179.59,179.71,141.51,141.88,18.312,17.649,36.088,36.521,35.994,29.667,29.104,162.73,124.53,124.57,145.61,145.34,109.86,160.35,154.3,154.63,136.3,136.25,109.48,101.55,103.68,101.23,113.9,113.83,296.24,296.32,100.76,101.53,10.01,114.77,123.59,111.07,111.26,111.07,136.6,134.16,114.93,115.43,200.42,102.79,104.38,102.96,98.892,107.16,106.6,104.26,102.3,95.258,120.68,123.92,124.52,116.77,117.2,227.59,227.63,106.79,507.34,108.88,121.75,12.231,19.321,19.572,19.339,288.1,282.73,283.21,144.8,145.29,144.99,115.85,100.91,166.08,166.24,168.25,308.37,150.95,151.45,11.098,11.133,56.801,227.77,234.5,176.58,177.41,141.87,141.72,22.654,49.252,47.992,52.916,51.815,122.03,91.84099999999999,140.45,105.88,106.1,8.607100000000001,133.47,133.35,115.61,107.71,132.56,103.13,129.43,127.84,192.13,125.53,113.35,132.12,21.281,24.103,23.874,10.669,10.475,167.76,170,103.74,103.01,10.933,11.367,10.898,10.81,191.57,32.239,32.092,170.41,170.46,170.39,170.9,133.67,128.38,132.21,81.58199999999999,70.803,304.47,304.96,163.22,155.66,136.27,137.27,160.96,176.07,149.07,149.54,22.815,22.325,20.976,173.09,177.49,173.04,111.08,110.42,23.079,297.06,109.31,109.12,111.55,103.79,103.15,191.06,192.34,191.08,191.21,291.7,291.69,308,0.37524,0,67.765,119.14,122.71,134.08,53.768,30.806,301.77,312.98,313.06,11.191,10.972,115.08,122.94,312.31,312.47,108.29,108.73,152.28,154.4,149.6,134.76,134.82,19.259,25.142,106.27,106.31,105.95,308.53,309.72,119.44,119.62,16.417,16.718,18.19,296.55,296.75,32.455,32.284,183.22,24.547,22.016,114.46,125.51,119.75,294.23,25.911,26.678,303.37,181.26,456.19,453.35,452.65,102.76,102.72,102.64,73.848,73.621,100.04,125.8,123.68,124.33,124.93,305.55,120.87,14.828,31.459,244.57,245.4,13.415,114.15,112.04,112.07,291.78,290.92,293.67,106.81,22.261,21.906,308.24,308.24,351.27,350.8,127.66,127.88,127.77,9.939,43.146,120.01,123.05,114.81,114.54,114.69,97.128,97.623,138.1,57.4,58.098,21.887
216.05,208.49,196.61,196.35,24.394,41.113,58.401,49.399,134.47,160.31,178.8,188.32,655.22,183.42,199.92,209.69,36.196,26.129,184.54,192.64,226.96,192.51,225.01,156.18,160.18,78.033,81.768,169.76,160.26,191.54,180.61,63.737,146.91,159.19,117.49,79.48,148.19,47.534,111.34,147.8,190.02,228.37,209.77,131.19,141.97,203.68,215.73,218.63,153.72,156.34,128.67,133.38,148.89,61.591,66.161,230.52,221.22,249.15,266.39,218.69,204.84,216.71,228.82,239.9,189.49,217.79,189.48,157.17,163.99,45.404,62.112,79.90300000000001,58.417,59.433,80.27800000000001,62.289,167.94,151.44,140.29,163.71,172.58,120.83,182.24,183.78,164.64,153.1,177.77,141.4,143.26,111.65,116.62,149.03,151.01,319.28,310.3,127.54,140.03,51.276,134.8,174.16,121.49,155.66,121.14,195.54,177.06,145.59,153.39,237.04,124.18,145.81,134.88,109.11,135.23,130.93,119.87,159.28,155.51,148.93,169.89,215.06,209.56,146.25,253.55,237.83,132.19,152.15,125.01,131.52,41.168,42.67,74.503,39.202,323.22,293.46,315.73,175.8,166.41,177.69,128.03,122.95,181.38,190.77,184.54,339.94,227.49,183.24,79.08799999999999,8.003299999999999,117.01,247.47,249.78,199.86,198.14,166.34,191.69,41.359,86.03100000000001,84.045,75.273,77.51900000000001,121.67,129.29,158.05,157.63,131.76,39.457,164.03,152.46,127.92,122.7,136.53,155.12,160.29,200.82,208.87,150.77,141.39,146.34,48.836,43.967,49.156,3.5915,16.933,183.87,195.75,124.14,120.88,21.176,46.401,46.116,62.863,228.97,56.643,80.645,201.85,197.91,182.89,207.25,158.28,158.73,184.11,102.16,138.44,335.6,320.87,198.57,177.95,146.51,167.8,181.67,202.26,190.73,184.32,46.052,70.755,77.001,217.94,206.56,198.17,138.22,171.66,80.06699999999999,329,139.78,169.05,157.64,133.9,146.87,230.43,202.29,213.63,206.35,314.06,335.5,314.17,24.093,67.765,0,142.94,176.66,173.52,89.004,102.43,327.12,326.93,328.32,66.008,58.722,137.05,178.37,343.35,338.08,133.75,157.69,171.95,174.31,174.14,152.46,145.07,48.611,56.158,119.5,156.76,141.76,326.82,326.44,132.45,135.56,38.329,26.176,34.563,353.33,312.19,84.988,48.055,212.07,83.349,46.094,162.96,154.83,142.56,340.54,48.429,42.609,320.37,200.91,474.21,485.54,494.91,139.51,134.87,114.66,84.3,95.40000000000001,125.98,158,137.28,156.18,178.54,269.55,151.93,25.625,62.389,276,280.51,31.68,151.4,136.32,111.05,305.77,324.06,309.29,120.56,46.147,39.267,327.49,318.41,382.44,392.62,150.3,148.61,147.63,20.227,65.979,154.51,135.26,183.78,144.68,134.16,115.65,116.51,149.21,69.44199999999999,79.086,49.951
77.72199999999999,80.334,80.435,80.89100000000001,125.63,134.01,133.63,134.71,27.605,21.38,52.944,50.225,71.086,48.461,65.628,102.24,133.29,133.75,93.29600000000001,82.76900000000001,84.197,92.06699999999999,83.94499999999999,49.822,49.75,164.14,165.86,65.193,119.33,75.352,74.919,125.49,20.972,10.151,166.6,167.01,33.149,130.95,157.87,19.895,757.13,85.94499999999999,92.501,33.478,31.663,76.057,77.38800000000001,76.64100000000001,44.791,42.124,44.075,48.043,46.202,149.12,148.51,119.57,87.739,88.166,83.69199999999999,85.93899999999999,84.518,84.129,119.59,83.291,85.36499999999999,85.07899999999999,83.482,48.121,49.051,127.79,130.49,130.81,130.91,131.36,123.96,126.19,81.2,47.696,47.626,52.925,53.224,4.9221,56.994,58.175,58.518,46.094,50.278,34.024,25.71,21.304,22.661,24.523,24.871,223.2,221.9,27.129,20.754,122.11,270.2,217.74,4.6934,58.07,4.645,22.692,21.246,35.011,35.252,242.12,23.963,17.143,16.806,30.985,23.199,34.703,30.316,24.887,34.848,45.02,40.162,39.891,39.925,40.037,282.42,285.23,33.451,79.124,34.7,38.015,124.72,131.85,131.53,131.43,178.07,204.13,204.79,50.502,48.484,50.827,27.58,31.662,78.479,115.16,80.035,198,49.514,48.727,131.36,131.35,215.65,294.61,284.01,88.84,84.70699999999999,54.484,60.881,133.91,158.34,160.63,161.89,162.39,41.518,34.49,57.071,16.311,16.2,119.13,47.757,47.981,42.815,43.194,59.969,29.809,14.891,16.768,71.925,47.816,19.324,46.742,126.33,125.63,128.32,129.34,131.68,69.011,70.092,27.992,28.174,124.11,121.37,123.53,122.83,89.83199999999999,127.05,125.36,73.79900000000001,75.09,75.51600000000001,75.452,17.768,16.385,17.8,204.13,168.05,211.94,211.7,87.123,87.116,53.959,50.066,75.2,112.48,50.704,54.191,132.62,127.68,124.55,71.31,67.52,65.437,29.011,29.489,144.24,215.11,30.717,28.175,28.816,30.204,29.698,98.078,109,96.98999999999999,87.31699999999999,213.61,217.53,198.88,120.86,119.14,142.94,0,0.40138,45.735,227.1,143.19,205.76,232.99,226.38,121.88,123.71,65.277,52.524,234.31,234.68,40.916,38.173,67.461,70.211,135.33,43.754,39.732,129.97,138.24,24.346,24.745,24.255,215.16,215.35,10.263,11.684,128.97,127.27,129.06,203.78,201.68,135.08,137.29,89.559,134.32,134,37.643,28.628,11.568,215.8,138.11,136.36,200.64,82.14100000000001,357.31,352.29,352.61,41.363,41.069,41.438,186.85,184.35,24.207,10.003,12.252,11.595,10.537,177.43,35.817,127.25,153.55,152.02,204.18,124.92,30.793,31.534,31.858,214.58,210.24,201.56,35.614,133.74,132.14,233.75,223.16,244.3,245.92,16.256,15.946,39.957,120.53,153.65,12.433,12.016,27.065,27.468,27.376,29.583,26.664,40.852,168.83,169.16,127.74
80.209,81.044,80.43899999999999,79.768,127.74,129.64,358.46,135.93,28.567,28.311,52.256,51.103,47.052,61.66,70.485,96.468,133.62,133.16,94.75,84.42100000000001,90.20699999999999,84.363,84.324,50.097,54.564,165.77,165.79,57.085,71.11499999999999,83.946,74.90900000000001,127.21,10.909,12.989,165.07,167.14,27.355,133.3,163.87,27.32,21.581,86.15300000000001,86.491,41.124,34.662,77.809,85.434,78.964,94.706,54.715,44.052,43.363,48.423,148.68,148.36,85.77,88.52200000000001,86.36499999999999,85.669,91.089,86.20699999999999,89.367,118.39,86.489,85.76900000000001,85.723,91.815,46.331,48.705,129.64,130.2,130.99,130.94,130.9,124.02,122.7,95.657,47.858,47.962,51.402,53.073,3.1348,56.636,56.764,63.666,49.064,45.604,31.564,24.108,26.289,23.641,24.855,24.494,219.54,223.01,23.811,18.154,122.85,193.09,199.27,5.4647,26.764,4.8016,22.746,21.715,35.258,33.93,100.03,20.46,19.998,17.178,48.691,21.011,23.62,23.027,32.142,35.322,40.098,40.944,45.511,47.404,38.024,284.17,286.01,36.683,506,35.513,38.777,125.21,131.92,134.77,131.62,172.32,204.6,205.07,50.572,50.666,48.915,38.463,29.795,80.045,81.017,123.8,199.6,47.061,47.079,131.28,131.38,222.03,284.94,282.85,81.121,78.446,55.76,59.223,136.39,160.55,163,164.55,164.67,49.294,37.169,52.612,18.54,15.104,119.44,48.61,47.374,40.26,49.409,54.496,38.991,14.756,16.859,72.163,33.763,37.717,46.466,123.09,122.75,122.33,129.07,127.63,77.741,76.407,35.972,25.551,123.38,124.08,123.34,123.34,90.285,125.34,128.37,74.968,75.32599999999999,80.15900000000001,75.26600000000001,17.319,27.314,16.17,159.03,229.28,211.72,209.98,85.852,84.221,48.152,49.669,75.32599999999999,99.748,49.468,53.103,128.27,125.95,121.62,66.85599999999999,68.792,67.20999999999999,29.311,29.609,132.31,222.74,28.759,28.888,30.765,22.792,33.286,109.11,109.09,108.9,87.73999999999999,213.59,213.35,211.4,123,122.71,176.66,0.40138,0,45.445,186.77,161.92,204.83,228.13,227.92,123.98,121.89,47.29,65.114,232.21,234.11,40.556,40.566,64.28100000000001,69.096,84.404,42.797,46.325,130.61,142.46,37.566,29.242,34.691,214.92,215.15,12.27,9.977,127.35,128.82,126.85,204.37,201.77,135.33,136.9,85.595,135.8,134.03,37.612,9.712899999999999,15.408,215.9,138.19,136.63,202.45,87.794,349.08,352.26,352.56,40.083,39.562,45.935,185.18,187.26,23.487,11.469,10.305,12.499,14.196,165.01,36.222,127.46,150.87,251.07,204.04,124.26,32.608,37.094,29.617,212.74,210.77,203.17,35.558,134.06,136.61,233.73,222.87,246.64,247.39,16.708,18.115,40.712,122.63,154.51,9.9194,11.799,28.703,29.254,28.954,28.51,40.623,63.866,170.42,169.27,130.7
80.717,75.551,105.79,103.03,148.69,138.11,155.41,152.89,31.995,43.833,51.022,62.407,54.718,51.449,68.499,89.706,145.2,163.04,60.595,72.57299999999999,59.218,60.822,76.89,5.6077,16.867,180.67,174.23,54.241,56.922,53.194,52.737,135.32,21.408,13.532,188.02,183.25,50.662,144.86,191.48,34.808,14.107,68.21299999999999,70.928,50.531,66.608,63.268,69.565,49.655,50.299,82.43600000000001,72.26600000000001,84.239,81.026,169.68,157.11,65.057,62.607,65.497,57.808,59.863,57.573,95.131,73.315,59.963,57.57,69.535,62.135,26.993,28.679,141.36,157.8,152.86,141.9,165.29,169.32,135.67,92.56699999999999,57.504,50.241,24.545,28.264,49.247,38.396,26.094,26.001,17.121,16.43,47.794,47.484,36.059,33.556,44.984,50.042,221.86,400.98,31.89,39.914,132.99,202.77,212.45,54.791,46.492,46.955,53.529,78.015,46.199,51.546,125.65,29.613,38.424,38.471,54.436,34.65,41.945,43.296,38.822,40.648,54.257,42.427,51.965,46.355,50.871,276.28,287.45,40.85,91.411,42.678,40.698,132.75,143.32,139.88,140.09,204.42,166.27,168.08,49.486,61.952,58.561,43.494,43.491,126.04,74.292,80.97499999999999,197.84,49.004,47.266,139.42,172.87,215.96,275.13,296.71,67.247,60.417,23.982,37.313,147.11,169.91,169.89,176.54,176.27,62.171,104.29,18.491,61.464,37.225,129.35,7.2452,30.89,62.997,54.874,74.21899999999999,45.924,47.682,56.415,67.288,48.849,43.569,36.349,129.77,135.12,130.02,139.63,139.1,74.129,71.91200000000001,43.206,42.966,132.17,131.52,138.86,146.18,83.158,138.35,143.52,49.531,58.218,42.613,43.479,25.621,32.671,20.137,183.65,218.1,219.22,219.23,27.218,39.119,33.43,32.096,73.042,110.36,41.665,41.183,137.17,140.53,139.18,76.04600000000001,84.807,66.518,39.949,50.596,163.94,244.55,53,60.461,52.749,35.915,43.597,83.60899999999999,77.364,73.81999999999999,79.53,173.58,177.27,194.88,154.91,134.08,173.52,45.735,45.445,0,187.93,151.58,201.12,188.93,199.11,133.68,133.59,70.504,75.43000000000001,206.63,194.19,59.887,50.976,34.58,42.894,76.435,33.977,18.135,147.38,146,67.992,47.79,170.18,228.85,234.72,22.657,17.947,147.57,137.23,139.21,225.39,216.84,157.4,145.52,84.744,147.82,142.43,48.523,28.477,24.09,364.41,147.99,164.51,210.75,57.75,359.92,378.39,341.54,51.72,60.889,45.332,194.3,204.28,48.484,14.525,19.43,17.788,22.705,232.75,45.64,138.34,165.94,276.85,170.53,134.13,58.746,48.645,33.733,171.34,198.62,209.34,69.069,142.24,152.05,271.26,251.5,200.01,206.58,47.132,48.192,41.626,130.68,175.81,12.577,37.334,31.954,39.68,32.002,42.474,35.959,44.808,197.96,177.33,137.55
236.63,277.71,269.75,238.81,127.62,67.01600000000001,44.438,43.719,200.43,156.24,193.95,277.87,205.14,234.66,187.68,308.51,107.85,70.76900000000001,230.79,252.36,224.82,215.81,297.73,262.28,227.02,135.39,59.428,193.34,202.69,192.86,199.25,135.71,264.06,261.05,102.86,93.131,122.64,97.16500000000001,124.73,199.71,240.27,201.8,203.22,126.08,191.91,193.5,234.58,226.1,284.41,229.25,135.09,250.56,261.31,81.09,110.85,253.92,273.84,259.22,241.92,207.47,247.32,246.04,297.22,288.71,265.01,284.14,271.33,232.77,163.4,61.418,23.876,157.21,165.08,57.947,79.255,114.67,230.25,190.1,248.94,167.25,248.66,164.74,223.2,236.53,275.54,201.98,158.36,189.57,231.78,123.16,214.5,225.4,143.81,378.13,427.85,129.97,122.66,31.758,106.72,201.8,132.93,133.45,171.6,263.46,178.39,180.22,215.6,228.48,121.35,149.96,201.22,168.77,168.94,171.02,213.79,195.44,175.33,178.71,227.83,139.12,251.88,138.52,359,283.36,229.65,652.09,131.83,143.85,67.42400000000001,85.572,115.33,103.11,391.5,370.75,342,240.02,238.84,186.42,179.54,195.53,214.25,240.54,279.85,361.65,228.33,267.43,105.66,40.649,212.2,312.04,285.96,278.33,260.17,217.9,198.65,120.32,94.679,86.836,121.47,141.68,174.08,195.45,210.58,184.27,128.54,30.779,207.21,217.34,211.51,184.31,243.98,126.47,287.19,149.71,258.66,196.13,136.44,301.66,139.82,123.6,81.91200000000001,63.22,138.4,223.46,276.84,147.14,140.26,56.649,117.88,117.11,157.81,207.9,169.04,105.66,234.56,224.52,303.53,299.99,237.63,150.38,254.82,93.23999999999999,136.95,366.79,390.25,259.21,183.54,170.44,236.89,194.31,241.86,230.13,179.49,74.672,37.033,101.14,265.74,189.54,255.51,199.3,183.82,80.164,355.54,131.17,187.85,170.18,179.31,147.3,246.48,230.34,213.4,262.59,364.45,361.27,338.13,104.52,53.768,89.004,227.1,186.77,187.93,0,0.32175,388.72,476.8,397.33,61.917,102.73,120.17,184.47,358.96,377.93,213.91,173.6,258.46,273.13,381.85,170.95,277.02,56.636,85.529,121.62,121.78,200.12,325.55,407.75,203.98,199.03,21.344,106.72,148.15,380.14,345.51,130.26,107.49,220.83,96.682,158.35,136.09,182.33,242.61,404.11,82.283,95.639,355.5,285,502.58,557.02,471.15,182.32,168.88,125.72,129.71,189.12,140.19,194.5,158.68,172.22,148.56,329.01,214.22,20.388,110.35,342.14,298.98,85.703,209.67,160.45,203.25,314.07,340.29,365.44,118.82,62.873,52.461,386.65,445.69,379.31,372.66,165.42,175.03,193.83,84.93300000000001,150.13,195.35,172.85,140.9,199.25,203.2,188.18,181.26,215.79,126.41,128.4,37.19
209.98,210.4,212.46,208.12,30.913,33.717,44.551,43.553,147.41,156.54,186.93,187.86,158.39,188.24,185.67,195.38,43.242,42.972,187.59,200.31,200.45,200.2,223.8,156.18,156.05,60.757,59.148,159.12,190.47,192.41,192.67,36.649,141.61,146.45,60.432,62.351,122.76,42.162,68.845,156.39,157.22,203.36,203.28,129.52,127.39,193.6,194.66,194.39,158.27,124.47,163.51,186.33,123.74,41.788,42.276,202.93,208.7,201.39,202.35,201.81,201.3,201.36,201.31,201.49,201.5,203.05,201.41,163.47,163.56,23.39,23.734,57.949,58.208,58.226,51.323,51.435,179.21,146.71,146.87,167.43,167.18,132.05,176.24,176.37,176.43,158.37,164.39,130.63,123.44,123.67,123.26,137.06,136.99,318.08,318.35,122.96,122.74,41.837,107.34,157.27,152.58,133.44,133.07,156.1,156.22,122.38,122.57,281,121.31,121.6,121.54,121.14,122.86,124.03,125.28,123.98,111.49,181.66,160.03,138.71,138.65,139.54,249.7,249.84,125.78,1660.1,135.25,143.14,34.291,24.237,23.992,23.974,300.41,304.93,304.79,182.82,182.86,183.01,151.66,122.93,188.07,189.81,188.15,319.44,185.2,184.68,40.939,40.674,125.26,254.61,249.91,196.87,196.31,165.21,165.2,45.406,56.811,53.811,56.373,56.713,155.06,116.21,163.01,128.85,128.17,30.7,155.35,155.58,118.47,139.49,154.64,123.03,150.03,149.95,191.92,148.79,135.06,153.14,29.922,29.795,29.763,39.123,41.545,201.34,199.34,123.06,122.18,33.019,32.921,33.016,33.009,207.94,54.253,54.533,192.18,192.14,192.1,192.6,150.42,150.29,153.89,127.85,72.095,310.22,310.25,177.48,177.42,158.36,158.33,183.03,225.42,168.93,175.2,41.489,37.378,33.042,197.74,195.05,188.88,133.93,133.64,48.929,320.42,131.43,131.17,131.24,122.5,126.81,213.08,213.16,213.09,213.09,313.75,313.63,334.09,33.303,30.806,102.43,143.19,161.92,151.58,0.32175,0,319.47,335.25,335.45,33.379,33.041,164.42,121.03,334.46,340.54,159.89,130.27,174.18,174.39,150.64,156.84,156.73,41.476,8.2552,121.53,128.06,121.72,313.67,313.96,141.42,141.43,21.777,23.824,21.947,302.36,302.35,47.151,46.683,201.77,44.423,75.10299999999999,136.5,145.26,145.23,316.3,32.277,32.168,325.25,202.6,468.7,480.56,473,125.28,123.75,140.16,96.017,127.12,163.09,147.93,146.01,145.27,148.47,214.31,142.82,20.399,42.506,250.36,251.66,35.381,121.11,114.8,119.65,313.58,312.99,299.36,118.41,34.141,29.239,330.4,330.34,373.09,375.43,149.74,149.67,148.52,32.315,49.283,155.39,144.22,137.65,136.34,136.96,118.96,119.59,159.73,79.717,78.765,37.516
153.31,154.19,152.62,157.91,305.39,302.2,305.26,303.91,197.73,217.07,212.2,208.27,263.73,271.17,168.91,176.41,314.94,319.23,167.48,145.36,147.89,149.15,150.1,218.88,217.45,339.61,347.04,204.48,254.25,152.73,153.08,302,187.63,186.07,345.33,346.13,217.83,314.38,338.89,195.37,207.8,153.29,151.87,219.94,219.95,155.6,154.74,158.82,268.52,271.32,293.16,223.73,285.32,321.92,322.52,147.06,146.99,145.94,147.75,151.28,152.25,147.21,152.46,152.8,145.18,152.96,159.76,201.85,203.01,308.23,309.74,315.52,314.15,317.13,302.81,309.73,249.98,224.81,221.6,214.51,200.67,207.75,148.94,142.24,141.93,212.42,207.56,217.83,204.62,205.74,204.96,202.38,206.53,36.451,42.49,199.75,200.41,586.6,380.57,407.18,215.16,214.67,214.36,221.21,221.36,255.09,208.28,181.01,202.39,203.9,202.54,207.48,223.63,202.84,201.6,205.35,272.75,210.26,214.2,225.39,215.9,215.71,131.03,131.34,210,505.28,210.86,201.02,305.07,305.92,310.6,307.16,68.907,35.153,32.827,202.72,203.47,203.44,210.73,213.46,252.96,252.48,258.15,114.88,204.59,204.83,306.03,305.39,376.31,137.89,131.3,168.49,156.95,213.06,212.74,308.96,341.02,334.55,343.57,343.4,229.29,292.28,196.36,204.46,204.4,296.83,198.95,200.33,244.41,310.73,324.7,218.09,221.81,220.38,206.45,218.45,218.54,198.01,313.22,393.19,292.35,310.1,305.06,149.68,145.78,241.76,218.33,301.37,297.69,305.07,296.73,150.26,305.45,306.94,131.71,130.7,131,132.4,191.67,190.46,194.68,350.25,379.76,392.79,393.04,150.22,148.85,205.61,210.98,242.15,273.05,229.94,268.75,300.84,296.83,302.6,198.03,197.24,211.67,196.25,201.06,310.89,33.283,204.94,210.24,234.51,210.85,205.27,178.25,184.32,178.06,184.08,45.16,48.052,78.087,295.31,301.77,327.12,205.76,204.83,201.12,388.72,319.47,0,278.49,277.91,297.53,297.47,241.51,225.27,78.63200000000001,85.31399999999999,203.49,202.33,227.11,227.58,232.36,202.61,203.13,304.92,316.43,210.84,216.15,216.79,396.48,396.23,181.04,179.88,303.76,302.57,311.05,384.73,386.36,312.37,313.09,135.9,311.2,307.61,210.6,185.26,195.78,51.231,317.61,316.87,11.144,150.1,74.154,79.523,72.98099999999999,215.14,244.27,213.09,359.56,359.93,217.67,189.21,180.91,189.52,188.59,211.25,194.67,306.86,325.8,333.62,339.13,302.03,253.33,263.64,262.55,39.628,38.666,377.07,270.16,313.87,307.59,49.259,41.762,288.21,288.96,216.39,216.8,209.7,301.69,329.02,182.72,186.79,197.51,197.78,206.03,208.53,204.03,219.9,348.56,342.57,303.26
172.36,171.5,171.72,170.83,329.81,330.42,336.57,336.02,224,221.25,225.92,225.4,248.58,250.57,142.28,152.51,325.23,325.12,196.11,173.57,176.68,174.19,173.4,199.62,199.68,368.29,368.02,261.58,220.41,181.83,184.58,329.12,197.81,199.29,368.71,371.08,237.47,316.15,367.83,203.42,203.49,175.64,187.02,233.38,230.55,185.31,184.03,182.95,229.17,274.32,231.39,267.84,253.7,351.22,352.17,176.1,176.6,175.37,177.34,174.49,174.37,176.72,175.41,215.45,174.39,176.45,174.66,214.92,214.87,321.48,322.74,324.89,324.83,325.11,317.86,317.74,270.3,243.57,243.42,215.54,208.26,223.72,160.35,164.35,160.68,201.96,201.83,245.12,226.51,225.45,227.73,219.84,217.2,292.42,292.58,224.97,225.13,313.86,368.89,378.06,226.2,226.61,225.97,248.86,247.72,190.98,190.89,270.49,214.78,215.12,214.87,223.44,203.34,215.45,216.9,215.52,213.65,237.14,240.82,251.11,235.28,243.52,438.67,440.99,240.26,732.26,244.41,219.92,326.8,333.86,333.74,333.8,145.97,285.92,288.08,231.75,231.57,231.62,227.01,226.96,267.87,264.63,265.06,318.78,233.25,233.29,323.05,323.22,417.97,444.07,442.12,188.41,185.52,208.87,208.93,337.02,366.1,362.98,355.88,355.86,200.72,207.93,205.24,230.04,229.7,316.89,198.71,198.59,255.5,264.08,240.86,227.59,242.16,241.11,159.18,229.78,238.09,186.99,284.16,284.84,287.05,322.74,324.74,164.06,163.58,237.56,241.16,327.32,325.36,325.56,325.38,177.72,335.7,321.04,143.87,146.61,143.96,144.08,211.14,210.98,212.2,370.91,387.99,402.74,402.82,161.54,161.51,201.82,202.09,253.62,286.29,235.14,236.19,320.85,319.09,315.48,140.83,142.89,165.82,213.54,213.7,330.11,291.56,233.52,233.35,233.29,224.04,224.53,203.1,204.18,203.14,203.16,295.02,294.71,330.62,313.64,312.98,326.93,232.99,228.13,188.93,476.8,335.25,278.49,0,0.21189,315.22,315.38,262.8,237.52,315.86,316.9,235.03,235.64,217.99,217.84,219.75,215.92,216.38,323.46,341.38,334.74,240.04,236.54,406.13,406.3,197.46,197.16,320.64,320.98,321.28,395.14,395.01,339.45,339.5,155.1,326.29,326.72,232.96,196.52,201.8,307.7,329.69,330.14,280.11,174.57,358.08,352.75,363.76,226.29,227.16,230.22,397.65,388.58,238.17,197.2,197.29,196.17,195.92,160.67,220.83,318.93,337.4,361.75,450.61,327.88,199.75,198.01,224.96,298.97,293.91,391.56,206.89,329.05,325.95,311.74,311.68,46.349,40.247,241.35,240.95,232.23,324.52,357.59,198.88,198.39,224.28,224.2,224.33,221.75,221.46,228.3,372.3,373.28,329.6
171.07,172.2,173.84,171.22,328.06,330.36,336.42,336.06,223.9,221.36,227.52,225.47,247.48,262.43,146.5,144.26,325.18,325.16,196.82,177.19,173.36,174.58,173.37,199.72,203.15,368.25,367.78,250.01,243.04,181.91,181.84,329.18,197.13,206.8,368.82,369.16,237.13,316.5,391.04,203.46,203.42,175.33,175.61,231.24,230.86,182.79,183.24,182.94,240.68,230.51,234.05,252.13,224.17,350.77,350.71,176,176.54,175.11,175.53,174.35,174.48,175.4,174.65,196.45,174.45,177.81,176.08,215.08,214.91,324.15,330.08,325.01,325.42,325.07,318.24,318.65,270.38,243.72,243.58,208.29,208.55,223.91,161.46,160.52,161.17,201.88,205.11,241.28,229.12,225.83,225.44,218.15,218.37,292.15,292.33,224.97,225.78,313.86,374.95,364.9,226.04,227.07,226.01,247.45,247.62,191.31,190.99,241.07,215.12,215.2,214.9,226.57,200.33,215.59,221.88,218.55,213.93,236.43,235.53,235.46,235.53,235.94,437.95,436.86,238.58,283.42,238.68,220.3,326.77,333.86,333.78,333.93,144.65,286.31,286.85,231.65,231.67,231.62,228.33,227.12,281.8,264.6,266.02,330.88,233.3,233.27,323.04,322.95,407.32,437.07,442.17,185.74,185.74,209.06,209.1,337.21,363.8,362.58,355.79,355.83,202.39,208.28,203.96,229.57,230.3,312.92,198.66,198.7,210.67,234.02,224.24,228.3,241.42,243.96,140.74,229.02,236.91,187.76,283.93,284.07,286.96,322.1,321.64,164.53,163.62,237.71,237.4,325.79,325.41,325.5,325.45,177.86,328.81,321.22,143.97,144.17,144.22,144.51,211.04,211.05,217.79,358.92,348.88,402.79,403,162.27,161.64,201.81,201.98,249.72,269.51,261.29,275.69,320.35,319.57,315.94,159.41,167.52,144.66,213.76,213.63,341.52,291.72,233.98,233.4,233.34,224.46,226.62,203.28,205.89,203.37,203.37,295.27,295.08,330.29,315.84,313.06,328.32,226.38,227.92,199.11,397.33,335.45,277.91,0.21189,0,315.31,315.36,234.85,237.36,315.63,315.93,235.13,235.12,217.9,217.98,230.06,215.56,215.47,324.9,340.33,236.42,238.39,236.4,406.22,406.99,197.12,197.25,320.68,321.24,320.45,394.98,394.95,339.59,339.41,155.54,326,326.2,232.86,212.49,205.17,308.01,329.76,329.85,280.09,174.01,351.77,357.19,362.9,226.28,227.42,227.22,387.9,388.04,236.65,196.6,196.02,198.02,197.94,220.7,220.84,319.03,333.09,359.83,360.54,328.46,197.63,198.43,196.4,293.95,294.36,393.37,205.85,325.32,325.57,311.77,311.68,36.921,36.917,241.08,241.04,224.83,325.7,357.4,197.14,197.15,224.41,224.32,224.65,222.59,222.2,240.36,371.28,371.43,329.17
193.32,188.71,188.53,192.63,15.488,29.739,31.935,31,116.57,136.96,166.35,166.55,180.64,156.41,186.5,201.23,15.834,17.224,168.39,180.73,181.16,187.69,180.47,136.11,136.57,55.862,55.644,131.34,153.51,172.86,172.64,24.207,121.52,121.55,56.768,57.019,116.67,34.998,131.13,136.01,135.75,182.56,182.36,108.87,106.67,173.51,174.54,173.73,126.44,154.49,128.63,119.28,127.68,38.372,39.07,185.72,181.46,184.79,183.01,181.46,181.91,181.47,187.81,181.81,181.56,181.93,182.6,144.06,143.88,19.83,20.269,38.758,38.172,38.056,31.457,31.071,159.33,126.65,126.85,147.45,148.64,111.92,158.77,156.45,156.74,138.96,138.61,111.65,104.49,103.49,103.77,124.95,125.54,298.4,302.55,104.97,103.31,12.388,139.06,142.05,113.44,115.91,114.3,137.4,136.42,125.8,126.53,208.23,114.09,114.15,114.9,101.05,118.63,104.2,107.74,106.42,107.97,123.74,123.68,118.89,129.19,119.43,232.95,229.65,118.04,151.69,117.95,124.5,13.467,21.574,21.742,21.723,307.25,284.94,284.92,156.34,156.11,156.95,103.08,103.47,168.2,168.37,168.63,312.58,162.07,162.41,13.898,13.46,106,234.93,234.83,177.24,176.9,149.54,145.76,24.867,50.165,52.064,55.113,54.05,115.89,107.53,142.67,108.12,108.4,3.0107,135.83,136.09,115.46,114.93,125.53,114.2,130.19,131.14,191.71,127.73,115.44,133.46,19.435,21.214,20.039,11.873,14.962,170.15,169.83,112.24,113.19,13.313,12.874,13.251,13.315,202.51,34.423,34.251,172.58,172.33,172.4,172.64,130.68,130.65,130.81,56.111,87.714,306.63,306.63,157.47,159.77,138.88,138.72,163.12,191.68,148.98,151.95,25.339,24.388,0.75021,186.21,185.37,188.16,122.95,122.42,31.082,299.43,111.4,111.57,111.26,114.46,120.47,193.2,193.78,193.2,193.27,293.83,293.88,313.83,11.882,11.191,66.008,121.88,123.98,133.68,61.917,33.379,297.53,315.22,315.31,0,0.5731000000000001,120,126.52,315.01,314.77,113.66,110.85,154.6,154.55,155.68,136.95,136.81,14.577,27.976,117.69,123.27,114.13,310.26,310.05,121.81,123.34,19.035,18.566,18.385,299.06,299.31,34.576,34.491,182.85,23.974,24.094,116.45,150.36,140.52,297.04,27.895,27.778,305.51,180.5,459.08,459.03,455.03,105.51,104.9,103.13,75.696,76.973,102.25,126.68,126.22,126.77,127.36,458.36,123.33,17.508,35.509,248.52,249.69,8.354200000000001,117.2,118.05,117.12,293.1,292.95,295.93,121.25,24.194,23.964,310.35,310.47,353.16,352.94,130.38,129.83,137.92,12.219,65.584,125.46,122.04,116.79,116.69,116.73,99.81,101.15,139.92,60.584,58.953,24.213
188.17,188.09,188.61,192.3,14.963,22.768,31.131,38.811,116.47,136.59,167.33,167.36,182.51,171.7,176.26,194.17,16.013,17.356,167.96,180.59,180.47,192.24,180.55,136.2,136.25,56.141,55.95,146.48,196.23,175.78,172.76,25.139,122.85,121.85,57.842,56.662,112.99,35.32,101.8,136.93,163.66,182.99,183.52,107.01,107.27,173.58,175.16,173.82,132.71,133.86,121.36,142.47,144.17,38.557,38.518,202.1,183.41,183.17,181.36,181.51,181.34,183.33,181.33,217.24,181.67,182.3,183.1,144.59,144.5,19.664,20.659,38.8,38.204,38.346,37.541,31.031,159.26,126.88,126.76,147.61,148.57,112.42,156.98,156.38,156.48,138.97,140.58,109.04,103.55,103.66,103.91,127.04,126.55,298.18,298.22,104.36,102.88,11.911,141.13,121.28,113.11,113.92,113.22,136.63,136.27,125.65,123.5,287.09,114.1,114.27,115.04,102.72,118.66,108.03,107.23,104.79,108.44,140.13,119.66,119.48,120.39,124.23,230.38,230.1,120.15,142.99,122.31,124.09,13.631,21.695,21.583,21.589,303.09,285.02,285.51,156.12,156.08,156.23,102.94,103.03,168.82,168.3,168.94,315.82,162.07,162.19,14.041,13.661,96.443,229.67,235.45,179.59,177.5,145.17,145.32,25.487,51.499,51.473,54.136,59.547,179.37,133.91,142.86,107.97,108.01,3.0186,135.6,135.76,113.53,123.48,113.67,114.45,130.98,130.02,191.04,127.82,115.63,134.02,19.634,19.552,20.03,11.781,12.789,169.35,169.88,112.11,112.46,13.279,14.378,13.365,13.084,202.64,34.313,34.316,172.88,172.61,172.44,172.61,130.41,130.43,132.08,101.77,107.11,306.55,306.54,157.47,157.56,138.38,139.15,163.05,175.38,148.98,169.28,25.31,25.076,0.56177,194.07,190.01,192.48,122.08,122.01,22.349,299.17,111.4,111.77,114.55,114.65,114.38,193.1,193.13,194.02,193.62,293.96,293.97,310.09,13.245,10.972,58.722,123.71,121.89,133.59,102.73,33.041,297.47,315.38,315.36,0.5731000000000001,0,130.94,113.37,314.85,315.41,110.63,110.35,154.36,154.52,180.39,138.24,136.89,14.405,27.916,116.12,115.79,114.17,310.26,310.19,123.14,121.8,21.491,18.952,32.356,298.8,299.41,34.534,34.544,182.46,25.274,25.736,116.65,138.39,135.81,296.49,28.196,27.891,305.35,181.68,457.3,457.92,454.51,105.05,104.29,123.16,76.074,76.374,102.54,125.82,126.48,126.26,129.05,259.84,123.34,17.091,24.858,247.57,246.71,8.4252,116.52,116.65,116.64,293.66,293.26,295.56,120.11,24.69,23.871,315.23,310.38,353.05,353.2,129.85,131.83,137.59,13.983,46.156,125.1,124.23,117.05,116.69,116.59,101.29,99.422,139.91,60.837,59.271,25.769
104.82,104.79,105.41,138.92,127.46,117.99,125.04,122.08,60.995,76.71599999999999,45.795,33.426,101.84,106.26,97.69799999999999,159.18,135.37,115.19,96.38200000000001,86.741,119.91,123.2,86.41,59.119,65.56,163.36,159.58,60.717,35.043,120.01,124.77,128.99,56.428,64.73699999999999,157.81,143.81,4.3171,128.91,178.46,41.245,40.864,88.486,90.60299999999999,12.391,11.446,81.98399999999999,81.654,79.79900000000001,41.441,70.56699999999999,65.688,70.96599999999999,42.351,167.39,152.23,119.02,118.42,94.90300000000001,95.63800000000001,87.77200000000001,100.73,102.19,128.12,104.17,136.71,127.08,119.23,66.5,54.287,130.91,125.34,120.97,112.83,131.49,119.85,128.23,102.42,54.894,41.148,78.435,77.223,21.924,97.788,81.71599999999999,85.86499999999999,46.788,46.708,12.761,11.706,38.497,12.004,63.656,79.24299999999999,232.79,242.73,48.985,29.132,114.62,224.54,189.98,54.293,23.55,30.45,60.454,62.285,62.199,7.3595,88.056,63.953,33.368,14.52,6.3052,36.554,10.073,9.604900000000001,28.465,36.05,34.034,56.491,80.35599999999999,52.103,67.535,324.25,343.4,32.507,59.483,12.497,11.367,123.82,137.52,135.06,134.4,226.28,224.71,224.03,50.978,68.553,48.726,59.004,49.987,147.91,117.32,120.67,280.22,53.64,31.053,130.28,108.16,195.75,317.37,332.79,133.09,134.93,83.259,61.944,137.92,170.31,171.37,181.73,165.69,92.229,38.87,56.561,64.328,50.01,129.68,59.066,73.96299999999999,47.584,43.047,46.475,8.2317,43.882,38.204,133.49,36.265,23.641,42.777,106.23,128.29,127.82,123.97,135.83,79.145,77.745,4.1441,3.596,128.8,126.94,149.3,122.19,111.15,123.27,137.93,107.35,82.185,82.297,102.74,49.846,58.462,36.612,184.55,201.01,196.66,210.6,66.879,66.76000000000001,66.35299999999999,51.354,136.52,138.56,87.218,80.90900000000001,109.16,118.04,127.56,90.407,130.97,99.604,43.785,67.122,129.87,242.54,34.882,38.139,38.448,11.04,11.979,129.84,127.84,135.76,117.74,225.15,234.79,225.85,103.33,115.08,137.05,65.277,47.29,70.504,120.17,164.42,241.51,262.8,234.85,120,130.94,0,0.65917,227.6,241.29,15.775,48.947,84.70999999999999,102.08,71.65900000000001,77.20099999999999,63.495,121.92,151.23,51.429,2.893,53.742,234.26,225.35,30.71,31.464,127.74,176.3,164.25,190.24,226.3,146.4,130.22,101.17,123.6,134.35,48.231,42.063,65.58199999999999,241.7,130.28,124.4,246.24,106.92,376.47,369.47,388.08,69.354,56.683,57.85,169.62,186.5,2.6169,31.166,57.921,30.671,31.176,167.15,45.912,140.62,120.02,147.84,150.1,136,11.587,21.822,14.335,233.72,227.25,227.44,62.702,118.39,131.19,222.75,215.79,256.64,271.81,56.423,40.643,32.594,117.6,170.4,30.923,42.286,61.387,80.009,71.626,60.725,59.513,70.499,169.64,182.22,141.04
116.45,104.82,104.76,126.97,120.45,114.46,113.47,116.49,44.938,73.533,37.758,33.623,64.70999999999999,60.986,95.932,131.53,120.57,127.16,94.702,86.70999999999999,113.45,127.34,107.46,66.098,103.03,170.34,152.04,85.852,34.854,95.423,88.64100000000001,97.92,39.661,36.535,171.71,176.48,4.272,134.47,144.54,40.945,42.6,88.71899999999999,88.22,11.559,30.991,79.755,80.76600000000001,82.666,22.721,36.023,108.07,85.622,70.09399999999999,146.03,148.02,116.04,91.18000000000001,123.79,101.94,105.5,129.88,105.51,87.67100000000001,90.548,94.455,109.91,140.16,49.822,56.783,113.33,128.15,122.04,125.85,113.32,128.26,101.88,87.035,44.672,48.099,64.12,66.178,20.198,77.669,76.48,74.64100000000001,46.718,55.352,16.32,11.563,35.045,11.306,39.613,40.381,211.04,216.87,29.98,30.752,127.89,201.56,199.26,38.363,22.124,42.582,44.417,59.895,35.146,19.706,91.178,38.565,9.8986,33.668,6.2686,36.508,9.553599999999999,10.806,32.743,32.386,43.312,42.545,51.213,54.143,43.051,321.97,312.27,23.03,87.458,22.97,14.646,103.69,115.37,115.64,143.09,213.13,204.26,214.89,59.509,44.927,63.471,22.738,56.757,102.84,123.03,98.09099999999999,237.64,45.334,56.82,123.74,122.04,190.68,325.58,320.76,85.48399999999999,94.634,76.833,70.377,154.21,153.62,159.01,159.55,162.2,55.638,9.1989,48.834,16.632,27.404,118.6,58.789,49.442,22.815,34.977,41.431,19.734,38.48,38.221,89.54600000000001,36.011,23.511,42.601,105.22,136.93,104.16,124.87,110.35,80.703,78.149,8.137600000000001,8.9839,112.5,105.45,104.97,112.74,103.57,107.42,113.67,95.39400000000001,82.282,82.108,90.696,37.503,41.333,36.173,172.5,212.04,203.3,197.57,66.755,66.71899999999999,62.115,83.227,105.59,102.17,69.124,73.402,122.85,109.27,111.16,97.167,111.68,92.995,40.306,23.58,110.81,221.17,53.259,33.374,43.639,11.735,11.119,111.55,109.42,110.93,113.25,213.92,219.24,219.63,117.93,122.94,178.37,52.524,65.114,75.43000000000001,184.47,121.03,225.27,237.52,237.36,126.52,113.37,0.65917,0,225.97,227.44,38.435,51.31,97.929,93.536,86.232,72.155,71.55200000000001,110.63,128.83,34.753,2.7826,2.9737,195.06,200.82,30.701,30.781,129.03,118.81,106.22,191.93,231.97,123.89,120.36,97.876,126.72,117.36,47.026,38.932,43.531,218.12,143.21,128.63,213.66,116.73,392.21,378.11,385.6,22.524,8.7994,42.314,181.9,166.42,2.7067,30.974,44.289,30.882,39.539,117.15,28.995,139.82,140.43,152.62,150.31,130.01,12.742,13.849,14.178,211.17,225.24,192.28,39.301,143.69,117.31,234.96,230.74,245,239.11,51.114,58.879,35.495,101.66,142.52,56.21,51.466,40.476,34.325,28.039,4.5874,24.981,49.672,167.32,148.87,99.681
275.49,275.64,275.44,275.23,317.94,319.28,332.68,334.6,197.92,219.96,201.74,202.09,279.78,238.74,139.98,183.81,324.79,324.53,178.82,155.61,155.36,155.98,155.43,218.86,219,459.78,357.32,244.62,264.08,147.94,147.59,325.43,241.37,190.2,358.59,357.84,226.07,427.96,334.18,200.86,203.13,157.27,157.89,235.33,234.47,149.12,148.72,148.71,289.77,270.36,250.79,231.92,236.3,339.8,339.54,157.77,156.55,157.01,156.48,156.6,156.38,161.95,158.97,158.2,157.06,159.52,156.45,181.59,181.66,303.13,303.39,323.42,323.45,323.25,316.98,316.25,247.44,221.92,221.29,180.29,179.84,227.52,170.72,170.07,170.23,179.9,179.8,238.42,218.69,219.7,218.04,230.12,230.02,37.693,42.623,218.42,218.63,313.31,386.17,456.23,228.28,229.48,228.28,224.36,224.29,206.19,208.39,160.27,216.62,217.16,216.59,223.85,216.67,218.85,218.8,220.41,240.16,219.44,222.38,213.52,213.88,214.41,185.83,186.58,229.41,296.83,230.09,218.56,315.64,322.78,322.75,322.8,153.37,31.357,42.485,197.84,197.47,197.51,230.26,230.16,250.45,221.37,211.85,1.6875,199.18,199.02,322.96,322.47,438.11,84.878,91.16,153.77,151.51,179.47,179.57,326.39,352.16,351.23,354.3,354.41,205.86,208.18,180.63,223.2,223.11,312.14,196.88,196.4,213.45,220.05,213.79,230.28,226.75,225.6,132.99,216.34,218.32,194.7,287.76,287.87,287.89,323.18,320.65,156.81,156.08,229.72,225.27,314.45,314.3,314.69,315.47,164.34,320.75,319.64,173.65,173.38,173.38,173.62,205.66,205.85,205.82,369.31,399.68,393.97,393.7,165.81,163.65,179.76,180.69,258.04,314.32,211.69,211.52,325.84,325.66,314.47,260.57,232.68,269.87,226.58,226.85,324.81,46.203,224.68,224.42,226.27,219,219.85,207.58,207.77,207.35,207.85,40.409,40.502,1.2407,312.52,312.31,343.35,234.31,232.21,206.63,358.96,334.46,78.63200000000001,315.86,315.63,315.01,314.85,227.6,225.97,0,0.26914,232.99,233.31,195.73,196.2,242.81,222.42,222.2,322.57,332.63,224.63,229.41,224.36,396.98,402.66,191.51,191.42,305.66,304.02,304.27,385.99,385.86,336.03,335.69,185.02,325.26,325.39,211.1,239.13,202.04,42.933,329.86,329.13,105.74,157.63,68.44,67.785,66.224,227.91,237.22,228.19,377.99,377.19,225.06,204.4,204.37,203.6,204.43,224.17,219.25,302.71,311.71,442.14,348.3,317.13,280.71,277.83,268,46.068,39.507,382.63,298.99,324.83,324.83,51.866,51.84,317.46,318.4,225.7,225.26,213.51,313.58,346.29,205.35,229.72,202.59,202.56,202.62,242.66,239.7,214.64,391.8,360.24,326.76
275.64,275.62,276.93,275,316.22,319.3,332.56,332.36,199.64,223.76,202.22,206.93,242.12,215.52,134.26,179.57,328.14,324.57,178.77,156.12,155.37,155.42,155.31,219.34,219.34,357.15,357.01,235.65,288.53,147.89,150.26,327.49,190.85,194.64,357.7,359.15,228.6,434.91,372.15,201.05,200.85,157.75,158.09,235.23,234.75,149.23,150.95,149.02,252.41,261.45,264.19,261.09,270.9,339.59,340.5,165.65,159.12,159.7,158.35,156.41,156.89,156.82,156.44,156.54,156.55,158.73,156.56,181.76,181.56,304.36,304.13,323.32,323.7,323.43,316.37,316.5,247.39,221.72,224.62,179.6,181.56,227.14,170.29,173.89,170.19,181.2,180.33,234.27,218.59,224.17,218.89,232.05,231.3,37.966,38.061,220.2,219.25,313.38,395.54,440.15,228.75,230.77,228.32,224.36,224.32,206.39,206.37,183.81,217.9,217.46,216.77,223.8,216.28,217.08,223.83,217.11,238.44,232.36,221.01,221.15,213.56,229.11,186.64,192.41,229.64,266.87,229.55,319.26,315.58,322.82,322.81,324.68,181.39,31.661,31.407,197.56,197.88,198.97,230.18,230.48,213.28,211.7,231.9,1.4629,199.28,199.08,322.33,322.98,401.04,95.754,84.795,151.86,151.47,179.48,179.39,326.37,351.2,351.33,354.61,357.93,212.08,213.2,181.97,223.77,224.38,312.15,201.89,197.92,220.87,213.54,224.06,230.81,228.4,229.79,132.99,216.9,220.28,194.68,287.5,287.72,287.74,321.29,321.3,156.69,158.8,224.87,225.88,314.89,315.3,316.32,314.47,168.54,319.85,319.69,173.3,173.76,173.81,173.94,205.79,205.83,207.44,385.51,387.65,393.65,394.51,163.17,163.36,180.81,179.74,256.23,309.66,211.06,244.23,337.79,325.69,314.61,214.07,261.09,236.46,226.69,226.6,324.32,40.731,309.05,229.67,225.1,217.88,218.03,209.15,207.66,207.67,208,41.549,40.273,1.7011,314.84,312.47,338.08,234.68,234.11,194.19,377.93,340.54,85.31399999999999,316.9,315.93,314.77,315.41,241.29,227.44,0.26914,0,237.27,233.11,195.63,195.73,227.55,223.85,222.63,322.99,330.05,226.14,224.44,225,397.02,397.19,249.85,192.73,304.02,307.45,304.23,385.91,385.94,335.7,336.01,185.98,327.2,328.99,211.12,200.38,192.66,43.154,332.17,329.42,109.89,156.78,73.96299999999999,64.22199999999999,66.264,227.11,226.7,231.35,381.88,376.87,225.18,203.87,204.59,204.09,204.9,274.7,218.36,302.81,313.87,440.98,347.97,317.41,257.1,257.02,271.73,39.995,39.644,382.97,340.12,325.22,326.85,66.459,51.974,317.87,317.55,225.73,228.77,212.38,314.1,366.83,273.4,225.15,202.93,202.75,202.71,240.31,241.44,207.56,360.13,362.65,325.91
96.38800000000001,95.36199999999999,94.64400000000001,96.425,112.78,122.02,113.79,114.41,33.675,42.405,82.584,82.953,44.252,72.208,90.002,141.17,120.58,121.7,83.31999999999999,99.43600000000001,97.76900000000001,101.98,97.735,55.473,55.574,148.35,153.29,56.939,138.34,90.221,90.04000000000001,106.75,18.591,18.3,153.66,153.64,30.232,120.28,154.69,49.167,49.199,100.57,100.78,28.721,21.938,91.18600000000001,91.494,91.045,60.923,33.324,52.157,49.965,56.762,137.12,135.7,99.61499999999999,99.146,99.94799999999999,100.75,98.812,98.828,106.59,115.59,132.9,99.23999999999999,110.45,99.276,60.458,60.638,116.91,117.49,116.17,116.32,119.39,109.01,109.61,77.497,43.894,35.745,66.501,67.798,37.419,74.904,74.754,74.81100000000001,57.608,63.831,22.639,21.931,21.903,22.096,14.949,14.995,215.14,215.25,21.944,21.453,108.99,183.48,181.75,43.919,38.772,38.477,54.702,54.7,24.205,24.304,99.67100000000001,19.988,20.124,19.978,16.247,27.993,19.508,19.491,31.421,13.193,30.61,28,27.91,44.898,28.616,307.61,305.84,21.065,56.025,21.141,26.547,111.59,118.61,119.05,118.63,192.18,203.26,203.86,78.306,78.214,78.26000000000001,18.318,18.288,71.075,70.974,71.011,218.29,82.149,79.907,118.19,118.16,220.4,310.68,316.08,94.343,94.176,65.93300000000001,63.714,122.15,142.4,143.25,150.99,151.79,15.551,18.993,59.928,26.532,26.635,108.36,54.835,54.976,33.801,31.768,41.898,20.478,48.315,36.124,83.04900000000001,46.171,40.402,54.866,96.134,96.178,97.244,117.89,116.78,88.19799999999999,87.69,19.697,18.752,110.39,110.27,122.1,110.2,105.44,112.4,112.34,91.616,91.69499999999999,96.313,92.226,35.025,34.616,34.884,130.98,168.58,205.89,205.28,75.73699999999999,81.657,57.668,75.45999999999999,70.52500000000001,93.907,41.497,41.73,110.65,111.95,112.32,81.878,82.554,83.021,4.1306,4.3549,143.54,226.2,26.992,26.618,26.505,21.12,23.777,111.62,111.62,111.64,113.71,212.34,212.25,219.79,108.29,108.29,133.75,40.916,40.556,59.887,213.91,159.89,203.49,235.03,235.13,113.66,110.63,15.775,38.435,232.99,237.27,0,0.7962900000000001,72.759,74.73099999999999,38.317,78.499,54.612,118.27,125.46,16.965,20.216,18.564,208.75,208.92,18.574,18.379,116,115.61,123.98,197.63,197.43,117,116.84,101.92,121.17,121.27,25.395,33.707,34.76,214.88,126.96,124.97,198.34,98.14,460.75,463.67,460.72,18.316,20.208,21.553,173.48,172.62,16.815,39.646,29.914,31.777,35.813,235.03,21.092,114.18,128.49,144.15,144.25,112.85,26.662,26.641,24.626,211.59,211.51,194.13,10.939,121.04,120.48,225.74,225.67,249.19,249.22,35.816,35.752,46.059,109.64,142.12,19.413,29.014,34.099,33.893,33.917,18.667,18.816,32.23,161.91,165.99,107.43
94.47799999999999,95.389,94.593,94.71299999999999,112.21,115.27,113.91,119.16,33.777,41.848,83.05800000000001,83.54300000000001,92.84399999999999,55.609,80.425,106.73,120.52,121.53,83.267,97.955,99.30800000000001,97.742,97.703,55.454,55.536,147.9,170.69,54.824,36.776,90.096,90.151,114.24,18.984,18.375,153.98,153.53,17.99,120.26,184.34,49.407,49.758,99.70999999999999,100.19,21.763,24.439,91.29300000000001,91.392,91.22499999999999,37.424,60.808,24.062,25.29,49.806,136.48,135.86,102.17,99.422,100.15,99.92400000000001,100.71,98.75700000000001,99.863,101.45,117.65,98.81999999999999,99.104,98.911,60.494,60.526,116.75,116.8,116.2,116.38,116.12,109.06,109.12,77.303,35.778,35.745,65.67400000000001,66.87,38.298,83.51300000000001,74.78100000000001,74.874,57.749,57.909,26.239,23.801,22.488,22.08,13.431,13.452,215.25,215.13,21.612,21.565,109.52,329.61,190.98,38.635,38.792,38.599,55.414,54.8,24.449,24.258,188.92,20.067,20.294,19.972,19.615,37.782,20.259,27.413,19.889,13.424,29.811,28.749,27.995,27.855,27.976,305.59,305.7,24.907,561.83,21.06,24.749,111.65,118.59,118.68,123.82,189.53,203.86,203.64,78.318,78.282,78.26000000000001,20.322,18.295,71.07599999999999,70.98699999999999,71.515,225.06,79.863,80.05800000000001,118.16,118.32,206.22,311.04,310.67,93.746,94.41800000000001,63.74,63.817,121.77,142.35,146.57,151.57,151,17.551,15.779,59.757,26.714,26.65,108.04,54.868,54.885,45.735,35.229,48.761,19.715,39.721,35.91,77.94199999999999,46.321,36.187,53.064,95.17100000000001,95.23,105.89,116.61,117.01,88.791,88.863,18.347,18.493,110.33,110.21,110.39,110.23,105.43,112.34,112.32,91.65600000000001,91.545,91.489,92.687,34.665,34.552,36.032,175.46,159.03,205.22,205.3,76.005,76.233,57.74,57.85,65.842,106.33,45.444,43.137,108.96,110.17,110.78,84.119,84.05500000000001,82.015,4.0549,4.0844,136.51,221.11,26.834,26.589,26.508,25.137,23.076,111.63,112.43,111.64,111.7,212.39,212.25,218.87,108.88,108.73,157.69,38.173,40.566,50.976,173.6,130.27,202.33,235.64,235.12,110.85,110.35,48.947,51.31,233.31,233.11,0.7962900000000001,0,72.768,72.782,42.701,54.663,54.664,118.25,124.55,17.159,18.495,17.779,208.66,208.74,18.507,18.685,115.63,116.18,115.59,198.22,197.53,117.02,117,104.26,121.71,121.47,25.544,20.237,30.509,214.86,124.99,124.95,198.25,100.03,461.35,460.87,461.33,21.205,20.227,21.053,172.88,172.92,17.35,29.655,30.11,29.779,34.507,111.95,21.172,114.21,146.32,145.38,144.19,112.88,22.359,28.157,21.627,217.25,211.49,194.34,10.944,120.76,120.95,225.8,225.69,252.74,249.25,35.801,35.773,46.078,109.47,142.42,20.01,18.991,34.113,33.892,33.957,31.211,14.197,32.883,165.08,161.89,106.5
81.23999999999999,79.17700000000001,77.67700000000001,84.09099999999999,156.4,159.03,172.11,172.27,42.168,72.821,55.034,53.563,100.52,133.62,67.80800000000001,89.773,164.28,166.14,79.02500000000001,59.368,59.783,60.024,59.145,36.883,36.777,197.25,196.53,85.09099999999999,88.91200000000001,51.53,51.46,165.25,43.652,43.803,197.67,197.5,65.357,161.56,212.02,41.652,41.585,61.566,62.154,78.249,73.383,52.758,52.695,52.537,97.873,97.571,73.988,77.84999999999999,128.88,179.57,179.39,61.269,61.237,65.167,64.157,60.275,60.228,60.28,71.739,60.978,60.993,61.383,68.39100000000001,18.562,13.516,162.39,160.62,162.99,163.29,163.16,156.96,156.06,87.128,60.706,60.571,24.145,24.169,66.85299999999999,68.79300000000001,57.293,57.264,17.31,17.183,77.937,68.991,58.69,58.235,69.476,69.506,168.39,168.39,57.888,57.656,153.24,230.8,225.26,68.29900000000001,68.39,68.011,64.15300000000001,64.261,58.478,63.453,66.413,56.398,56.481,56.494,62.33,61.61,56.235,64.919,58.769,69.70099999999999,55.696,67.82899999999999,52.896,52.851,55.689,278.41,278.32,61.09,521.9299999999999,62.358,59.83,155.61,162.47,162.44,162.66,179.06,165.96,166.22,55.541,55.804,55.441,71.209,69.985,120.06,119.01,100.62,206.86,50.572,50.528,162.12,162.03,249.31,288.62,288.53,56.287,55.892,21.095,20.937,165.67,193.99,191.01,194.94,194.83,73.223,65.648,19.342,62.948,62.998,151.91,36.285,36.173,73.884,73.873,73.28100000000001,70.855,58.398,58.48,64.735,55.602,70.88800000000001,35.915,156.4,154.25,162.33,162.01,164.74,95.47,103.36,64.905,68.06399999999999,154.22,154.15,154.44,154.09,66.80500000000001,159.37,159.3,75.777,75.80500000000001,75.627,76.295,48.133,51.239,49.062,193.95,215.25,239.62,239.55,59.824,58.397,17.467,17.503,95.917,166.86,71.45699999999999,72.473,173.81,167.08,158.51,80.343,79.333,77.44499999999999,66.52200000000001,66.386,173.46,164.06,63.06,62.892,68.127,71.898,60.213,74.146,74.35899999999999,74.265,74.28700000000001,175.15,174.79,199.77,152.94,152.28,171.95,67.461,64.28100000000001,34.58,258.46,174.18,227.11,217.99,217.9,154.6,154.36,84.70999999999999,97.929,195.73,195.63,72.759,72.768,0,0.5593900000000001,91.34099999999999,39.342,39.303,163.91,168.11,64.078,64.812,64.38500000000001,243.01,243.66,43.466,43.251,159.89,159.45,159.2,231.97,231.92,175.37,176.56,87.264,165.02,165.12,50.323,43.401,44.543,177.45,168.9,168.84,223.39,76.361,365.35,361.63,363.46,70.79000000000001,70.241,70.32899999999999,216.7,216.65,64.172,44.094,43.593,44.475,46.235,101.19,60.295,158.2,165.25,187.54,187.61,156.95,61.509,60.001,66.089,176.08,174.12,228.69,72.95099999999999,165.39,165.83,182.79,182.8,234.1,234.29,57.632,57.73,52.661,153.93,186.38,45.126,44.814,42.335,42.379,42.483,67.18000000000001,66.291,61.997,199.91,199.93,165.25
78.476,82.375,77.515,96.848,155.85,159.11,173.09,175.52,43.511,75,55.373,53.305,58.634,52.706,68.55200000000001,141.63,164.23,165.37,76.999,59.279,64.67400000000001,68.88,59.241,44.352,42.34,196.56,197.08,77.593,91.038,51.449,52.193,165.15,43.365,43.096,197.66,197.67,65.077,165.74,240.41,41.869,41.336,62.417,64.13800000000001,81.09999999999999,75.923,52.554,52.402,53.324,130.29,69.167,97.101,71.229,79.477,180.09,179.65,63.911,63.152,60.774,61.166,61.284,60.506,61.827,60.954,120.53,61.225,60.733,60.291,13.465,14.349,160.58,160.67,165.23,163.33,163.31,156.41,157.62,87.01600000000001,60.82,66.703,48.526,24.218,67.322,58.153,65.71299999999999,57.138,17.242,17.353,74.057,59.027,59.047,58.232,74.803,70.89400000000001,169.14,169.79,57.88,58.044,153.27,342.4,214.13,68.098,68.77200000000001,67.97799999999999,64.06399999999999,64.101,58.43,58.38,81.83499999999999,56.282,56.55,56.342,62.187,70.91,56.723,57.464,55.655,69.595,70.58799999999999,62.796,52.85,53.047,53.799,278.35,283.03,61.613,738.1799999999999,61.07,59.412,158.03,364.83,162.81,162.66,177.56,165.92,168.1,55.449,55.436,55.469,70.848,78.86199999999999,139.79,100.81,126.4,203.65,50.546,51.656,166.83,162.27,230.79,283.6,283.71,56.768,64.44199999999999,23.079,20.845,165.77,194,192.15,205.32,195.32,74.19799999999999,103.94,19.612,69.286,62.994,153.64,36.356,36.754,80.069,72.783,80.13200000000001,70.069,61.821,58.982,64.669,61.615,70.158,34.979,152.11,149.91,160.74,160.28,160.48,95.973,95.401,65.218,65.114,155.3,154.15,160.07,156.33,66.946,159.32,175.74,76.252,84.28100000000001,76.619,76.322,48.108,48.237,48.199,205,231.47,239.7,239.65,58.137,84.69799999999999,17.388,17.546,96.923,135.33,71.175,89.586,166.5,165.75,157.22,77.145,80.30800000000001,77.809,66.64400000000001,68.673,174.66,168.12,63.051,65.069,63.504,59.988,57.506,74.19,74.291,76.76000000000001,74.265,175,174.9,202.2,154.04,154.4,174.31,70.211,69.096,42.894,273.13,174.39,227.58,217.84,217.98,154.55,154.52,102.08,93.536,196.2,195.73,74.73099999999999,72.782,0.5593900000000001,0,87.247,39.315,39.356,162.77,168.88,63.995,66.828,64.014,243.52,243.15,43.329,44.669,159.69,169,159.67,231.83,231.89,175.27,175.41,85.313,165.23,165.09,56.268,42.978,45.241,177.63,169.11,168.84,223.12,59.108,365.26,364.03,361.88,71.617,72.517,76.416,217.45,216.64,63.766,43.844,45.302,43.357,43.508,161.71,60.753,158.93,171.68,187.47,187.65,157.38,64.214,61.29,60.036,174.62,174.46,239.01,76.072,164.34,164.5,182.78,182.91,234.29,234.23,57.588,57.883,52.911,153.8,186.07,46.351,44.411,52.386,42.88,42.402,68.31,67.146,62.572,199.93,199.92,164.89
160.51,101.52,149.49,138.14,133.5,135.51,133.98,182.93,71.92100000000001,57.854,84.30500000000001,134.92,77.42,71.767,86.34,145.93,134.46,121.76,76.629,152.37,91.199,111.85,101.53,58.945,57.702,186.02,206.24,52.421,77.69,83.88500000000001,133.08,126.85,40.6,33.217,181.16,174.06,29.479,137.05,202.62,73.23699999999999,42.655,101.9,95.95,73.16500000000001,49.627,95.075,124.1,94.51300000000001,103.51,90.599,62.442,98.43899999999999,79.491,163.13,156.5,118.18,101.71,92.44,146.97,92.349,93.139,117.21,132.89,181.73,117.08,114.97,103.47,84.441,94.938,155.49,137.51,136.35,155.15,136.48,129.39,129.45,100.52,44.746,58.516,87.16200000000001,62.074,43.404,89.499,66.79300000000001,104.88,84.962,107.18,80.875,51.732,41.056,47.259,111.76,41.586,232.22,243,49.575,33.985,110.84,213.78,333.35,63.201,58.502,44.17,64.26300000000001,76.877,133.58,86.848,97.86199999999999,68.35299999999999,68.501,44.272,86.625,113.13,71.60299999999999,32.392,83.16800000000001,43.751,71.01600000000001,84.869,47.88,55.27,61.066,340.02,313.05,70.506,71.93600000000001,35.048,39.524,146.88,138.82,153.84,138.88,209.87,264.61,198.03,79.568,99.798,108.43,39.463,39.851,84.97199999999999,139.35,110.08,217.36,81.146,107.14,138.53,138.59,188.3,376.79,318.37,135.56,129.21,56.889,115.8,170.63,181.7,176.32,164.73,183.64,87.414,52.169,102.02,58.871,72.456,212.92,51.006,64.221,82.852,45.248,78.54600000000001,77.926,46.846,64.35899999999999,99.699,48.225,57.328,85.499,145.43,136.03,132.01,163.18,195.26,88.961,130.34,42.231,27.982,166.81,151.11,152.91,130.49,122.31,132.52,133.38,84.371,98.499,93.779,111.77,87.858,55.291,81.81100000000001,146.03,170.38,203.15,227.7,74.89100000000001,66.989,69.377,77.565,109.19,149.59,89.72199999999999,115.54,135.45,145.97,152.28,141.53,108.35,101.15,63.064,32.961,200.19,223.8,40.284,79.29000000000001,49.693,46.774,59.348,121.86,117.01,106.23,121.95,207.03,207.03,244.48,131.07,149.6,174.14,135.33,84.404,76.435,381.85,150.64,232.36,219.75,230.06,155.68,180.39,71.65900000000001,86.232,242.81,227.55,38.317,42.701,91.34099999999999,87.247,0,83.437,74.131,159.08,146.8,93.578,56.327,48.283,220.02,206.71,36.391,59.952,157.45,147.33,185.78,201.36,207.86,156.42,164.39,119.47,154.2,157.66,72.387,110.14,74.38800000000001,209.34,145.39,145.3,213.84,100.05,266.81,271.86,278.64,50.756,59.737,63.894,192.85,193.92,60.048,61.166,75.864,72.22799999999999,48.778,118.36,11.892,142.66,187.79,141.9,143.7,164.25,37.569,76.401,34.289,205.96,231.99,195.96,68.696,155.04,165.64,227.53,230.57,234.43,237.35,66.919,125.19,51.445,153.88,185.6,73.649,57.489,54.049,47.562,87.96599999999999,51.349,39.649,101.19,176.27,176.57,144.03
86.75700000000001,89.40300000000001,86.34699999999999,87.486,147.88,151.8,143.36,143.9,35.177,39.364,54.032,54.263,77.568,67.961,79.176,80.752,146.92,146.91,53.01,82.196,82.792,83.235,81.986,12.301,20.543,180.78,174.94,43.511,73.90300000000001,74.351,74.202,135.58,19.592,19.796,180.26,181.29,50.184,153.4,165.37,36.024,24.014,84.23999999999999,84.121,53.647,54.806,75.24299999999999,75.43300000000001,75.36,99.834,74.76300000000001,84.751,115.08,52.481,162.48,163.24,83.89700000000001,86.133,90.91200000000001,84.458,83.13,92.88800000000001,86.748,86.843,84.693,83.05200000000001,83.10599999999999,83.133,32.477,37.817,143.67,143.19,144.94,145.14,145,138.71,137.88,95.81100000000001,54.506,54.519,55.238,53.049,44.516,51.025,44.605,44.61,35.55,34.605,58.632,41.362,39.447,39.402,48.693,48.664,199.2,200.42,38.84,38.586,135.51,233.88,374.24,38.045,44.232,37.989,45.79,48.037,43.676,44.296,92.163,37.238,37.405,37.272,45.136,33.389,38.198,37.685,38.351,56.645,53.008,47.585,46.67,48.539,46.922,290.13,289.7,49.912,144.58,49.932,43.238,138.2,145.2,145.2,145.19,161.37,192.69,192.52,49.6,49.592,49.613,55.175,50.576,89.10299999999999,77.197,77.27800000000001,189.16,51.176,51.184,144.66,144.65,213.42,294.79,300.21,78.492,78.18600000000001,28.927,28.86,150.16,167.84,168,177.5,177.47,64.06699999999999,69.94199999999999,20.756,43.317,43.244,134.54,12.144,12.064,59.576,64.129,70.188,57.869,24.695,24.702,64.90900000000001,51.746,50.767,10.717,178.4,178.15,178.62,143.06,146.98,52.966,50.226,49.916,54.945,136.83,136.81,137.16,136.67,89.72,141.2,141.18,73.444,73.49299999999999,73.20999999999999,73.578,24.527,29.846,25.442,208.06,209.24,226.17,226.19,45.603,46.495,34.68,34.389,108.02,141.5,48.198,83.039,147.18,135.87,136.88,248.41,61.522,69.551,45.495,45.525,153.38,254.74,48.792,44.632,44.814,39.792,43.711,78.32299999999999,78.248,78.214,78.247,201.78,201.43,188.63,135,134.76,152.46,43.754,42.797,33.977,170.95,156.84,202.61,215.92,215.56,136.95,138.24,77.20099999999999,72.155,222.42,223.85,78.499,54.663,39.342,39.315,83.437,0,0.67979,145.02,163.67,49.088,49.281,49.045,230.06,230.87,19.665,20.044,143.14,197.54,142.07,218.37,218.45,145.64,145.66,84.157,149.63,147.72,44.155,26.963,36.205,204.07,151.5,151.47,199.26,82.199,230.47,240.2,234.63,49.513,48.745,52.634,199.48,199.59,50.066,25.438,19.459,20.628,19.919,184.84,43.513,141.07,161.6,260.06,259.98,139.52,47.88,46.308,47.881,201.88,200.61,215.17,53.064,148.58,147.48,257.94,257.94,230.14,230.17,24.555,24.522,48.868,135.96,172.35,19.65,21.035,35.355,35.386,36.413,43.141,43.781,38.312,182.52,182.58,146.4
87.004,87.081,86.15300000000001,86.14100000000001,150.74,150.27,143.49,149.14,35.212,39.884,56.241,54.64,45.663,78.20999999999999,52.656,72.789,146.99,146.89,59.07,82.53,82.62,84.273,81.973,12.928,20.656,173.69,174.05,49.39,57.214,74.246,74.271,135.81,20.326,26.898,179.97,180.01,50.36,153.55,206.14,23.006,23.762,85.11799999999999,85.804,55.645,55.155,75.553,83.752,75.624,65.496,50.224,93.685,51.164,72.953,163.31,162,85.11499999999999,85.145,83.294,85.34,83.93899999999999,83.065,86.255,95.246,83.223,83.07599999999999,83.84999999999999,83.209,32.479,32.475,143.2,143.51,144.96,144.88,144.97,139.24,139.63,95.83499999999999,54.443,54.514,60.189,51.834,36.781,45.286,44.577,44.573,34.19,34.245,54.769,39.237,39.345,39.327,50.156,50.179,198.81,198.85,38.655,38.68,135.45,231.74,382.06,37.921,39.296,37.932,46.589,45.783,43.665,43.711,133.84,37.262,37.595,37.258,46.911,41.434,37.586,37.498,37.395,56.046,47.735,46.924,46.662,46.585,47.683,291.99,289.88,49.902,236.72,49.931,68.669,138.2,145.16,145.1,145.16,160.51,192.7,193.73,49.751,49.587,49.564,50.77,51.105,77.30200000000001,77.06999999999999,100.07,190.69,51.176,51.142,144.57,144.57,222.67,289.64,294.98,78.136,89.77800000000001,28.92,28.888,148.22,167.98,169.27,177.45,178.1,58.096,79.502,20.77,43.174,43.147,134.51,12.154,12.349,72.50700000000001,60.395,75.02200000000001,51.435,25.335,24.832,64.629,51.959,50.392,11.924,178.26,178.16,178.08,143.53,146.3,50.716,54.515,53.088,50.018,137.09,136.7,136.78,136.7,89.676,141.19,141.2,73.319,73.47499999999999,73.426,73.31399999999999,24.581,24.544,25.175,154.33,186.24,226.2,226.17,47.704,48.916,34.61,34.375,76.956,100.29,74.74299999999999,48.038,138.09,136,137.84,65.041,63.329,65.90600000000001,45.574,45.557,150.84,258.24,44.774,44.621,44.616,37.589,37.861,78.19799999999999,78.249,78.215,78.22199999999999,201.68,201.68,189.73,135,134.82,145.07,39.732,46.325,18.135,277.02,156.73,203.13,216.38,215.47,136.81,136.89,63.495,71.55200000000001,222.2,222.63,54.612,54.664,39.303,39.356,74.131,0.67979,0,144.74,152.23,49.174,53.968,49.115,229.63,230.14,19.612,20.496,142.17,141.99,142.21,218.4,218.9,145.66,145.78,87.047,148.05,147.56,44.125,33.586,37.151,204.25,151.54,151.56,199.1,82.221,230.29,234.58,235.46,48.278,47.564,51.533,199.11,199.39,59.213,22.4,20.125,21.111,23.556,186.23,41.965,140.58,155.77,260.13,169.6,142.1,48.949,48.225,49.183,200.82,200.8,215.41,53.68,147.2,147.19,257.98,257.92,230.14,230.12,24.549,24.522,45.313,137.35,168.88,23.793,21.146,35.33,35.303,35.373,43.257,43.074,38.882,184.94,182.54,136.02
196.05,196.11,196.2,201.92,23.319,25.962,40.496,39.795,124.22,151.32,164.07,166.18,136.06,198.97,180.49,202.16,8.238,7.2548,175.76,190.5,198.01,190.8,191.37,144.14,152.26,63.491,63.387,132.63,140.29,180.57,180.56,32.081,129.76,129.14,64.38500000000001,64.405,112.71,33.872,100.23,144.73,146.93,190.03,191.64,120.9,114.78,181.91,181.52,181.45,170.24,125.43,129.89,147.5,120.52,46.223,49.312,189.33,189.72,190.01,195.35,189.92,189.93,190.17,189.69,194.22,191.44,189.33,189.75,151.57,151.52,27.457,27.948,45.939,46.102,45.862,39.377,42.906,166.93,135.27,134.77,155.21,155.23,120.16,164.29,164.26,164.39,146.21,146.22,118.87,111.81,111.8,111.32,122.72,122.71,306.08,305.99,110.67,110.69,20.764,118.32,110.71,121.02,123.1,121.03,145.53,145.33,116.85,115.92,351.33,111.87,111.99,111.8,109.57,116.41,115.59,112.96,115.53,109.87,131.41,131.42,126.73,126.85,127.25,237.83,239.38,116.77,571.86,115.82,133.59,23.747,29.412,29.283,36.832,293.22,293.03,292.68,153.97,154.08,154.07,111.64,111.62,176.35,176.06,176.77,312.98,159.7,160.92,7.6075,7.5853,91.636,242.62,243.91,184.48,184.31,152.09,153.16,32.629,58.007,57.701,61.684,61.809,106.02,148.52,150.57,116.55,116.49,14.745,143.44,143.63,111.73,115.89,125.91,113.48,138.3,138.35,188.67,135.65,123.04,142.92,17.571,17.422,17.609,5.9668,5.9375,177.6,177.5,111.24,109.79,20.919,20.833,20.988,21.334,200.42,42.127,42.217,180.2,180.38,180.08,180.32,138.21,138.29,139.52,76.566,112.75,314.35,314.49,167.41,166.14,146.34,149.67,171.88,221.44,157.01,161.23,47.49,33.446,37.286,179.23,178.87,177.06,119.59,119.63,32.854,314.79,119.71,120.44,119.09,113.2,112.26,201.39,203.02,201.01,201.08,302.07,301.65,309.15,19.159,19.259,48.611,129.97,130.61,147.38,56.636,41.476,304.92,323.46,324.9,14.577,14.405,121.92,110.63,322.57,322.99,118.27,118.25,163.91,162.77,159.08,145.02,144.74,0,40.998,113.05,113.29,112.15,318.01,317.9,129.74,129.35,26.181,32.745,25.967,306.7,306.7,42.252,42.368,191.07,32.017,33.501,124.17,143.88,139.27,304.24,35.806,35.753,313.25,188.04,463.58,465.52,466.46,115.09,112.55,114.23,84.137,83.489,109.34,133.43,135.85,133.24,144.31,212.68,130.77,24.913,41.195,254.59,255.27,24.049,104.61,105.6,104.7,301.99,305.59,303.57,111.97,31.319,31.34,318.17,318.55,363.59,361.02,137.65,137.73,135.5,20.059,52.879,132.23,137.75,124.5,124.72,124.8,113.15,107.26,148.01,66.99299999999999,66.79900000000001,41.238
206.11,204.19,214.67,208.79,27.226,28.135,38.021,41.995,376.48,151.64,182.07,181.35,171.97,156.28,177.95,193.72,37.444,37.862,184.63,196.58,196.85,195.71,194.43,149.6,152.76,293.27,53.618,152.62,218.44,188.58,186.77,36.516,136.22,136.86,55.575,55.924,116.41,38.035,100.06,149.41,158.6,199.04,199.75,124.36,124.56,189.88,194.83,189.2,135.55,139.31,171.54,133.08,137.64,40.127,40.277,210.21,197.41,196.2,200.07,197.09,196.15,196,195.63,197.89,195.87,196.36,204.11,157.69,158.19,19.144,17.978,51.906,52.314,64.91800000000001,45.972,49.535,173.08,142.1,140.48,161.32,161.78,127.68,170.89,172.67,170.05,154.19,152.87,129.07,116.71,116.69,117.72,131.62,131.06,313.35,315.32,118.45,120.42,27.548,114.44,102.13,127.67,127.82,128.85,149.75,152.34,120.23,120.65,190.48,118.1,115.16,115.84,116.21,117.26,122.56,121.62,121.64,109.6,133.71,137.69,133.2,137.39,134.6,244.01,243.76,120.92,184.95,122.19,121.6,31.287,25.394,18.515,19.198,288.69,300.15,303.99,176.71,176.86,252.39,123.37,123.53,219.8,183.72,182.04,321.92,179,180.86,35.911,35.202,133.45,251.46,245.79,190.31,199.33,158.85,162.56,40.806,51.311,51.565,53.672,56.769,102.91,109.48,159.38,123.42,121.9,26.084,150.73,150.31,115.29,114.4,136.41,119.15,145.5,147.13,193.78,142.84,130.17,155.8,1420.2,24.679,26.931,43.056,34.684,194.14,205.73,116.55,117.12,28.645,27.826,28.056,27.798,201.32,48.156,50.2,189.88,186.69,187.58,187.16,152.84,146.23,159.6,66.848,59.466,307.66,307.33,221.94,173.06,152.41,154.77,203.92,241.26,162.62,178.41,42.641,31.331,29.051,184.58,180.83,186.04,128.59,130.55,40.691,325.84,126.04,124.62,126.89,116.33,116.7,206.65,209.17,206.84,208.15,309.47,310.32,322.43,25.71,25.142,56.158,138.24,142.46,146,85.529,8.2552,316.43,341.38,340.33,27.976,27.916,151.23,128.83,332.63,330.05,125.46,124.55,168.11,168.88,146.8,163.67,152.23,40.998,0,116.3,119.4,116.56,309.21,308.84,138.02,138.32,15.373,19.085,16.838,296.22,296.83,41.877,43.382,197.31,37.986,39.838,131.16,145.13,155.66,310.8,271.08,25.862,319.3,196.47,471.92,469.79,469.26,175.51,125.45,120.15,90.35599999999999,91.325,118.18,143.51,143.33,156.66,144.72,336.11,121.38,15.319,50.026,254.25,247.44,29.906,113.73,110.96,112.94,308.77,307,294.52,137.77,25.136,24.905,329.26,325.8,366.9,367.21,146.65,145.03,141.27,29.642,42.794,143.15,137.66,130.91,132.12,131.5,115.57,115.67,154.66,76.226,72.682,31.855
106.19,106.43,106.21,109.28,104.02,106.73,106.72,105.15,23.98,44.748,40.908,36.519,35.553,84.438,81.429,122.88,117.49,115.64,87.306,89.024,88.996,92.047,87.872,48.131,46.85,132.17,131.16,66.18300000000001,101.22,79.92400000000001,80.34,99.158,32.976,31.948,145.46,145.06,5.9191,114.44,135.36,42.535,94.223,90.02,90.66,29.72,15.764,81.127,81.14100000000001,81.94199999999999,31.97,37.353,31.557,27.803,55.883,131.13,126.82,91.545,89.85299999999999,89.71599999999999,89.15900000000001,89.628,89.96599999999999,90.53100000000001,93.41,102.47,88.815,89.363,90.367,51.827,50.924,108.6,111.6,107.35,107.69,107.33,100.92,100.57,69.508,42.673,42.649,56.424,57.521,22.036,66.81399999999999,66.88800000000001,67.834,47.92,52.388,15.357,16.734,14.736,12.964,30.264,29.941,206.53,207.44,13.136,12.437,108.23,189.89,193.64,23.313,25.123,22.845,45.993,45.829,11.39,10.825,98.636,11.172,11.606,10.949,11.207,33.725,13.013,19.944,14.838,18.098,35.71,34.93,34.586,41.456,34.923,307.16,307.28,11.958,254.77,15.113,12.991,105.21,109.9,111.35,136.08,207.18,194.76,195.22,37.362,37.467,37.727,10.829,9.577400000000001,89.39700000000001,100.91,89.462,214.21,35.697,32.603,115.28,115.46,208.97,306.95,312.12,86.26300000000001,84.063,62.812,55.672,113.46,126.65,130.96,142.33,143.14,28.307,15.991,51.415,17.96,19.253,112.87,46.86,45.855,18.809,17.514,38.475,10.604,40.314,40.534,86.922,37.267,24.775,44.545,97.563,97.304,100.88,117.64,115.72,80.467,102.93,5.182,4.9931,105.82,106.41,106.64,109.76,95.515,104.23,103.88,83.79300000000001,83.702,83.67,84.916,36.856,37.158,37.414,189.19,168.31,193.21,193.06,69.849,68.212,48.129,49.076,127.81,113.19,104.36,62.257,99.066,99.072,118.24,85.325,82.803,87.58199999999999,18.965,19.692,130.19,218.32,21.048,20.251,21.893,19.426,12.119,102.79,103.14,102.83,103.08,203.69,203.6,216.14,107.63,106.27,119.5,24.346,37.566,67.992,121.62,121.53,210.84,334.74,236.42,117.69,116.12,51.429,34.753,224.63,226.14,16.965,17.159,64.078,63.995,93.578,49.088,49.174,113.05,116.3,0,0.79501,0.30077,196.63,196.88,32.378,37.005,108.84,107.17,107.5,185.83,187.66,108.65,108.26,96.53,113.68,112.68,32.116,32.58,41.561,206.14,163.4,116.34,212.19,90.499,323.81,320.56,316.66,10.915,9.9857,13.797,165.68,164.24,12.021,34.418,32.384,32.55,32.785,98.81999999999999,39.04,106.08,108.2,133.04,132.53,110.35,14.866,14.013,14.135,203.33,202.86,184.58,23.435,113.1,112.33,217.31,217.05,287.64,240.39,39.939,39.352,34.027,100.85,215.47,33.199,32.235,24.061,24.234,24.151,5.5419,6.3365,70.408,147.65,147.64,98.682
109.3,106.63,106.72,109.62,104.96,110.09,105.3,105.15,25.5,45.859,35.919,34.902,41.579,35.876,90.994,107.1,116.48,118.05,99.09,89.533,90.744,89.779,87.895,47.623,47.175,131.27,131.93,109.53,42.928,80.384,107.83,99.414,35.528,45.633,145.06,144.99,6.0924,120.99,106.34,42.248,42.691,90.11799999999999,89.85299999999999,13.003,13.578,83.46299999999999,81.782,81.71299999999999,20.142,20.234,37.639,20.476,53.668,131.39,130.77,94.239,96.518,92.873,92.652,113.48,93.301,91.301,89.851,93.979,91.949,90.88800000000001,91.70999999999999,51.84,51.675,109.37,113.16,108.93,109.86,107.98,101.43,102.9,69.866,43.212,44.894,65.283,57.401,21.448,71.27200000000001,67.77,67.858,48.68,48.298,16.282,13.606,17.065,13.24,29.943,28.714,207,207.5,13.049,14.669,109.91,189.71,187.01,22.838,44.723,24.223,48.889,48.543,10.672,15.305,137.05,11.164,14.504,16.3,7.6463,33.643,11.279,11.079,10.593,19.701,48.709,37.76,37.948,34.615,37.568,307.79,307.43,12.441,458.01,12.339,13.44,105.64,111.03,110.82,110.91,203.38,195.78,195.91,39.417,37.654,38.403,11.825,9.555300000000001,108.09,90.178,116.48,217.02,37.118,34.31,118.18,116.13,192.59,318.2,319.9,84.792,84.51600000000001,55.138,55.604,116.47,368.11,126.15,142.7,143.3,17.769,18.302,58.9,17.585,20.921,119.43,46.515,50.145,19.642,20.431,34.523,16.685,47.996,43.2,84.298,42.076,25.654,44.866,105.58,104.93,101.58,116,116.42,80.78400000000001,81.45,7.9969,6.4147,109.62,108.82,105.97,110.84,101.09,105.25,108.11,84.285,84.123,83.82599999999999,84.242,40.782,36.743,38.735,164.25,166.82,193.18,193.58,68.357,69.07599999999999,49.327,50.576,85.253,107.17,62.64,77.911,100.2,101.43,117.14,85.73,85.246,90.11799999999999,20.688,19.6,136.28,207.01,20.591,20.738,22.35,12.912,104.37,103.66,103.34,103.49,102.94,204.03,203.55,239.75,115.15,106.31,156.76,24.745,29.242,47.79,121.78,128.06,216.15,240.04,238.39,123.27,115.79,2.893,2.7826,229.41,224.44,20.216,18.495,64.812,66.828,56.327,49.281,53.968,113.29,119.4,0.79501,0,3.6925,198.44,205.21,33.434,32.206,107.09,106.95,110.13,194.72,187.03,108.95,111.52,94.777,126.06,116.11,34.732,43.649,52.366,208.16,117.23,117.51,212.7,88.508,326.33,317.49,325.12,14.045,12.518,13.289,168.21,167.45,3.9279,31.884,33.441,35.523,34.86,236,13.806,107.18,127.02,133.5,132.97,112.99,15.647,14.546,25.72,204.33,204.49,182.48,24.813,112.61,116.17,218.67,218.24,241.43,241.59,40.982,39.816,33.968,106.13,136.27,68.038,34.721,26.437,26.593,26.277,55.435,6.5968,53.08,149.03,150.83,145.15
108.77,107.33,107.73,106.13,103.68,106.59,106.12,104.99,23.779,44.456,34.909,34.896,34.1,70.261,80.246,152.25,115.42,115.87,96.31100000000001,88.67,91.339,103.83,88.572,48.48,46.873,130.66,131.26,56.601,82.86,80.22499999999999,80.33199999999999,97.976,34.341,32.013,169.2,145.27,5.3269,115.92,132.27,48.088,42.064,89.792,90.798,14.541,14.494,82.119,81.867,81.417,43.729,24.727,43.348,23.661,40.272,126.77,128.79,108.76,89.386,89.67400000000001,92.821,90.68600000000001,89.834,88.968,127.04,89.113,88.92700000000001,90.72799999999999,114.77,50.921,51.039,108.12,108.25,107.35,107.54,107.5,100.45,102.06,68.682,42.564,42.516,56.903,56.231,21.289,66.895,67.227,67.054,47.851,47.912,13.305,12.852,13.424,12.777,29.806,30.079,206.42,208.28,12.619,12.136,108.23,182.76,192.98,23.066,49.266,22.904,46.635,46.258,10.513,10.677,93.34999999999999,34.259,11.424,10.963,7.5682,34.906,10.6,10.474,18.568,367.28,42.291,34.884,34.63,37.648,34.472,308.82,307.11,11.806,58.688,15.051,13.192,105.44,109.94,110.06,110.59,201.05,194.88,194.88,46.094,37.627,37.591,9.6149,9.2637,105.22,90.07599999999999,89.373,218.19,32.313,32.101,115.39,114.57,171.04,312.24,313.23,83.982,89.65900000000001,57.725,54.902,113.39,129.62,125.14,142.68,142.45,17.865,17.421,52.824,17.696,17.99,112.94,46.033,48.31,18.704,18.676,48.625,11.172,45.918,39.693,84.35599999999999,37.355,25.535,44.638,98.80800000000001,97.935,103.02,113.52,116.56,79.496,79.91200000000001,5.0897,8.0869,106.14,107.76,109.67,106.34,95.771,103.74,103.7,83.643,85.90900000000001,83.468,83.857,36.862,37.05,37.077,212.94,153.81,193.13,193.24,68.824,70.494,48.176,49.867,84.307,94.13200000000001,73.068,93.131,103.63,98.78100000000001,116.28,88.209,86.26900000000001,82.187,18.781,19.556,150.92,207.93,23.402,22.356,20.06,12.117,23,126.27,103.02,102.86,102.67,206.15,203.54,215.21,104.53,105.95,141.76,24.255,34.691,170.18,200.12,121.72,216.79,236.54,236.4,114.13,114.17,53.742,2.9737,224.36,225,18.564,17.779,64.38500000000001,64.014,48.283,49.045,49.115,112.15,116.56,0.30077,3.6925,0,196.5,196.75,39.853,32.036,106.57,108.29,107.11,185.7,185.56,108.36,108.07,97.771,112.52,112.43,32.084,47.306,48.282,206.08,116.8,116.57,214.06,89.02500000000001,319.56,315.66,317.11,57.275,10.934,12.82,164.15,165.43,6.0029,59.115,32.711,32.844,33.093,141.24,12.367,105.26,118.96,132.73,132.05,109.26,14.326,14.601,15.312,202.84,202.66,181.96,22.18,112.12,112.2,217.23,216.97,240.45,240.47,39.526,39.224,34.395,100.9,134.67,31.887,32.212,23.903,24.065,23.807,5.747,5.6684,52.787,147.48,147.67,98.991
277.56,280.65,277.55,277.74,308.79,300.22,306.43,305.7,187.35,227.72,216.11,216.2,239.42,229.82,250.44,264.16,320,319.98,261.5,267.21,266.88,270.08,266.86,227.86,227.27,294.37,293.08,224.8,211.66,259.22,259.21,298.79,212.52,213.95,292.88,292.94,197.54,307.79,343.21,223.63,222.74,269.74,274.31,202.45,201.05,260.19,260.13,260,227.43,211.54,206.06,210.92,227.5,285.38,275.84,271.23,269.67,270.91,268.67,270.86,267.84,272.13,278.52,267.97,268.04,267.97,267.91,235.03,235.03,300.06,300.95,314.65,314.76,314.77,307.81,307.45,191.73,214.49,214.56,239,238.8,200.75,247.73,247.49,247.35,211.14,211.07,230.15,192.19,193,192,221.41,221.49,391.46,390.68,194.24,191.65,308.53,356.27,361.74,201.93,202.63,201.91,224.97,224.92,213.58,212.9,290.11,190.19,190.38,190.25,195.77,189.49,198.83,199.84,198.17,197.18,218.42,230.44,210.32,210.24,212.02,490.1,489.76,199.86,998.7,201.46,201.37,299.55,315.5,315.63,316.73,340.01,373.73,373.63,257.11,257.19,257.09,197.68,197.69,262.38,262.7,262.27,405.43,258.79,258.7,317.9,317.71,379.75,494.93,499.89,262.86,263.11,232.52,242.2,339.68,289.96,286.64,347.94,347.99,246.32,232.85,234.85,198.16,197.2,307.58,226.75,226.62,225.04,220.32,235.31,198.08,218.69,219.47,223.16,216.9,204.14,224.22,282.54,274.13,282.67,316.65,380.71,259.21,258.31,200.47,212.39,309.91,309.76,309.93,309.76,274.5,310.81,310.81,265.16,263.85,265.43,264.09,217.33,217.37,217.42,309.5,394.53,51.847,51.847,248.41,248.41,227.25,227.19,257.71,286.61,238.06,239.91,299.49,299.18,325.31,241.66,246.68,249.17,210.66,210.78,314.39,394.03,205.53,205.36,205.45,193.71,196.53,281.91,283.07,281.92,282.38,382.54,382.47,402.74,308.42,308.53,326.82,215.16,214.92,228.85,325.55,313.67,396.48,406.13,406.22,310.26,310.26,234.26,195.06,396.98,397.02,208.75,208.66,243.01,243.52,220.02,230.06,229.63,318.01,309.21,196.63,198.44,196.5,0,0.38388,212.43,212.47,299.05,299,298.96,12.062,11.977,309.02,309.3,275.2,320.75,320.84,207.68,223.7,224.74,385.17,322.06,321.9,392.35,267.61,437.5,431.45,436.77,199.41,199.85,199.52,372.15,372.37,196.48,213.6,212.7,212.53,213.84,391.49,201.42,297.52,313.24,212.2,212.19,312.63,196.02,196.72,196.34,381.89,381.65,28.491,201.86,320.4,320.55,405.27,405.15,416.53,416.67,218.5,218.59,197.35,296.44,282.19,216.35,218.59,187.64,187.46,187.59,193.99,193.69,231.07,355.98,355.55,298.55
280.21,277.86,279.56,277.64,307.37,300.6,305.97,305.84,187.6,227.49,217.36,216.67,261.58,210.66,237.7,255.16,320.26,320.07,262.25,267.14,268,269.92,267.16,227.18,227.13,297.28,292.18,213.02,262.81,259.37,259.4,298.93,213.9,212.43,293.29,293.35,197.9,307.96,330.83,223.67,229.46,268.85,269.31,202.99,203.01,260.47,261.12,260.42,233.18,231.52,206.3,245.87,225.65,274.89,275.29,268.82,273.13,268.18,268.07,272.17,268.16,268.64,273.73,279.68,267.98,268.48,268.07,235.36,235.2,300.47,303.14,326.19,315.07,315.48,308.17,312.97,190.11,215.72,216.99,239.43,239.22,201.29,250.36,247.53,247.48,211.13,211.28,207.26,192.22,192.61,192.23,221.62,221.68,391.32,390.95,191.76,192.17,309.55,364.22,356.09,202.06,203.2,203.75,225.2,225.48,213.74,212.87,283.01,190.77,190.56,190.32,198.02,190.63,198.53,198.43,199.74,199.31,212.64,210.65,210.71,210.29,218.73,489.75,491.3,200.01,270.34,200.05,202.76,299.75,317.5,315.75,315.8,338.71,374.22,373.81,257.31,258.29,257.25,197.84,197.82,271.46,262.59,267.95,403.59,258.83,258.82,318.48,317.91,450.85,494.94,500.41,264.12,264.95,232.98,232.69,323.8,286.82,286.81,349.5,348.04,223.24,225.08,234.23,200.69,197.03,308.07,226.87,226.75,224.88,225.49,234.21,198.76,218.87,219.71,223.44,230.33,204.58,224.81,293.68,283.31,283.54,317.82,342.11,258.83,263.54,199.4,200.68,310.72,309.92,310.09,310.35,274.6,310.96,311.05,264.27,268.46,266.63,264.07,217.95,220.71,218.25,304.73,336.88,59.952,52.786,249.15,248.66,228.59,227.32,257.33,262.46,238.33,250.18,301.07,299.32,310.08,244.4,248.77,240.73,210.77,218.03,320.78,404.79,205.79,205.47,205.44,191.47,196.15,282.07,286.24,282.63,282.24,383.16,384.1,402.58,309.51,309.72,326.44,215.35,215.15,234.72,407.75,313.96,396.23,406.3,406.99,310.05,310.19,225.35,200.82,402.66,397.19,208.92,208.74,243.66,243.15,206.71,230.87,230.14,317.9,308.84,196.88,205.21,196.75,0.38388,0,212.63,213.58,299.01,299.13,299.44,12.166,12.215,309.26,309.25,277.86,320.92,320.9,208.35,225.42,214.92,385.32,322.05,322.06,392.78,267.02,444.46,442.92,437.66,199.46,209.62,198.64,372.65,372.95,196.8,215.81,212.94,213.11,212.79,330.01,200.72,297.62,323.91,213.9,174.62,312.77,197.02,197.72,197.37,382.94,382.24,27.788,202.86,320.5,321.3,405.36,405.43,418.66,417.4,218.64,220.17,198.63,296.56,281.79,217.83,217.26,188.63,187.86,188.03,195.18,194.68,229.31,355.75,355.72,299.17
71.357,71.267,71.947,74.09399999999999,135.51,137.68,127.05,127.1,17.292,15.754,59.164,52.196,78.13800000000001,56.762,58.524,91.357,131.53,135.11,46.6,67.34999999999999,76.22,67.90900000000001,67.16500000000001,20.97,20.279,161.02,165.39,31.861,14.109,68.392,59.353,122.86,2.5523,3.9118,164.82,164.93,33.118,129.28,173.09,12.289,12.275,68.996,69.188,38.671,36.597,60.612,60.455,60.282,79.226,61.687,37.432,61.018,37.019,146.7,149.37,68.437,68.248,70.82599999999999,72.387,68.559,68.577,68.56999999999999,119.79,73.456,68.383,71.227,68.18000000000001,30.971,30.992,127.93,133.36,131.32,131.67,131.36,124.25,124.41,67.37,38.726,38.74,34.306,48.109,19.567,37.309,48.509,37.908,27.452,34.916,39.476,21.15,21.798,21.11,23.136,196.75,208.08,208.09,25.315,20.778,120.18,199.47,224.58,19.222,19.614,19.28,43.56,43.447,32.573,32.725,93.753,19.462,19.802,21.11,24.563,13.372,21.426,20.462,20.32,34.021,32.219,31.051,30.808,31.229,31.462,295.42,284.1,32.781,97.79600000000001,41.488,17.26,122.77,129.69,129.72,138.24,167.89,185.65,174.07,47.945,48.16,48.183,33.625,33.349,73.971,59.373,59.48,181.59,53.715,49.561,129.2,129.38,205.45,288.38,288.39,64.50700000000001,63.103,32.981,32.841,133.05,159.56,158.85,162.42,163.51,33.295,46.965,29.771,26.273,26.167,119.18,16.128,16.165,37.916,49.033,64.113,33.767,7.3736,7.113,63.027,35.465,44.793,16.944,115.62,114.04,115.52,127.98,127.5,54.157,54.614,46.825,32.785,122.3,123.38,121.44,121.36,74.76000000000001,127.43,127.48,55.993,56.292,56.067,55.822,6.6819,6.9418,6.9466,170.73,193.11,209.05,209.07,45.156,37.998,27.455,27.463,85.723,117.2,60.995,32.819,120.76,122.8,125.06,56.209,57.889,58.982,18.445,18.584,134.77,229.77,27.797,28.627,27.487,20.895,21.063,82.20399999999999,82.209,82.265,82.40000000000001,183.68,182.83,181.94,119.66,119.44,132.45,10.263,12.27,22.657,203.98,141.42,181.04,197.46,197.12,121.81,123.14,30.71,30.701,191.51,249.85,18.574,18.507,43.466,43.329,36.391,19.665,19.612,129.74,138.02,32.378,33.434,39.853,212.43,212.63,0,1.9443,126.59,126.61,126.86,201.68,203.79,130.53,130.49,69.044,132.26,132.87,28.311,8.6152,2.8008,185.41,139.38,136.04,181.9,70.851,330.23,337.84,336.08,32.179,31.652,40.987,189.16,184.31,36.02,1.9688,2.8003,2.0197,3.5153,57.553,23.558,125.31,144.14,155.67,246.55,124.26,25.541,25.604,26.986,182.59,182.04,209.06,24.775,134.22,132.03,240.9,240.78,211.83,211.93,6.9741,7.0398,27.214,166.77,153.26,2.6328,2.1846,17.27,17.54,17.375,27.854,25.709,21.028,157.21,157.35,119.91
71.151,71.393,71.252,73.009,135.64,137.87,127.85,127.06,17.27,16.129,58.383,52.126,30.49,72.377,61.532,99.41800000000001,171.6,131.63,46.668,67.40300000000001,72.595,67.098,67.47799999999999,17.463,18.03,165.42,163.19,20.116,16.946,59.991,59.53,121.31,2.533,8.441000000000001,164.82,165.9,33.189,134.37,176.91,12.354,12.278,69.321,69.133,42.345,36.907,60.585,60.894,60.443,38.805,52.052,115.32,36.102,50.281,146.83,147.29,84.836,68.956,72.589,69.254,70.973,68.19799999999999,71.964,68.25,69.255,68.47499999999999,68.84,74.818,30.952,31.014,128.72,133,131.63,131.56,131.28,124.22,124.46,67.934,38.995,38.72,34.192,34.307,19.381,37.6,37.08,37.488,27.448,27.342,39.457,21.994,23.58,21.283,23.698,23.187,208.37,209.18,20.854,20.712,124.56,225.35,318.25,20.21,20.331,19.248,44.122,43.369,33.105,32.685,146.59,19.532,20.168,20.597,24.571,13.393,20.813,35.068,20.649,33.261,35.029,30.924,51.168,41.35,31.715,283.25,283.8,32.886,132.8,32.852,17.972,122.76,135.45,130.49,130.81,162.26,174.49,174.71,48.396,47.959,48.037,33.545,33.53,60.077,59.129,62.574,184.41,49.588,49.605,131.99,129.29,188.52,288.3,288.32,64.443,144.41,33.006,33.081,134.2,163.26,158.31,162.17,162.11,34.93,68.038,29.811,26.225,26.26,120.15,16.228,16.205,56.046,37.946,58.121,33.424,7.1498,7.2191,63.2,34.829,33.277,13.993,114.74,115.36,114.91,127.56,128.16,54.44,54.907,34.002,34.039,121.38,122.11,121.33,121.3,75.47199999999999,127.73,129.19,56.919,55.885,55.783,55.955,7.2646,6.7254,7.0283,166.06,158.73,209.56,209.39,38.067,37.967,27.561,27.438,56.553,100.39,51.536,34.611,122.79,121.24,127.54,58.456,61.277,59.753,18.788,19.606,139.44,230.86,28.88,27.596,29.218,21.383,20.52,82.2,82.229,82.187,82.17700000000001,183.01,183.37,182.4,119.78,119.62,135.56,11.684,9.977,17.947,199.03,141.43,179.88,197.16,197.25,123.34,121.8,31.464,30.781,191.42,192.73,18.379,18.685,43.251,44.669,59.952,20.044,20.496,129.35,138.32,37.005,32.206,32.036,212.47,213.58,1.9443,0,128.29,136.52,126.39,201.43,201.47,131.17,130.43,67.626,132.64,132.65,28.335,1.8816,8.984,185.91,136.08,136.32,181.97,67.83499999999999,341.34,330.59,331.75,34.117,31.114,31.021,184.21,184.05,34.899,1.8559,2.3698,2.1777,5.1997,94.937,18.181,125.26,127.66,246.79,247.21,124,34.688,25.227,25.177,182.42,181.96,198.24,29.809,131.77,131.68,240.96,241.4,212.15,211.88,6.9805,7.2677,27.354,120.67,153.27,4.8649,1.7093,17.461,17.425,17.404,25.571,25.713,20.643,160.01,158.49,121.53
193.78,198.54,193.94,193.31,20.287,22.934,30,29.527,122.81,149.05,172.67,173.89,157.37,157.03,179.69,238.42,28.406,33.782,174.28,187.8,192.42,185.49,185.79,134.68,134.64,45.522,52.368,149.84,158.68,177.79,178.52,22.746,128.31,126.79,46.256,46.312,108.64,31.894,67.39400000000001,143.6,142.71,189.29,188.66,115.66,113.02,186.79,180.08,179.06,141.7,110.68,136.78,150.41,111.25,27.079,27.418,187.11,187.12,186.79,188.33,189.25,187.05,191.49,198.04,188.24,192.51,186.97,186.67,149.06,156.71,5.4229,4.7755,45.28,44.267,43.228,37.161,36.345,164.2,132.1,132.27,152.55,152.61,127.72,163.84,161.92,161.84,144.19,144.23,114.57,111.63,111.2,109.25,126.1,122.32,310.31,304.77,115.15,108.24,18.04,279.2,114.16,120.97,119.2,120.34,141.86,141.45,109.88,121.02,201.27,106.76,108.25,112.68,107.58,110.11,112.98,115.07,115.9,105.38,125.51,126.31,124.97,127.32,130.26,234.81,235.12,111.21,145.31,111.09,128.16,5.6528,24.004,24.746,24.621,304.15,289.91,292.1,168.49,169.03,176.99,108.09,108.06,173.39,173.26,174.04,321.95,171.56,170.07,43.333,26.481,113.9,240.76,234.93,182.1,183.43,150.38,150.57,29.997,39.618,40.485,55.943,56.434,102.21,102.17,148.34,113.28,113.03,15.858,140.98,141.07,111.45,116.32,125.97,110.35,135.2,135.46,195.51,133.19,121.15,138.94,15.252,14.642,15.423,24.892,25.663,176.87,174.66,109.34,108.32,18.059,17.924,22.438,18.679,193.12,39.706,39.531,177.39,177.36,177.34,177.9,136.89,135.52,138.66,77.018,90.06699999999999,299.49,295.39,163.97,163.81,144.19,154.77,168.26,212.5,156.82,155.1,26.049,22.475,18.611,411.77,199.24,175.96,118.8,119.6,35.04,304.24,116.77,116.49,116.7,109.55,109.79,198.51,199.37,198.33,198.44,299.57,298.75,317.16,16.484,16.417,38.329,128.97,127.35,147.57,21.344,21.777,303.76,320.64,320.68,19.035,21.491,127.74,129.03,305.66,304.02,116,115.63,159.89,159.69,157.45,143.14,142.17,26.181,15.373,108.84,107.09,106.57,299.05,299.01,126.59,128.29,0,7.2547,0.64725,289.37,287.68,34.743,31.988,189.51,28.844,28.808,121.51,135.72,137.53,301.65,31.039,30.156,311.1,231.98,453.5,470.17,481.66,109.11,109.7,110.52,80.70399999999999,81.176,107.16,133.06,131.33,131.34,133.67,218.05,128.98,3.7825,38.824,236.08,238.18,21.96,109.24,107.7,108.17,299.65,299.35,284.18,107.96,28.89,28.868,315.44,315.34,358.42,358.27,135.73,134.63,132.38,9.229699999999999,34.417,127.76,127.56,121.85,123.13,123.46,104.29,104.6,148.91,64.48099999999999,64.06699999999999,23.531
193.96,196.18,193.73,198.5,20.098,23.154,29.24,48.156,122.27,164.24,173.13,172.84,545.75,173.94,185.01,201.02,28.274,29.419,175.49,186.94,187.37,198.36,186.08,145.25,135.8,45.356,45.416,140.88,144.69,181.12,178.2,37.209,127.26,126.62,45.202,45.288,108.25,31.501,127.74,142.53,742.77,199.24,204.74,121.1,116.39,179.37,179.23,178.93,110.73,139.95,129.57,148.64,119.19,28.609,27.33,204.62,186.87,186.66,190.47,187.79,190.81,188.56,188.34,206.53,188.17,199.8,224.92,149.26,148.61,4.3028,4.2483,42.759,43.508,43.321,37.263,39.379,174.98,141.57,131.84,159.6,153.91,119.71,167.85,161.49,162.97,143.86,143.86,115.45,109.15,109.33,108.99,123.71,124.28,303.4,304.53,108.54,107.74,17.652,120.29,112.89,148.33,119.09,118.89,141.78,141.27,113.54,121.86,230.05,106.45,107.65,106.64,108.16,109.73,112.34,113.08,110.65,105.34,126.53,126.87,124.87,125.61,124.36,234.83,234.93,111.59,184.26,112.3,130.14,5.8922,24.981,24.927,27.805,294.12,289.94,290.3,168.1,168.75,168.85,109.36,108.79,174.42,173.66,172.9,317.71,169.69,169.56,29.22,26.65,109.7,245.51,256.87,186.11,181.92,151.79,150.67,30.254,39.253,38.533,58.805,56.149,111.77,110.35,154.86,113.38,114.52,21.368,143,141.42,123.57,118.37,122.9,108.52,136.27,137.02,195.8,172.79,122.37,139.11,15.015,14.496,14.184,26.739,25.655,178.16,176.78,108.45,167.74,18.315,18.64,18.383,28.454,193.42,39.029,39.916,177.4,177.61,178.27,179.46,135.8,136.82,136.11,78.48399999999999,84.117,295.62,296.44,164.61,163.02,143.58,145.9,168.45,194.93,155.01,163.29,25.949,22.403,20.861,181.79,171.29,170.35,119.37,120.45,46.344,313.92,117.56,116.51,117.57,108.99,109.55,198.01,203.22,199.08,198.59,301.11,300.43,321.07,16.372,16.718,26.176,127.27,128.82,137.23,106.72,23.824,302.57,320.98,321.24,18.566,18.952,176.3,118.81,304.02,307.45,115.61,116.18,159.45,169,147.33,197.54,141.99,32.745,19.085,107.17,106.95,108.29,299,299.13,126.61,136.52,7.2547,0,0.77537,288.18,287.49,35.279,32.088,190.74,32.085,29.093,121.44,137.02,140.74,317.01,30.703,30.69,311.09,185.51,463.76,473.07,452.65,109.48,109.94,128.14,81.148,82.02,111.61,131.6,132.1,135.64,132.33,231.39,128.23,3.5837,17.942,238.38,235.74,21.035,109.55,108.07,115.33,298.52,301.53,285.09,107.31,29.173,29.052,316.26,315.5,358.13,359.88,135.11,140.62,133.11,9.548999999999999,34.93,130.08,127.01,125.57,121.92,123.06,104.48,105.26,157.4,64.142,67.459,23.216
195.85,206.17,197.21,206.14,25.283,28.228,31.085,28.763,124.37,151.91,174.12,180.38,170.95,155.84,173.67,198.93,30.281,28.15,173.08,186.73,188.83,185.13,186.36,136.11,136.53,44.746,45.04,141.19,186.42,179.96,179.12,21.903,133.08,128.83,45.991,45.343,110.27,31.885,75.907,140.6,141.14,188.75,188.25,112.11,112.97,181.24,180.54,178.93,123.62,111.39,131.16,112.42,182.19,27.189,27.865,190.85,186.9,190.68,189.44,189.44,188.16,189.31,189.42,201.31,207.13,187.41,187.33,149.17,149.28,4.7991,5.4794,43.202,58.73,44.546,35.962,35.991,170.31,131.78,131.92,153.4,155.95,117.3,161.81,161.44,162.27,145.54,147.4,114.98,108.7,110.76,108.86,123.47,125.47,304.09,318.3,108.1,108.66,17.603,128.27,122.43,118.55,128.02,118.73,142.08,141.11,111.5,121.75,222.91,106.75,108.08,107.58,109.54,109.83,109.69,110.62,110.39,105.83,125.73,131.73,134.86,124.04,127.88,235.47,235.47,128.81,206.18,111.09,128.41,8.135400000000001,24.213,24.049,24.595,294.69,296.52,296.76,170.69,168.04,168.26,108.75,107.99,173.35,173.55,174.21,321.77,170.3,169.69,50.344,31.678,122.46,239.84,234.82,182.51,202.75,151.78,150.46,29.569,43.195,39.125,57.028,57.231,129.86,123.16,147.9,113.45,113.62,15.975,140.92,145.3,119.73,111.38,141.65,109.97,135.69,135.71,199.29,136.87,122.54,138.98,14.545,14.524,15.959,26.836,24.754,177.14,179.8,109.65,108.28,18.534,17.98,18.451,29.17,193.32,40.135,39.544,178.13,178.66,177.62,178.24,135.43,136.86,137.08,70.72799999999999,103.93,298.2,295.81,172.44,164.73,143.83,146.45,168.6,191.51,153.94,157.52,25.169,22.29,19.438,177.52,187.1,169.8,120,119.64,24.427,304.57,116.51,116.57,116.42,108.23,108.18,198.36,198.56,201.35,199.15,329.3,305.73,315.26,16.456,18.19,34.563,129.06,126.85,139.21,148.15,21.947,311.05,321.28,320.45,18.385,32.356,164.25,106.22,304.27,304.23,123.98,115.59,159.2,159.67,185.78,142.07,142.21,25.967,16.838,107.5,110.13,107.11,298.96,299.44,126.86,126.39,0.64725,0.77537,0,289.32,287.65,32.112,36.228,197.58,29.115,29.375,121.64,133.4,136.37,302.88,30.146,30.438,311.27,185.55,451.99,477.91,481.15,133.2,110.76,109.67,81.428,83.732,106.31,131.87,131.17,131.49,242.06,371.71,128.97,3.6543,12.23,236.74,238.13,21.925,109.3,108.48,108.13,299.13,298.49,286.23,108.36,28.78,29.032,319.78,317.22,365.62,358.88,136.46,134.54,133.08,9.0922,33.378,136.54,127.7,125.15,163.52,121.43,105.45,105.2,145.59,66.626,66.901,22.546
267.85,267.63,268.36,266.52,294.61,298.93,294.64,294.4,176.36,218.08,205.16,205.85,193.53,207.84,227.09,230.3,308.76,308.84,250.62,255.81,259.59,258.46,255.67,215.86,216.08,281.06,280.86,204.92,211.32,247.94,248,288.28,201.58,201.1,281.8,281.78,187.38,296.27,319.96,211.51,211.47,258.14,260.89,191.24,190.51,249.16,249.3,249.04,201.84,195.72,259.32,217.08,240.24,263.62,263.57,257.45,257.3,257.91,260.5,256.87,257.63,259.96,259.53,256.83,256.78,257,260.75,223.9,223.95,288.93,289.81,303.39,303.51,303.44,297.46,297.69,181.46,203.92,203.57,227.54,227.72,189.77,236.43,236.28,237.36,200.05,200.18,192.32,180.66,181.02,180.78,210.25,210.35,379.46,379.46,180.45,180.55,298.28,341.84,350.85,190.76,191.11,190.85,213.68,213.71,201.97,201.5,286.16,179.13,179.75,178.98,184.59,187.6,187.63,190.49,188.79,209.16,201.86,199.55,199.14,199.02,199.3,478.56,478.45,188.85,261.9,190.07,203.69,299.89,304.34,304.39,304.41,330.46,362.45,364.92,245.9,246.06,246.01,187.62,186.57,251.79,251.3,251.64,391.88,247.59,247.51,306.57,306.7,378.21,478.48,483.61,252.13,251.69,225.16,222.95,310.36,275.76,275.32,336.8,336.84,207.53,211.08,223.02,186.73,185.83,296.46,215.32,215.47,209.41,208.76,223.94,187.3,208.08,207.46,210.39,205.61,192.71,213.04,263.99,262.66,272.35,308.47,305.77,251.31,246.74,188.5,189.15,298.71,298.62,298.64,298.61,263.41,299.68,299.64,252.75,252.85,253.15,253.5,206.47,206.16,207.22,335.22,329.71,27.409,27.429,237.38,242.8,216.1,217.21,246,260.32,227.44,239.24,289.98,287.88,298.96,229.47,230.92,229.9,199.45,199.42,313.96,383.21,194.35,194.03,194.19,180.12,180.48,271.39,270.7,270.84,270.78,371.78,371.29,391.33,296.79,296.55,353.33,203.78,204.37,225.39,380.14,302.36,384.73,395.14,394.98,299.06,298.8,190.24,191.93,385.99,385.91,197.63,198.22,231.97,231.83,201.36,218.37,218.4,306.7,296.22,185.83,194.72,185.7,12.062,12.166,201.68,201.43,289.37,288.18,289.32,0,9.253500000000001,297.81,297.87,265.83,311.2,309.64,196.49,201.07,202.31,374.04,310.82,310.84,381.35,255.39,425.77,425.68,420.79,187.69,188.09,187.98,361.13,362.27,185.01,203.19,201.55,201.24,202.36,313.42,189.33,286.35,298.69,201.61,163.19,302.13,210.85,207.54,207.65,370.85,370.54,16.62,196.52,309.82,309.19,394.02,394.21,405.47,405.39,207.31,207.34,186.29,299.59,273.43,205.9,207.71,177.91,176.36,176.49,183.52,183.88,218.06,344.6,344.49,287.57
266.27,266.7,267.65,266.38,289.14,298.69,294.76,294.5,176.27,216.24,205.96,204.82,210.77,217.08,227.71,327.35,308.9,310.03,252.23,255.81,256.01,259.7,263.99,215.9,215.98,282.03,280.91,231.51,215.84,248.07,248.03,287.92,202.59,201.3,282.15,285.32,186.52,296.39,343.99,212.52,211.91,258.11,258.1,191.49,190.28,248.97,251.09,249.06,196.2,197.45,205.52,198.58,193.74,264.99,263.62,257.48,257.87,257.47,258.82,258.26,256.72,259.47,261.17,257.22,256.79,257.91,256.87,223.94,223.94,288.95,295.73,303.38,303.45,303.47,296.89,296.36,178.76,203.93,203.41,227.71,227.73,190.06,239.86,236.79,238.67,199.99,200.99,194.51,181.45,180.87,181.18,211.34,210.57,379.51,380.73,181.21,180.62,298.39,339.65,348.37,192.99,195.5,190.76,213.78,214.06,202.06,201.63,323.96,179.11,179.61,179.06,188.5,190.03,187.7,192.46,188.54,211.29,205.68,199.23,209.74,199.1,199.66,479.17,478.71,188.88,257.63,188.87,193.92,300.2,304.45,304.36,304.5,329.19,362.49,362.43,245.98,245.98,249.48,186.67,189.68,252.81,251.82,251.54,391.67,247.55,247.57,306.69,306.57,357.53,478.59,478.58,252.19,251.75,222.94,223.17,310.37,276.26,275.3,337.39,337.09,224.88,219.83,222.99,185.66,191.7,296.49,215.33,215.52,209.39,208.96,225.96,186.96,208.61,208,210.52,205.51,194.86,213.67,264.37,272.04,272.19,304.97,306.5,246.81,248.83,191.36,188.17,298.7,298.7,298.73,298.67,263.44,299.63,299.67,252.82,252.88,252.91,253.22,206.19,206.26,209.45,331.36,325.69,27.472,28.273,237.36,237.58,216.28,216.12,246.04,311.78,229.63,228.66,292.64,288.29,301.24,230.43,242.1,232.8,199.69,199.66,314.14,384.71,194.37,194.23,194.25,180.47,181.47,271.74,275.58,270.76,270.92,371.64,372.58,391.5,303.15,296.75,312.19,201.68,201.77,216.84,345.51,302.35,386.36,395.01,394.95,299.31,299.41,226.3,231.97,385.86,385.94,197.43,197.53,231.92,231.89,207.86,218.45,218.9,306.7,296.83,187.66,187.03,185.56,11.977,12.215,203.79,201.47,287.68,287.49,287.65,9.253500000000001,0,298.2,301.37,263.69,310.7,309.7,196.55,206.22,218.13,376.26,310.75,329.11,381.24,255.39,425.87,431.12,431.62,188.58,187.85,189.42,361.28,361.12,194.22,202.98,201.7,204.36,202.18,355.18,189.44,288.93,293.17,163.13,163.15,301.29,207.91,207.24,211.23,371.77,370.55,16.751,190.63,310.44,316.36,394.31,395.27,405.52,405.72,207.42,207.4,191.41,297.81,271.47,206.68,207.15,176.46,176.42,176.38,182.77,186.1,218.06,347.79,344.38,287.46
196.89,195.43,196.63,197.56,37.301,39.239,14.129,16.354,124.83,146.12,173.85,173.57,153.06,176.63,160.73,210.84,44.396,44.34,174.43,189.24,191.9,190.52,196.33,150.07,150.08,54.951,57.359,128.98,217.04,181.25,181.05,13.523,130.33,130.32,55.583,55.584,109.37,47.792,97.708,144.66,144.01,191.59,190.95,113.69,114.51,182.28,182.8,182.08,107.5,136.98,113.96,182.58,108.95,37.351,38.825,193.72,191.16,191.23,190.43,190.06,189.96,193.02,190.72,189.97,190,190.58,189.93,157.39,157.48,37.178,33.691,50.736,50.91,50.611,43.653,45.083,180.03,126.86,127.01,157.43,156.06,134,166.54,165.94,165.86,154.42,156,113.51,118.79,119,118.82,125.02,124.93,312.01,311.93,118.28,118.25,33.163,96.33499999999999,110.63,135.32,136.92,135.19,157.42,157.18,99.779,99.226,181.23,116.79,117.67,116.77,108.86,119.54,125.76,111.83,110.49,87.285,136.26,119.31,119.14,118.96,119.39,242.48,242.41,112.34,244.37,113.72,130.02,35.627,42.626,42.55,43.576,271.93,305.98,307.07,169.5,169.49,169.58,109.46,109.44,174.87,174.72,174.82,300.4,171.22,171.07,42.07,41.949,127.3,247.33,247.49,185.32,184.96,166.33,166.52,45.794,48.759,49.074,78.078,78.14100000000001,93.38200000000001,100.05,156.37,129.45,129.26,31.921,149.43,149.8,103.36,103.03,115.25,110.94,151.54,150.98,156.22,148.83,136.61,148.2,30.687,30.387,31.586,42.339,41.057,179.16,179.21,114.31,109.4,34.223,35.098,34.294,34.024,196.61,46.927,46.869,182.03,181.92,181.81,183.46,136.92,137.03,138.25,101.68,81.553,305.66,305.67,167.1,166.98,154.49,154.4,169.59,193.45,155.48,156.65,18.868,14.023,34.352,162.6,156.2,156.99,120.37,120.53,39.334,318.2,117.79,117.75,117.66,123.67,124.27,214.15,216.34,214.28,214.39,314.97,314.89,299.19,37.411,32.455,84.988,135.08,135.33,157.4,130.26,47.151,312.37,339.45,339.59,34.576,34.534,146.4,123.89,336.03,335.7,117,117.02,175.37,175.27,156.42,145.64,145.66,42.252,41.877,108.65,108.95,108.36,309.02,309.26,130.53,131.17,34.743,35.279,32.112,297.81,298.2,0,0.285,193.13,46.324,44.987,116.57,147.36,132.87,317.46,52.135,52.061,312.15,189.05,385.12,390.99,393.99,110.58,112.69,112.75,92.569,92.589,108.67,132.73,132.2,132.07,133.23,180.49,129.56,30.589,59.529,245.77,245.91,44.162,96.113,101.82,110.1,314.79,314.04,294.63,100.6,44.465,44.742,317.05,316.98,373.94,374.65,150.76,150.76,134.86,33.324,44.451,128.4,129.01,125.08,125.06,125.68,105.47,106.32,146.84,80.072,80.127,13.842
194.88,194.72,195.35,194.91,36.119,45.113,14.822,13.905,124.85,144.26,174.33,173.6,156,153.39,155.53,194.67,44.463,46.221,174.47,189.11,190.37,198.93,188.95,149.99,150.99,57.105,55.582,140.45,178.9,180.99,181.28,13.571,130.44,130.17,55.701,55.673,109.34,47.929,151.7,142.24,144.21,190.89,209.62,118.84,115.09,182.33,182.99,182.28,112.51,113.76,104.01,108.92,116.99,41.973,37.758,190.43,191.32,190.15,190.45,190.12,190.55,190.44,192.96,231.82,190.14,190.45,192.71,157.49,157.5,33.249,33.301,50.7,50.797,50.776,45.817,45.529,180.19,129.74,126.95,156.42,156.26,134.24,165.75,165.98,166.28,154.71,154.61,117.28,119.04,118.8,118.77,127.06,123.56,311.98,312.76,118.13,118.13,33.731,121.28,115.96,135.63,135.96,138.39,165.73,157.42,100.83,101.11,176.34,116.79,117.03,116.92,107.61,119.09,111.85,113.92,114.63,87.34999999999999,124.87,119.17,119.11,125.95,120.13,242.38,242.82,112.38,129.9,121.93,130.96,35.518,42.665,42.717,42.816,276.75,308.36,312.38,169.59,169.5,170.03,110.12,109.6,174.98,175.27,178.17,299.58,174.39,171.13,42.304,41.914,131.84,252.77,247.61,184.95,197.45,166.38,166.52,48.331,48.988,48.938,77.988,78.069,98.758,113.06,160.18,129.18,140.44,37.457,149.42,150.42,103.22,103.82,117.47,109.93,152.77,150.89,156.69,148.86,136.72,147.18,35.99,30.956,34.953,41.343,40.562,178.85,180.77,109.33,109.5,34.465,40.446,34.308,40.966,196.6,46.976,47.029,181.99,182.29,181.8,182.37,136.94,139.17,137.42,33.197,70.04900000000001,305.62,305.7,169.72,167.03,154.52,154.49,169.64,180.6,155.64,159.79,19.513,13.667,45.942,155.52,155.52,163.86,120.44,120.52,56.596,305.87,123.04,117.81,118.49,124.42,126.59,214.31,214.29,214.36,214.44,314.96,314.88,300.94,32.311,32.284,48.055,137.29,136.9,145.52,107.49,46.683,313.09,339.5,339.41,34.491,34.544,130.22,120.36,335.69,336.01,116.84,117,176.56,175.41,164.39,145.66,145.78,42.368,43.382,108.26,111.52,108.07,309.3,309.25,130.49,130.43,31.988,32.088,36.228,297.87,301.37,0.285,0,193.27,44.911,47.075,116.52,131.89,138.08,317.44,52.149,52.085,312.02,188.84,390.26,389.7,389.84,111.37,110.92,110.65,92.52800000000001,93.02200000000001,109.03,132.75,132.46,133.06,132.35,343.37,129.44,41.222,47.888,245.83,246.01,38.528,94.956,100.54,99.425,314.24,314.04,294.92,99.535,45.139,44.644,316.97,316.93,377.96,374.03,150.85,151.26,135.09,35.059,48.412,128.47,128.37,125.35,126.05,125.3,106.37,107.66,146.61,79.93899999999999,80.185,17.14
39.793,43.019,41.626,41.514,192.95,195.53,190.32,189.48,83.206,79.705,95.062,94.577,93.393,101.41,39.032,65.577,194.59,194.84,55.427,32.036,34.91,32.586,30.487,57.73,64.626,227.35,225.48,118.13,135.11,41.497,39.974,184.44,105.12,67.22199999999999,225.54,226.8,96.806,194.46,207.82,79.08199999999999,80.2,37.167,34.287,100.59,99.32899999999999,41.066,43.066,48.684,133.04,148.39,145.12,117.15,138.54,207.59,207.36,33.63,34.805,31.163,34.588,32.43,33.174,40.796,37.32,33.752,34.932,33.556,36.728,73.71899999999999,74.65900000000001,189.58,191.28,191.82,193.48,192.22,184.86,185.09,162.91,103.98,101.78,76.855,80.28,83.73,40.9,43.004,41.238,70.223,70.381,100.42,91.261,86.559,87.253,98.685,99.761,161.39,161.57,87.336,86.502,180.39,299.61,273.09,85.20099999999999,84.524,82.863,93.15900000000001,92.80200000000001,82.488,82.992,155.98,85.111,82.56399999999999,83.393,95.342,72.071,94.79900000000001,91.626,95.21299999999999,97.134,102.79,93.962,96.77500000000001,94.306,95.236,266.58,268.61,96.899,162.27,95.571,89.85899999999999,185.01,188.73,190.47,191.6,148.54,154.99,155.9,92.414,90.30800000000001,88.151,99.91800000000001,96.224,128.7,126.17,127.33,192.7,91.967,91.626,191.31,190.05,289.05,272.17,276.13,51.081,52.938,78.64400000000001,79.70099999999999,196.5,221.82,220.01,224.45,225.8,89.58199999999999,101.49,71.717,89.181,90.621,181.6,57.686,58.549,94.096,91.422,107.43,96.51600000000001,71.94499999999999,72.76900000000001,39.788,95.744,100.97,58.664,177.72,175.71,177.23,191.18,189.11,32.458,29.825,94.29000000000001,94.447,182.86,184.19,190.22,183.4,37.268,188.73,188.64,15.073,12.636,12.382,14.888,73.47,86.29000000000001,74.94799999999999,238.37,232.54,272.78,271.45,40.932,48.192,71.003,72.09399999999999,121.07,191.29,133.74,112.87,183.46,184.38,182,44.427,42.217,36.609,94.2,93.503,201.35,158.37,90.34699999999999,90.206,92.15300000000001,84.55,89.621,41.806,41.05,38.378,40.911,170.64,164.9,191.45,186.01,183.22,212.07,89.559,85.595,84.744,220.83,201.77,135.9,155.1,155.54,182.85,182.46,101.17,97.876,185.02,185.98,101.92,104.26,87.264,85.313,119.47,84.157,87.047,191.07,197.31,96.53,94.777,97.771,275.2,277.86,69.044,67.626,189.51,190.74,197.58,265.83,263.69,193.13,193.27,0,194.17,192.66,89.937,67.458,78.922,166.04,199,198.75,138.91,32.456,214.16,215.4,216.62,94.81399999999999,95.20399999999999,96.41,246.03,244.89,93.61,68.61199999999999,67.343,66.851,67.71299999999999,43.692,90.495,187.85,216.53,217.63,306.93,186.57,78.971,87.107,103.77,169.02,163.1,261,114.29,193.05,194.17,171.86,172.22,169.82,169.28,73.047,72.523,92.25700000000001,184.19,214.17,69.291,67.703,82.684,82.88,83.84999999999999,91.747,91.41500000000001,113.86,227.86,228.55,181.95
201.14,200.07,200.05,199.07,34.719,16.329,44.468,41.91,127.16,149.72,178.08,178.01,158.73,188.23,188.59,217.03,34.203,41.082,178.91,193.18,191.18,191.23,194.97,147.17,148.84,66.429,81.63800000000001,150.39,132.51,185.62,183.5,34.895,133.39,322.72,67.364,67.521,113.71,5.2961,76.483,146.55,147.92,192.73,193.95,117.26,117.98,184.37,184.28,186.3,136.92,170.64,135.8,131.9,131.64,49.841,49.303,193.84,193.51,199.99,193.04,192.29,192.16,195.15,219.3,214.65,192.2,194.09,198.22,155.81,154.39,30.483,33.993,50.862,52.053,50.741,42.13,42.783,170.71,137.51,137.63,158.33,158.26,122.67,168,169.16,167.18,150.63,149.11,120.78,115.58,114.59,114.02,127.82,128.77,310.63,308.94,114.48,113.68,26.554,101.74,144.62,124.56,125.41,125.92,147.09,146.98,119.72,116.62,416.4,112.22,114.27,112.24,114.43,132.04,114.98,115.39,115.84,119.04,134.48,130,132.95,129.69,148.43,240.53,240.52,117.82,161.22,118.68,134.69,28.526,18.708,18.593,19.068,312.08,295.71,295.71,174.93,173.67,173.83,116.91,113.95,213.21,178.96,179.1,323.33,175.28,175.36,31.849,31.713,98.857,243.5,247.31,187.55,188.09,154.61,165.26,10.787,66.744,60.754,61.244,61.268,129.33,121.1,153.76,118.83,118.89,22.613,146.38,146.43,128.15,135.65,149.96,114.2,142.78,140.85,348.15,138.92,128.27,146.39,18.511,18.414,18.847,36.47,31.731,180.2,180.14,117.13,114.36,24.15,26.214,24.902,23.755,199.51,45.156,45.224,183.15,183.33,183.18,183.79,141.27,142.38,141.67,75.505,82.90000000000001,317.34,317.42,168.7,168.51,152.47,149.28,176.16,207.08,160.61,163.01,37.327,35.413,24.041,349.2,184.45,188.8,124.96,124.77,38.231,310.06,123.48,131.98,122.02,113.33,115.22,204.5,204.04,203.81,204,304.6,304.91,321.81,25.41,24.547,83.349,134.32,135.8,147.82,96.682,44.423,311.2,326.29,326,23.974,25.274,123.6,126.72,325.26,327.2,121.17,121.71,165.02,165.23,154.2,149.63,148.05,32.017,37.986,113.68,126.06,112.52,320.75,320.92,132.26,132.64,28.844,32.085,29.115,311.2,310.7,46.324,44.911,194.17,0,0.222,127.13,140.19,151.97,308,35.718,41.446,316.2,192.61,471.07,470,461.08,114.4,115.01,125.24,86.65300000000001,87.504,112.26,136.79,138.26,137.61,137.8,400.92,137.5,27.772,34.683,257.68,257.5,26.669,121.79,121.01,121.85,304.14,306.62,306.38,114.72,30.96,31.191,321.16,322.46,363.95,363.67,140.44,140.42,137.33,22.878,60.16,132.81,135.89,130.47,129.27,127.56,110.45,110.44,152.71,69.794,70.413,35.183
198.88,201.15,199.27,199.04,35.347,16.201,44.156,41.913,129.9,153.68,179.28,179.99,152.73,145.39,185.71,222.51,34.175,34.132,178.6,191.37,191.14,191.93,191.19,147.01,150.93,67.206,66.59999999999999,138.12,187.29,183.78,184.36,52.048,133.37,133.32,67.65000000000001,67.694,113.84,5.6052,82.898,146.42,149.32,194.82,193.31,124.37,118.39,184.48,184.56,185.44,135.5,144.93,127.85,140.67,141.94,50.951,49.39,193.74,197.58,193.03,193.38,192.54,193.3,193.17,196.93,192.44,192.14,192.65,193.59,154.54,154.32,30.562,31.113,48.794,52.833,48.748,57.775,41.887,173.22,137.86,138.45,158.56,158.59,124.33,169.74,167.21,170.05,150.86,154.34,120.41,114.26,114.99,114.41,129.32,129.44,308.95,309.2,113.77,113.66,28.928,233.69,255.09,124.05,136.82,123.88,147.17,151.84,117.3,116.77,198.38,112.65,113.78,112.35,112.85,132.71,114.98,116.82,118.15,115.51,130.63,146.22,129.76,129.52,135.61,242.68,240.56,116.76,156.11,117.03,153.55,25.093,19.453,18.734,18.83,312.88,296,298.68,173.73,173.69,173.75,115.67,113.81,179.55,183.94,179.98,324.71,175.34,175.38,31.693,31.687,98.15600000000001,250.44,246.48,187.62,187.26,154.59,154.57,10.632,60.966,60.465,62.583,64.29000000000001,124.67,124.21,153.51,119.3,119.42,21.569,146.41,146.31,136.47,125.17,133.98,115.11,142.98,140.64,193.1,137.92,125.83,145.5,18.287,18.628,18.677,34.33,30.794,179.93,181.06,114.76,117.42,24.188,24.144,23.936,23.843,201.32,48.648,45.14,183.06,183.16,183.14,193.59,141.18,144.66,141.41,73.523,170.46,317.39,317.53,168.96,170.8,154.31,149.23,174.47,211.67,159.97,161.05,35.794,35.443,24.129,194.77,183.04,199.61,124.83,124.77,48.139,318.79,123.86,122.01,123.95,115.84,114.33,203.93,203.95,203.92,203.95,305.2,304.67,324.47,22.133,22.016,46.094,134,134.03,142.43,158.35,75.10299999999999,307.61,326.72,326.2,24.094,25.736,134.35,117.36,325.39,328.99,121.27,121.47,165.12,165.09,157.66,147.72,147.56,33.501,39.838,112.68,116.11,112.43,320.84,320.9,132.87,132.65,28.808,29.093,29.375,309.64,309.7,44.987,47.075,192.66,0.222,0,129.12,136.22,142.29,307.43,35.232,40.303,317.52,194.14,471.53,471.32,460.07,114.83,118.81,120.36,86.672,86.557,111.97,136.72,136.81,136.58,137.01,268.91,134.13,27.826,48.877,259.93,257.68,27.985,120.75,119.69,123.9,304.09,303.73,308.47,113.83,31.011,35.297,321.19,326.12,363.68,364.18,140.76,140.63,137.51,23.105,56.073,136.29,136.29,128.18,129.69,127.44,110.8,109.85,150.79,69.625,69.654,34.676
89.649,86.843,89.107,86.956,116.41,114.56,113.36,115.7,10.999,42.814,59.907,59.538,73.441,26.774,93.21299999999999,109.25,126.34,126.37,72.325,75.176,74.97799999999999,78.495,74.925,44.284,50.765,158.59,158.8,42.529,82.03700000000001,67.274,67.232,106.34,29.241,28.474,159.48,159.73,33.191,116.27,171.84,38.022,62.251,77.18000000000001,77.72199999999999,39.042,40.5,68.765,68.517,68.19799999999999,59.023,59.145,59.874,81.581,51.872,141.38,141.51,82.20699999999999,78.27200000000001,76.556,76.02,76.596,76.47799999999999,80.97199999999999,77.61499999999999,76.02800000000001,75.938,80.31,76.572,38.403,38.378,122.67,123.61,115.73,115.95,115.74,109.32,108.72,72.578,10.932,11.319,42.084,42.014,34.334,67.51000000000001,63.974,63.966,35.157,45.118,39.58,18.308,18.499,18.384,36.675,36.672,187.64,187.77,18.137,27.162,114.93,252.81,198.9,35.634,51.638,35.564,37.536,35.117,18.982,19.132,180.04,16.683,16.915,16.674,15.975,29.162,8.569000000000001,8.3337,8.0703,38.436,3.0297,3.197,2.764,2.5916,2.721,298.83,298.86,22.043,693.3200000000001,20.855,34.408,117.48,113.51,113.99,112.75,200.43,181.28,181.46,55.45,55.435,55.456,38.464,33.456,152.17,85.2,118.2,239.13,57.013,57.115,124.06,124.03,204.54,303.98,298.79,70.994,72.41,39.943,39.859,128.04,153.04,153,157.02,157.7,50.95,97.18899999999999,37.106,31.098,31.273,113.96,43.743,43.616,31.856,34.227,46.445,34.625,32.756,31.732,82.377,23.603,38.49,41.515,116.44,113.44,112.14,122.74,123.05,91.559,95.521,34.198,33.966,116.3,116.72,116.32,116.15,82.607,112.05,112.05,80.224,80.54600000000001,80.241,80.92700000000001,31.541,31.503,32.227,188.28,197.31,205.03,204.31,64.896,65.029,35.041,35.118,78.93600000000001,91.946,54.695,55.957,107.1,106.8,116.34,86.986,87.863,89.73,27.472,27.389,123.15,212.37,15.423,15.429,15.203,17.735,17.772,89.226,89.264,89.20099999999999,89.218,190.29,190.42,235.21,114.32,114.46,162.96,37.643,37.612,48.523,136.09,136.5,210.6,232.96,232.86,116.45,116.65,48.231,47.026,211.1,211.12,25.395,25.544,50.323,56.268,72.387,44.155,44.125,124.17,131.16,32.116,34.732,32.084,207.68,208.35,28.311,28.335,121.51,121.44,121.64,196.49,196.55,116.57,116.52,89.937,127.13,129.12,0,39.176,30.897,192.86,130.87,130.95,207.84,75.425,247.32,247.8,242.49,18.032,19.034,19.083,179.15,178.72,31.873,30.779,28.991,28.588,28.52,238.36,32.548,120.01,139.23,239.56,157.37,119.18,32.875,28.839,29.218,190.19,195.65,204.2,36.084,126.67,127.86,222.03,221.93,237.19,237.17,31.749,31.746,21.949,115.5,148.45,28.506,28.948,11.093,11.157,11.077,15.534,14.498,49.913,162.03,161.95,106.53
82.241,104.16,75.22499999999999,73.851,140.2,133.23,143.96,339.04,40.123,16.386,57.146,52.75,41.157,51.625,75.37,113.87,148.58,142.15,56.918,68.88800000000001,70.482,69.74299999999999,76.08,21.484,16.258,156.7,165.71,48.728,38.141,59.145,64.884,125.85,29.172,20.181,173.13,173.27,35.171,147.06,174.98,41.185,71.48699999999999,81.268,69.30500000000001,49.559,48.925,66.58,62.818,60.343,50.07,45.723,45.585,85.35299999999999,53.632,159.55,151.64,85.628,71.825,68.32299999999999,78.804,70.792,80.251,69.291,79.89,76.024,68.40900000000001,69.613,73.696,37.134,30.503,131.56,144.76,142.64,145.17,130.79,141.12,136.07,84.282,59.094,52.165,47.441,47.063,19.061,49.091,36.665,48.133,27.261,26.911,53.488,31.163,21.364,36.756,29.57,32.778,207.74,210.62,20.536,20.514,134.61,220.58,194.28,22.843,152.68,32.221,27.866,41.002,31.939,41.2,100.4,19.292,28.137,19.319,27.35,15.113,33.767,37.053,23.755,34.894,51.489,36.473,42.184,30.364,42.723,286.68,290.67,36.875,779.46,41.211,18.046,142.19,133.94,133.33,146.34,177.47,173.73,184.68,70.206,53.078,53.695,35.691,32.973,64.075,91.404,58.755,187.23,71.179,53.604,135.4,142.02,196.58,292.04,297.4,65.146,70.932,62.878,32.595,136.88,155.48,155.17,173.57,168.07,72.622,48.75,40.925,34.908,48.668,137.67,38.79,35.861,40.65,43.568,62.427,36.528,22.387,32.385,84.36799999999999,36.352,40.201,14.426,124.5,111.94,132.49,171.6,141.81,66.23,54.549,41.481,52.263,124.92,129.97,135.87,132.51,85.931,133.41,151.66,62.996,65.032,55.398,63.875,22.132,25.146,6.7979,203.64,201.78,212.47,215.93,37.663,45.825,28.728,39.15,77.14100000000001,79.18899999999999,33.136,30,124.61,132.38,131.22,64.453,57.767,62.772,30.097,40.585,144.17,235.57,41.889,28.437,42.775,21.794,21.641,96.928,96.934,94.39100000000001,92.946,182.96,188.85,183.05,126.07,125.51,154.83,28.628,9.712899999999999,28.477,182.33,145.26,185.26,196.52,212.49,150.36,138.39,42.063,38.932,239.13,200.38,33.707,20.237,43.401,42.978,110.14,26.963,33.586,143.88,145.13,32.58,43.649,47.306,223.7,225.42,8.6152,1.8816,135.72,137.02,133.4,201.07,206.22,147.36,131.89,67.458,140.19,136.22,39.176,0,21.666,190.47,143.98,139.91,185.43,105.07,333.21,337.84,335.9,37.165,30.772,45.405,192.28,198.74,32.07,10.35,2.1126,5.4677,25.616,78.26300000000001,35.348,134.47,146.39,167.24,160.98,124.14,32.613,42.437,24.828,187.4,191,211.03,30.985,139.91,152.05,240.63,244.02,210.23,210.06,6.3484,25.689,31.877,128.78,170.22,13.032,10.254,23.636,32.916,32.708,52.027,36.997,47.641,181.45,166.05,122.14
79.06,82.92,70.69,95.008,147.34,144.91,134.67,141.75,31.837,35.465,55.366,51.728,70.857,62.366,74.46599999999999,75.04600000000001,136.58,144.13,57.989,77.16500000000001,80.833,81.937,72.92100000000001,16.51,29.644,163.31,171.48,49.644,70.59,62.831,64.298,122.76,8.538500000000001,12.61,171.46,176.25,43.077,138.32,164.18,30.907,12.316,77.324,71.55500000000001,44.622,42.853,61.224,93.36499999999999,68.092,75.08199999999999,58.23,55.479,53.171,65.60299999999999,160.24,154.49,73.416,72.51600000000001,75.886,70.242,87.42,69.869,73.98999999999999,84.244,93.14400000000001,71.133,71.48699999999999,97.49299999999999,37.264,41.401,148.04,140.89,146.38,133.39,132.8,129.27,132.72,72.60599999999999,48.381,48.559,42.39,34.939,29.763,48.226,49.422,43.642,27.164,55.906,46.041,22.111,39.405,23.707,35.319,21.402,211.36,226.68,27.906,25.903,120.86,238.42,237.21,31.542,24.318,18.832,39.753,33.306,39.69,35.046,65.48399999999999,19.102,22.431,44.039,36.236,15.049,21.955,27.221,21.671,74.28,52.115,39.144,46.214,35.787,32.317,293.15,287.36,39.344,92.66200000000001,38.01,16.796,129.03,137.08,137.83,138.43,169.76,186.18,183.01,49.453,50.462,47.647,41.934,41.826,65.85599999999999,71.286,69.80500000000001,197.77,49.393,50.939,141.78,135.48,204.73,296.96,312.4,80.20399999999999,67.235,38.571,38.587,141.76,152.36,157.95,172.23,177.47,39.324,50.139,31.588,31.429,35.266,142.84,29.927,26.824,46.17,44.664,66.852,44.905,24.333,6.3832,59.137,34.741,41.891,27.376,134.28,126.37,123.3,140.25,138.73,62.982,64.98099999999999,44.424,43.753,135.72,123.87,128.24,126.15,77.616,138.4,139.36,70.527,64.974,69.411,66.045,7.866,27.25,22.333,179.19,210.51,210.89,214.76,43.068,53.022,31.091,43.503,61.989,111.86,66.23,30.498,126.77,127.86,137.67,63.796,57.389,67.446,28.152,22.204,144.63,248.73,36.837,38.452,36.303,31.84,36.282,85.99299999999999,101.93,83.45,96.94199999999999,183.21,197.28,180.95,127.55,119.75,142.56,11.568,15.408,24.09,242.61,145.23,195.78,201.8,205.17,140.52,135.81,65.58199999999999,43.531,202.04,192.66,34.76,30.509,44.543,45.241,74.38800000000001,36.205,37.151,139.27,155.66,41.561,52.366,48.282,224.74,214.92,2.8008,8.984,137.53,140.74,136.37,202.31,218.13,132.87,138.08,78.922,151.97,142.29,30.897,21.666,0,197.71,149.01,160.02,183.78,78.56100000000001,337.58,338.2,350.47,34.401,37.079,40.206,193.92,187.47,31.429,2.125,15.966,10.991,11.383,287.22,26.734,137.84,171.95,250.01,245.99,131.87,29.257,31.31,31.267,187.39,193.45,203.42,30.359,143.68,140.92,243.48,254.94,230.25,210.06,25.289,6.7355,43.478,133.57,165.84,21.203,14.72,23.252,19.307,17.204,32.346,33.631,25.867,163.89,183.98,125.78
256.92,283.84,257.5,256.87,298.56,301.16,314.93,314.17,184.27,217.32,183.43,184.24,195.6,205.5,129.12,172.89,306.43,307.8,160.69,137.41,138.09,137.24,137.21,178.85,178.89,339.04,338.8,209,211.76,129.65,133.44,307.27,185.76,187.8,339.54,339.57,207.23,313.4,339.04,183.31,184.87,139.58,138.97,215.98,215.75,130.89,130.68,130.6,231.49,214.12,215.95,211.14,210.95,321.94,321.52,148.7,140.63,138.84,139.78,138.35,138.65,146.6,141.58,147.47,138.3,139.05,138.96,163.43,163.41,302.64,303.24,305.25,305.23,305.37,298.54,298.25,228.95,203.14,203.13,167.15,167.02,208.95,153.47,151.99,152.05,161.56,161.67,218.14,200.93,200.34,200.59,211.79,211.54,19.423,19.428,199.93,199.9,294.98,376.07,381.08,210.57,210.67,210.4,206.21,206.22,211.58,201.9,115.63,198.48,199.34,198.62,205.58,199.75,198.86,202.91,198.7,209.88,197.63,195.32,195.4,195.39,196.49,125.67,125.73,211.34,332.68,214.59,202.31,297.46,304.62,304.57,304.65,14.731,13.254,13.276,179.45,179.63,179.4,213.93,212.1,242.66,246.05,242.91,178.12,180.96,181.07,304.19,304.17,359.62,130.75,139.69,133.84,135.29,168.44,168.57,308.12,333.58,333.18,336.95,337.01,221.07,220.4,162.51,213.84,205.15,294,178.27,178.35,219.09,221.68,230.48,212.94,208.86,207.24,142.65,197.82,212.66,177.2,287.97,292.63,284.53,304.1,302.94,138.21,138.27,209.94,208.31,296.31,296.33,296.89,296.21,144.96,301.45,301.45,155.13,155.68,155.41,155.46,190.44,190.31,192.25,320.48,360.02,381.76,381.8,157.29,153.49,161.73,188.77,237.67,286.43,213.21,219.49,308.53,307.59,296.98,141.26,164.21,156.59,208.7,208.47,324.51,22.46,206.21,205.88,205.94,199.58,199.96,152.43,154.79,152.4,152.4,4.8423,4.5877,180.18,294.73,294.23,340.54,215.8,215.9,364.41,404.11,316.3,51.231,307.7,308.01,297.04,296.49,241.7,218.12,42.933,43.154,214.88,214.86,177.45,177.63,209.34,204.07,204.25,304.24,310.8,206.14,208.16,206.08,385.17,385.32,185.41,185.91,301.65,317.01,302.88,374.04,376.26,317.46,317.44,166.04,308,307.43,192.86,190.47,197.71,0,311.1,310.94,105.11,137.48,92.56999999999999,92.78100000000001,92.636,210.22,210.7,210.65,358.73,358.68,205.76,186.29,186.38,185.53,188.45,231.23,202.06,300.16,308.43,422.93,329.76,298.78,196.82,192.67,197.92,3.8252,3.8061,370.57,204.59,307.19,307.11,37.767,33.795,246.45,246.3,207.12,206.91,194.39,295.77,328.15,197.5,210.32,184.6,184.71,184.63,206.98,207.56,204.59,344.42,342.06,307.3
205.13,206.08,202.72,203.02,56.407,20.693,49.163,48.936,131.16,151.1,182.31,182.27,167.98,180.42,200.46,240.55,37.937,38.62,185.33,195.12,201.55,195.95,195.07,154.11,151.6,72.14700000000001,119.27,151.19,158.49,187.27,187.56,42.35,136.57,136.38,68.60299999999999,75.124,117.48,36.665,99.70999999999999,150.24,156.48,198.77,197.9,121.6,120.95,189.17,475.94,190.39,126.55,219.75,154.79,142.02,161.36,50.258,50.406,199.82,198.43,196.11,199.75,197.9,195.95,196.38,201.78,203.79,196.37,196.06,196.12,158.28,158.22,31.687,31.983,52.604,52.986,52.622,49.703,45.841,173.75,143.61,141.32,162.05,162.07,126.74,171.4,254.94,171.16,153.39,153.01,127.5,118.53,117.98,117.68,139.1,131.78,312.75,312.69,118.13,117.62,28.122,117.42,127.71,131.06,128.72,183.16,150.8,150.82,117.6,142.85,331,116.1,116.15,116.26,115.6,126.66,119.4,121.74,121.41,115.09,136.22,143.54,135.48,133.4,137.09,244.27,244.46,120.51,173.82,120.7,451.48,29.261,266.05,7.5864,7.5995,315.9,301.61,300.45,177.65,177.59,177.62,117.54,117.57,183.55,182.89,183.08,326.12,179.5,179.17,39.394,35.61,152.92,249.61,246.74,191.47,190.99,159.9,159.85,35.912,63.453,61.98,45.72,40.074,116.2,127.09,161.96,122.65,122.77,25.56,150.09,150.22,122.75,122.89,134.91,118.32,147.04,144.69,190.69,142.48,130.07,148.7,32.494,32.484,34.294,37.586,34.683,183.3,184.28,118.36,121.94,27.755,27.638,28.416,27.695,202.6,50.547,48.977,187.51,187.69,187.62,188.43,144.93,144.95,145.25,67.404,110.36,318.55,318.55,172.08,172.73,153.16,152.97,177.85,202.41,164.03,166.17,53.002,46.601,27.944,223.32,192.52,191,128.48,129.05,49.548,314.39,126,125.85,125.77,117.19,117.3,207.72,207.83,207.72,207.71,310.21,308.53,331.94,26.109,25.911,48.429,138.11,138.19,147.99,82.283,32.277,317.61,329.69,329.76,27.895,28.196,130.28,143.21,329.86,332.17,126.96,124.99,168.9,169.11,145.39,151.5,151.54,35.806,271.08,163.4,117.23,116.8,322.06,322.05,139.38,136.08,31.039,30.703,30.146,310.82,310.75,52.135,52.149,199,35.718,35.232,130.87,143.98,149.01,311.1,0,0.45148,319.95,194.66,480.07,482.04,478.89,120.24,120.58,121.58,90.712,91.574,116.44,142.94,140.27,140.17,142.24,277.93,138.47,28.995,56.318,258.75,258.9,30.756,115.71,117.05,121.7,307.72,310.41,307.45,115.33,13.802,12.985,325.39,325.12,367.74,367.71,144.34,144.37,142.66,27.362,61.755,136.53,138.95,138.96,131.29,131.27,114.31,113.69,154.49,73.497,73.514,42.369
204.8,203.87,203.53,204.81,14.332,17.189,48.829,48.617,130.95,151.01,181.67,182.1,163.45,180.6,201.26,212.36,37.975,37.836,196.64,195.13,195.82,196.3,194.86,150.7,150.95,67.724,67.51600000000001,155.79,155.03,187.22,187.27,42.039,137.29,137.76,68.73099999999999,68.57299999999999,117.49,36.856,66.931,150.25,155.65,198.08,196.97,122.59,121.45,188.23,188.47,188.29,147.25,134.65,146.15,123.29,123.31,50.361,50.555,198.34,202.71,197.86,197.76,196.02,195.94,197.93,287.87,196.56,195.95,195.99,196.11,158.3,158.23,31.518,36.968,52.643,52.824,52.786,45.642,45.716,173.69,141.75,141.22,162.33,162.19,126.55,178.99,171.02,171.06,153.32,153.22,121.84,117.77,119.18,117.86,133.2,133.14,312.75,312.73,119.73,117.74,26.855,132.09,133.21,127.82,128.16,127.67,150.83,150.86,144.39,117.64,182.79,116.01,116.13,116.18,115.71,127.29,118.87,120.84,119.57,140.32,137.36,133.76,133.48,136.53,135.99,244.4,244.33,120.3,226.49,120.31,138.36,29.192,7.6067,7.5749,7.7193,308.58,299.75,299.41,178.15,177.57,177.57,117.58,117.99,182.81,183.31,183.42,322.5,179.07,179.1,35.652,35.632,95.35899999999999,249.48,249.48,191.06,191.07,159.83,159.79,35.795,62.583,63.338,39.959,40.006,107.48,108.58,157.34,122.88,124.41,25.502,150.22,150.12,126.3,118.54,130.19,119.13,145.67,145.23,185.69,142.79,130.4,148.07,32.64,32.68,34.393,38.467,35.497,183.3,185.15,127.38,117.34,27.792,27.698,27.773,27.62,202.61,48.872,48.874,187.78,188,187.52,188.17,144.99,145.03,145.56,67.95099999999999,101.33,318.52,318.54,172.17,178.45,153.54,153.03,177.66,211.25,164.83,165.88,46.257,46.034,29.374,195.28,196.34,195.4,128.54,128.46,47.935,316.87,126.04,125.79,125.82,117.23,117.82,207.73,207.76,207.74,207.7,308.69,308.33,320.31,26.215,26.678,42.609,136.36,136.63,164.51,95.639,32.168,316.87,330.14,329.85,27.778,27.891,124.4,128.63,329.13,329.42,124.97,124.95,168.84,168.84,145.3,151.47,151.56,35.753,25.862,116.34,117.51,116.57,321.9,322.06,136.04,136.32,30.156,30.69,30.438,310.84,329.11,52.061,52.085,198.75,41.446,40.303,130.95,139.91,160.02,310.94,0.45148,0,320.2,194.6,481.83,480.34,482.03,118.8,118.25,121.48,90.83499999999999,90.121,116.04,140.91,140.17,140.09,141.52,281.45,137.54,29.038,54.16,258.7,260.36,30.666,117.42,116.49,117.61,307.54,307.52,308.29,142.47,13.728,12.973,325.07,324.98,367.46,367.74,144.31,144.36,141.88,26.838,57.365,136.5,137.81,131.15,131.19,131.28,114.44,113.79,154.98,73.577,73.501,41.727
157.15,154.49,155.14,154.45,307.32,310.28,308.95,308.6,199.3,214.13,218.91,208.99,209.63,225.01,151.53,163.74,317.51,316.24,169.29,146.82,151.72,146.61,146.58,197.5,204.21,349.32,347.71,221.03,271.41,154.98,155.49,301.83,182.47,184.25,348.82,348.62,213.64,319.51,348.68,192.83,229.46,148.58,148.53,221.41,218.55,156.28,157.57,156.07,244.31,237.35,247.5,332.27,216.14,331.92,330.51,148.3,148.95,149.21,148.2,182.23,147.6,148.9,147.66,147.73,147.65,147.93,153.23,199.02,206.36,311.99,314.63,311.1,311.24,311.19,638.2,304.61,246.26,218.17,218.13,202.85,202.83,210.85,146.34,144.27,144.08,207.47,207.33,221.62,201.85,202.47,201.24,201.53,201.47,100.08,99.95699999999999,200.78,201.45,304.22,411.8,394.9,211.12,211.65,211.08,223.39,223.3,206.37,206.49,233.03,199.88,199.98,199.34,204.15,218.07,199.49,208.1,201.57,215.81,214.09,210.52,219.47,215.34,210.88,105.03,104.85,211.95,263,211.89,199.06,306.5,313.67,313.63,313.67,107.9,93.824,93.617,204.87,204.79,204.85,213.28,213.27,249.14,249.02,251.05,71.8,206.42,206.46,313.24,313.05,361.9,105.35,115.2,158.88,159.19,214.23,214.43,316.84,342.35,342.28,346.06,346.09,218.42,218.26,198.37,206.08,206.22,302.98,196.26,196.8,217.5,212.31,236.43,213.67,217.25,217.58,152.4,215.44,213.86,193.79,306.24,302.37,296.29,311.5,313.95,146.1,148.08,212.97,213.71,305.44,305.3,305.44,305.35,150.92,307.38,307.46,129.74,127.68,127.63,127.85,187.13,187.02,187.17,343.29,346.75,391.33,389.24,145.75,147.55,207.51,208.17,243.92,269.87,230.43,232.31,304.21,302.49,305.52,149.47,150.9,153.92,198.41,198.26,321.8,103.07,207.28,206.67,207.36,200.56,200.49,176.45,176.39,176.37,176.43,102.64,102.59,59.166,303.85,303.37,320.37,200.64,202.45,210.75,355.5,325.25,11.144,280.11,280.09,305.51,305.35,246.24,213.66,105.74,109.89,198.34,198.25,223.39,223.12,213.84,199.26,199.1,313.25,319.3,212.19,212.7,214.06,392.35,392.78,181.9,181.97,311.1,311.09,311.27,381.35,381.24,312.15,312.02,138.91,316.2,317.52,207.84,185.43,183.78,105.11,319.95,320.2,0,147.89,77.331,140.26,75.68600000000001,209.91,210.02,225.36,368.29,368.22,213.59,184.13,184.06,182.35,184.8,213.92,196.71,309.29,323,335.67,335.55,308.87,209.47,212.9,204.29,101.84,101.62,378.46,211.63,315.8,316.06,114.18,114.19,284.42,284.43,217.38,216.94,210.63,304.84,337.24,181.96,183.39,199.56,199.81,199.62,205.22,205.89,223.03,352.18,350.98,302.36
37.704,40.128,37.04,41.23,190.62,191.5,186.57,188.83,65.95,82.354,68.621,66.024,98.63200000000001,104.21,9.8164,24.982,192.49,189.88,43.264,3.1885,3.5492,22.147,2.2934,62.783,60.235,218.8,218.18,147.44,86.30800000000001,11.824,10.701,180.77,67.89,69.033,224.52,223.73,89.265,190.66,195.33,74.59,80.251,5.5792,9.914999999999999,99.828,98.655,12.001,15.186,11.766,94.72799999999999,144.22,112.13,95.846,134.64,208.28,206.69,6.2943,30.414,8.2873,6.6447,14.492,4.676,8.2637,39.909,4.4373,4.191,5.658,4.2515,45.098,44.514,187.82,187.34,187.13,187.45,187.89,180.07,180.08,341.04,85.16500000000001,84.902,53.66,50.725,88.08,33.892,34.319,33.486,42.26,43.147,101.99,87.86799999999999,82.633,82.947,93.09699999999999,93.556,128.75,131.54,82.21599999999999,82.715,179.33,410.95,235.14,82.137,84.57899999999999,85.15000000000001,82.633,83.905,79.50700000000001,86.208,108.85,80.71299999999999,81.11,80.764,88.122,65.024,80.67400000000001,81.84399999999999,87.86,83.511,80.675,222.39,79.613,78.111,77.455,227.78,227.6,94.988,224.41,93.15000000000001,85.651,182.7,188.89,188.52,189.18,131.34,127.53,125.37,62.04,62.331,60.923,96.78,94.76000000000001,127.43,123.24,124.2,162.33,62.56,63.216,188,188.21,280.82,228.28,230.96,13.027,13.139,49.73,50.328,192.15,215.61,212.9,233.16,221.02,82.434,83.34699999999999,44.822,86.303,86.842,179,60.933,61.393,87.83799999999999,96.587,94.53400000000001,94.95699999999999,69.267,79.395,5.3144,80.121,93.48999999999999,62.826,166.66,167.24,167.6,186.78,188.46,4.2755,4.1684,89.79900000000001,402.9,179.93,182.58,182.15,180.24,7.8324,183.35,184.54,20.332,20.781,29.222,23.026,71.17,76.76000000000001,71.363,241.25,254.98,263.38,263.95,37.965,37.545,61.343,43.121,117.78,160.98,94.893,95.81100000000001,180.31,203.91,181.43,16.192,10.601,11.046,90.39100000000001,91.048,194.89,123.67,89.10299999999999,98.88800000000001,89.54300000000001,81.54000000000001,81.31,34.091,34.729,35.235,34.153,136.2,135.6,162.21,178.77,181.26,200.91,82.14100000000001,87.794,57.75,285,202.6,150.1,174.57,174.01,180.5,181.68,106.92,116.73,157.63,156.78,98.14,100.03,76.361,59.108,100.05,82.199,82.221,188.04,196.47,90.499,88.508,89.02500000000001,267.61,267.02,70.851,67.83499999999999,231.98,185.51,185.55,255.39,255.39,189.05,188.84,32.456,192.61,194.14,75.425,105.07,78.56100000000001,137.48,194.66,194.6,147.89,0,186.34,191.69,189.28,101.33,93.96299999999999,91.72199999999999,242.6,243.18,87.303,68.51000000000001,67.627,67.148,71.58499999999999,107.07,81.831,185.85,202.64,304.11,305.21,185.55,76.25,77.404,73.79600000000001,136.73,133.91,252.53,79.399,190.18,192.31,142.44,142.12,178.48,178.57,70.226,70.161,78.669,181.57,212.27,65.578,73.074,66.67,65.82899999999999,66.536,88.114,99.80500000000001,127.56,426.1,225.94,179.51
183.21,172.76,178.69,172.86,379.25,366.76,386.79,386.95,243.75,350.88,232.61,232.89,254.72,243.39,193.7,218.6,465.68,465,344.39,186.7,186.14,199.14,191.65,350.07,349.91,505.62,502.57,450.89,522.47,178.33,173.38,373.82,336.72,339.73,488.35,497.29,367.01,374.27,482.73,243.57,438.81,196.84,193.7,372.48,368.28,185.6,188.73,179.18,369.01,380.82,400.01,371.4,442.3,468.34,469.77,189.48,189.28,183.35,184.24,187.07,193.88,189.8,222.34,195.65,181.91,187.97,193.03,223.44,223.78,470.02,460.82,464.35,465,463.42,371.2,372.52,406.44,252.22,252.92,213.8,213.66,349.23,224.41,218.34,217.36,332,333.08,369.21,358.14,351.55,354.97,463.73,464.33,87.512,87.289,357.53,350.12,453.7,430.3,432.1,354.79,349.77,354.22,395.86,394.82,266.39,259.12,300.92,353.22,356.85,353.81,251.99,244.85,255.97,258.77,248.34,267.47,282.67,240.01,250.12,244.9,251.48,353.04,347.17,261.34,300.52,255.46,267.07,452.01,465.32,469.66,467.54,87.319,82.952,81.991,223.54,228.97,227.97,367.08,362.27,490.73,501.68,526.1,187.67,233.11,224.96,466.2,463.81,542.3099999999999,352.93,347.16,188.27,182.25,344.19,338.04,471.72,500.45,498.42,506.63,507.8,268.14,280.67,337.6,359.76,349.9,452.13,341.93,338.27,266.52,265.76,273.22,363.22,453.94,453.79,190.57,358.19,350.93,337.16,349.01,349.95,345.4,465.37,462.22,206.56,218.35,368.78,362.3,455.37,458.26,458.45,460.21,193.74,457.45,465.67,204.78,209.58,204.48,205.1,355.93,345.7,348.75,461,495.32,433.91,438.76,194.15,190.13,337.14,331.57,355.01,384.94,343.55,344.11,381.58,376.2,454.73,215.76,217.1,211.89,461.11,460.81,480.86,90.485,260.77,255.24,255.14,354.62,353.91,360.06,360.99,363.39,360.05,90.499,90.313,178.87,453.19,456.19,474.21,357.31,349.08,359.92,502.58,468.7,74.154,358.08,351.77,459.08,457.3,376.47,392.21,68.44,73.96299999999999,460.75,461.35,365.35,365.26,266.81,230.47,230.29,463.58,471.92,323.81,326.33,319.56,437.5,444.46,330.23,341.34,453.5,463.76,451.99,425.77,425.87,385.12,390.26,214.16,471.07,471.53,247.32,333.21,337.58,92.56999999999999,480.07,481.83,77.331,186.34,0,0.21049,0.53152,266.7,259.63,260.12,522.52,516.5599999999999,365.65,334.35,336.66,334,338.83,212.22,265.78,450.99,478.82,480.49,482.33,461.08,254.35,255.89,252.37,89.75700000000001,88.71899999999999,424.26,258.44,474.23,474.78,98.77200000000001,98.443,86.65300000000001,86.858,453.53,453.63,243.67,454.35,473.77,331.32,232.54,233.22,229.18,234.04,249.48,253.58,489.2,497.28,491.34,379.37
178.8,178.52,179.06,179.12,381.15,379.29,383.83,386.34,249,351.27,232.39,232.14,264.78,289.45,187.66,223.46,465.67,466.93,340.9,181.56,181.05,188.42,192.46,354.93,353.76,506.57,503.02,473.79,449.49,174.47,184.44,378.1,336.01,333.45,490.5,489.03,365.43,368.73,466.16,243.6,246.44,188.77,184.02,365.77,367.89,185.11,249.31,181.72,410.45,402.75,369.22,369.11,372.36,466.81,469.13,192.74,183.71,194.06,188.47,182.99,182.7,184.55,231.29,186.94,187.57,197.47,187.7,223.4,218.32,484.48,454.76,458.82,460.25,462.3,357.01,365.63,414.55,248.38,259.03,214.2,215.05,355.14,225.62,218.49,213.1,340,334.27,369.31,350.59,358.59,354.73,466.94,466.36,88.09699999999999,87.723,356.37,349.2,456.61,427.47,440.78,351.56,355.51,352.68,398.09,395.65,258.7,261.25,228.12,347.29,353.52,352.63,257.77,244.62,253.05,257.01,261.63,252.41,252.78,251.11,252.73,247.12,257.91,347.63,352.6,261.27,297.49,261.21,275.91,452.82,467.63,465.47,465.81,88.84999999999999,82.474,81.84399999999999,233.65,228.4,223.37,361.29,361.79,492.95,491.77,492.37,184.86,230.34,226.37,463.94,463.13,524.14,353.06,358.02,182.35,188.33,346.26,342.84,462.96,496.24,498.51,504.59,508.44,266.91,264.57,335.57,351.47,350.59,455.39,338.21,339.25,265.96,266.69,283.93,362.93,454.74,456.82,187.17,357.21,354.75,337.33,351.53,350.38,355.26,461.95,462.03,200.8,205.3,361.77,361.39,455.17,455.22,455.45,454.58,190.73,463.88,462.48,203.93,204.56,204.58,205.39,345.57,356.29,348.05,469.06,486.76,433.45,428.95,194.69,200.33,350.24,341.46,361.64,386.87,378.89,386.71,383.22,374.81,459.78,212.23,214.74,210.14,468.51,462.98,474.86,92.783,266.68,260.16,261.13,356.76,349.22,360.04,361.71,361.34,359.87,90.989,90.443,184.55,452.13,453.35,485.54,352.29,352.26,378.39,557.02,480.56,79.523,352.75,357.19,459.03,457.92,369.47,378.11,67.785,64.22199999999999,463.67,460.87,361.63,364.03,271.86,240.2,234.58,465.52,469.79,320.56,317.49,315.66,431.45,442.92,337.84,330.59,470.17,473.07,477.91,425.68,431.12,390.99,389.7,215.4,470,471.32,247.8,337.84,338.2,92.78100000000001,482.04,480.34,140.26,191.69,0.21049,0,0.20096,262.08,258.91,262.42,518.4400000000001,517.51,367.16,337.07,337.07,343.81,332.37,219.68,260.11,470.96,490.41,475.21,472.28,457.35,254.85,254.29,274.97,90.31399999999999,89.57899999999999,422.47,259.67,476.98,470.53,98.986,99.47199999999999,91.893,86.777,453.84,454.72,252.97,445.95,477.1,334.74,232.33,239.05,233.92,233.99,254.77,260.09,454.11,499.97,494.91,379.06
178.46,186.15,184.93,178.49,364.96,381.99,389.23,389.59,253.38,357,227.99,233.75,302.02,256.97,193.94,209.34,467.48,471.01,346.08,181.71,193.99,197.12,189.82,352.02,354.23,503.98,508.07,471.4,482.13,179.73,183.73,381.16,338.87,331.34,487.08,485.7,367.02,376.6,477.19,241.74,243.06,189.41,189.45,364.74,368.59,179.63,191.38,179.78,418.22,418.41,375.55,398.39,365.38,468.61,471.11,193.2,189.49,187.4,192.91,192.56,192.83,192.13,188.26,183.64,188.39,186.79,188.08,219.28,223.38,475.45,455.21,457.88,456.4,458.09,366.39,368.66,411.75,253.08,253.44,208.69,214.5,348.73,218.04,217.62,212.61,338.27,332.25,368.49,349.88,354.43,351.11,467.86,464.67,88.51000000000001,87.898,357.66,348.84,453.57,431.4,424.74,348.97,365.44,357.89,397.31,398.66,258.71,265.8,184.77,351.77,349.35,355.13,256.33,244.54,248.55,253.05,253.26,266.98,253.54,248.82,245.12,245.31,247.55,356.23,347.27,255.2,639.71,256.31,261.6,455.24,463.51,463.31,475,89.18600000000001,81.068,83.496,233.79,233.45,230.02,363.77,365.19,508.5,494.53,524.4,184.62,230.95,235.9,462.73,462.74,536.13,354.39,363.15,182.31,182.24,341.52,338.39,469.41,498.34,499.74,506.02,503.22,274.99,267.7,337.88,349.18,350.17,453.46,337.6,338.23,268.48,266.07,283.49,362.67,456.4,454.72,194.43,360.85,352.67,336.35,350.8,354.89,349.38,461.88,462.27,204.92,206.86,363.69,364.41,455.2,455.86,457.69,455.2,199.01,455.03,466.06,204.36,205,204.16,210.03,345.75,346.93,352.78,513.85,512.5700000000001,434.06,433.47,195.4,200.72,340.54,331.55,354.98,371.49,349.75,351.34,374.56,375.84,456.74,220.56,211.74,212.81,462.3,462.62,489.38,86.804,256.1,260.32,254.75,354.27,356.82,359.12,359.26,359.59,359.44,90.157,90.20699999999999,184.35,455.77,452.65,494.91,352.61,352.56,341.54,471.15,473,72.98099999999999,363.76,362.9,455.03,454.51,388.08,385.6,66.224,66.264,460.72,461.33,363.46,361.88,278.64,234.63,235.46,466.46,469.26,316.66,325.12,317.11,436.77,437.66,336.08,331.75,481.66,452.65,481.15,420.79,431.62,393.99,389.84,216.62,461.08,460.07,242.49,335.9,350.47,92.636,478.89,482.03,75.68600000000001,189.28,0.53152,0.20096,0,254.68,260.44,265.2,524.59,517.26,367.5,339.61,333.85,338.93,331.56,217.86,256.13,462.36,455.44,488.83,481.32,459.8,253.67,254.75,252.96,99.749,89.768,422.05,264.46,474.2,471.98,105.74,98.005,86.72799999999999,86.696,454.19,453.59,246.74,452.77,476.83,336.41,227.29,233.42,239.15,239.4,248.4,248.62,452.34,498.33,498.36,380.91
99,97.041,96.369,97.854,118.2,124.1,106.52,107.84,29.654,46.371,102.34,78.227,60.603,37.643,84.39700000000001,127.14,114.97,117.12,84.91200000000001,94.526,91.75,94.93000000000001,91.86199999999999,55.026,48.823,141.39,143.62,73.643,74.53700000000001,84.13,86.277,101.51,31.521,33.002,148.54,150.11,11.567,119.31,143.82,58.316,42.495,94.06699999999999,94.245,13.081,5.6946,85.20999999999999,85.949,85.584,20.318,21.424,27.912,17.111,55.319,130.08,129.61,95.97,95.208,95.379,94.11199999999999,94.18300000000001,93.381,94.913,97.867,93.10599999999999,92.523,96.342,93.839,55.377,55.768,111.07,110.4,110.48,109.55,110.21,102.29,101.68,71.268,29.327,29.15,70.744,60.043,40.057,67.934,74.22499999999999,67.48999999999999,57.021,57.484,10.663,16.037,15.678,15.277,31.609,33.113,204.41,205.07,15.197,20.669,105.13,173.19,195.29,38.718,39.902,44.954,43.112,43.307,16.682,16.184,136.46,14.206,13.712,12.808,10.54,20.397,18.129,30.661,15.262,11.317,40.689,22.244,22.144,21.109,23.065,335.09,336.23,15.93,1335.2,16.839,18.296,106.76,117.9,114.62,119.81,206.45,199.33,197.86,71.517,73.283,71.178,1.5998,1.7954,108.25,89.73099999999999,135.13,210.79,74.86199999999999,72.82299999999999,113.53,112.33,167.59,341.42,336.04,90.137,90.98399999999999,62.197,61.832,114.77,138.83,136.08,144.65,144.11,12.785,15.98,61.194,20.341,21.063,102.08,48.08,48.315,25.641,24.193,37.599,62.253,41.436,38.49,86.23999999999999,39.153,29.308,46.978,95.69799999999999,95.699,99.41200000000001,112.57,109.9,81.651,84.687,11.685,12.044,104.81,105.3,104.98,105.32,99.35899999999999,107.68,106.88,84.114,84.504,85.50700000000001,84.45999999999999,42.954,35.788,37.139,166.45,162.52,197.08,195.33,96.98,97.006,61.267,56.926,83.31100000000001,96.18600000000001,59.282,63.417,101.78,100.94,105,71.664,71.352,75.514,22.443,21.477,139.78,208.33,19.158,21.178,22.213,13.77,15.853,109.52,111.34,112.43,111.16,209.76,207.35,212.35,102.45,102.76,139.51,41.363,40.083,51.72,182.32,125.28,215.14,226.29,226.28,105.51,105.05,69.354,22.524,227.91,227.11,18.316,21.205,70.79000000000001,71.617,50.756,49.513,48.278,115.09,175.51,10.915,14.045,57.275,199.41,199.46,32.179,34.117,109.11,109.48,133.2,187.69,188.58,110.58,111.37,94.81399999999999,114.4,114.83,18.032,37.165,34.401,210.22,120.24,118.8,209.91,101.33,266.7,262.08,254.68,0,2.2949,0.89967,165.66,175.35,27.374,33.696,34.019,32.382,47.892,93.777,15.318,107.62,123.24,133.36,230.21,110.07,21.427,20.748,17.672,205.62,206.75,183.56,2.0566,114.56,120.01,220.07,219.83,241.59,241.94,36.414,36.439,40.407,104.26,143.68,31.637,32.985,27.277,28.203,28.889,9.491099999999999,7.9717,67.47499999999999,149.87,149.26,101.1
96.304,106.31,98.43600000000001,100.16,117.31,132.49,112.53,108.46,27.063,47.888,76.196,77.001,84.294,67.773,78.52500000000001,96.31100000000001,115.08,113.44,76.794,93.447,91.488,106.88,103.84,49.926,49.018,143.5,146.63,62.407,92.41,83.95699999999999,85.979,100.4,32.412,31.334,147.92,148.26,15.329,123.61,148.42,46.633,42.54,94.72499999999999,96.482,7.8657,10.091,85.70999999999999,87.718,87.34399999999999,45.662,48.362,33.664,21.697,20.401,129.76,128.59,95.52800000000001,95.05,94.31699999999999,96.27500000000001,94.211,92.98999999999999,94.226,92.569,93.651,92.38500000000001,97.639,92.033,74.23699999999999,56.382,111.54,110.29,113.47,109.08,109.77,103.6,103.03,80.09399999999999,28.705,29.531,60.126,59.356,39.326,68.111,68.28,67.41200000000001,55.663,55.837,7.8013,17.363,15.435,15.04,39.907,32.909,204.92,205.62,20.685,14.009,105.44,171,316.83,39.733,37.603,52.125,44.958,69.782,15.644,16.493,107.49,14.524,14.251,13.588,11.809,19.89,13.985,21.98,14.349,72.459,24.232,21.375,23.251,20.897,23.847,334.88,336.19,16.636,59.673,25.165,21.683,105.37,120.01,118.69,115.18,203.91,202.89,198.46,71.72799999999999,73.411,73.78,1.2411,1.6808,88.986,95.666,88.196,213.84,77.884,73.907,111.64,112.37,215.69,335.31,335.28,89.53400000000001,94.45999999999999,61.469,61.636,120.42,138.35,136.52,144.71,145.94,10.835,17.378,59.686,19.755,20.54,101.66,48.937,54.513,25.477,25.813,44.336,4.4374,36.122,36.448,86.785,50.257,28.443,46.073,96.377,97.083,97.27500000000001,109.97,111.47,79.036,89.435,17.152,11.406,106.51,103.69,103.06,103.57,98.56399999999999,105.82,106.15,85.675,85.345,84.024,85.822,36.952,36.36,36.709,152.34,124.46,195.05,195.69,96.97199999999999,98.652,64.831,56.318,83.556,143.74,66.631,60.85,106.47,100.74,107.02,71.65900000000001,72.68000000000001,76.52800000000001,22.666,22.836,119.96,209.31,21.329,23.405,22.829,14.538,13.956,109.21,113.96,111.72,111.88,207.14,206.74,207.3,102.3,102.72,134.87,41.069,39.562,60.889,168.88,123.75,244.27,227.16,227.42,104.9,104.29,56.683,8.7994,237.22,226.7,20.208,20.227,70.241,72.517,59.737,48.745,47.564,112.55,125.45,9.9857,12.518,10.934,199.85,209.62,31.652,31.114,109.7,109.94,110.76,188.09,187.85,112.69,110.92,95.20399999999999,115.01,118.81,19.034,30.772,37.079,210.7,120.58,118.25,210.02,93.96299999999999,259.63,258.91,260.44,2.2949,0,3.0504,170.48,168.13,19.54,33.572,34.033,32.215,33.435,317.06,14.948,107.46,122.07,229.43,134.21,106.22,20.965,28.187,31.088,208.42,208.46,185.58,1.4811,115.04,114.99,219.76,219.35,240.73,242.98,36.207,35.507,38.142,104.15,137.74,34.961,32.57,27.567,26.927,26.49,8.2255,10.045,53.505,150.21,149.17,100.11
104.69,97.977,101.75,99.67400000000001,123.61,121.41,108.47,115.28,33.243,45.723,77.73699999999999,77.81,57.577,40.771,81.937,109.25,119.83,114.41,80.994,96.04600000000001,95.459,96.633,94.026,48.959,48.263,148.94,145.75,73.199,65.383,87.753,83.16500000000001,100.67,38.831,31.26,147.92,150.64,13.758,115.84,179.61,43.143,48.497,95.97199999999999,96.02200000000001,5.9807,7.7515,87.961,86.748,85.735,55.786,25.564,37.786,18.428,46.302,127.99,129.44,97.59699999999999,94.608,96.753,93.105,94.718,92.261,93.634,93.65300000000001,128.11,96.127,93.167,95.124,56.591,57.763,111.24,114,113.5,110.69,116.1,105.11,103.36,74.639,30.985,30.023,63.369,62.824,39.209,76.212,69.94499999999999,67.45099999999999,55.612,58.038,10.232,16.526,15.394,15.133,32.049,32.147,206.3,206.15,17.054,15.456,105.74,182.07,171.38,37.906,39.224,38.38,42.49,42.692,16.508,15.769,108.39,15.408,13.933,16.473,12.586,19.451,12.701,14.013,18.298,12.606,27.77,28.383,23.053,21.937,21.445,336.36,337.1,18.391,281.79,14.905,19.221,105.16,123.79,114.61,115.17,200.93,200.7,198.81,73.364,71.98099999999999,72.48699999999999,2.2542,1.9073,138.58,101.32,120.06,209.76,74.791,76.193,113.63,111.56,210.21,340.49,346.54,89.3,86.999,63.141,61.902,117.5,135.51,137.34,146.77,146.94,15.781,15.77,58.885,20.355,37.762,102.79,48.634,51.735,26.97,25.572,36.816,1.9803,35.811,37.211,85.50700000000001,39.879,27.262,49.14,96.09099999999999,96.059,99.396,111.28,113.34,79.843,92.583,19.046,12.082,105.04,111.86,104.17,104.94,100.11,106.85,108.78,86.672,84.395,85.387,95.99299999999999,36.792,45.306,41.119,139.79,135.46,198.44,194.54,97.571,96.33499999999999,57.393,56.298,85.726,124.61,107.58,61.434,102.82,103.99,106.44,72.233,74.23,74.514,20.547,31.66,125.76,221.6,23.856,20.621,20.543,17.265,18.623,112.48,111.12,109.84,109.69,206.67,207.29,209.66,105.67,102.64,114.66,41.438,45.935,45.332,125.72,140.16,213.09,230.22,227.22,103.13,123.16,57.85,42.314,228.19,231.35,21.553,21.053,70.32899999999999,76.416,63.894,52.634,51.533,114.23,120.15,13.797,13.289,12.82,199.52,198.64,40.987,31.021,110.52,128.14,109.67,187.98,189.42,112.75,110.65,96.41,125.24,120.36,19.083,45.405,40.206,210.65,121.58,121.48,225.36,91.72199999999999,260.12,262.42,265.2,0.89967,3.0504,0,167.52,167.65,16.889,33.849,34.014,36.998,33.655,82.717,21.926,108.06,144.43,136.38,135.03,108.72,26.615,34.675,17.387,208.07,206.66,187.08,1.4277,116.2,116.73,221.86,221,245.76,240.42,41.749,35.778,38.648,105.48,142.5,31.633,32.561,27.579,27.752,29.712,15.429,11.526,89.991,151.78,153.88,101.5
250.76,251.45,252.89,250.46,77.383,80.352,89.48099999999999,88.82599999999999,179.34,199.02,231.13,230.31,216.71,202.03,251.72,319.3,85.714,86.355,232.44,242.8,246.45,263.41,242.7,199.15,198.48,119.07,118.58,212.08,226.42,234.96,235.45,82.479,184.19,184.7,118.97,119.35,165.76,86.744,130.2,198.37,197.97,244.73,245.5,170.54,171.33,236.98,237.96,235.91,175.72,231.07,185.09,169.94,217.6,102.1,100.74,243.99,244.66,244.24,244.3,243.87,244.25,246.28,273.53,246.93,243.69,247,246.44,205.99,206.22,82.011,83.39100000000001,100.22,106.88,100.58,95.111,93.337,223.54,189.13,188.9,209.84,210.24,174.67,220.21,219.04,219.95,201.75,201.31,171.37,166.52,165.68,165.8,179.49,179.4,361.38,360.63,165.29,165.2,79.572,187.16,186.8,175.52,177.03,176.06,199.23,199.53,170.31,165.39,303.04,163.71,164.29,164.37,166.25,168.23,166.81,171.37,168.76,165.33,198.91,181.72,192.64,193.29,182.76,292.27,292.07,170,881.2,168.22,185.74,77.938,83.82299999999999,83.917,83.827,349.21,347.6,347.22,225.54,225.23,229.41,324.63,165.25,230.74,231.64,230.53,372.28,228.83,227.15,83.369,83.369,160.31,297.36,297.2,239.24,238.62,206.08,229.76,87.871,119.89,113.04,116.18,116.24,158.35,166.57,205.08,174.09,170.6,73.999,198.43,197.88,188.86,193.75,178.46,167.48,193.19,192.2,253.33,190.09,178.55,199.47,107.36,107.52,107.58,83.431,82.569,235.7,231.42,166.88,165.64,82.122,75.434,75.92,75.386,250.53,97.339,96.58799999999999,234.6,235.1,235.26,234.63,192.68,193.21,192.78,142.5,146.81,368.71,370.18,220.44,220.88,200.96,200.95,225.79,247.96,211.24,213.04,84.578,82.736,75.73399999999999,240.54,233.49,237.15,176.35,176.24,90.194,367.84,173.85,173.74,176.04,165.3,166.44,255.97,255.57,255.47,255.45,356.1,356.25,371.52,74.06399999999999,73.848,84.3,186.85,185.18,194.3,129.71,96.017,359.56,397.65,387.9,75.696,76.074,169.62,181.9,377.99,381.88,173.48,172.88,216.7,217.45,192.85,199.48,199.11,84.137,90.35599999999999,165.68,168.21,164.15,372.15,372.65,189.16,184.21,80.70399999999999,81.148,81.428,361.13,361.28,92.569,92.52800000000001,246.03,86.65300000000001,86.672,179.15,192.28,193.92,358.73,90.712,90.83499999999999,368.29,242.6,522.52,518.4400000000001,524.59,165.66,170.48,167.52,0,0.62627,164.67,189.5,188.4,187.93,189.94,308.81,185.55,79.254,104.19,309.62,311.89,78.73399999999999,168.68,167.01,168.69,356.74,355.34,357.98,168.68,86.19499999999999,86.697,375.35,372.62,415.16,415.58,192,192.08,191.29,74.85299999999999,108.22,186.14,186.89,179.29,179.18,178.99,161.43,162.43,203.66,121.18,121.25,82.28100000000001
251.57,251.02,251.46,250.75,80.413,80.833,89.32599999999999,89.396,178.93,199.21,229.91,230.34,206.62,202.47,230.22,306.27,85.80500000000001,85.806,235.04,242.85,245.49,247.46,242.94,198.52,199.53,120.84,118.27,179.22,190.26,234.94,234.85,82.40900000000001,183.69,189.56,118.79,119.45,166.61,86.98099999999999,140.07,201.59,199.04,244.73,244.66,169.6,168.44,236.62,236.63,236.21,228.9,191.16,195.31,186.16,209.75,101.33,103.32,244.36,245.24,244.37,245.6,244.25,244.75,245.17,263.45,246.66,243.82,243.7,246.64,206.19,205.96,82.836,82.819,100.42,100.67,101.12,93.79900000000001,94.012,221.7,189.51,188.92,211.08,211.33,174.99,219.31,218.98,219.14,201.36,201.04,171.63,165.85,166.36,166.02,181.15,181.09,362.99,361.05,167.08,165.76,75.489,202.07,206.59,175.6,179.74,175.57,198.48,199.72,166.83,170.54,382.06,163.76,164.14,163.93,163.44,168.28,170.53,167.18,167.73,166.66,192.77,194.66,181.51,181.13,181.41,292.53,292.18,168.5,304.44,168.4,186.12,76.694,83.97199999999999,83.70699999999999,83.749,352.89,347.79,347.4,225.5,225.38,225.2,167.23,165.31,231.02,231.08,231.06,373.25,228.67,226.93,83.416,83.56399999999999,152.88,292.87,302.33,239.36,239.72,206.37,206.89,88.369,114.13,114.03,116.12,116.79,178.74,187.68,204.93,171.29,170.77,73.883,197.97,198.27,178.1,192.9,193.28,166.17,192.84,192.29,394.59,190.32,177.87,196.27,106.92,107.8,107.97,82.239,84.70999999999999,233.65,237.19,165.42,165.36,75.589,75.41,75.699,75.471,250.41,96.81999999999999,96.491,234.66,234.51,234.62,235.17,192.8,192.65,193.52,117.33,146.36,369.17,368.87,221.02,223.52,200.93,201.12,226.3,250.59,211.45,212.6,82.84999999999999,84.09099999999999,75.88800000000001,234.36,233.28,232.7,176.65,176.24,104.8,361.73,174.43,174.96,173.58,164.72,166.03,255.75,255.41,255.76,255.58,356.11,356.21,372.97,73.956,73.621,95.40000000000001,184.35,187.26,204.28,189.12,127.12,359.93,388.58,388.04,76.973,76.374,186.5,166.42,377.19,376.87,172.62,172.92,216.65,216.64,193.92,199.59,199.39,83.489,91.325,164.24,167.45,165.43,372.37,372.95,184.31,184.05,81.176,82.02,83.732,362.27,361.12,92.589,93.02200000000001,244.89,87.504,86.557,178.72,198.74,187.47,358.68,91.574,90.121,368.22,243.18,516.5599999999999,517.51,517.26,175.35,168.13,167.65,0.62627,0,170.59,192.42,188.64,188.77,187.72,270.38,185.64,79.446,110.51,309.16,309.2,78.84,168.44,166.33,166.04,355.7,356.67,357.78,163.26,86.16800000000001,86.658,372.93,372.63,415.4,415.23,192.23,192.52,189.59,75.092,107.42,186.19,188.92,179.05,179.16,178.72,162.18,162.86,202.25,131.16,121.41,82.336
109.4,107.56,105.89,106.6,107.48,106.36,111.31,104.5,23.868,49.288,41.645,35.119,46.979,34.864,83.29000000000001,105.69,111.53,111.56,88.224,91.59099999999999,90.258,92.489,88.765,46.467,46.468,143.31,139.44,50.757,35.822,80.208,80.02,97.98,40.165,41.558,144.55,144.61,5.0975,111.45,130.4,42.639,44.176,92.721,90.556,28.806,12.414,80.80800000000001,80.845,80.931,33.46,64.04600000000001,29.924,63.344,98.026,127.05,126.7,90.148,90.215,89.926,93.78700000000001,96.38,88.90900000000001,92.898,91.724,158.78,90.532,111.33,88.655,50.829,51.181,107.94,108.19,107.08,107.66,107.06,101.57,100.31,68.24299999999999,45.974,42.075,55.427,56.767,31.944,66.867,69.961,87.941,47.579,49.216,13.79,12.401,13.229,12.6,29.861,30.912,207.36,206.04,12.361,11.944,101.46,214.69,243.38,27.54,29.548,22.502,45.459,54.526,11.285,11.046,227.97,10.865,11.438,13.177,7.7122,35.526,10.088,10.44,16.43,10.464,44.045,41.332,37.504,34.347,34.931,309.59,309.31,16.242,183.55,12.542,59.888,103.19,109.59,110.66,111.53,202.52,194.37,205.6,38.003,37.069,38.744,13.476,11.387,91.08,94.91800000000001,89.717,216.05,32.194,32.023,109.13,109.18,203.13,311.88,307.07,84.783,84.541,53.531,55.122,113.5,138.63,135.68,142.27,343.98,7.9781,50.729,50.34,17.426,17.618,100.57,46.274,45.878,19.812,35.576,39.595,9.4398,41.638,39.132,83.25700000000001,36.87,31.149,44.154,92.992,93.77800000000001,98.376,109.18,109.15,79.226,79.97,6.782,5.4232,101.26,104.93,101.33,102.17,94.98399999999999,103.38,104.73,83.52,83.407,84.586,84.321,44.672,37.854,39.066,136.68,212.17,194.56,195.75,70.97199999999999,68.068,48.198,50.313,83.86199999999999,117.21,62.265,62.689,103.39,99.827,101.84,85.325,83.125,89.29000000000001,23.715,20.334,131.1,210.79,17.136,17.008,18.336,14.231,18.115,102.53,104.2,102.84,102.95,204.15,204.32,216.54,99.628,100.04,125.98,24.207,23.487,48.484,140.19,163.09,217.67,238.17,236.65,102.25,102.54,2.6169,2.7067,225.06,225.18,16.815,17.35,64.172,63.766,60.048,50.066,59.213,109.34,118.18,12.021,3.9279,6.0029,196.48,196.8,36.02,34.899,107.16,111.61,106.31,185.01,194.22,108.67,109.03,93.61,112.26,111.97,31.873,32.07,31.429,205.76,116.44,116.04,213.59,87.303,365.65,367.16,367.5,27.374,19.54,16.889,164.67,170.59,0,35.581,33.85,31.546,32.026,151.8,12.623,105.47,119.91,132.23,132.03,104.12,29.272,28.973,45.02,203.78,203.14,192.33,18.053,112.01,111.86,218.51,217.16,239.98,245.67,39.492,39.411,33.773,99.336,133.17,31.875,34.816,24.642,33.121,23.816,5.8005,5.1101,78.075,147.77,147.22,98.62
72.205,74.34699999999999,72.38800000000001,71.142,128.46,132.79,132.57,128.77,20.069,16.348,42.266,42.691,82.29300000000001,30.491,75.15600000000001,89.08199999999999,135.52,143.26,56.951,67.31399999999999,71.15600000000001,92.68899999999999,67.04900000000001,17.971,16.692,163.07,164.01,69.21899999999999,14.716,80.917,60.071,122.74,2.3465,2.4601,169.75,170.28,33.446,132.29,199.62,12.472,11.866,69.40300000000001,69.45399999999999,37.095,36.664,60.728,60.875,60.4,75.254,37.734,51.979,37.458,38.869,151.95,152.19,74.595,72.91500000000001,72.449,70.136,69.31,68.655,69.937,78.557,70.804,68.309,68.982,70.765,31.178,31.641,133.09,132.79,133.66,133.63,131.73,125.78,124.23,66.09699999999999,39.639,39.738,34.775,36.242,9.821999999999999,40.97,36.97,38.45,27.595,27.401,46.986,22.594,22.796,22.152,22.266,22.562,208.02,211.69,20.956,22.587,127.38,212.91,221.67,13.472,10.505,9.8881,28.217,28.387,35.358,33.49,58.682,20.242,20.886,20.411,21.013,16.351,20.691,19.736,22.889,25.248,32.551,31.404,34.212,34.521,31.848,315.55,314.03,27.753,194.11,27.107,17.151,126.56,134.84,134.15,135.71,182.87,174.31,174.31,41.628,43.642,41.604,35.617,33.916,93.571,60.121,60.256,191.32,40.146,42.007,134.58,135.95,194.06,319.42,319.29,64.045,64.922,35.218,35.446,137.14,162.66,160.24,166.39,166.89,50.167,36.723,32.084,12.574,14.186,124.89,16.509,18.635,38.966,43.005,57.342,33.963,23.025,22.718,61.33,35.008,17.156,13.993,116.8,117.73,115.98,134.23,132.29,53.866,54.22,33.499,33.594,125.85,126.8,127.23,126.09,76.251,127.71,127.82,56.972,54.849,55.22,57.983,8.4617,6.7245,7.6714,186.67,188.55,209.65,209.52,37.916,38.74,28.383,33.614,57.894,59.528,33.751,30.759,123.25,122.81,126.63,64.774,60.698,57.958,19.387,22.426,131.9,236.96,28.582,28.33,28.269,20.539,20.613,82.861,83.27200000000001,82.545,82.661,182.89,184.66,183.14,125.84,125.8,158,10.003,11.469,14.525,194.5,147.93,189.21,197.2,196.6,126.68,125.82,31.166,30.974,204.4,203.87,39.646,29.655,44.094,43.844,61.166,25.438,22.4,133.43,143.51,34.418,31.884,59.115,213.6,215.81,1.9688,1.8559,133.06,131.6,131.87,203.19,202.98,132.73,132.75,68.61199999999999,136.79,136.72,30.779,10.35,2.125,186.29,142.94,140.91,184.13,68.51000000000001,334.35,337.07,339.61,33.696,33.572,33.849,189.5,192.42,35.581,0,0.31111,0.46158,0.62987,159.93,17.283,129.98,139.81,159.6,250.1,142.93,14.186,17.542,13.42,184.94,181.98,201.38,25.939,138.98,139.06,241.2,246.39,210.92,211.38,22.572,23.659,29.376,126.29,158.47,3.1312,2.1044,19.676,23.01,23.58,27.222,26.144,83.956,172.78,174.75,122.28
77.905,72.121,73.06100000000001,71.04600000000001,127.58,130.69,130.04,128.84,21.332,16.5,43.641,42.701,52.302,30.55,56.617,97.398,135.95,135.85,56.975,69.06100000000001,68.61199999999999,67.56,67.173,17.347,17.536,165.37,165.96,72.39,79.89,60.108,59.389,122.23,4.0569,3.1013,169.02,176.46,33.52,131.99,139.2,12.072,12.578,70.69199999999999,71.90300000000001,40.55,38.15,60.577,69.208,60.64,76.173,37.589,147.97,49.826,49.444,152.46,153.6,69.599,69.994,78.78,68.705,68.42700000000001,68.605,78.551,115.34,68.97199999999999,69.691,69.13200000000001,68.39,32.157,32.389,132.23,132.21,132,133.51,131.86,128.74,126.7,102.39,39.513,38.713,34.71,35.923,9.0951,38.547,37.336,38.286,28.138,27.963,41.995,21.174,22.371,21.201,32.387,22.175,208.81,208.35,21.134,21.132,124.57,210.14,188.94,10.384,10.467,11.926,28.615,28.881,33.303,33.252,65.06100000000001,21.254,20.425,20.553,21.313,16.586,21.304,20.341,28.75,26.483,34.313,31.13,31.552,32.001,31.985,314.16,315.37,27.606,67.55,26.774,18.115,127.12,134.32,133.85,133.99,188.78,173.95,174.57,41.44,41.619,42.163,42.788,33.911,59.337,60.235,60.308,185.87,42.144,39.944,133.43,133.89,234.5,319.4,333.31,64.444,63.985,34.52,33.076,138.11,158.37,157.75,166.28,168.2,41.528,31.03,29.638,13.274,13.409,123.62,17.23,16.705,41.247,83.23,47.513,33.935,22.307,22.784,69.19799999999999,36.069,17.35,14.829,115.75,115.55,114.27,133.3,131.65,54.794,63.248,33.959,34.882,126.08,125.7,125.52,125.9,75.152,127.99,127.91,55.65,55.195,55.699,55.712,7.9353,7.0007,28.598,203.87,163.64,211.28,210.55,38.729,38.506,28.034,30.65,81.158,73.751,31.566,49.944,123.79,122.29,130.23,57.15,56.299,56.527,19.574,18.866,136.59,230.16,27.286,27.241,27.167,21.367,20.842,82.221,83.56,83.191,82.614,183.19,183.38,185.32,124.62,123.68,137.28,12.252,10.305,19.43,158.68,146.01,180.91,197.29,196.02,126.22,126.48,57.921,44.289,204.37,204.59,29.914,30.11,43.593,45.302,75.864,19.459,20.125,135.85,143.33,32.384,33.441,32.711,212.7,212.94,2.8003,2.3698,131.33,132.1,131.17,201.55,201.7,132.2,132.46,67.343,138.26,136.81,28.991,2.1126,15.966,186.38,140.27,140.17,184.06,67.627,336.66,337.07,333.85,34.019,34.033,34.014,188.4,188.64,33.85,0.31111,0,0.35223,2.774,75.027,18.631,130.09,154.26,156.37,246.88,129.02,22.102,14.076,14.998,182.51,182.43,207.51,26.36,135.88,136.34,240.88,241,211.57,211.36,22.36,22.318,29.602,126.03,159.9,5.6522,2.8631,19.84,20.216,20.113,25.736,25.914,21.917,172.02,172.51,122.75
71.205,71.184,70.89700000000001,71.63500000000001,127.45,131.2,129.08,128.39,19.676,16.267,42.367,42.79,44.172,30.168,56.475,95.026,136.4,137.28,59.83,67.592,69.91,78.73999999999999,67.104,16.611,16.89,163.57,162.37,30.947,14.223,59.767,59.477,124.69,3.1902,4.2602,170.41,170.82,33.135,131.17,158.37,12.182,12.11,68.96599999999999,68.983,38.486,37.12,60.626,64.913,60.487,40.483,36.475,42.027,73.663,139.05,150.9,150.68,72.77800000000001,71.495,69.051,74.71899999999999,68.512,72.16500000000001,68.622,118.82,71.111,69.503,71.288,69.721,31.45,31.209,132.56,134.13,133.54,133.42,131.54,129.35,124.58,66.90000000000001,38.63,41.678,35.873,35.127,10.168,37.162,37.397,37.373,27.49,27.437,39.803,21.614,22.373,21.237,23.499,23.464,208.68,208.12,23.527,21.323,124.94,210.18,203.2,9.8833,16.254,9.8931,39.193,28.542,33.415,37.193,198.85,19.568,19.612,19.882,21.126,16.544,21.832,20.802,22.52,27.81,37.218,31.088,32.004,36.133,40.228,313.81,314.79,30.804,363.84,26.524,23.14,126.95,137.48,134.79,134.59,172.39,174.03,174.23,46.377,41.31,43.65,35.508,33.755,81.18600000000001,59.098,60.115,192.92,39.871,43.923,133.46,133.91,238.27,319.11,324.82,64.387,63.277,33.153,33.595,138.02,158.18,159.82,168.46,167.36,32.339,38.496,29.473,13.525,12.766,123.22,17.348,16.041,40.07,38.46,53.18,33.58,22.555,22.161,55.764,35.034,17.001,17.884,115.87,114.97,120.95,133.42,131.75,55.973,54.116,32.82,34.055,126.38,126.4,137.95,125.54,75.002,127.67,128.07,55.114,56.014,55.222,54.852,7.0437,7.4595,8.657400000000001,162.63,222.02,209.24,209.36,38.323,38.277,27.888,28.514,54.219,131.11,31.404,33.143,125.9,123.91,126.72,66.111,59.127,56.956,18.879,18.931,140.98,240.04,27.03,27.775,28.273,20.799,20.641,82.426,83.036,82.236,82.169,182.83,183.53,185.01,126.27,124.33,156.18,11.595,12.499,17.788,172.22,145.27,189.52,196.17,198.02,126.77,126.26,30.671,30.882,203.6,204.09,31.777,29.779,44.475,43.357,72.22799999999999,20.628,21.111,133.24,156.66,32.55,35.523,32.844,212.53,213.11,2.0197,2.1777,131.34,135.64,131.49,201.24,204.36,132.07,133.06,66.851,137.61,136.58,28.588,5.4677,10.991,185.53,140.17,140.09,182.35,67.148,334,343.81,338.93,32.382,32.215,36.998,187.93,188.77,31.546,0.46158,0.35223,0,0.65535,150.18,17.749,129.42,146.07,158.34,158.54,131.3,17.107,15.988,13.393,183.11,183.3,197.89,26.898,138.34,136.49,241.27,242.77,210.61,210.47,21.8,24,29.63,124.98,159.82,2.3575,1.7594,19.723,20.948,19.87,25.528,25.411,81.649,173.98,172.4,123.03
83.139,72.434,72.29900000000001,71.399,128.32,139.92,142.67,129.6,22.886,16.284,44.823,42.227,64.316,30.151,58.417,110.94,136.62,136.2,63.88,68.008,70.437,76.092,68.26000000000001,22.141,17.375,165.76,165.41,65.982,17.795,65.05200000000001,62.993,122.9,1.8124,19.269,169.34,170.28,33.578,133.18,164.93,12.21,12.315,72.98999999999999,69.462,37.197,37.109,69.63,61.979,60.672,47.083,105.71,58.212,56.155,54.535,152.81,151.21,69.16,72.386,68.797,69.944,70.56999999999999,68.593,72.98699999999999,73.203,69.008,69.17100000000001,68.871,74.04000000000001,39.351,31.773,132.62,133.31,136.84,131.52,135.66,129.5,124.49,68.587,42.354,41.018,36.423,36.462,8.811199999999999,43.249,38.207,38.039,27.798,30.279,45.211,21.899,24.595,21.954,22.385,32.244,210.08,209.36,24.057,21.101,128.18,203.32,221.94,12.902,14.634,10.392,29.986,31.251,33.588,33.889,85.669,22.592,36.979,20.46,21.646,20.953,20.038,20.025,20.947,30.713,40.763,31.556,32.608,34.682,34.76,314.21,319.44,26.585,83.78100000000001,26.821,32.902,130.73,136.71,136.58,136.34,169.9,176.55,181.58,41.746,43.416,55.438,34.554,33.321,75.124,64.251,63.643,187.67,44.127,41.273,133.74,133.99,378.73,316.07,315.02,69.215,63.569,33.689,34.911,138.8,160.05,162.79,167.18,167.79,81.108,44.969,35.492,15.103,13.795,123.37,16.194,16.814,48.603,49.047,56.295,33.676,22.374,29.383,57.986,34.994,29.283,216.83,117.83,114.47,119.19,134.6,133.03,55.053,60.035,43.267,33.766,127.82,126.01,130.17,125.27,76.38800000000001,129.75,131.53,55.21,55.537,55.415,64.595,14.816,11.893,22.938,155.25,192.38,220.02,212.33,38.2,38.614,34.965,28.466,56.762,74.596,30.877,42.575,128.67,128.63,125.99,59.545,57.271,59.305,42.749,22.4,149.8,234.32,27.257,29.077,27.634,27.461,27.981,82.63,82.825,86.46599999999999,83.85299999999999,183.18,184.71,195.16,129.8,124.93,178.54,10.537,14.196,22.705,148.56,148.47,188.59,195.92,197.94,127.36,129.05,31.176,39.539,204.43,204.9,35.813,34.507,46.235,43.508,48.778,19.919,23.556,144.31,144.72,32.785,34.86,33.093,213.84,212.79,3.5153,5.1997,133.67,132.33,242.06,202.36,202.18,133.23,132.35,67.71299999999999,137.8,137.01,28.52,25.616,11.383,188.45,142.24,141.52,184.8,71.58499999999999,338.83,332.37,331.56,47.892,33.435,33.655,189.94,187.72,32.026,0.62987,2.774,0.65535,0,116.89,17.356,133.24,149.8,247.21,250.5,132.1,19.774,34.159,16.789,184.1,183.15,199.19,29.389,141.73,137.06,242.73,244.56,212.85,210.89,23.613,23.238,32.355,125.43,159.42,2.5876,5.4284,21.901,21.186,21.257,26.995,25.681,23.316,175.16,171.83,123.37
88.581,163.59,93.148,58.054,247.82,328.14,227.42,280.74,331.76,74.833,145.41,215.88,133.87,167.7,233.9,103.14,329.4,233.78,125.06,93.997,50.62,10.399,109.19,164.42,140.1,236.19,253.47,281.24,194.04,46.394,95.807,317.68,128.14,94.09699999999999,326.42,280.41,127.88,279.95,289.86,214.01,91.45999999999999,28.587,10.749,144.5,206.44,19.232,34.909,152.69,319.02,257.34,214.31,98.51300000000001,290.92,378.51,244.07,102.07,101.28,134.34,40.699,53.934,162.31,9.667,152.05,125.71,58.234,135.24,53.796,220.25,159.15,295.54,270.65,330.35,216.36,274.83,206.2,220,229.89,124.14,142.45,111.17,88.399,206.65,121.18,93.90600000000001,265.71,70.089,60.56,183.76,143.42,210.89,191.23,220.26,113.72,173.44,222.3,212.25,90.887,231.4,317.36,398.38,136.88,231.68,144.98,435.33,295.46,182.5,251.22,79.21299999999999,264.52,146.95,238.2,235.6,88.108,145.28,177.51,171.79,269.77,100.61,184.83,216.59,300.64,91.943,297.11,419.19,109,658.6900000000001,220.46,136.85,232.81,232.93,243.74,212.75,202.69,284.01,154.58,202.71,138.15,169.59,197.65,194.01,195.6,115.6,111.15,147.22,139.31,131.78,205.86,258.68,454.77,278.79,428.71,104.82,102.03,253.75,190.47,299.52,281.27,246.81,418.88,304.45,136.22,180.24,143.83,75.65900000000001,115.03,317.39,153.94,92.733,104.7,111.65,225.49,247.72,314.13,259.62,45.399,225.44,205.3,83.667,202.82,210.82,235.63,308.75,199.32,9.6073,92.13,112.26,203.45,309.96,196.45,225.85,398.9,165.83,279.54,256.5,54.975,36.074,122.4,40.239,196.09,155.46,110.65,272.21,226.44,279.33,277.09,48.076,313.32,93.04600000000001,99.465,171.45,133.18,114.24,263.61,253.88,164.32,308.34,171.56,154.41,17.421,180.88,267.86,325.04,142.91,246.88,220.41,174.77,156.73,328.1,63,69.705,54.404,233.65,303.61,217.46,456.99,310.4,305.55,269.55,177.43,165.01,232.75,329.01,214.31,211.25,160.67,220.7,458.36,259.84,167.15,117.15,224.17,274.7,235.03,111.95,101.19,161.71,118.36,184.84,186.23,212.68,336.11,98.81999999999999,236,141.24,391.49,330.01,57.553,94.937,218.05,231.39,371.71,313.42,355.18,180.49,343.37,43.692,400.92,268.91,238.36,78.26300000000001,287.22,231.23,277.93,281.45,213.92,107.07,212.22,219.68,217.86,93.777,317.06,82.717,308.81,270.38,151.8,159.93,75.027,150.18,116.89,0,226.39,207.56,197.65,278.41,188.21,332.43,251.76,204.45,225.16,216.17,141.95,335.77,230.26,218.54,431.54,286.07,294.59,360.54,235.72,140.94,120.2,217.31,262.65,189.18,58.814,101.07,238.68,270.85,227.8,111.84,224.41,196.96,339.46,199.64,189.03
93.602,286.49,93.34399999999999,93.521,129.71,127.98,126.93,127.92,32.601,52.125,79.261,81.42100000000001,70.765,57.189,111.03,120.11,115.99,116.97,70.179,82.53100000000001,82.18000000000001,94.468,81.807,31.264,31.334,165.55,165.19,54.417,90.27800000000001,74.366,74.69499999999999,119.18,17.923,16.744,166.39,166.25,13.838,138.84,168.13,40.997,36.161,87.428,85.76900000000001,17.156,18.53,77.926,75.39700000000001,75.05200000000001,69.955,34.526,22.1,21.005,60.818,148.28,149.61,83.255,84.64,85.30500000000001,84.346,83.794,82.8,84.105,100.84,82.884,83.544,83.255,84.65300000000001,56.578,56.646,133.82,130.53,128.58,128.71,128.65,121.57,122.16,73.44,38.881,38.884,54.536,54.814,25.928,52.389,51.784,51.742,42.201,42.259,20.029,35.42,26.92,26.496,8.507999999999999,8.4153,222.68,223.99,26.082,29.145,104.68,186.07,179.92,36.434,37.592,36.402,49.935,50.258,21.431,21.449,103.21,24.7,24.775,24.68,5.5516,31.145,17.18,18.659,19.814,29.451,36.195,35.43,47.568,40.148,42.425,308.05,305.53,4.4821,387.26,4.4031,1.4728,124.16,131.66,134.42,131.27,209.81,188.56,188.57,73.783,73.902,74.90000000000001,13.754,13.504,81.245,79.13200000000001,79.14100000000001,214.85,75.48,76.18899999999999,130.61,130.8,188.2,310.56,315.86,96.33499999999999,79.574,51.315,49.121,135.5,160.06,159.77,146.56,146.44,22.646,27.981,50.098,22.031,33.227,120.55,30.769,31.441,35.404,35.976,43.652,19.823,43.874,42.228,82.256,42.83,29.679,29.073,115.86,108.15,107.94,129.44,131.38,83.30200000000001,88.48999999999999,14.201,13.149,122.96,123.55,123.1,122.81,89.52800000000001,124.96,124.92,79.042,77.581,77.256,78.18300000000001,21.639,22.472,22.429,184.81,187.47,197.14,197.26,53.342,56.48,47.632,50.082,73.92100000000001,121.81,59.727,61.191,103.28,102.65,123.11,87.461,89.245,90.10599999999999,13.07,13.118,147.76,210.13,22.206,21.926,22.089,16.523,18.91,96.794,96.869,96.877,97.01300000000001,198.32,197.49,206.14,121.15,120.87,151.93,35.817,36.222,45.64,214.22,142.82,194.67,220.83,220.84,123.33,123.34,45.912,28.995,219.25,218.36,21.092,21.172,60.295,60.753,11.892,43.513,41.965,130.77,121.38,39.04,13.806,12.367,201.42,200.72,23.558,18.181,128.98,128.23,128.97,189.33,189.44,129.56,129.44,90.495,137.5,134.13,32.548,35.348,26.734,202.06,138.47,137.54,196.71,81.831,265.78,260.11,256.13,15.318,14.948,21.926,185.55,185.64,12.623,17.283,18.631,17.749,17.356,226.39,0,126.78,140.27,141.76,136.36,111.16,41.914,29.006,23.879,196.82,196.54,198.53,24.91,133.33,133.47,221.49,226.04,225.53,225.04,40.486,40.566,43.041,122.33,154.91,32.17,26.851,32.856,33.36,32.72,9.8912,10.358,51.869,172.24,168.73,121.43
191.85,192.05,192.12,192.09,19.184,21.778,27.485,28.228,120.32,140.27,170.76,171.54,167.13,130.65,176.13,242.19,27.201,28.246,171.73,184.35,188.69,186.61,185.15,133.39,133.16,43.912,43.299,145.92,146.86,176.38,176.24,20.561,125.19,125.27,43.919,43.963,106.51,30.08,95.18300000000001,139.88,141.83,187.63,187.23,110.45,111.54,177.69,177.41,177.54,127.22,115.79,117.73,118.55,142.71,26.838,25.949,189.32,185.4,186.46,186.47,185.31,185.13,185.91,194.28,185.34,185.56,185.5,186.53,147.34,147.44,4.5938,3.2941,42.031,42.287,41.778,34.742,34.992,162.77,130.52,130.36,151.89,151.04,117.1,160.22,160.1,160.21,142.2,142.91,112.78,107.6,107.52,106.83,122.31,122.26,301.98,301.9,106.8,106.61,15.819,93.149,115,117.01,119.64,116.77,139.87,140.04,99.38200000000001,99.136,324.6,105.17,105.7,105.23,104.93,113.99,108.34,112.96,112.48,102.24,123.97,122.55,132.6,122.42,123.11,233.74,233.5,109.54,351.78,109.58,127.43,4.7065,22.513,22.717,22.614,294.22,288.86,288.58,167,166.76,166.7,106.68,106.73,171.93,172.47,172.27,309.71,168.19,168.21,24.698,26.859,69.84,238.63,238.67,181.6,180.31,147.67,147.64,28.633,38.146,37.386,54.937,55.075,102.62,97.709,146.58,111.82,111.82,14.678,139.42,139.75,109.17,120.64,122.87,107.03,135.72,133.58,186.72,131.67,118.85,139.56,20.056,19.122,19.592,22.832,23.45,173.6,174.84,106.63,111.13,16.996,16.823,16.989,16.849,191.77,37.952,38.011,176.06,176.89,176.13,177.05,133.99,134.38,135.55,30.263,70.24299999999999,294.23,294.08,161.14,165.24,142.3,142.22,166.89,211.32,152.71,153.44,23.3,20.833,17.025,178.64,176.35,179.99,117.76,117.94,37.755,308.85,115.23,114.94,115.16,106.27,107.18,196.9,197.05,196.87,196.93,298.06,297.52,312.83,16.855,14.828,25.625,127.25,127.46,138.34,20.388,20.399,306.86,318.93,319.03,17.508,17.091,140.62,139.82,302.71,302.81,114.18,114.21,158.2,158.93,142.66,141.07,140.58,24.913,15.319,106.08,107.18,105.26,297.52,297.62,125.31,125.26,3.7825,3.5837,3.6543,286.35,288.93,30.589,41.222,187.85,27.772,27.826,120.01,134.47,137.84,300.16,28.995,29.038,309.29,185.85,450.99,470.96,462.36,107.62,107.46,108.06,79.254,79.446,105.47,129.98,130.09,129.42,133.24,207.56,126.78,0,7.9961,234.22,234.25,20.269,116.11,123.38,110.78,297.53,296.75,283.61,104.12,27.444,27.926,314.16,314,356.65,357.17,133.46,133.5,131.96,7.8267,33.747,127.76,129.26,120.23,120.26,120.39,103.19,102.78,143.45,62.752,62.664,21.672
216.8,211.5,205.82,203.71,42.592,50.796,56.393,48.75,130.39,155.54,195.87,178.24,170.46,162.05,178.23,247.13,39.606,45.543,189.98,218.45,201,209.31,195.43,140.89,150.8,65.04600000000001,70.746,133.45,144.65,197.86,185.49,27.568,144.62,139.31,73.95099999999999,67.89700000000001,129.85,37.763,98.81399999999999,161.41,160.64,208.66,215.26,133.74,136.87,192.76,197.12,208.06,203.25,155.9,132.89,129.22,138.83,41.75,31.567,199.92,202.86,212.42,194.08,198.89,211.19,201.45,203.57,200.01,201.07,204.78,210,163.84,168.37,29.151,12.601,46.942,70.072,61.519,48.313,73.46299999999999,189.37,149.52,162.91,171.25,168.02,152.96,169.7,176.62,169.2,152.14,160.04,131.9,136.25,112.17,112.37,144.26,148.53,324.11,307.19,122.55,134.45,40.863,129.85,156.41,131.56,136.32,132.77,146.48,159.26,122.1,111.85,212.43,121.71,116.01,123.33,138.49,137.92,126.67,126.04,120.83,155.26,127.15,139.62,146.15,132.69,137.51,236.58,242.42,125.87,161.37,121.01,146.82,17.58,38.358,36.336,53.419,319.65,304.12,320.96,189.04,192.05,193.94,127.73,118.05,185.38,195.19,236.17,331.66,174.2,177.33,30.716,47.936,111.1,243.53,254.91,203.85,192.29,162.1,169.71,55.68,58.062,55.86,78.075,85.28400000000001,110.39,123.82,170.36,124.08,120.57,32.028,160.71,148.14,133.86,133.57,157.51,137.03,152.79,144.84,199.7,151.06,145.88,140.84,31.827,37.564,46.095,41.443,38.646,197.09,188.93,120.47,117.65,25.772,37.405,34.828,27.574,222.96,56.498,82.913,196.13,192.15,205.39,199.68,147.93,159.29,155.31,43.452,128.12,326.1,302.02,175.9,185.74,168.73,172.14,188.2,209.51,178.34,172.59,35.085,37.714,40.77,199.1,193.26,211.6,134.69,124.11,69.949,322.49,134.57,127.08,145.36,134.8,126.79,212.51,221.9,228.9,211.83,314.23,306.48,326.76,33.453,31.459,62.389,153.55,150.87,165.94,110.35,42.506,325.8,337.4,333.09,35.509,24.858,120.02,140.43,311.71,313.87,128.49,146.32,165.25,171.68,187.79,161.6,155.77,41.195,50.026,108.2,127.02,118.96,313.24,323.91,144.14,127.66,38.824,17.942,12.23,298.69,293.17,59.529,47.888,216.53,34.683,48.877,139.23,146.39,171.95,308.43,56.318,54.16,323,202.64,478.82,490.41,455.44,123.24,122.07,144.43,104.19,110.51,119.91,139.81,154.26,146.07,149.8,197.65,140.27,7.9961,0,261.25,242.14,46.475,117.26,127.21,123.09,303.09,320.32,292.76,112.5,37.085,38.002,333.53,333.45,363.6,363.35,142.61,147.47,156.73,25.135,55.697,141.39,144.98,132.3,130.46,150.32,114.5,123.75,162.47,79.349,85.015,39.537
221.29,217.89,218.26,217.75,249.51,251.65,242.48,242.42,128.08,168.79,132.36,247.55,140.95,178.19,150.9,153.99,256.88,256.73,297.34,212.3,211.95,305.74,305.63,170.41,170.74,229.33,228.66,153.36,170.21,296.98,203.63,235.6,247.87,157.12,229.66,229.73,133.06,227.97,311.45,259.84,166.62,215.43,308.19,137.38,138.23,204.9,205.22,204.79,126.14,130.69,113.71,130.45,164.33,212.83,213.62,306.78,305.99,213.23,306.49,307.68,305.62,215.83,250.59,216.16,305.58,214.59,212.78,266.79,266.74,236.67,236.94,250.56,250.82,250.53,243.04,243.21,122.41,156.61,156.62,177.32,177.69,146.54,281.31,281.53,281.27,171.83,265.09,137.31,230.64,137.52,137.18,156.88,157,330.12,331.97,136.35,136.18,245.34,316.55,322.53,240.26,239.88,239.7,169.47,169.74,100.55,96.60599999999999,179.9,229.04,228.05,134.78,131.23,162.29,113.48,110.49,116.47,100.97,156.69,148.84,242.02,244.26,242.25,527.83,430.96,134.05,143.71,232.81,136.95,247.99,252.6,252.37,252.43,320.87,411.4,411.32,288.99,288.72,175.24,134.65,133.14,296.22,296.27,205.74,310.27,173.55,290.36,254.6,254.42,306.86,537.97,537.71,300.67,211.48,177.12,177.29,258.37,225.19,223.29,285.42,292.87,127.31,122.83,174.42,141.96,235.05,244.36,169.7,171.48,126.67,120.43,106.74,133.36,163.94,163.66,141.69,161.68,242.08,261.43,173.95,164.14,174.56,255.3,253.96,289.58,289.75,135.32,133.32,246.75,247.37,246.72,246.53,318.8,246.3,246.26,204.74,204.68,204.7,296.37,251.81,160.52,160.79,239.81,276.87,170.86,208.92,282.32,194.95,265.21,268.01,291.17,361.97,272.41,276.1,237.09,236.02,246.88,151.56,149.24,147.71,146.05,146.18,268.53,335.98,237.26,237.09,139.61,137.55,136.06,321.62,319.61,226.4,319.79,421.6,327.02,323.32,244.8,244.57,276,152.02,251.07,276.85,342.14,250.36,333.62,361.75,359.83,248.52,247.57,147.84,152.62,442.14,440.98,144.15,145.38,187.54,187.47,141.9,260.06,260.13,254.59,254.25,133.04,133.5,132.73,212.2,213.9,155.67,246.79,236.08,238.38,236.74,201.61,163.13,245.77,245.83,217.63,257.68,259.93,239.56,167.24,250.01,422.93,258.75,258.7,335.67,304.11,480.49,475.21,488.83,133.36,229.43,136.38,309.62,309.16,132.23,159.6,156.37,158.34,247.21,278.41,141.76,234.22,261.25,0,0.25487,251.92,91.59399999999999,87.429,167.82,328.23,419.4,160.05,94.291,257.5,257.22,340.65,342.71,468.32,363.99,163.44,256.31,231.79,246.04,218.76,247.7,251.82,221.51,221.53,128.34,130.03,130.1,172.27,292.48,292.43,236.97
224.92,223.07,217.96,219.67,251.53,258.19,245.4,243.59,221.29,261.87,132.76,248.12,143.51,155.98,153.12,166.15,257.16,256.81,295.51,305.18,306.75,308.8,211.36,261.27,260.94,229.06,229.02,161.66,169.19,203.74,296.88,235.63,247.51,156.96,229.78,229.6,133.01,282.92,332.6,256.7,278.86,213.51,306.98,139.89,136.49,299.23,298.95,204.66,119.71,118.25,118.95,112.63,146.77,211.63,211.68,308.73,214,307.1,213.44,212.49,213.5,213.81,216.38,213.76,213.3,307.19,306.14,266.83,173.66,237.04,237.02,250.05,251.2,250.06,244.75,243.07,122.84,156.66,156.64,270.84,177.45,239.31,190.74,281.37,190.7,173.76,267.21,142.94,136.56,230.35,229.72,156.38,157.28,330.04,336.06,137.11,138.17,245.66,256.11,256.05,240.14,240.83,239.8,170.49,169.51,103.04,92.08499999999999,173.19,135.44,231.6,228.01,131.2,107.1,115.1,105.33,103.79,100.84,154.95,242.75,254.87,244.48,151,430.65,527.42,232.13,397,231.74,136.45,247.91,252.47,252.38,252.56,294.18,318.86,411.27,289.44,288.88,176.41,133.77,133.14,205.61,296.32,297.3,312.69,293,173.51,260.58,254.53,363.91,533.37,430.38,301.49,302.27,177.54,270.29,262.72,223.85,223.22,284.95,284.73,105.52,198.54,174.75,234.65,141.71,244.98,170.74,261.47,98.619,110.76,114.52,134.53,257.44,163.58,146.11,163.71,244.18,259.51,171.68,172.12,170.88,252.68,254.08,289.99,299.56,133.2,134.71,246.91,247.57,246.82,247.81,312.49,246.26,246.32,296.28,297.43,295.45,205.09,251.35,165.91,160.97,278.17,260.52,208.76,210.39,192.97,192.46,173.45,265.07,200.46,312.24,271.96,273.77,236.91,237.32,246.84,148.96,157.06,154.5,146.12,146.91,265.76,329.52,141.37,139.64,142.19,229.94,137.66,319.86,227.31,319.67,319.73,327.23,327.29,312.96,244.61,245.4,280.51,204.18,204.04,170.53,298.98,251.66,339.13,450.61,360.54,249.69,246.71,150.1,150.31,348.3,347.97,144.25,144.19,187.61,187.65,143.7,259.98,169.6,255.27,247.44,132.53,132.97,132.05,212.19,174.62,246.55,247.21,238.18,235.74,238.13,163.19,163.15,245.91,246.01,306.93,257.5,257.68,157.37,160.98,245.99,329.76,258.9,260.36,335.55,305.21,482.33,472.28,481.32,230.21,134.21,135.03,311.89,309.2,132.03,250.1,246.88,158.54,250.5,188.21,136.36,234.25,242.14,0.25487,0,249.41,95.916,101.99,100.02,419.71,326.36,198.48,85.822,258.87,257.24,340.94,341.13,468.37,468.32,257.25,260.59,139.3,246.89,219.24,256.35,158.75,222.07,128.49,221.96,130.02,132.29,173.41,292.51,292.39,235.55
191.08,236.87,193.26,190.63,18.246,20.553,33.768,34.063,118.74,139.09,161.05,163.68,146.88,158.7,182.03,237.61,26.015,25.821,171.09,183.75,182.98,182.7,183.24,138.61,138.59,58.938,58.468,133.27,131.36,177.11,175.01,26.953,124.38,125.02,59.245,59.172,108.16,41.475,53.517,142.14,148.08,186.41,191.11,112.89,109.35,177.65,176.6,176.45,113.66,156.77,124.25,108.29,156.64,41.815,50.01,185.8,185.6,190.38,185.67,184.43,184.56,381.64,185.99,183.86,184.17,185.46,184.59,146.04,146.12,22.68,29.325,40.584,40.643,40.496,34.25,33.471,161.43,129.04,129.18,150.44,150.05,114.96,160.9,161.13,158.87,141.12,144.28,113.3,107.02,107.51,106.06,129.72,118.2,300.75,303.19,105.4,107.74,10.098,137.64,107.47,115.58,119.43,115.95,144.71,140.98,121.61,124.47,187.84,107.58,108.23,110.68,103.41,111.82,106.97,106.69,109.9,98.67,124.3,127.64,121.53,126.13,121.73,232.54,233.85,110.67,967.03,111.69,112.72,8.776999999999999,25.802,23.891,30.546,304.49,287.8,287.99,149.65,152.58,149.79,111.25,105.95,170.79,171.24,171.04,312.81,156.04,156.24,23.713,25.525,89.414,239.16,237.91,179.47,183.71,149.27,147.97,28.793,363.32,54.807,57.985,56.268,104.2,139.35,146.54,111.34,110.84,20.499,141.11,147.23,110.64,114.55,116.66,107.33,133.01,134.52,185.81,130.84,117.92,136.73,26.029,26.19,31.595,56.146,22.167,172.34,172.6,107.18,105.8,10.504,10.599,10.521,10.583,195.81,37.005,36.965,174.67,174.94,175.03,174.8,133.51,133.5,134.13,63.819,73.98,308.9,309.62,163.93,159.99,141.17,141,166.22,182.09,151.84,155.82,30.056,31.16,8.5823,178.46,186.22,185.92,115.23,115.18,21.983,303.98,116.74,113.65,119.51,108.34,107.77,195.94,198.17,195.59,197.72,296.77,296.25,311.05,15.543,13.415,31.68,124.92,124.26,134.13,85.703,35.381,302.03,327.88,328.46,8.354200000000001,8.4252,136,130.01,317.13,317.41,112.85,112.88,156.95,157.38,164.25,139.52,142.1,24.049,29.906,110.35,112.99,109.26,312.63,312.77,124.26,124,21.96,21.035,21.925,302.13,301.29,44.162,38.528,186.57,26.669,27.985,119.18,124.14,131.87,298.78,30.756,30.666,308.87,185.55,461.08,457.35,459.8,110.07,106.22,108.72,78.73399999999999,78.84,104.12,142.93,129.02,131.3,132.1,332.43,111.16,20.269,46.475,251.92,249.41,0,116.97,118.99,116.87,299.93,297.26,300.55,119.89,123.03,27.578,313.01,313.31,356.85,356.1,133.97,132.17,132.62,8.085000000000001,47.656,126.57,126.77,124.85,119.92,119.1,103.37,101.7,142.24,61.69,61.385,26.692
80.411,79.38800000000001,78.235,76.196,119.19,122.4,103,96.14400000000001,24.304,38.604,50.238,45.701,44.422,74.012,74.04600000000001,100.47,109.89,111.4,56.242,73.822,78.667,76.521,73.90000000000001,56.054,61.928,149.11,146.03,61.082,33.174,75.14,74.76900000000001,94.416,27.362,25.278,130.49,130.35,31.932,117.71,158.09,58.747,62.857,75.97799999999999,78.071,42.934,21.182,78.014,76.68600000000001,76.502,29.266,66.44,72.58799999999999,34.579,31.117,106.51,110.28,75.017,75.872,79.947,75.857,75.699,75.47,77.26000000000001,78.358,74.73999999999999,75.169,79.19,74.512,47.98,46.073,103.22,108.93,121.67,125.48,128.29,120.96,119.62,66.96299999999999,32.317,33.287,45.657,43.808,41.119,58.6,59.359,57.114,49.313,34.52,20.587,10.399,10.933,10.904,37.829,39.558,228.18,224.21,12.445,9.69,114.34,183.45,225.96,26.5,27.274,27.261,34.701,32.357,41.273,42.012,136.95,12.618,12.377,11.615,21.987,0.99802,10.273,9.0884,8.171900000000001,17.974,58.089,32.035,30.515,34.824,39.965,328.5,323.56,37.373,51.712,38.812,36.57,112.09,108.34,114.82,111.35,188.09,184.69,190.4,39.899,39.889,39.191,18.818,21.609,60.594,62.159,62.179,201.81,36.763,39.833,109.74,109.73,182.05,320.49,327.47,76.494,76.568,43.543,41.693,121.31,141.23,144.2,141.36,142.1,17.219,23.954,52.16,7.975,13.265,116.64,73.785,75.006,0.38698,0.53012,7.1272,21.858,28.329,26.463,68.702,26.089,26.041,59.951,105.32,101.3,112.46,116.07,108.46,75.78700000000001,72.3,19.56,18.545,114.1,114.14,114.51,114.39,79.154,122.36,116.72,92.645,72.04900000000001,77.703,67.678,53.078,52.294,51.234,176.7,173.51,193.22,194.35,71.11199999999999,66.768,42.069,41.323,60.609,89.065,72.696,73.645,88.117,99.398,117.94,65.395,70.98699999999999,69.428,32.888,32.338,132.2,228.89,48.887,45.189,46.538,37.401,38.142,77.428,75.084,73.068,77.16800000000001,198.89,193.46,199.87,114,114.15,151.4,30.793,32.608,58.746,209.67,121.11,253.33,199.75,197.63,117.2,116.52,11.587,12.742,280.71,257.1,26.662,22.359,61.509,64.214,37.569,47.88,48.949,104.61,113.73,14.866,15.647,14.326,196.02,197.02,25.541,34.688,109.24,109.55,109.3,210.85,207.91,96.113,94.956,78.971,121.79,120.75,32.875,32.613,29.257,196.82,115.71,117.42,209.47,76.25,254.35,254.85,253.67,21.427,20.965,26.615,168.68,168.44,29.272,14.186,22.102,17.107,19.774,251.76,41.914,116.11,117.26,91.59399999999999,95.916,116.97,0,0.36624,0.3407,194.24,193.32,182.24,28.35,120.87,120.23,233.36,235.81,242.6,243.67,26.38,26.809,55.487,108.43,121.27,17.153,18.406,41.646,41.493,72.86,17.715,21.144,37.042,159.11,152.63,90.64100000000001
78.334,76.535,76.747,77.682,122.1,120.77,95.902,105.99,23.185,34.567,45.709,44.54,746.75,62.561,73.999,94.045,110.21,109.53,61.611,74.211,73.90600000000001,76.944,73.548,55.674,55.972,146.37,145.74,46.131,38.894,74.589,74.52800000000001,95.651,24.982,26.127,132.76,139.47,29.012,119.29,130.57,59.136,59.219,75.791,75.876,17.661,20.758,76.367,76.194,79.68000000000001,41.957,28.034,36.744,59.209,65.874,109.83,105.12,105.93,74.685,75.244,78.01900000000001,76.40000000000001,74.379,77.092,76.378,76.39100000000001,75.23699999999999,78.422,74.75700000000001,48.038,46.245,103.15,105.25,120.66,124.25,123.82,114.94,117.45,66.001,32.659,32.941,44.841,44.422,34.441,56.978,57.029,58.082,36.48,37.154,19.596,10.834,15.179,9.9277,36.931,37.055,222.18,223.07,18.922,9.8391,113.28,200.29,173.47,26.423,27.967,27.26,38.781,32.079,41.272,41.268,96.771,12.093,13.199,11.72,24.081,1.032,11.438,8.2819,15.461,17.795,33.519,39.298,35.614,33.263,38.948,343.93,330.77,36.502,683.29,36.999,30.23,110.8,119.51,114.21,112.5,193.73,184.21,184.63,40.793,40.393,39.53,30.63,17.788,62.101,61.166,61.686,204.54,37.989,38.402,118.33,110.33,178.88,325.17,328.51,76.651,78.919,42.192,48.057,123.26,140.84,141.07,145.51,145.62,30.268,19.105,51.159,4.3627,4.4141,114.15,76.044,71.41200000000001,0.40275,0.44578,19.945,19.658,26.532,26.559,71.742,31.28,11.675,60.041,107.18,101.11,107.58,107.82,110,66.655,70.11199999999999,18.811,15.293,114.52,114.3,114.16,114.1,79.553,119.48,127.38,75.34999999999999,68.405,73.94499999999999,66.90900000000001,52.246,52.242,57.256,145.85,150.67,192.35,193.4,66.494,66.34999999999999,41.629,42.113,61.335,85.005,71.92400000000001,72.413,91.09399999999999,95.874,117.57,70.38800000000001,64.494,63.363,32.904,32.624,130.52,233.04,46.312,45.841,46.04,38.291,42.682,77.479,88.631,75.504,76.92400000000001,188.77,188.47,198.57,114.68,112.04,136.32,31.534,37.094,48.645,160.45,114.8,263.64,198.01,198.43,118.05,116.65,21.822,13.849,277.83,257.02,26.641,28.157,60.001,61.29,76.401,46.308,48.225,105.6,110.96,14.013,14.546,14.601,196.72,197.72,25.604,25.227,107.7,108.07,108.48,207.54,207.24,101.82,100.54,87.107,121.01,119.69,28.839,42.437,31.31,192.67,117.05,116.49,212.9,77.404,255.89,254.29,254.75,20.748,28.187,34.675,167.01,166.33,28.973,17.542,14.076,15.988,34.159,204.45,29.006,123.38,127.21,87.429,101.99,118.99,0.36624,0,0.31605,189.74,189.68,181.51,36.988,122.47,121.77,236.43,230.28,241.89,246.29,26.924,26.315,56.321,110.91,121.16,16.788,18.009,40.721,40.121,40.522,21.738,30.118,37.644,149.96,154.84,93.556
79.185,75.074,77.622,76.361,120.09,122.98,95.09099999999999,96.932,23.267,41.364,46.369,47.908,57.564,135.14,73.8,136.18,110.02,116.22,56.629,81.167,73.73099999999999,73.428,78.074,56.347,59.059,145.93,147.67,52.633,33.244,76.173,80.309,89.289,27.707,25.656,136.34,141.07,37.8,120.44,237.53,59.678,66.935,76.18000000000001,97.38,17.625,29.791,79.98099999999999,78.21299999999999,78.934,64.34999999999999,32.528,40.687,63.733,34.911,111.48,109.64,74.85299999999999,77.23399999999999,75.309,76.047,78.628,74.44499999999999,79.483,79.06699999999999,75.547,78.149,75.51000000000001,78.271,48.749,58.22,104.29,104.38,129.98,134.27,127.16,118.95,117.65,65.66800000000001,35.888,32.042,43.264,42.874,29.685,57.338,64.545,66.3,40.052,41.081,24.259,10.608,10.917,12.852,44.285,36.366,231.93,224.11,10.587,10.186,119.53,228.26,230.15,26.471,27.692,26.511,31.951,32.785,41.093,40.491,189.99,11.822,12.913,12.614,21.667,1.1377,8.978,8.411899999999999,14.662,23.018,37.419,39.257,37.608,31.816,31.522,319.65,343.34,37.66,65.944,41.386,34.299,117.26,113.64,113.53,109.73,188.27,183.61,186.63,39.603,39.988,39.583,17.585,19.394,60.293,67.541,59.668,198.39,46.193,37.56,111.38,110.18,172.67,326.5,320.09,76.137,82.129,41.763,42.411,128.43,141.34,140.92,145.69,141.94,17.656,42.87,57.306,4.3774,4.518,115.34,72.05500000000001,75.90600000000001,0.34654,0.44864,25.682,29.499,26.27,26.8,69.167,26.832,11.814,57.226,102.93,103.66,117.43,109.83,110.06,71.31999999999999,69.98,15.558,26.043,114.5,117.75,115.15,114.61,79.172,120.72,122.27,84.09699999999999,71.818,104.87,92.389,53.535,60.425,52.125,136.53,150.32,193.32,192.82,66.878,66.149,41.504,41.457,60.931,100.63,74.849,71.84699999999999,89.01600000000001,96.289,118.21,61.828,67.107,71.288,33.258,32.822,135.32,219.54,45.698,46.806,50.522,38.445,43.976,73.697,71.879,79.53100000000001,81.002,191.59,459.67,200.06,113.1,112.07,111.05,31.858,29.617,33.733,203.25,119.65,262.55,224.96,196.4,117.12,116.64,14.335,14.178,268,271.73,24.626,21.627,66.089,60.036,34.289,47.881,49.183,104.7,112.94,14.135,25.72,15.312,196.34,197.37,26.986,25.177,108.17,115.33,108.13,207.65,211.23,110.1,99.425,103.77,121.85,123.9,29.218,24.828,31.267,197.92,121.7,117.61,204.29,73.79600000000001,252.37,274.97,252.96,17.672,31.088,17.387,168.69,166.04,45.02,13.42,14.998,13.393,16.789,225.16,23.879,110.78,123.09,167.82,100.02,116.87,0.3407,0.31605,0,192.72,198.64,182.92,30.576,122.21,123.34,233.23,233.38,241.24,238.36,26.343,26.087,55.543,104.77,123.32,17.769,17.08,41.836,41.816,41.239,12.846,17.289,117.34,151.98,151.51,89.462
260.31,256.08,254.43,254.55,295.46,298.84,312.44,311.37,181.13,211.54,181.25,182.4,208.06,276.83,125.51,156.27,303.69,302.97,165.51,134.23,133.93,143.19,133.9,175.8,176.47,336.43,335.63,235.64,223.91,126.33,137.13,303.91,184.26,185.34,337.36,337.03,204.36,309.6,365.76,181.18,188.61,136.21,136.87,212.85,212.27,127.32,127.2,127.68,212.52,241.96,213.33,238.89,211.32,318.66,318.14,136.64,135.8,138.37,139.03,136.54,136.27,135.38,137.69,140.06,135.47,140.53,136.7,160.28,161.26,299.59,492.02,303.41,302.66,301.83,298.02,295.32,228.83,203,200.01,165.86,164.03,205.68,148.86,149.27,148.63,158.98,167.31,215.8,198.18,197.74,197.37,211.76,210.96,23.404,16.702,197.03,199.82,291.79,370.45,371.33,209.44,212.97,206.95,204.24,203.92,210.64,201.84,113.6,195.2,196.35,196.2,203.19,193.99,195.98,202.08,199.01,215,199.64,192.46,203.44,192.04,195.23,122.7,126.67,209.15,354,208.29,199.11,297.75,301.96,307.06,303.18,20.522,10.328,15.693,176.25,176.34,176.87,210.66,213.24,255.11,275.2,247.57,172.13,179.45,177.62,303.06,302.22,347.43,127.37,124.15,130.48,141.25,166.52,165.96,304.72,330.7,330.47,335.12,334.01,213.01,222.04,159.31,202,203.39,294.82,174.86,175.58,211.34,215,227.09,209.16,204.49,203.93,176.42,194.54,209.08,178.69,289.49,289.81,292.43,301.69,299.18,135.17,137.22,208.12,206.96,293.07,294.7,292.94,294.65,141.75,298.3,298.43,155.93,154.71,152.15,152.08,189.63,187.67,187.68,317.25,364.95,378.97,381.85,150.97,150.04,158.81,158.27,322.38,258.69,211.27,214.16,310.67,310.39,293.87,131.06,135.82,133.58,206.03,205.27,313.17,20.761,204.28,204.16,203.08,199.6,199.04,149.56,149.08,149.1,149.73,1.4363,4.772,202.97,293.19,291.78,305.77,214.58,212.74,171.34,314.07,313.58,39.628,298.97,293.95,293.1,293.66,233.72,211.17,46.068,39.995,211.59,217.25,176.08,174.62,205.96,201.88,200.82,301.99,308.77,203.33,204.33,202.84,381.89,382.94,182.59,182.42,299.65,298.52,299.13,370.85,371.77,314.79,314.24,169.02,304.14,304.09,190.19,187.4,187.39,3.8252,307.72,307.54,101.84,136.73,89.75700000000001,90.31399999999999,99.749,205.62,208.42,208.07,356.74,355.7,203.78,184.94,182.51,183.11,184.1,216.17,196.82,297.53,303.09,328.23,419.71,299.93,194.24,189.74,192.72,0,2.2674,368.31,205.67,303.88,303.99,30.415,30.488,243.75,245.03,204.28,204.18,191.8,294.09,328.41,194.5,194.34,184.97,183.07,182.44,203.63,203.25,263.54,345.25,340.4,305.4
253.52,253.34,253.72,255.32,299.48,300.02,311.17,310.74,180.83,213.91,181.43,182.41,236.85,209.28,127.1,149.39,306.06,302.94,157.26,134.05,134.72,146.32,133.77,175.63,175.5,335.35,336.54,207.79,210.33,126.81,126.09,303.91,184.04,182.86,336.28,336.16,206.34,317.49,380.94,179.51,179.28,135.77,135.7,213.69,212.49,127.6,128,127.18,233.68,206.08,212.9,199.76,210.84,318.63,318.2,136.51,136.31,139.05,136.3,134.96,134.78,137.24,137.29,134.88,134.9,144.88,135.5,159.98,159.97,299.37,299.53,301.92,301.91,302.59,294.76,294.86,225.85,199.77,199.7,164.04,163.95,205.54,148.5,148.75,148.7,158.21,158.38,216.81,197.16,199.56,197.24,208.24,208.15,15.969,17.058,196.55,196.46,291.56,525.4,377.46,207.33,215.28,206.67,202.82,202.94,206.26,205.35,112.06,195.32,195.36,195.2,202.91,187.46,196.35,196.51,201.34,233.41,197.53,192.05,195.11,192.03,196.25,122.2,122.27,208.46,297.37,208.5,197.1,294.12,301.2,301.64,301.33,10.918,9.7776,9.8324,175.95,176.01,176.21,209.83,208.68,240.36,239.32,269.53,176,177.83,177.56,305.02,300.8,365.05,132.5,127.39,130.1,129.82,165.5,165.03,304.4,329.91,329.87,333.52,333.52,233.59,239.16,159.18,202.24,201.6,290.58,174.86,176.83,211.69,218.75,220.72,209.58,203.64,205.74,164.73,196.02,208.77,174.27,298.4,298.5,295.51,299.24,299.11,136.1,135.81,205.43,205.5,292.95,292.81,292.91,292.83,141.46,298.02,298.01,153.46,152.13,152.05,152.21,187.16,187.03,187.71,341.15,381.48,379.71,378.31,150.35,149.89,158.25,158.28,234.29,256.82,210.38,212.74,310.71,304.03,299.15,132.25,125.18,132.71,205.77,205.17,304.87,24.345,202.85,202.48,202.67,196.18,196.38,148.94,149.76,148.98,149.84,1.4581,1.3334,186.94,291.03,290.92,324.06,210.24,210.77,198.62,340.29,312.99,38.666,293.91,294.36,292.95,293.26,227.25,225.24,39.507,39.644,211.51,211.49,174.12,174.46,231.99,200.61,200.8,305.59,307,202.86,204.49,202.66,381.65,382.24,182.04,181.96,299.35,301.53,298.49,370.54,370.55,314.04,314.04,163.1,306.62,303.73,195.65,191,193.45,3.8061,310.41,307.52,101.62,133.91,88.71899999999999,89.57899999999999,89.768,206.75,208.46,206.66,355.34,356.67,203.14,181.98,182.43,183.3,183.15,141.95,196.54,296.75,320.32,419.4,326.36,297.26,193.32,189.68,198.64,2.2674,0,367.76,214.11,303.16,303.51,31.737,30.395,242.79,243.37,203.79,203.74,190.76,292.28,325.71,206.14,194.12,181.29,181.71,181.13,204.15,203.39,201.01,342.72,338.58,303.68
268.59,267.8,263.76,275.15,287.34,295.17,301.21,291.47,172.72,217.53,201.56,202.27,200.02,202.61,223.51,258.92,306.71,306.26,249.49,253.24,252.48,256.28,257.24,212.55,213.36,277.82,277.16,221.67,238.73,244.65,244.57,284.59,198.63,198.4,278.92,278.5,182.98,293.62,345.76,210.11,211.06,254.31,258.27,187.55,196.8,246.08,245.9,245.81,194.27,206.93,196.68,203.82,225.52,260.85,260.79,257.01,255.23,254.98,256.04,254.54,264.77,255.25,253.73,254.83,253.84,255.86,266.15,220.44,220.53,285.57,286.38,300.11,300.96,300.11,304.41,294.98,175.8,199.7,199.95,224.52,225.21,198.07,233.04,232.91,243.69,196.77,198.85,190.71,187.95,177.47,178.1,216.58,205.71,376.71,376.55,177.44,177.45,295.3,347.85,346.21,187.74,188.32,194.58,219.67,210.49,199.71,200.03,298.71,175.75,176.38,177.89,195.43,174.95,186.79,184.09,188.09,186.58,198.28,195.99,202.15,197.81,196.34,476.59,475.35,186.01,430.5,186.78,190.67,285.3,301.18,301.61,301.51,325.33,365.57,359.22,242.95,244.29,242.64,186.7,184.09,247.89,249.06,247.76,388.94,244.38,245.51,303.56,303.89,402.34,479.96,481.49,252.42,250.76,218.97,218.48,307.35,274.06,283.06,333.47,335.57,228.88,230.79,219.59,185,183.27,293.66,212.72,213.19,213.73,208.18,224.15,183.69,204.79,205.36,207.01,202.99,191.28,210.78,269.07,261.49,268.43,301.76,312.15,243.56,243.6,186.21,185.62,295.5,295.82,295.5,295.14,260.34,297.6,300.83,250.41,249.66,249.51,249.71,202.93,211.1,203.93,347.34,348.31,31.872,30.514,235.23,234.53,223.8,225.02,254.81,263.53,226.63,231.49,287.36,285.84,295.75,226.5,261.55,227.2,196.23,196.52,299.62,394.36,202.26,190.71,206.75,186.44,177.51,276.82,278.58,267.63,268.71,369.93,368.32,387.84,293.83,293.67,309.29,201.56,203.17,209.34,365.44,299.36,377.07,391.56,393.37,295.93,295.56,227.44,192.28,382.63,382.97,194.13,194.34,228.69,239.01,195.96,215.17,215.41,303.57,294.52,184.58,182.48,181.96,28.491,27.788,209.06,198.24,284.18,285.09,286.23,16.62,16.751,294.63,294.92,261,306.38,308.47,204.2,211.03,203.42,370.57,307.45,308.29,378.46,252.53,424.26,422.47,422.05,183.56,185.58,187.08,357.98,357.78,192.33,201.38,207.51,197.89,199.19,335.77,198.53,283.61,292.76,160.05,198.48,300.55,182.24,181.51,182.92,368.31,367.76,0,186.79,305.7,305.98,406.24,390.59,402.11,402.45,204.52,204.11,183.15,284.54,267.73,202.57,202.07,176.02,173.07,173.49,181.36,180.99,214.63,341.43,341.52,285.04
87.31100000000001,90.235,84.94499999999999,86.675,115.16,118.58,92.54000000000001,112.99,26.149,41.093,49.377,50.912,51.923,64.515,80.626,135.74,116.27,118.21,79.517,78.861,80.45099999999999,78.658,79.595,64.864,64.357,138.64,135.86,62.897,49.098,88.75,88.166,93.676,24.741,27.075,130.95,128.68,9.4101,108.77,150.23,49.806,739.23,79.83199999999999,80.867,17.037,12.541,89.905,90.26300000000001,89.745,41.258,20.011,146.8,20.342,28.614,113.34,141.46,80.447,80.898,104.26,80.34699999999999,83.67100000000001,79.76900000000001,82.343,80.792,80.693,79.998,206.9,79.70099999999999,66.553,66.806,103.96,110.54,129.46,133.19,131.85,123.51,122.56,72.45,45.765,44.789,49.775,48.823,32.525,59.718,59.909,59.992,53.478,53.754,31.625,16.858,17.784,17.086,20.306,20.56,206.98,210.68,70.355,16.268,107.19,183.81,173.55,33.257,32.874,31.043,72.58,65.968,15.33,15.767,268.87,16.454,36.41,18.378,23.503,27.992,19.17,23.625,16.187,24.326,45.893,41.839,37.17,38.639,37.614,312.79,311.96,15.174,49.578,19.948,30.24,104.33,113,112.53,119.05,202.93,194.18,192.13,36.885,37.902,36.937,18.632,12.724,91.379,88.744,94.834,211.43,48.387,46.111,117.29,115.46,183.26,317.05,317.05,87.473,99.842,49.219,47.299,113.05,136.13,129.64,141.28,141.25,20.262,14.021,68.863,37.192,38.559,117.95,40.637,40.762,25.214,25.12,38.734,1.802,59.341,60.453,98.702,37.591,43.56,41.297,98.17400000000001,97.029,99.634,116.81,116.7,81.687,82.34,15.057,15.857,113.36,118.22,117.65,109.85,81.602,129.89,129.56,94.855,99.483,100.73,94.289,30.252,30.43,30.492,121.87,144.72,203.47,203.54,86.25,84.72499999999999,50.083,51.172,85.874,136.18,102.7,108.52,89.60299999999999,88.096,130.04,86.206,87.913,88.90900000000001,33.932,22.915,137.56,214.69,27.076,22.823,24.897,13.905,18.682,93.83199999999999,99.221,95.371,94.065,211.65,204.68,208.84,109.95,106.81,120.56,35.614,35.558,69.069,118.82,118.41,270.16,206.89,205.85,121.25,120.11,62.702,39.301,298.99,340.12,10.939,10.944,72.95099999999999,76.072,68.696,53.064,53.68,111.97,137.77,23.435,24.813,22.18,201.86,202.86,24.775,29.809,107.96,107.31,108.36,196.52,190.63,100.6,99.535,114.29,114.72,113.83,36.084,30.985,30.359,204.59,115.33,142.47,211.63,79.399,258.44,259.67,264.46,2.0566,1.4811,1.4277,168.68,163.26,18.053,25.939,26.36,26.898,29.389,230.26,24.91,104.12,112.5,94.291,85.822,119.89,28.35,36.988,30.576,205.67,214.11,186.79,0,118.21,116.98,219.2,220.66,254.36,250.65,59.109,59.719,36.902,100.84,137.18,27.389,25.718,27.236,26.437,26.408,10.142,9.4635,51.945,153.9,148.37,106.22
199.73,201.66,198.83,200.54,9.9588,12.932,41.956,41.919,126.77,146.84,178.42,177.7,175.57,165.73,197.99,221.66,33.531,36.184,178.27,191.29,192.64,190.55,190.47,146.62,146.32,66.535,65.908,148.98,165.32,183.71,182.88,34.15,132.8,131.97,67.155,67.495,112.95,35.394,89.325,146.75,150.01,192.95,192.87,133.03,116.83,184.84,183.67,184.11,156.59,153.64,185.53,126.78,143.86,49.127,50.695,191.82,192.61,193.98,191.99,196.05,192.48,194.84,195.67,192.3,192.26,192.36,193.96,154.23,154.41,30.149,30.978,48.424,48.436,48.798,55.659,41.486,169.2,136.82,136.94,159.37,158.01,122.76,169.64,166.75,166.85,148.64,149.27,121.52,118.59,113.92,113.85,129.56,127.18,308.3,308.35,113.38,112.95,22.359,104.93,152.25,123.55,125.34,123.63,146.64,146.72,122.31,123.85,352.07,111.7,113.36,112.4,111.58,134.54,115.87,116.65,119.48,115.25,132.56,129.54,129.27,131.42,140.69,240.02,239.77,116.36,591.42,116.67,134.39,24.926,6.5674,6.4509,6.7975,305.29,295.56,296.06,173.59,173.18,173.24,114.19,113.56,180.59,178.57,178.67,322.7,174.75,175.14,31.259,31.197,113.38,244.87,245.1,189.59,186.87,155.42,155.68,34.832,61.775,61.759,32.064,31.464,118.06,117.4,153.18,119,118.24,21.732,146.14,153.4,128.75,125.4,135.06,114.49,140.42,140.49,197.47,138.43,125.97,145.66,22.039,22.18,23.774,34.842,32.607,182.32,186.43,113.49,116.51,24.197,24.274,24.005,23.501,198.46,44.739,46.882,183.06,183.01,183.15,183.66,141.7,141.36,141.46,54.491,112.11,317.59,317.31,167.38,168.43,148.62,148.85,173.4,198.73,160.94,162.89,35.894,35.238,26.604,186.68,185.43,196.59,124.48,124.36,41.181,321.35,122.39,121.8,122.34,112.93,113.03,203.76,203.61,203.35,203.92,304.35,303.97,320.85,22.902,22.261,46.147,133.74,134.06,142.24,62.873,34.141,313.87,329.05,325.32,24.194,24.69,118.39,143.69,324.83,325.22,121.04,120.76,165.39,164.34,155.04,148.58,147.2,31.319,25.136,113.1,112.61,112.12,320.4,320.5,134.22,131.77,28.89,29.173,28.78,309.82,310.44,44.465,45.139,193.05,30.96,31.011,126.67,139.91,143.68,307.19,13.802,13.728,315.8,190.18,474.23,476.98,474.2,114.56,115.04,116.2,86.19499999999999,86.16800000000001,112.01,138.98,135.88,138.34,141.73,218.54,133.33,27.444,37.085,257.5,258.87,123.03,120.87,122.47,122.21,303.88,303.16,305.7,118.21,0,1.7497,320.8,321.43,363.92,363.36,140.12,140.44,138.46,24.127,56.575,134.29,134.6,126.6,126.76,126.63,109.8,109.68,151.37,69.196,69.277,34.328
198.72,199.51,199.13,202.2,12.939,13.036,44.964,46.416,126.87,147.19,177.72,178.11,159.5,150.39,193.39,201.01,33.731,36.296,178.08,193.12,193.78,190.23,190.7,147.05,146.42,66.38500000000001,66.241,137.21,155.35,183.04,183.34,35.639,131.92,132.84,67.339,67.06399999999999,113.15,34.188,120.37,146.14,147.53,192.92,194.42,118.38,116.85,184.23,184.46,184.19,148.61,147.19,214.98,139.07,131.13,49.12,48.734,206.56,194.05,192.91,195.4,193.2,191.87,193.87,195.08,199.37,192.02,193.28,192.36,154.29,154.68,33.042,29.882,48.912,48.551,48.519,41.938,41.745,171.02,136.94,137.08,157.77,157.81,122.61,166.94,167.45,167.09,148.6,149.21,117.23,114.24,113.49,113.72,128.94,129.49,308.29,308.88,113.58,113.33,22.438,108.36,102.46,123.78,124.2,124.02,147.73,147.02,121.43,119.09,205.39,111.7,112.17,111.45,111.3,133.33,118.98,115.14,117.56,121.9,130.34,140.34,129.24,130.37,129.97,240.07,240.53,116.1,152.76,116.6,135.65,24.794,6.8989,6.7127,6.5905,304.8,295.24,294.87,173.7,173.35,173.35,114,115.62,178.58,178.88,178.6,321.44,174.62,174.44,31.636,31.501,93.158,245.36,245.18,186.66,187.44,155.77,155.61,33.179,60.327,68.55800000000001,31.81,31.577,118.75,126.61,153.02,118.64,118.13,21.217,146.3,146.79,127.88,129.63,141.45,113.82,148.78,140.16,198.42,140.11,125.98,145.07,22.742,22.259,23.392,33.12,32.292,182.24,186.32,112.99,115.98,23.64,28.769,23.524,23.552,198.48,44.766,44.516,183.44,183.67,183.18,188.6,140.97,140.81,141.25,93.52500000000001,119.07,316.86,317.12,168.07,169.4,148.73,148.68,173.43,185.65,160.03,167.63,46.147,35.037,23.77,189.08,186.08,188.65,124.51,124.47,38.217,316.37,121.75,122.26,122.54,112.95,115.46,203.84,203.65,203.19,203.45,304.4,304.22,321.2,21.836,21.906,39.267,132.14,136.61,152.05,52.461,29.239,307.59,325.95,325.57,23.964,23.871,131.19,117.31,324.83,326.85,120.48,120.95,165.83,164.5,165.64,147.48,147.19,31.34,24.905,112.33,116.17,112.2,320.55,321.3,132.03,131.68,28.868,29.052,29.032,309.19,316.36,44.742,44.644,194.17,31.191,35.297,127.86,152.05,140.92,307.11,12.985,12.973,316.06,192.31,474.78,470.53,471.98,120.01,114.99,116.73,86.697,86.658,111.86,139.06,136.34,136.49,137.06,431.54,133.47,27.926,38.002,257.22,257.24,27.578,120.23,121.77,123.34,303.99,303.51,305.98,116.98,1.7497,0,320.65,320.84,365.23,364.23,139.93,140.86,138.24,23.864,55.51,134.72,132.82,128.38,127.09,127.55,109.75,109.14,153.02,69.782,69.512,35.358
266.7,264.58,264.12,264.07,312.73,315.47,313.55,314.24,213.41,253.33,218.44,218.97,325.6,258.87,170.08,169.46,320.53,320.44,165.89,142.82,142.55,145.72,142.53,255.46,255.58,353.13,352.86,238.28,257.95,134.87,140.01,306.68,240.9,242.88,353.72,353.71,218.25,327.85,326.72,254.75,251.16,144.61,145.04,222.31,224.35,136.54,136.27,135.91,266.92,231.69,238.26,293.19,235.69,335.52,335.72,143.63,144.19,144.9,145.76,143.68,144.2,145.69,143.69,144.08,143.58,144.35,143.68,170.61,170.55,316.81,316.8,316.18,319.07,316.1,309.09,309.02,277.62,232.34,232.38,174.36,174.27,230.54,157.24,157.4,157.37,167.44,167.23,224.81,221.57,221.96,221.69,232.46,232.54,20.91,20.991,221.32,221.36,309.4,389.47,398.86,231.65,231.94,231.57,254.72,254.7,216.7,213.8,151.75,219.96,220.07,219.92,219.74,224.61,215.84,215.27,216.87,216.34,234.28,224.78,224.54,226.72,235.55,137.32,137.43,220.91,275.84,220.97,221.59,311.64,318.62,318.55,318.64,17.383,22.301,33.063,217.66,221.59,217.71,218.32,218.31,284.19,283.75,285.58,58.238,215.98,215.94,320.57,318.14,376.23,142.51,137.28,138.63,138.84,181.81,173.88,324.34,348.73,348.25,350.94,351.15,216.48,211.19,169.24,227.06,226.66,308,255.04,254.83,226.13,221.35,235.68,219.85,249.53,248.33,149.76,246.45,233.74,254.23,307.85,307.18,327.78,317.3,317.21,161.23,161.9,218.12,217.82,310.43,310.23,310.39,310.15,153.75,312.3,312.34,160.62,160.98,160.82,160.8,247.22,245.66,253.06,325.55,372.79,401.82,402.66,159.12,158.95,166.92,166.98,278.44,311.52,264.42,265.11,308.07,307.21,310.44,349.3,152.42,153.15,229.31,229.33,324.98,16.098,221.28,221.11,221.16,221.37,226.66,162.48,157.76,157.71,157.75,31.266,31.104,55.071,308.61,308.24,327.49,233.75,233.73,271.26,386.65,330.4,49.259,311.74,311.77,310.35,315.23,222.75,234.96,51.866,66.459,225.74,225.8,182.79,182.78,227.53,257.94,257.98,318.17,329.26,217.31,218.67,217.23,405.27,405.36,240.9,240.96,315.44,316.26,319.78,394.02,394.31,317.05,316.97,171.86,321.16,321.19,222.03,240.63,243.48,37.767,325.39,325.07,114.18,142.44,98.77200000000001,98.986,105.74,220.07,219.76,221.86,375.35,372.93,218.51,241.2,240.88,241.27,242.73,286.07,221.49,314.16,333.53,340.65,340.94,313.01,233.36,236.43,233.23,30.415,31.737,406.24,219.2,320.8,320.65,0,0.33829,252.19,252.35,248.32,248.19,223.43,309.42,342.07,230.76,243.27,213.84,213.64,213.76,216.53,214.46,258.06,356.96,355.97,306.42
264.16,265.23,263.96,264.14,314.33,315.09,313.78,313.48,213.32,253.23,218.8,218.85,280.61,265.13,145.38,183.59,322.15,321.54,166.17,142.72,150.01,156.92,142.49,255.42,255.4,353.21,352.6,254.96,262.82,134.86,134.79,315.54,241.33,241.14,353.58,353.51,218.11,331.47,353.91,252.49,252.45,144.55,144.31,223.03,221.49,136.07,136.47,135.91,278.97,230.21,253.8,282.31,237.62,338.46,349.32,146.32,143.64,143.96,143.56,143.6,143.55,144.08,146.32,143.58,143.55,145.29,143.63,170.61,170.56,316.73,316.71,316.11,316.21,315.95,309.26,309.97,277.52,232.29,232.18,174.31,174.4,230.36,166.9,157.27,157.36,166.87,166.93,224.5,222.03,222.45,222.25,233.95,233.72,20.882,22.359,221.35,222.12,309.32,392.71,381.51,231.55,232,231.54,256.6,254.7,216.42,216.51,140.56,219.97,219.99,219.88,217.65,226.93,214.19,214.88,218.09,211.19,226.84,224.57,224.5,224.47,227.07,137.57,137.35,221,539.38,221.95,222.42,311.61,318.65,318.57,318.59,19.118,22.226,22.259,217.61,217.57,217.66,219.48,218.25,283.94,284.81,283.71,56.021,215.8,215.85,318.05,318.22,395.36,137.21,142.37,140.27,138.72,173.72,174.3,321.74,347.88,348.46,350.94,352.87,214.14,225.38,168.81,226.64,226.86,308.04,254.86,255.03,237.62,226.43,226.5,219.56,250.06,249.23,147.2,246.74,233.83,253.23,306.47,319.78,311.91,318.15,319.69,161.64,167.77,217.94,218.17,310.36,310.3,310.28,310.24,150.17,312.31,312.34,160.8,160.64,160.74,161.08,245.85,245.7,245.96,345.99,360.83,401.75,401.77,158.32,160.68,167.39,166.9,278.43,314.88,265.8,264.6,314.01,306.91,310.48,151.9,151.48,150.52,230.12,229.22,331.69,16.975,221.34,221.06,221.08,221,220.94,157.7,161.19,157.71,157.67,31.23,31.046,55.463,308.44,308.24,318.41,223.16,222.87,251.5,445.69,330.34,41.762,311.68,311.68,310.47,310.38,215.79,230.74,51.84,51.974,225.67,225.69,182.8,182.91,230.57,257.94,257.92,318.55,325.8,217.05,218.24,216.97,405.15,405.43,240.78,241.4,315.34,315.5,317.22,394.21,395.27,316.98,316.93,172.22,322.46,326.12,221.93,244.02,254.94,33.795,325.12,324.98,114.19,142.12,98.443,99.47199999999999,98.005,219.83,219.35,221,372.62,372.63,217.16,246.39,241,242.77,244.56,294.59,226.04,314,333.45,342.71,341.13,313.31,235.81,230.28,233.38,30.488,30.395,390.59,220.66,321.43,320.84,0.33829,0,252.28,252.26,248.25,248.19,227.82,309.63,342.19,230.41,231.97,213.73,213.67,213.66,214.48,215.56,255.2,356.06,356.02,307.32
185.45,187.04,315.6,186.33,354.51,357.7,371.46,373.14,228.21,225.61,240.04,240.11,308.45,284.52,189.06,204.3,362.97,363.32,195.31,177.81,179.11,180.56,177.6,203.94,203.96,395.41,395.19,238.75,286.5,186.18,186.06,363.77,213.94,218.71,396.23,396.37,241.58,353.38,400.28,207.69,847.5,179.55,180.95,248.24,245.09,189.17,188.19,187.15,280.05,259.34,248.61,270.49,262.72,378.05,378.67,179.82,180.91,181.5,180.56,178.7,179.13,179.86,192.87,179.14,178.7,179.28,184.04,219.91,220.3,360.76,361.82,339.27,339.64,339.63,333.18,335.12,286.26,253.44,253.62,223.7,223.9,265.76,176.09,175.11,175.12,218.11,218.49,247.49,259.37,257.35,256.67,241.22,241.25,241.97,242.03,256.61,256.97,351.48,436.96,436.29,266.65,267.46,266.9,263.01,262.82,255.12,255.5,186.58,243.53,243.5,243.07,233.69,239.26,231.64,232.51,239.98,295.84,247.15,239.89,239.7,239.6,240.61,177.95,177.94,244.06,293.37,243.86,226.81,342.5,361.07,361.34,364.68,223.06,234.7,235.2,235.89,235.93,235.97,243.27,241.64,267.59,267.7,267.7,308.52,237.78,237.49,360.63,360.98,435.66,183.1,178.01,189.94,189.81,228.05,223.85,364.59,389.94,390.02,393.74,393.47,273.91,252.75,219.41,261.61,261.98,350.81,203.4,203.38,261.23,271.5,263.43,242.71,256.58,256.68,177.94,255.04,268.93,202.36,321.42,325.45,322.16,359.45,359.29,177.99,177.95,242.95,241.46,352.83,353,352.77,352.73,182.4,335.76,335.76,159.59,158.72,158.75,161.34,215.34,219.96,215.53,434.72,410.37,413.21,413.17,176.2,181.15,218.14,219.91,262.66,330.27,238.77,270.5,363.95,364.05,352.95,192,184.91,188.11,243.83,238.15,361.75,237.23,237.82,237.62,238.13,256.15,256.35,208.89,208.91,209.18,209.2,243.66,243.52,310.51,351.13,351.27,382.44,244.3,246.64,200.01,379.31,373.09,288.21,46.349,36.921,353.16,353.05,256.64,245,317.46,317.87,249.19,252.74,234.1,234.29,234.43,230.14,230.14,363.59,366.9,287.64,241.43,240.45,416.53,418.66,211.83,212.15,358.42,358.13,365.62,405.47,405.52,373.94,377.96,169.82,363.95,363.68,237.19,210.23,230.25,246.45,367.74,367.46,284.42,178.48,86.65300000000001,91.893,86.72799999999999,241.59,240.73,245.76,415.16,415.4,239.98,210.92,211.57,210.61,212.85,360.54,225.53,356.65,363.6,468.32,468.37,356.85,242.6,241.89,241.24,243.75,242.79,402.11,254.36,363.92,365.23,252.19,252.28,0,0.42915,256.84,256.31,238.7,339.06,384.91,214.95,215.71,228.61,228.43,228.44,237.6,235.16,231.62,398.6,398.72,364.05
192.73,187.11,185.41,185.66,354.99,357.98,372.09,370.94,228.19,225.62,240.03,240.39,257.09,251.06,175.51,215.61,363.2,362.95,207.07,178.01,181.54,180.72,177.64,203.97,204.03,395.5,395.41,231.51,289.98,186.1,186.23,367.9,212.1,213.29,396.62,396.34,241.67,680.42,389.02,208.14,213.21,180.96,183.39,245.76,246.04,187.41,190.27,187.11,264.54,288.76,275.72,326.1,274.69,378.52,378.41,203.16,180.84,186.07,179.55,178.75,178.65,180.47,233.04,178.74,178.62,180.52,181.26,220.19,219.9,359.6,360.49,339.62,339.73,339.59,332.62,332.46,285.97,253.58,253.4,226,223.73,268.05,176.28,175.15,175.19,218.44,218.53,248,257.34,257.15,257.32,242.78,242.79,251.22,241.9,257.03,256.71,351.84,423.64,425.15,266.96,267.75,266.7,263.72,263.06,255.53,252.51,183.3,243.13,243.38,243.18,233.79,240.86,231.08,230.99,232.38,293.77,242.33,243.03,239.71,239.59,240.63,178.03,177.96,242.93,428.97,242.96,226.32,342.34,361.41,361.12,361.16,223.05,234.86,235.65,235.98,235.95,235.97,244.62,241.66,298.33,297.73,267.72,313.7,237.49,237.51,360.92,360.63,443.63,183.16,188.15,191.2,189.77,224.04,223.62,364.38,389.9,389.65,393.46,393.73,267.1,252.56,219.79,262.34,261.61,350.54,203.53,203.39,266.03,265.96,272.59,242.03,258.03,256.42,173.1,254.59,268.88,201.91,322.54,321.38,321.62,359.91,359.35,177.31,178.85,245.81,241.19,353.05,352.73,353.14,352.99,182.01,335.78,335.75,158.66,158.55,158.61,159.73,215.3,215.42,216.25,377.8,420.53,413.22,413.39,176.14,176.19,218.45,218.19,304.71,271.37,284.74,270.54,366.22,364.39,353.19,190.9,200.61,189.3,238.02,238.2,362.67,252.04,237.87,237.65,237.61,256.41,258.24,209.16,209.29,208.92,208.92,243.71,243.56,308.73,351.19,350.8,392.62,245.92,247.39,206.58,372.66,375.43,288.96,40.247,36.917,352.94,353.2,271.81,239.11,318.4,317.55,249.22,249.25,234.29,234.23,237.35,230.17,230.12,361.02,367.21,240.39,241.59,240.47,416.67,417.4,211.93,211.88,358.27,359.88,358.88,405.39,405.72,374.65,374.03,169.28,363.67,364.18,237.17,210.06,210.06,246.3,367.71,367.74,284.43,178.57,86.858,86.777,86.696,241.94,242.98,240.42,415.58,415.23,245.67,211.38,211.36,210.47,210.89,235.72,225.04,357.17,363.35,363.99,468.32,356.1,243.67,246.29,238.36,245.03,243.37,402.45,250.65,363.36,364.23,252.35,252.26,0.42915,0,256.28,256.57,241.5,339.19,385.05,213.71,213.3,228.76,228.78,228.57,237.31,234.64,229.39,400.69,398.78,363.56
74.557,76.69,74.322,74.8,132.6,136.17,147.97,147.53,22.274,32.334,57.28,57.819,98.941,32.741,56.593,96.629,139.9,139.72,66.20699999999999,69.64400000000001,69.91200000000001,71.643,69.43899999999999,51.548,51.636,172.35,172.9,87.914,59.072,61.711,61.741,140.65,7.3464,10.004,172.99,173.12,40.834,136.88,212.96,16.995,17.067,73.42,71.714,47.884,43.851,62.798,74.958,62.624,84.88200000000001,59.017,70.15900000000001,59.074,53.06,154.79,154.91,71.18899999999999,71.645,82.16800000000001,71.02,70.717,70.532,71.81999999999999,72.39100000000001,70.735,70.7,70.863,70.598,35.432,35.456,136.08,136.31,144.66,138.75,138.56,131.62,131.58,62.406,41.928,41.851,44.209,39.864,13.736,62.045,58.005,57.872,37.51,37.027,46.687,30.998,30.982,30.721,48.59,48.649,201.69,201.86,30.087,30.031,232.52,200.89,221.75,14.768,15.104,14.813,9.112399999999999,9.101000000000001,30.712,30.946,131.94,28.651,28.871,28.824,35.809,49.279,26.138,26.536,24.795,28.661,36.155,34.045,34.123,38.335,34.394,300.6,300.67,39.739,167.43,37.34,42.093,130.96,137.94,137.99,137.99,193,197.5,195.69,52.568,52.669,52.526,40.631,40.779,79.208,79.434,79.169,253.97,54.056,54.122,137.5,137.42,195.39,305.73,310.9,72.453,65.44799999999999,47.171,47.192,141.14,169.18,166.33,170.32,170.32,35.167,31.214,40.954,17.479,17.852,127.38,51.012,51.537,39.171,39.48,51.319,42.671,2.8195,2.8895,122.65,30.839,38.256,49.478,124.41,125.3,124.86,135.65,136.04,59.488,63.974,40.15,40.787,129.61,129.58,129.64,129.51,77.358,134.85,134.88,60.583,60.58,60.676,60.824,11.608,11.54,24.185,178.32,193.35,215.12,215.09,58.673,62.31,40.814,37.746,77.122,115.54,87.809,80.107,141.46,141.09,129.8,60.077,57.365,59.156,37.905,37.685,157.32,237,32.619,32.081,32.238,32.87,33.026,97.027,96.495,96.545,96.529,205.17,205.31,251.51,129.76,127.66,150.3,16.256,16.708,47.132,165.42,149.74,216.39,241.35,241.08,130.38,129.85,56.423,51.114,225.7,225.73,35.816,35.801,57.632,57.588,66.919,24.555,24.549,137.65,146.65,39.939,40.982,39.526,218.5,218.64,6.9741,6.9805,135.73,135.11,136.46,207.31,207.42,150.76,150.85,73.047,140.44,140.76,31.749,6.3484,25.289,207.12,144.34,144.31,217.38,70.226,453.53,453.84,454.19,36.414,36.207,41.749,192,192.23,39.492,22.572,22.36,21.8,23.613,140.94,40.486,133.46,142.61,163.44,257.25,133.97,26.38,26.924,26.343,204.28,203.79,204.52,59.109,140.12,139.93,248.32,248.25,256.84,256.28,0,0.64588,33.778,129.3,161.67,27.337,6.5902,22.498,22.466,22.621,33.897,34.507,40.828,177.58,175.38,140.36
74.336,74.672,75.04600000000001,74.461,132.17,134.61,147.57,147.36,22.38,20.474,57.403,57.525,100.9,41.187,56.66,88.06999999999999,139.78,139.95,67.26600000000001,69.691,74.004,84.113,69.47499999999999,51.635,51.555,172.62,172.33,72.887,63.239,61.757,61.677,140.81,6.8248,8.120100000000001,173.09,173.86,40.46,137.52,163.34,17.002,33.832,71.34999999999999,71.777,44.45,45.368,63.534,64.026,62.914,69.039,94.854,58.291,49.293,81.316,156.1,154.84,70.79600000000001,70.809,74.985,71.17,70.598,70.5,72.101,101.8,71.039,70.508,70.595,70.571,35.413,35.473,137.46,136.14,138.65,138.85,138.52,131.54,131.52,62.319,41.942,42.281,43.758,39.422,16.902,58.225,57.787,57.689,37.125,37.323,47.123,30.426,30.797,30.696,47.085,47.042,202.05,202.09,31.429,30.299,128.53,242.47,237.53,14.975,16.599,14.823,9.1127,9.0863,31.151,31.206,217.07,28.731,28.982,28.874,35.744,49.252,24.994,30.632,28.85,28.677,39.716,34.318,33.957,33.926,39.449,300.6,300.57,37.266,113.65,48.766,58.998,130.77,137.97,138.1,137.9,186.93,195.56,195.69,52.55,52.51,52.622,40.669,40.733,79.182,79.065,79.11199999999999,270.17,54.051,54.162,137.44,137.46,227.25,305.6,300.51,65.521,65.672,47.249,47.229,144.14,180.03,230.26,170.4,170.47,33.719,44.384,39.091,28.196,18.022,127.4,50.972,50.832,44.901,39.514,39.478,40.947,3.0694,3.1604,122.6,31.071,33.957,48.984,125.51,162.81,126.16,135.66,136.91,59.808,60.413,41.643,40.451,129.67,129.63,130.6,129.53,77.11,134.86,134.83,60.682,60.777,60.608,61.136,11.531,11.435,13.476,220.51,235.98,215.14,215.1,58.732,62.63,37.202,40.691,101.51,127.47,50.125,54.931,148.26,141.18,129.9,64.29900000000001,59.433,60.055,37.638,37.767,139.59,244.79,32.29,32.04,40.756,33.019,32.928,96.56399999999999,96.53,96.614,96.539,204.6,204.29,250.54,133.12,127.88,148.61,15.946,18.115,48.192,175.03,149.67,216.8,240.95,241.04,129.83,131.83,40.643,58.879,225.26,228.77,35.752,35.773,57.73,57.883,125.19,24.522,24.522,137.73,145.03,39.352,39.816,39.224,218.59,220.17,7.0398,7.2677,134.63,140.62,134.54,207.34,207.4,150.76,151.26,72.523,140.42,140.63,31.746,25.689,6.7355,206.91,144.37,144.36,216.94,70.161,453.63,454.72,453.59,36.439,35.507,35.778,192.08,192.52,39.411,23.659,22.318,24,23.238,120.2,40.566,133.5,147.47,256.31,260.59,132.17,26.809,26.315,26.087,204.18,203.74,204.11,59.719,140.44,140.86,248.19,248.19,256.31,256.57,0.64588,0,33.134,128.75,162.04,8.1389,7.2519,22.462,22.463,22.664,41.883,35.004,78.895,175.42,175.36,141.52
89.896,87.86799999999999,88.56,95.624,142.72,143.53,131.95,132.5,12.375,43.232,24.327,23.624,23.739,22.784,90.127,133.08,140.97,139.02,76.137,76.452,76.379,87.824,75.94199999999999,46.497,61.414,158.08,157.21,59.032,41.816,68.706,68.762,125.65,36.134,28.774,171.45,169.66,35.274,142.38,165.03,37.879,45.525,91.517,78.059,38.737,38.542,69.562,69.69499999999999,69.095,100.49,144.19,72.964,51.392,78.977,152.63,151.58,97.05500000000001,79.93600000000001,78.684,77.446,78.956,78.545,81.64700000000001,100.88,78.20099999999999,78.84099999999999,77.904,77.11,40.499,39.352,134.64,138.65,134.36,134.25,135.37,128.28,126.45,77.961,33.435,32.297,43.409,44.915,35.764,65.27200000000001,66.617,66.54300000000001,36.478,36.46,41.152,29.916,28.959,30.553,48.743,49.359,199.61,189.33,31.904,28.97,127.87,202.97,216.7,38.266,40.873,38.035,36.708,38.208,27.571,25.902,82.126,28.156,26.966,32.14,34.514,42.633,26.302,26.273,36.865,44.742,40.452,28.4,23.513,25.164,25.663,300.82,306.92,41.068,96.565,39.126,43.176,129.99,138.91,141.57,139.57,205.82,183.38,185.58,42.6,42.304,44.192,35.613,43.254,86.96899999999999,89.946,87.19499999999999,201.66,21.405,22.278,140.84,137.66,203.84,307.3,300.73,72.61799999999999,72.696,55.031,42.811,138.54,153.06,152.49,166.91,167.76,42.141,52.388,39.057,34.16,34.312,135.46,48.242,45.969,56.013,51.696,54.408,35.324,32.771,32.45,95.167,25.942,40.071,46.202,124.35,120.57,124.1,137.39,138.18,76.206,76.63800000000001,35.489,34.815,129.71,129.12,130.04,128.97,85.32899999999999,130.18,130.58,81.291,85.866,81.40000000000001,88.453,32.009,33.621,46.204,198.76,171.75,194.29,195.02,66.372,66.251,37.024,37.135,98.087,99.76600000000001,55.841,60.795,129.67,127.34,138.23,100.38,100.01,97.836,46.053,44.967,158.47,222.3,34.004,34.26,45.739,27.76,38.695,93.184,92.334,92.087,92.077,192.99,192.86,204.71,134.76,127.77,147.63,39.957,40.712,41.626,193.83,148.52,209.7,232.23,224.83,137.92,137.59,32.594,35.495,213.51,212.38,46.059,46.078,52.661,52.911,51.445,48.868,45.313,135.5,141.27,34.027,33.968,34.395,197.35,198.63,27.214,27.354,132.38,133.11,133.08,186.29,191.41,134.86,135.09,92.25700000000001,137.33,137.51,21.949,31.877,43.478,194.39,142.66,141.88,210.63,78.669,243.67,252.97,246.74,40.407,38.142,38.648,191.29,189.59,33.773,29.376,29.602,29.63,32.355,217.31,43.041,131.96,156.73,231.79,139.3,132.62,55.487,56.321,55.543,191.8,190.76,183.15,36.902,138.46,138.24,223.43,227.82,238.7,241.5,33.778,33.134,0,128.78,158.98,27.606,28.158,11.928,12.016,13.086,36.224,41.596,90.488,172.64,171.97,126.14
189.43,189.31,189.56,189.25,27.791,17.167,30.427,31.489,114.24,135.79,147.58,147.65,412.3,199.75,163.41,197.94,22.998,41.618,166.92,179.64,194.71,180.52,179.31,135.42,135.12,56.972,54.752,137.55,135.77,172.13,172.21,23.25,121.82,120.75,55.653,56.286,102.13,21.247,61.951,137.35,138.53,184.45,183.55,106.35,106.91,172.61,173.72,174.12,112.14,163.92,126.48,128.63,120.4,37.382,39.68,189.72,180.73,182.6,180.93,181.2,180.84,183.06,183.69,182.42,180.47,181.47,180.51,146.75,142.69,6.542,11.439,37.69,37.237,37.097,30.102,30.396,157.96,125.71,125.78,141.21,141.15,113.42,155.37,155.55,156.95,137.55,137.66,108.14,104.66,102.74,104.5,114.8,114.35,297.64,297.33,101.9,101.86,6.7984,166.28,178.68,112.35,112.91,112.16,135.51,135.26,104.34,101.68,320.3,102.02,104.2,106.25,100.33,108.56,105.39,106.88,109.68,99.242,119.37,120.66,124.32,117.78,118.35,228.66,229.88,107.86,246.58,108.51,126.76,5.4539,22.08,20.547,20.52,296.39,284.63,284.78,145.1,144.07,145.98,102.7,101.96,167.24,168.02,167.31,317.05,151.03,151.55,34.753,19.807,94.55500000000001,237.31,230.8,185.88,175.66,139.12,137.94,23.713,50.095,49.322,53.019,55.227,102.76,115.46,141.76,107.57,107.47,9.0716,134.85,134.54,113.94,126.96,130.91,104.64,128.95,128.92,182.74,127.65,114.39,132.24,5.433,4.0899,5.154,21.865,19.912,168.25,168.51,105.19,103.9,6.3967,6.254,6.341,6.3487,193.97,33.661,33.315,172.65,171.92,172.09,173.8,130.26,130.32,131.08,70.038,96.348,294.74,292.96,156.5,157.06,129.54,131.12,164.19,182.45,148.2,148.1,27.183,25.544,11.484,181.68,169.44,167.52,111.23,111.21,23.633,309.43,110.58,110.38,110.38,102.35,104.31,192.43,192.21,192.21,193.08,293.13,292.81,313.51,13.463,9.939,20.227,120.53,122.63,130.68,84.93300000000001,32.315,301.69,324.52,325.7,12.219,13.983,117.6,101.66,313.58,314.1,109.64,109.47,153.93,153.8,153.88,135.96,137.35,20.059,29.642,100.85,106.13,100.9,296.44,296.56,166.77,120.67,9.229699999999999,9.548999999999999,9.0922,299.59,297.81,33.324,35.059,184.19,22.878,23.105,115.5,128.78,133.57,295.77,27.362,26.838,304.84,181.57,454.35,445.95,452.77,104.26,104.15,105.48,74.85299999999999,75.092,99.336,126.29,126.03,124.98,125.43,262.65,122.33,7.8267,25.135,246.04,246.89,8.085000000000001,108.43,110.91,104.77,294.09,292.28,284.54,100.84,24.127,23.864,309.42,309.63,339.06,339.19,129.3,128.75,128.78,0,44.997,124.1,123.38,115.84,115.93,115.59,100.99,103.97,138.97,63.223,59.944,23.572
220.27,222.21,222.27,222.15,47.809,51.089,41.64,40.646,152.78,169.32,199.85,199.82,182.35,200.27,182.94,225.74,59.158,55.027,200.7,212.92,212.97,220.92,213.39,168.1,176.3,34.468,27.113,170.75,197.86,204.71,205.94,35.529,153.51,153.49,34.511,33.938,134.51,58.27,112.71,168.38,172.65,216.29,216.04,141.05,139.88,208.55,207.45,205.44,138.58,140.51,136.98,201.11,132.33,9.8149,10.811,228.33,213.87,215.08,214.89,213.66,213.16,216.2,259.42,217.39,213.3,214.99,214.17,175.41,178.22,81.97499999999999,36.067,70.34099999999999,70.011,70.911,63.278,63.86,191.07,159.56,158.7,181.79,179.28,157.22,189.54,188.18,188.49,170.12,170.27,148.07,140.42,135.74,136.67,150.55,150.47,338.42,340.46,134.62,135.66,44.797,126.3,125.44,144.92,145.83,145.74,205.92,168.55,120.65,123.27,225.64,134.33,134.95,133.13,135.27,123.55,136.31,136.17,136.01,112.58,169.37,152.64,155.33,150.81,150.7,262.02,268.21,137.77,331.96,137.89,155.59,50.994,51.152,51.213,51.274,300.4,316.61,316.63,195.22,204.82,196.62,135.01,134.79,200.11,200.88,200.71,326.34,196.2,196.58,53.097,53.466,150.02,261.37,261.58,208.93,208.2,179.8,177.19,70.37,10.99,11.205,85.34699999999999,83.97,159.79,108.64,174.87,140.47,140.61,42.733,168.54,167.52,132.64,125.43,145.66,136.1,164.61,161.93,203.29,163.27,147.98,165.49,44.497,44.591,64.821,53.159,51.912,202.13,210.81,134.7,137.62,44.898,45.327,44.95,46.314,219.96,66.324,66.143,204.48,339.69,204.1,206.24,162.67,162.45,162.64,63.091,105.88,277.96,278.76,190.45,193.44,170.26,172.82,195.45,227.09,181.85,182.73,40.933,35.555,45.451,193.72,194.98,199.52,145.64,150.64,58.145,340.45,143.41,143.12,146.47,134.68,144.52,225.12,225.95,225.65,225.53,327.85,326.5,320.77,42.969,43.146,65.979,153.65,154.51,175.81,150.13,49.283,329.02,357.59,357.4,65.584,46.156,170.4,142.52,346.29,366.83,142.12,142.42,186.38,186.07,185.6,172.35,168.88,52.879,42.794,215.47,136.27,134.67,282.19,281.79,153.26,153.27,34.417,34.93,33.378,273.43,271.47,44.451,48.412,214.17,60.16,56.073,148.45,170.22,165.84,328.15,61.755,57.365,337.24,212.27,473.77,477.1,476.83,143.68,137.74,142.5,108.22,107.42,133.17,158.47,159.9,159.82,159.42,189.18,154.91,33.747,55.697,218.76,219.24,47.656,121.27,121.16,123.32,328.41,325.71,267.73,137.18,56.575,55.51,342.07,342.19,384.91,385.05,161.67,162.04,158.98,44.997,0,157.04,168.47,153.69,148.46,148.37,134.07,131.87,173.24,97.092,91.014,34.857
71.405,71.181,69.548,72.517,136.58,135.88,127.73,127.38,21.082,17.983,59.025,52.862,70.376,81.648,55.512,143.61,132.42,131.74,46.807,65.247,76.36199999999999,69.154,66.203,16.741,23.404,164.18,162.94,54.988,14.287,63.941,62.024,125.22,2.5197,1.4875,168.15,169.16,33.046,132.67,218.1,15.359,13.189,67.828,67.717,36.88,38.024,57.985,60.775,59.908,85,39.836,107.89,44.112,53.593,151.69,151.46,81.661,66.315,77.309,67.76900000000001,67.23399999999999,74.032,69.45699999999999,75.417,72.149,67.559,65.825,67.277,30.591,31.28,130,132.38,127.55,127.86,127.5,122.56,122.32,81.306,41.434,37.207,53.452,34.825,8.6724,41.12,38.596,39.794,27.418,27.992,41.909,25.529,33.988,28.344,30.723,22.377,204.32,224.65,22.398,23.867,123.98,219.63,228.91,22.15,10.327,10.254,13.894,13.333,33.086,32.781,90.23399999999999,19.866,21.268,19.444,27.702,13.281,20.066,37.583,26.041,27.164,32.186,29.253,30.345,31.347,29.194,295.98,294.86,32.458,243.59,34.104,39.353,122.95,132.05,132.09,135.31,169.19,191.44,186.55,53.4,48.875,47.888,42.884,35.986,98.29600000000001,63.719,59.136,221.29,50.565,52.058,131.84,131.29,199.62,295.34,299.62,62.022,63.208,32.878,34.671,133.23,159.35,157.47,165.18,164.76,47.796,55.501,30.043,22.488,20.662,121.63,16.382,20.594,41.174,44.902,38.51,38.527,6.7772,8.2913,57.412,37.52,25.115,15.387,113.79,112.62,115.58,128.28,129.95,55.667,64.06399999999999,32.997,33.538,127.89,123.14,126,124.31,84.13200000000001,123.7,126.4,63.384,55.699,67.645,59.977,7.4171,7.1659,6.7534,182.37,215.38,212.5,214.95,61.926,61.984,28.395,28.165,79.148,120.47,30.891,68.289,121.04,120.82,123.86,61.914,61.522,62.004,24.088,22.899,133.85,233.06,27.734,27.535,27.261,20.512,22.446,82.248,82.151,82.92700000000001,84.85299999999999,194.78,207.38,203.16,122.44,120.01,154.51,12.433,9.9194,12.577,195.35,155.39,182.72,198.88,197.14,125.46,125.1,30.923,56.21,205.35,273.4,19.413,20.01,45.126,46.351,73.649,19.65,23.793,132.23,143.15,33.199,68.038,31.887,216.35,217.83,2.6328,4.8649,127.76,130.08,136.54,205.9,206.68,128.4,128.47,69.291,132.81,136.29,28.506,13.032,21.203,197.5,136.53,136.5,181.96,65.578,331.32,334.74,336.41,31.637,34.961,31.633,186.14,186.19,31.875,3.1312,5.6522,2.3575,2.5876,58.814,32.17,127.76,141.39,247.7,256.35,126.57,17.153,16.788,17.769,194.5,206.14,202.57,27.389,134.29,134.72,230.76,230.41,214.95,213.71,27.337,8.1389,27.606,124.1,157.04,0,0.67854,17.476,17.618,17.761,28.962,27.744,68.367,159.7,160.79,123.03
74.815,71.645,69.849,71.494,135.4,138.53,126.86,129.6,19.431,16.145,51.931,52.512,35.541,56.505,56.305,89.508,131.99,134.45,49.386,66.121,66.452,69.56100000000001,65.83499999999999,17.059,17.273,166.64,163.68,32.333,61.213,58.369,58.692,124.4,3.1089,4.6477,165.61,164.97,33.847,132.34,207.72,33.527,14.709,69.943,69.752,45.206,40.046,59.351,58.317,62.29,73.72799999999999,45.382,80.973,89.866,97.77200000000001,148.82,153.72,69.98,72.855,69.333,67.462,67.53400000000001,66.747,68.078,65.985,69.053,66.28,70.342,67.419,33.05,31.545,130.11,130.71,130.39,132.57,130.67,130.78,124.37,78.624,40.635,37.586,34.798,39.553,16.487,38.873,39.388,39.669,30.503,28.139,40.076,21.875,28.25,24.063,32.41,24.921,221.39,236.5,22.647,22.864,122.4,239.44,211.27,22.795,21.382,21.646,31.958,29.183,32.71,34.507,96.751,22.134,20.687,20.372,26.131,13.647,21.865,21.15,29.358,26.989,32.064,31.178,30.933,29.594,32.577,295.45,295.7,33.159,71.98999999999999,32.96,35.653,122.95,131.96,132.07,137.38,178.11,198.15,186.57,48.057,47.952,47.776,37.635,34.034,62.043,59.738,60.385,221.75,50.185,50.741,133.01,133.94,197.83,295.43,295.23,61.559,62.44,33.717,33.025,133.78,162.16,158.8,162.77,191.89,38.487,28.95,29.884,19.719,13.074,119.83,18.226,16.178,46.551,45.527,46.6,35.913,7.8332,6.8356,66.291,35.617,25.288,17.37,115.78,111.74,113.21,132.05,131.84,99.05,54.302,33.372,36.216,124.44,127.68,122.99,123.78,77.64100000000001,124.95,125.63,56.28,58.394,55.818,56.26,6.9362,22.412,7.5778,183.6,174.12,214.16,212.95,63.83,66.193,28.483,28.593,87.01000000000001,71.255,34.19,77.08799999999999,122.06,120.44,125.53,63.628,61.338,56.032,20.876,18.972,127.63,231.42,29.586,28.644,30.99,23.842,21.406,82.57599999999999,82.309,84.244,83.843,194.96,195.18,218.48,121.85,123.05,135.26,12.016,11.799,37.334,172.85,144.22,186.79,198.39,197.15,122.04,124.23,42.286,51.466,229.72,225.15,29.014,18.991,44.814,44.411,57.489,21.035,21.146,137.75,137.66,32.235,34.721,32.212,218.59,217.26,2.1846,1.7093,127.56,127.01,127.7,207.71,207.15,129.01,128.37,67.703,135.89,136.29,28.948,10.254,14.72,210.32,138.95,137.81,183.39,73.074,232.54,232.33,227.29,32.985,32.57,32.561,186.89,188.92,34.816,2.1044,2.8631,1.7594,5.4284,101.07,26.851,129.26,144.98,251.82,158.75,126.77,18.406,18.009,17.08,194.34,194.12,202.07,25.718,134.6,132.82,243.27,231.97,215.71,213.3,6.5902,7.2519,28.158,123.38,168.47,0.67854,0,17.976,19.652,18.799,26.278,26.514,57.684,169.31,168.15,118.9
86.47,89.98099999999999,83.92700000000001,80.18899999999999,121.93,124.59,121.86,121.8,2.0077,31.941,13.925,15.089,18.103,12.501,71.999,110.76,126.68,126.82,63.967,66.328,67.128,67.093,66.191,36.249,36.998,147.76,147.62,37.269,95.59999999999999,59.872,58.444,114.94,17.563,17.458,160.73,162.04,25.644,127.98,199.92,28.285,28.069,69.21899999999999,70.578,31.682,28.517,59.519,59.919,59.631,44.14,44.772,81.494,41.527,70.75700000000001,142.08,142.13,90.331,67.848,68.81,69.113,67.852,67.596,70.184,72.40900000000001,80.91500000000001,67.47,70.607,67.66,29.605,29.604,123.11,124.22,123.61,123.95,124.14,116.89,116.71,67.437,21.599,21.516,34.094,35.175,26.374,57.063,55.522,55.594,26.632,26.614,31.643,19.088,19.038,19.013,39.011,39.056,179.93,180.18,18.458,18.684,115.26,197.05,199.9,27.96,27.394,27.228,26.833,26.665,19.934,19.834,127.83,16.888,16.938,17.039,24.473,32.103,16.766,17.067,16.928,28.628,19.695,13.678,13.578,13.545,13.638,290.55,290.52,31.53,285.04,44.755,33.633,117.67,124.47,124.64,124.86,185.24,173.34,175.19,31.642,32.268,31.643,28.742,25.425,109.53,76.15600000000001,110.59,216.81,11.322,11.812,124.35,124.53,230.39,301.05,295.6,65.43300000000001,62.161,35.724,33.775,133.53,142.64,143.03,157.13,157.19,40.063,30.427,29.048,27.5,23.293,116.09,36.224,35.767,37.546,32.058,55.493,25.528,26.356,22.658,91.52,16.027,31.76,33.931,168.98,117.71,119.13,122.52,123.65,66.604,67.50700000000001,24.976,26.065,117.04,116.86,116.78,116.72,74.288,120.28,120.28,71.739,71.54600000000001,72.58,71.736,22.486,22.55,23.002,156.41,172.57,184.69,185.9,57.829,57.272,26.696,26.653,84.38500000000001,110.76,63.508,47.095,115.71,115.82,117.3,73.202,72.70099999999999,73.979,34.428,34.402,138.1,202.49,24.136,23.669,23.825,17.972,19.376,81.372,81.248,81.319,81.392,182.01,182.3,216.28,115.83,114.81,183.78,27.065,28.703,31.954,140.9,137.65,197.51,224.28,224.41,116.79,117.05,61.387,40.476,202.59,202.93,34.099,34.113,42.335,52.386,54.049,35.355,35.33,124.5,130.91,24.061,26.437,23.903,187.64,188.63,17.27,17.461,121.85,125.57,125.15,177.91,176.46,125.08,125.35,82.684,130.47,128.18,11.093,23.636,23.252,184.6,138.96,131.15,199.56,66.67,233.22,239.05,233.42,27.277,27.567,27.579,179.29,179.05,24.642,19.676,19.84,19.723,21.901,238.68,32.856,120.23,132.3,221.51,222.07,124.85,41.646,40.721,41.836,184.97,181.29,176.02,27.236,126.6,128.38,213.84,213.73,228.61,228.76,22.498,22.462,11.928,115.84,153.69,17.476,17.976,0,0.32982,0.28199,22.661,22.817,37.644,162.24,162.23,115.48
81.932,78.52200000000001,78.517,78.23699999999999,122.28,124.36,121.75,121.81,1.7382,31.859,14.422,14.549,53.824,75.11799999999999,67.863,98.607,126.67,128.88,68.48399999999999,66.221,71.31699999999999,68.761,66.15300000000001,36.334,36.366,147.62,147.6,54.594,76.166,58.412,58.399,114.9,17.855,17.835,160.63,161.77,25.162,128.5,186.67,28.023,27.967,69.357,70.05500000000001,37.618,28.628,59.564,59.575,59.661,73.48,53.045,60.068,58.416,44.821,142.07,141.75,68.711,67.502,70.85899999999999,68.44199999999999,67.262,67.709,69.861,74.22,68.355,67.17400000000001,67.578,67.55800000000001,29.613,29.764,122.83,137.5,123.78,123.89,123.75,117.59,116.64,67.556,21.609,21.566,38.38,33.549,25.834,55.775,55.605,55.589,26.782,26.455,32.481,18.676,18.815,18.671,37.765,37.511,179.16,179.33,18.585,18.242,115.23,257.4,350.37,27.222,27.355,27.07,30.571,26.743,19.582,33.495,99.101,16.927,19.433,16.899,27.824,31.972,22.847,21.845,17.605,30.226,20.724,13.708,13.605,13.603,48.064,290.35,290.61,29.284,1014,29.316,36.843,117.83,124.33,124.49,124.4,184.92,172.92,173.26,31.558,31.485,31.508,25.352,25.395,111.08,79.789,75.28700000000001,220.62,11.435,11.299,124.46,124.27,200.74,295.45,300.76,63.33,63.053,33.555,33.306,128.12,142.23,142.36,157.03,159.36,44.32,34.631,28.827,28.099,23.592,114.4,35.616,35.928,30.79,31.126,59.558,26.104,23.434,22.586,93.346,15.509,30.498,33.69,115.5,115.2,117.62,124.07,124.2,67.346,66.735,25.69,25.251,116.68,116.56,116.8,116.39,73.824,120.1,120.04,71.61,72.88800000000001,71.498,71.604,22.391,22.805,22.624,152.8,173.23,184.46,184.24,56.778,57.472,26.558,27.299,77.714,161.46,46.208,50.127,119.13,115.68,116.64,75.83499999999999,76.309,78.694,34.221,34.708,134.77,202.51,23.919,23.736,24.825,18.117,22.44,81.27,81.35599999999999,81.256,81.877,182.09,181.82,215.92,115.12,114.54,144.68,27.468,29.254,39.68,199.25,136.34,197.78,224.2,224.32,116.69,116.69,80.009,34.325,202.56,202.75,33.893,33.892,42.379,42.88,47.562,35.386,35.303,124.72,132.12,24.234,26.593,24.065,187.46,187.86,17.54,17.425,123.13,121.92,163.52,176.36,176.42,125.06,126.05,82.88,129.27,129.69,11.157,32.916,19.307,184.71,131.29,131.19,199.81,65.82899999999999,229.18,233.92,239.15,28.203,26.927,27.752,179.18,179.16,33.121,23.01,20.216,20.948,21.186,270.85,33.36,120.26,130.46,221.53,128.49,119.92,41.493,40.121,41.816,183.07,181.71,173.07,26.437,126.76,127.09,213.64,213.67,228.43,228.78,22.466,22.463,12.016,115.93,148.46,17.618,19.652,0.32982,0,0.27439,22.37,23.788,37.221,162.39,162.27,116.24
82.417,83.593,78.687,78.76000000000001,122.86,124.69,122.28,121.81,1.8308,31.855,14.001,14.766,30.959,12.295,93.042,133.91,126.58,126.86,64.313,66.426,68.874,66.255,66.313,36.219,37.487,147.57,171.1,50.696,59.825,58.967,58.502,115.66,17.505,20.395,160.09,160.18,25.268,127.26,153.1,28.51,29.174,68.05800000000001,69.69499999999999,29.234,33.841,59.684,61.609,59.537,52.435,56.568,53.1,35.903,128.95,141.72,141.79,67.544,68.208,67.764,69.586,70.747,67.30500000000001,67.93899999999999,69.10899999999999,67.393,67.334,68.173,67.411,29.509,29.597,123.07,123.18,123.96,129.51,123.95,120.23,116.76,68.291,21.872,21.653,34.831,35.074,26.244,60.47,55.419,55.532,26.46,26.354,31.322,19.236,18.706,19.123,37.67,37.508,179.37,180.54,18.353,18.197,115.54,254.28,185.93,27.388,27.8,27.236,28.623,26.668,19.87,19.478,141.65,16.867,17.11,17.023,24.606,31.709,23.713,31.795,22.72,29.267,14.201,13.739,13.581,26.173,13.907,290.46,290.6,31.64,417.31,29.285,34.999,117.67,124.81,123.88,124.58,182.6,173.11,175.03,31.583,31.631,31.647,26.071,25.484,75.5,126.15,75.509,217.27,11.293,11.505,124.51,124.34,217.49,290.47,295.6,62.404,62.452,33.607,33.471,127.95,142.22,143.74,157.5,157.19,33.795,32.966,28.754,23.198,23.682,114.34,35.733,35.835,30.943,31.357,46.854,25.691,25.018,22.716,92.80200000000001,15.195,30.451,39.298,115.53,116.63,118.57,122.82,122.58,66.623,67.298,25.072,24.964,116.64,116.7,116.6,116.65,73.96299999999999,120.16,120.07,71.396,71.61499999999999,71.792,72.102,22.521,24.37,22.681,163.16,195.57,184.25,184.41,56.72,58.685,26.667,26.576,70.473,113.5,49.779,48.752,116.1,115.28,116.83,76.65900000000001,75.155,73.16500000000001,34.479,34.468,138.6,221.57,24.026,24.098,23.78,18.046,17.867,81.209,81.505,81.286,81.221,182.21,182.07,216.4,118.62,114.69,134.16,27.376,28.954,32.002,203.2,136.96,206.03,224.33,224.65,116.73,116.59,71.626,28.039,202.62,202.71,33.917,33.957,42.483,42.402,87.96599999999999,36.413,35.373,124.8,131.5,24.151,26.277,23.807,187.59,188.03,17.375,17.404,123.46,123.06,121.43,176.49,176.38,125.68,125.3,83.84999999999999,127.56,127.44,11.077,32.708,17.204,184.63,131.27,131.28,199.62,66.536,234.04,233.99,239.4,28.889,26.49,29.712,178.99,178.72,23.816,23.58,20.113,19.87,21.257,227.8,32.72,120.39,150.32,128.34,221.96,119.1,72.86,40.522,41.239,182.44,181.13,173.49,26.408,126.63,127.55,213.76,213.66,228.44,228.57,22.621,22.664,13.086,115.59,148.37,17.761,18.799,0.28199,0.27439,0,22.623,22.857,37.002,162.6,162.33,115.54
102.05,99.337,95.444,95.592,102.87,106.56,103.98,102.21,22.227,39.503,72.492,72.702,169.88,68.40000000000001,75.557,87.67100000000001,109.42,109.22,69.55200000000001,93.04300000000001,88.54900000000001,89.254,89.64400000000001,39.838,41.882,144.17,142.32,64.057,93.273,81.05200000000001,80.79900000000001,95.857,27.101,26.147,148.8,142.75,22.812,114.8,122.96,37.559,38.879,90.717,90.788,11.817,10.744,81.941,82.185,82.239,43.209,14.901,42.604,16.188,41.082,125.5,125.13,92.005,92.577,91.801,90.968,92.566,91.654,90.473,90.902,91.75,89.58799999999999,90.10899999999999,89.732,49.7,49.713,105.71,122.96,105.52,104.71,104.97,104.57,99.071,70.931,33.362,33.801,52.759,53.228,19.094,63.715,63.468,63.881,48.163,50.409,12.941,11.153,12.973,10.929,20.322,25.338,202.31,202.69,10.085,9.969099999999999,97.976,212.56,160.01,27.727,35.529,27.237,43.178,43.305,11.052,10.516,97.798,8.6998,9.078099999999999,8.544700000000001,6.045,33.698,8.8733,19.951,13.942,6.7658,17.068,16.959,16.441,16.647,39,294.72,294.48,9.7142,482.49,19.695,12.906,104.53,107.17,107.92,107.29,218.48,195.18,195.34,67.39400000000001,71.041,66.88800000000001,6.8427,12.767,72.361,79.02200000000001,72.459,207.71,68.55,68.53400000000001,107.34,106.73,189.7,298.45,304.38,85.26900000000001,84.395,62.135,57.229,111.52,136.24,136.21,139.59,142.27,25.749,59.25,56.096,26.371,15.711,97.68899999999999,39.144,47.825,17.596,18.537,31.769,7.3203,36.376,34.08,82.59,36.069,22.215,37.642,93.351,91.157,93.50700000000001,105.14,105.28,77.20399999999999,76.422,6.3239,13.167,99.29600000000001,99.35599999999999,100.27,102.26,96.03100000000001,101.24,101.48,79.291,79.468,80.218,79.601,30.595,37.838,44.174,142.46,181.97,201.87,190.57,63.301,64.723,48.306,48.01,66.96899999999999,81.012,54.71,53.752,97.444,97.19499999999999,101.07,106.94,81.17,82.432,20.331,20.445,112.27,204.44,28.632,15.094,25.91,26.568,14.967,105.51,106.76,105.72,105.44,207.74,203.99,208.91,101.37,97.128,115.65,29.583,28.51,42.474,188.18,118.96,208.53,221.75,222.59,99.81,101.29,60.725,4.5874,242.66,240.31,18.667,31.211,67.18000000000001,68.31,51.349,43.141,43.257,113.15,115.57,5.5419,55.435,5.747,193.99,195.18,27.854,25.571,104.29,104.48,105.45,183.52,182.77,105.47,106.37,91.747,110.45,110.8,15.534,52.027,32.346,206.98,114.31,114.44,205.22,88.114,249.48,254.77,248.4,9.491099999999999,8.2255,15.429,161.43,162.18,5.8005,27.222,25.736,25.528,26.995,111.84,9.8912,103.19,114.5,130.03,130.02,103.37,17.715,21.738,12.846,203.63,204.15,181.36,10.142,109.8,109.75,216.53,214.48,237.6,237.31,33.897,41.883,36.224,100.99,134.07,28.962,26.278,22.661,22.37,22.623,0,1.0771,43.919,145.6,145.13,95.483
94.79600000000001,95.79300000000001,107.47,95.52500000000001,101.85,104.71,102.61,107.59,24.554,54.423,71.56999999999999,71.992,113.74,33.541,74.22199999999999,78.545,110.84,109.63,70.86499999999999,94.76900000000001,88.474,89.497,89.494,40.415,46.775,142.15,141.24,58.148,55.047,81.006,81.004,95.23999999999999,25.904,27.832,143.57,142.83,7.7622,114.43,102.95,39.32,37.978,91.797,91.15300000000001,14.148,13.241,84.857,82.09399999999999,81.83499999999999,50.379,17.881,16.069,19.539,18.334,124.11,124.14,90.35899999999999,92.38200000000001,90.35599999999999,89.768,94.789,89.559,93.12,89.93000000000001,90.411,89.233,173.12,89.43000000000001,50.872,50.921,105.88,105.46,105.13,104.86,106.76,98.633,97.66500000000001,66.023,33.195,32.937,52.938,53.077,24.677,68.666,62.588,62.404,48.178,48.138,15.857,16.622,10.544,11.147,21.816,20.729,202.01,201.52,11.862,10.302,98.20999999999999,184.36,153.95,27.366,27.694,27.994,43.145,43.237,11.217,11.176,109.02,10.891,9.194900000000001,9.2987,5.9256,23.785,8.9793,8.2669,10.918,6.8249,18.405,16.967,16.471,16.264,17.975,294.68,295.5,9.1637,583.86,9.528499999999999,10.665,104.42,107.37,107.25,107.53,213.44,195.08,202.9,67.276,66.78700000000001,66.95,6.8147,6.8746,72.276,73.90600000000001,72.937,207.05,68.96599999999999,68.497,107.72,106.79,177.7,297.81,300.28,85.306,85.29900000000001,57.381,57.477,111.07,136.76,136.19,139.93,139.53,4.8388,5.7998,53.622,15.588,15.76,96.63,39.187,45.002,18.531,19.387,18.943,6.8434,33.849,33.713,84.372,34.931,25.629,38.884,87.673,88.871,265.7,105.95,105.11,77.008,77.965,6.6394,8.118600000000001,99.05200000000001,99.499,98.88800000000001,99.08199999999999,96.748,101.68,101.7,80.071,79.46899999999999,79.437,80.08799999999999,31.978,31.26,34.564,148.93,147.92,191.11,190.46,64.08799999999999,68.119,48.519,48.746,67.44,97.3,53.133,58.773,96.264,96.39,98.91500000000001,81.087,83.264,80.962,19.626,19.611,111.3,203.61,15.756,16.649,15.02,9.7011,12.099,105.18,106.51,105.34,105.18,206.54,204.5,207.51,97.21899999999999,97.623,116.51,26.664,40.623,35.959,181.26,119.59,204.03,221.46,222.2,101.15,99.422,59.513,24.981,239.7,241.44,18.816,14.197,66.291,67.146,39.649,43.781,43.074,107.26,115.67,6.3365,6.5968,5.6684,193.69,194.68,25.709,25.713,104.6,105.26,105.2,183.88,186.1,106.32,107.66,91.41500000000001,110.44,109.85,14.498,36.997,33.631,207.56,113.69,113.79,205.89,99.80500000000001,253.58,260.09,248.62,7.9717,10.045,11.526,162.43,162.86,5.1101,26.144,25.914,25.411,25.681,224.41,10.358,102.78,123.75,130.1,132.29,101.7,21.144,30.118,17.289,203.25,203.39,180.99,9.4635,109.68,109.14,214.46,215.56,235.16,234.64,34.507,35.004,41.596,103.97,131.87,27.744,26.514,22.817,23.788,22.857,1.0771,0,44.204,146.69,145.73,95.91200000000001
94.873,123.45,118.95,102.26,148.82,146.2,144.96,145.1,72.58199999999999,35.608,79.59699999999999,96.209,81.267,96.443,85.435,109.89,149.87,151.73,91.279,83.988,83.678,96.003,126.9,36.8,52.324,183.44,182.27,63.73,39.444,76.029,75.81699999999999,135.89,58.163,20.814,183.07,184.46,53.477,147.39,172.39,31.09,30.945,121.7,92.67400000000001,77.422,55.558,77.068,114.67,97.622,96.45399999999999,60.468,57.479,69.038,61.97,165.12,165.03,88.911,85.465,88.111,90.988,85.617,85.521,87.242,85.09999999999999,84.952,84.57899999999999,125.39,84.616,68.571,50.011,146.18,146.09,147.03,145.62,145.63,139.19,140.13,86.44199999999999,57.411,65.758,53.987,62.245,38.205,64.128,57.754,56.634,46.56,46.454,72.675,40.608,87.45,40.392,39.591,39.464,224.64,224.53,46.738,40.596,140.87,222.06,221.18,39.798,42.934,39.872,61.864,64.093,46.58,49.24,114.11,52.658,87.551,38.999,45.594,42.597,39.447,61.826,39.383,48.31,91.47199999999999,86.631,49.302,47.986,66.92700000000001,337.1,322.87,51.473,224.21,50.86,50.644,141.24,148.44,150.81,148.21,187.88,192.59,214.83,100.55,67.77,67.194,105.76,52.162,40.693,40.91,62.447,273.81,71.395,105.29,147.72,147.78,198.88,307.11,302.65,96.517,90.46299999999999,53.413,55.15,152.17,177.26,176.95,180.44,180.44,84.297,49.755,53.523,64.035,44.874,137.39,35.688,63.517,57.742,57.934,75.843,52.794,49.258,81.265,57.452,95.155,70.124,33.267,143.18,139.33,178.76,146,146.77,75.095,72.53,52.379,51.456,139.94,139.94,139.99,139.49,115.54,141.8,142.85,75.447,92.2,105.73,102.1,63.252,41.878,25.69,206.16,204.37,225.64,228.31,64.88800000000001,58.768,51.346,46.471,35.416,43.11,11.282,16.357,139.58,136.86,139.92,72.956,68.871,73.65300000000001,35.371,34.677,171.83,262.47,64.41200000000001,60.652,70.08,65.539,55.517,101.61,101.88,122.09,133.16,201.7,201.65,268.03,138.88,138.1,149.21,40.852,63.866,44.808,215.79,159.73,219.9,228.3,240.36,139.92,139.91,70.499,49.672,214.64,207.56,32.23,32.883,61.997,62.572,101.19,38.312,38.882,148.01,154.66,70.408,53.08,52.787,231.07,229.31,21.028,20.643,148.91,157.4,145.59,218.06,218.06,146.84,146.61,113.86,152.71,150.79,49.913,47.641,25.867,204.59,154.49,154.98,223.03,127.56,489.2,454.11,452.34,67.47499999999999,53.505,89.991,203.66,202.25,78.075,83.956,21.917,81.649,23.316,196.96,51.869,143.45,162.47,172.27,173.41,142.24,37.042,37.644,117.34,263.54,201.01,214.63,51.945,151.37,153.02,258.06,255.2,231.62,229.39,40.828,78.895,90.488,138.97,173.24,68.367,57.684,37.644,37.221,37.002,43.919,44.204,0,180.94,178.15,136.23
235.24,234.58,235.27,236,63.357,63.881,78.488,76.843,162.04,177.42,213.83,215.49,183.74,208.51,222.86,270.52,71.191,73.869,220.82,226.33,227.33,230.86,225.93,181.94,187.65,119.77,101.15,191.95,174.82,220.52,218.48,70.176,157.23,157.07,102.27,102.25,148.42,63.841,152.07,181.88,206.21,229.81,228.83,155.75,154.21,220.52,219.54,219.42,203.58,200.67,248.84,175.31,179.83,93.861,98.89400000000001,228.81,228.74,227.61,227.2,227.54,227.99,227.87,228.74,227.21,227.44,228.72,227.57,189.34,189.69,66.68000000000001,65.94499999999999,58.013,58.083,62.427,53.378,50.91,204.44,172.59,172.92,194.29,193.18,157.7,202.16,202.19,202.08,184.03,185.37,152.92,149.43,150.06,150.5,170.29,170.18,343.75,343.81,149.11,149.02,57.636,140.44,138.35,158.76,159.3,158.77,182.49,182.13,147.43,148.36,336.61,147.13,147.13,147.18,148.09,154.5,152.71,151.25,152.02,155.13,184.14,174.29,164.52,168.84,175.1,275.69,278.01,151.75,620.5599999999999,157.35,173.05,60.791,67.226,67.116,67.19199999999999,345.57,330.52,330.47,208.63,209.91,208.55,168.4,148.65,248.4,211.32,211.89,357.04,210.86,210.1,66.726,67.339,19.541,285.63,280.45,228.34,222.04,190.92,191.34,70.3,98.893,96.277,99.608,99.49299999999999,162.11,177.05,188.26,154.35,156.44,56.612,181.18,181.57,161.97,163.36,167.04,149.99,175.68,175.61,230.64,176.94,161.29,179.25,58.39,57.671,58.009,64.91800000000001,65.417,214.66,214.98,151.21,148.52,59.031,58.808,58.972,58.769,234.97,60.025,56.658,217.84,218.04,218.04,220.12,176.19,175.98,178.19,124.93,136.38,352.23,352.19,203.68,205.25,184.28,184.06,206.67,210.78,187.34,201.2,77.96299999999999,70.465,95.925,227.86,230.39,225.99,165.81,165.61,86.042,354.07,157.55,156.9,156.91,148.25,149.5,239.97,238.97,238.81,241.36,339.92,339.39,359.39,57.372,57.4,69.44199999999999,168.83,170.42,197.96,126.41,79.717,348.56,372.3,371.28,60.584,60.837,169.64,167.32,391.8,360.13,161.91,165.08,199.91,199.93,176.27,182.52,184.94,66.99299999999999,76.226,147.65,149.03,147.48,355.98,355.75,157.21,160.01,64.48099999999999,64.142,66.626,344.6,347.79,80.072,79.93899999999999,227.86,69.794,69.625,162.03,181.45,163.89,344.42,73.497,73.577,352.18,426.1,497.28,499.97,498.33,149.87,150.21,151.78,121.18,131.16,147.77,172.78,172.02,173.98,175.16,339.46,172.24,62.752,79.349,292.48,292.51,61.69,159.11,149.96,151.98,345.25,342.72,341.43,153.9,69.196,69.782,356.96,356.06,398.6,400.69,177.58,175.42,172.64,63.223,97.092,159.7,169.31,162.24,162.39,162.6,145.6,146.69,180.94,0,0.7917,71.124
233.92,235.41,233.88,233.76,61.752,63.73,78.005,77.60599999999999,162.01,172.64,212.77,213.6,182.96,189.57,229.02,240.99,68.926,68.938,213.48,226.14,226.85,228.5,227.22,181.96,181.91,101.48,101.26,192.03,218.66,218.29,218.21,69.883,157.82,157.48,102.58,102.35,148.49,64.79600000000001,112.09,181.88,184.38,227.9,229.64,151.88,151.78,219.79,222.3,219.24,180.84,171.64,173.6,187.74,171.1,84.017,94.232,228.59,227.38,228.34,229.68,227.01,226.95,227.75,295.14,227.25,227,227.28,227.69,189.3,189.33,65.39100000000001,65.55500000000001,57.617,57.916,57.753,52.686,50.851,205.28,172.27,172.59,193.38,193.34,157.64,202.96,202.16,202.44,184.09,187.2,152.69,149.04,149.24,148.91,170.23,170.42,343.9,343.88,148.46,148.54,57.696,136.8,132.86,158.78,162.98,158.75,181.81,181.84,148.38,148.6,314.61,147.2,147.35,147.1,146.66,158.43,150.01,152.78,151.16,153.78,176.59,164.42,164.47,164.41,164.53,275.59,275.36,151.42,572.63,151.82,171.54,60.747,67.295,67.333,67.18000000000001,344.82,330.75,330.46,209.19,208.83,208.57,161.2,148.62,242.87,237.79,213,359.89,210.17,210.22,66.691,67.01000000000001,75.533,285.56,285.6,222.25,222.02,190.88,190.92,71.678,95.789,95.55200000000001,99.548,99.633,163.3,156.83,188.25,153.99,154.09,56.695,181.2,181.35,151.42,151.91,172.85,148.74,175.54,175.53,220.34,173.73,160.73,179.2,57.543,57.677,59.727,71.89400000000001,66.67400000000001,211.23,209.66,148.17,148.61,59.065,58.759,59.076,58.77,233.61,53.861,54.072,217.84,217.91,217.99,219.41,175.94,176.02,176.37,83.202,138.97,352.75,352.58,203.16,204.2,184.09,184.25,206.38,228.31,188.33,189.57,74.07299999999999,70.991,59,225.18,233.08,219.39,165.36,165.72,78.673,355.97,157.04,157.32,156.89,148.22,148.21,238.77,238.82,238.81,238.81,339.43,339.4,360.9,57.158,58.098,79.086,169.16,169.27,177.33,128.4,78.765,342.57,373.28,371.43,58.953,59.271,182.22,148.87,360.24,362.65,165.99,161.89,199.93,199.92,176.57,182.58,182.54,66.79900000000001,72.682,147.64,150.83,147.67,355.55,355.72,157.35,158.49,64.06699999999999,67.459,66.901,344.49,344.38,80.127,80.185,228.55,70.413,69.654,161.95,166.05,183.98,342.06,73.514,73.501,350.98,225.94,491.34,494.91,498.36,149.26,149.17,153.88,121.25,121.41,147.22,174.75,172.51,172.4,171.83,199.64,168.73,62.664,85.015,292.43,292.39,61.385,152.63,154.84,151.51,340.4,338.58,341.52,148.37,69.277,69.512,355.97,356.02,398.72,398.78,175.38,175.36,171.97,59.944,91.014,160.79,168.15,162.23,162.27,162.33,145.13,145.73,178.15,0.7917,0,69.81999999999999
184.45,186.36,184.38,184.54,41.537,28.724,11.175,11.1,115.17,134.27,163.67,163.91,128.31,141.51,158.62,184.67,35.058,34.549,164.77,179.55,179.15,184.69,180.36,139.86,139.52,45.183,44.848,137.06,175.92,171.13,170.81,0.33948,120.95,124.98,46.75,46.025,98.8,37.393,91.824,134.36,136.74,182.43,183.04,103.48,104.58,173.85,173.47,172.01,122.08,101.35,100.19,107.93,117.33,27.379,43.806,180.26,180.74,181.35,180.6,181.03,179.42,181.02,181.16,179.88,179.62,181.98,179.7,147.71,147.73,23.489,40.587,41.639,40.399,41.974,35.099,33.2,169.99,117.66,117.49,146.82,147.38,124.29,155.79,155.75,155.53,143.94,143.94,106.04,111.34,108.85,108.5,115.04,114.63,302.12,302.8,109.2,108.22,22.468,94.559,96.773,127.4,125.26,124.72,147.77,147.58,91.042,89.471,165.55,107.73,108.67,106.39,97.645,110.99,101.2,108.34,101.88,77.625,111.23,116.01,112.08,108.6,110.69,232.31,232.11,101.74,298.06,102.65,123.47,25.505,33.172,33.234,33.447,267.5,296.17,296.34,160.13,160.27,159.86,99.35599999999999,101.66,165.41,171.26,166.52,289.39,161.46,162.14,33.719,32.136,70.81100000000001,231.8,242.58,175.51,174.74,155.87,156.56,39.424,40.064,40.799,67.785,67.63,84.813,101.7,150.05,123.84,119.5,22.661,139.1,139.29,93.642,94.221,102.21,100.69,142.24,141.23,147.59,142.87,126.68,138.58,20.484,21.367,22.157,54.355,33.237,168.78,169.69,101.16,99.298,25.457,24.031,24.362,24.19,187.47,37.118,36.662,171.85,172.14,172.01,172.3,126.43,127.25,127.37,68.37,89.95699999999999,295.24,295.12,157.24,157.72,144.07,144.87,160.06,196.8,146.83,145.26,2.2167,4.8067,25.794,151.4,151.53,150.81,111.73,110.63,35.774,295.7,115.92,107.26,107.63,113.31,115.17,204.48,204.87,204.32,203.83,305.67,305.1,290.08,22.114,21.887,49.951,127.74,130.7,137.55,37.19,37.516,303.26,329.6,329.17,24.213,25.769,141.04,99.681,326.76,325.91,107.43,106.5,165.25,164.89,144.03,146.4,136.02,41.238,31.855,98.682,145.15,98.991,298.55,299.17,119.91,121.53,23.531,23.216,22.546,287.57,287.46,13.842,17.14,181.95,35.183,34.676,106.53,122.14,125.78,307.3,42.369,41.727,302.36,179.51,379.37,379.06,380.91,101.1,100.11,101.5,82.28100000000001,82.336,98.62,122.28,122.75,123.03,123.37,189.03,121.43,21.672,39.537,236.97,235.55,26.692,90.64100000000001,93.556,89.462,305.4,303.68,285.04,106.22,34.328,35.358,306.42,307.32,364.05,363.56,140.36,141.52,126.14,23.572,34.857,123.03,118.9,115.48,116.24,115.54,95.483,95.91200000000001,136.23,71.124,69.81999999999999,0
